ea_id,source_dataset,source_split,source_id,video_path,audio_path,text_path,start,end,language,face_quality,audio_quality,text_quality,usable_for_micro,usable_for_l4
EAQ000001,CH-SIMS,train,CH-SIMS/video_0001/0001,/root/autodl-tmp/data/datasets/ch_sims/Raw.zip::Raw/video_0001/0001.mp4,/root/autodl-tmp/data/datasets/ch_sims/Raw.zip::Raw/video_0001/0001.mp4,/root/autodl-tmp/data/datasets/ch_sims/label.csv#video_0001/0001,0.00,2.00,zh,medium,high,high,true,true
EAQ000002,CH-SIMS,train,CH-SIMS/video_0001/0002,/root/autodl-tmp/data/datasets/ch_sims/Raw.zip::Raw/video_0001/0002.mp4,/root/autodl-tmp/data/datasets/ch_sims/Raw.zip::Raw/video_0001/0002.mp4,/root/autodl-tmp/data/datasets/ch_sims/label.csv#video_0001/0002,0.00,2.57,zh,medium,high,high,true,true
EAQ000003,CH-SIMS,test,CH-SIMS/video_0001/0003,/root/autodl-tmp/data/datasets/ch_sims/Raw.zip::Raw/video_0001/0003.mp4,/root/autodl-tmp/data/datasets/ch_sims/Raw.zip::Raw/video_0001/0003.mp4,/root/autodl-tmp/data/datasets/ch_sims/label.csv#video_0001/0003,0.00,5.43,zh,medium,high,high,true,true
EAQ000004,CH-SIMS,train,CH-SIMS/video_0001/0004,/root/autodl-tmp/data/datasets/ch_sims/Raw.zip::Raw/video_0001/0004.mp4,/root/autodl-tmp/data/datasets/ch_sims/Raw.zip::Raw/video_0001/0004.mp4,/root/autodl-tmp/data/datasets/ch_sims/label.csv#video_0001/0004,0.00,2.00,zh,medium,high,high,true,true
EAQ000005,CH-SIMS,train,CH-SIMS/video_0001/0005,/root/autodl-tmp/data/datasets/ch_sims/Raw.zip::Raw/video_0001/0005.mp4,/root/autodl-tmp/data/datasets/ch_sims/Raw.zip::Raw/video_0001/0005.mp4,/root/autodl-tmp/data/datasets/ch_sims/label.csv#video_0001/0005,0.00,6.00,zh,medium,high,high,true,true
EAQ000021,CH-SIMS,test,CH-SIMS/video_0001/0006,/root/autodl-tmp/data/datasets/ch_sims/Raw.zip::Raw/video_0001/0006.mp4,/root/autodl-tmp/data/datasets/ch_sims/Raw.zip::Raw/video_0001/0006.mp4,/root/autodl-tmp/data/datasets/ch_sims/label.csv#video_0001/0006,0.00,5.14,zh,medium,high,high,true,true
EAQ000006,CH-SIMS,train,CH-SIMS/video_0001/0007,/root/autodl-tmp/data/datasets/ch_sims/Raw.zip::Raw/video_0001/0007.mp4,/root/autodl-tmp/data/datasets/ch_sims/Raw.zip::Raw/video_0001/0007.mp4,/root/autodl-tmp/data/datasets/ch_sims/label.csv#video_0001/0007,0.00,9.43,zh,medium,high,high,true,true
EAQ000007,CH-SIMS,train,CH-SIMS/video_0001/0008,/root/autodl-tmp/data/datasets/ch_sims/Raw.zip::Raw/video_0001/0008.mp4,/root/autodl-tmp/data/datasets/ch_sims/Raw.zip::Raw/video_0001/0008.mp4,/root/autodl-tmp/data/datasets/ch_sims/label.csv#video_0001/0008,0.00,4.86,zh,medium,high,high,true,true
EAQ000022,CH-SIMS,test,CH-SIMS/video_0001/0009,/root/autodl-tmp/data/datasets/ch_sims/Raw.zip::Raw/video_0001/0009.mp4,/root/autodl-tmp/data/datasets/ch_sims/Raw.zip::Raw/video_0001/0009.mp4,/root/autodl-tmp/data/datasets/ch_sims/label.csv#video_0001/0009,0.00,5.43,zh,medium,high,high,true,true
EAQ000008,CH-SIMS,train,CH-SIMS/video_0001/0010,/root/autodl-tmp/data/datasets/ch_sims/Raw.zip::Raw/video_0001/0010.mp4,/root/autodl-tmp/data/datasets/ch_sims/Raw.zip::Raw/video_0001/0010.mp4,/root/autodl-tmp/data/datasets/ch_sims/label.csv#video_0001/0010,0.00,5.14,zh,medium,high,high,true,true
EAQ000009,CH-SIMS,train,CH-SIMS/video_0001/0011,/root/autodl-tmp/data/datasets/ch_sims/Raw.zip::Raw/video_0001/0011.mp4,/root/autodl-tmp/data/datasets/ch_sims/Raw.zip::Raw/video_0001/0011.mp4,/root/autodl-tmp/data/datasets/ch_sims/label.csv#video_0001/0011,0.00,3.43,zh,medium,high,high,true,true
EAQ000023,CH-SIMS,validation,CH-SIMS/video_0001/0012,/root/autodl-tmp/data/datasets/ch_sims/Raw.zip::Raw/video_0001/0012.mp4,/root/autodl-tmp/data/datasets/ch_sims/Raw.zip::Raw/video_0001/0012.mp4,/root/autodl-tmp/data/datasets/ch_sims/label.csv#video_0001/0012,0.00,1.43,zh,medium,high,high,true,true
EAQ000024,CH-SIMS,train,CH-SIMS/video_0001/0013,/root/autodl-tmp/data/datasets/ch_sims/Raw.zip::Raw/video_0001/0013.mp4,/root/autodl-tmp/data/datasets/ch_sims/Raw.zip::Raw/video_0001/0013.mp4,/root/autodl-tmp/data/datasets/ch_sims/label.csv#video_0001/0013,0.00,4.29,zh,medium,high,high,true,true
EAQ000025,CH-SIMS,train,CH-SIMS/video_0001/0014,/root/autodl-tmp/data/datasets/ch_sims/Raw.zip::Raw/video_0001/0014.mp4,/root/autodl-tmp/data/datasets/ch_sims/Raw.zip::Raw/video_0001/0014.mp4,/root/autodl-tmp/data/datasets/ch_sims/label.csv#video_0001/0014,0.00,2.57,zh,medium,high,high,true,true
EAQ000026,CH-SIMS,train,CH-SIMS/video_0001/0015,/root/autodl-tmp/data/datasets/ch_sims/Raw.zip::Raw/video_0001/0015.mp4,/root/autodl-tmp/data/datasets/ch_sims/Raw.zip::Raw/video_0001/0015.mp4,/root/autodl-tmp/data/datasets/ch_sims/label.csv#video_0001/0015,0.00,4.29,zh,medium,high,high,true,true
EAQ000027,CH-SIMS,train,CH-SIMS/video_0001/0016,/root/autodl-tmp/data/datasets/ch_sims/Raw.zip::Raw/video_0001/0016.mp4,/root/autodl-tmp/data/datasets/ch_sims/Raw.zip::Raw/video_0001/0016.mp4,/root/autodl-tmp/data/datasets/ch_sims/label.csv#video_0001/0016,0.00,6.86,zh,medium,high,high,true,true
EAQ000010,CH-SIMS,test,CH-SIMS/video_0001/0017,/root/autodl-tmp/data/datasets/ch_sims/Raw.zip::Raw/video_0001/0017.mp4,/root/autodl-tmp/data/datasets/ch_sims/Raw.zip::Raw/video_0001/0017.mp4,/root/autodl-tmp/data/datasets/ch_sims/label.csv#video_0001/0017,0.00,6.29,zh,medium,high,high,true,true
EAQ000011,CH-SIMS,train,CH-SIMS/video_0001/0018,/root/autodl-tmp/data/datasets/ch_sims/Raw.zip::Raw/video_0001/0018.mp4,/root/autodl-tmp/data/datasets/ch_sims/Raw.zip::Raw/video_0001/0018.mp4,/root/autodl-tmp/data/datasets/ch_sims/label.csv#video_0001/0018,0.00,6.29,zh,medium,high,high,true,true
EAQ000028,CH-SIMS,train,CH-SIMS/video_0001/0019,/root/autodl-tmp/data/datasets/ch_sims/Raw.zip::Raw/video_0001/0019.mp4,/root/autodl-tmp/data/datasets/ch_sims/Raw.zip::Raw/video_0001/0019.mp4,/root/autodl-tmp/data/datasets/ch_sims/label.csv#video_0001/0019,0.00,8.00,zh,medium,high,high,true,true
EAQ000029,CH-SIMS,train,CH-SIMS/video_0001/0020,/root/autodl-tmp/data/datasets/ch_sims/Raw.zip::Raw/video_0001/0020.mp4,/root/autodl-tmp/data/datasets/ch_sims/Raw.zip::Raw/video_0001/0020.mp4,/root/autodl-tmp/data/datasets/ch_sims/label.csv#video_0001/0020,0.00,2.29,zh,medium,high,high,true,true
EAQ000030,CH-SIMS,validation,CH-SIMS/video_0001/0021,/root/autodl-tmp/data/datasets/ch_sims/Raw.zip::Raw/video_0001/0021.mp4,/root/autodl-tmp/data/datasets/ch_sims/Raw.zip::Raw/video_0001/0021.mp4,/root/autodl-tmp/data/datasets/ch_sims/label.csv#video_0001/0021,0.00,4.57,zh,medium,high,high,true,true
EAQ000031,CH-SIMS,validation,CH-SIMS/video_0001/0022,/root/autodl-tmp/data/datasets/ch_sims/Raw.zip::Raw/video_0001/0022.mp4,/root/autodl-tmp/data/datasets/ch_sims/Raw.zip::Raw/video_0001/0022.mp4,/root/autodl-tmp/data/datasets/ch_sims/label.csv#video_0001/0022,0.00,9.43,zh,medium,high,high,true,true
EAQ000032,CH-SIMS,validation,CH-SIMS/video_0001/0023,/root/autodl-tmp/data/datasets/ch_sims/Raw.zip::Raw/video_0001/0023.mp4,/root/autodl-tmp/data/datasets/ch_sims/Raw.zip::Raw/video_0001/0023.mp4,/root/autodl-tmp/data/datasets/ch_sims/label.csv#video_0001/0023,0.00,7.14,zh,medium,high,high,true,true
EAQ000033,CH-SIMS,train,CH-SIMS/video_0001/0024,/root/autodl-tmp/data/datasets/ch_sims/Raw.zip::Raw/video_0001/0024.mp4,/root/autodl-tmp/data/datasets/ch_sims/Raw.zip::Raw/video_0001/0024.mp4,/root/autodl-tmp/data/datasets/ch_sims/label.csv#video_0001/0024,0.00,6.86,zh,medium,high,high,true,true
EAQ000034,CH-SIMS,train,CH-SIMS/video_0001/0025,/root/autodl-tmp/data/datasets/ch_sims/Raw.zip::Raw/video_0001/0025.mp4,/root/autodl-tmp/data/datasets/ch_sims/Raw.zip::Raw/video_0001/0025.mp4,/root/autodl-tmp/data/datasets/ch_sims/label.csv#video_0001/0025,0.00,2.29,zh,medium,high,high,true,true
EAQ000035,CH-SIMS,train,CH-SIMS/video_0001/0026,/root/autodl-tmp/data/datasets/ch_sims/Raw.zip::Raw/video_0001/0026.mp4,/root/autodl-tmp/data/datasets/ch_sims/Raw.zip::Raw/video_0001/0026.mp4,/root/autodl-tmp/data/datasets/ch_sims/label.csv#video_0001/0026,0.00,2.57,zh,medium,high,high,true,true
EAQ000036,CH-SIMS,test,CH-SIMS/video_0001/0027,/root/autodl-tmp/data/datasets/ch_sims/Raw.zip::Raw/video_0001/0027.mp4,/root/autodl-tmp/data/datasets/ch_sims/Raw.zip::Raw/video_0001/0027.mp4,/root/autodl-tmp/data/datasets/ch_sims/label.csv#video_0001/0027,0.00,6.00,zh,medium,high,high,true,true
EAQ000037,CH-SIMS,test,CH-SIMS/video_0001/0028,/root/autodl-tmp/data/datasets/ch_sims/Raw.zip::Raw/video_0001/0028.mp4,/root/autodl-tmp/data/datasets/ch_sims/Raw.zip::Raw/video_0001/0028.mp4,/root/autodl-tmp/data/datasets/ch_sims/label.csv#video_0001/0028,0.00,3.43,zh,medium,high,high,true,true
EAQ000038,CH-SIMS,train,CH-SIMS/video_0001/0029,/root/autodl-tmp/data/datasets/ch_sims/Raw.zip::Raw/video_0001/0029.mp4,/root/autodl-tmp/data/datasets/ch_sims/Raw.zip::Raw/video_0001/0029.mp4,/root/autodl-tmp/data/datasets/ch_sims/label.csv#video_0001/0029,0.00,7.14,zh,medium,high,high,true,true
EAQ000039,CH-SIMS,train,CH-SIMS/video_0001/0030,/root/autodl-tmp/data/datasets/ch_sims/Raw.zip::Raw/video_0001/0030.mp4,/root/autodl-tmp/data/datasets/ch_sims/Raw.zip::Raw/video_0001/0030.mp4,/root/autodl-tmp/data/datasets/ch_sims/label.csv#video_0001/0030,0.00,2.57,zh,medium,high,high,true,true
EAQ000040,CH-SIMS,test,CH-SIMS/video_0001/0031,/root/autodl-tmp/data/datasets/ch_sims/Raw.zip::Raw/video_0001/0031.mp4,/root/autodl-tmp/data/datasets/ch_sims/Raw.zip::Raw/video_0001/0031.mp4,/root/autodl-tmp/data/datasets/ch_sims/label.csv#video_0001/0031,0.00,2.29,zh,medium,high,high,true,true
EAQ000041,CH-SIMS,validation,CH-SIMS/video_0001/0032,/root/autodl-tmp/data/datasets/ch_sims/Raw.zip::Raw/video_0001/0032.mp4,/root/autodl-tmp/data/datasets/ch_sims/Raw.zip::Raw/video_0001/0032.mp4,/root/autodl-tmp/data/datasets/ch_sims/label.csv#video_0001/0032,0.00,1.71,zh,medium,high,high,true,true
EAQ000042,CH-SIMS,test,CH-SIMS/video_0001/0033,/root/autodl-tmp/data/datasets/ch_sims/Raw.zip::Raw/video_0001/0033.mp4,/root/autodl-tmp/data/datasets/ch_sims/Raw.zip::Raw/video_0001/0033.mp4,/root/autodl-tmp/data/datasets/ch_sims/label.csv#video_0001/0033,0.00,3.71,zh,medium,high,high,true,true
EAQ000043,CH-SIMS,train,CH-SIMS/video_0001/0034,/root/autodl-tmp/data/datasets/ch_sims/Raw.zip::Raw/video_0001/0034.mp4,/root/autodl-tmp/data/datasets/ch_sims/Raw.zip::Raw/video_0001/0034.mp4,/root/autodl-tmp/data/datasets/ch_sims/label.csv#video_0001/0034,0.00,3.71,zh,medium,high,high,true,true
EAQ000044,CH-SIMS,train,CH-SIMS/video_0001/0035,/root/autodl-tmp/data/datasets/ch_sims/Raw.zip::Raw/video_0001/0035.mp4,/root/autodl-tmp/data/datasets/ch_sims/Raw.zip::Raw/video_0001/0035.mp4,/root/autodl-tmp/data/datasets/ch_sims/label.csv#video_0001/0035,0.00,2.86,zh,medium,high,high,true,true
EAQ000045,CH-SIMS,train,CH-SIMS/video_0002/0001,/root/autodl-tmp/data/datasets/ch_sims/Raw.zip::Raw/video_0002/0001.mp4,/root/autodl-tmp/data/datasets/ch_sims/Raw.zip::Raw/video_0002/0001.mp4,/root/autodl-tmp/data/datasets/ch_sims/label.csv#video_0002/0001,0.00,9.14,zh,medium,high,high,true,true
EAQ000046,CH-SIMS,train,CH-SIMS/video_0002/0002,/root/autodl-tmp/data/datasets/ch_sims/Raw.zip::Raw/video_0002/0002.mp4,/root/autodl-tmp/data/datasets/ch_sims/Raw.zip::Raw/video_0002/0002.mp4,/root/autodl-tmp/data/datasets/ch_sims/label.csv#video_0002/0002,0.00,3.14,zh,medium,high,high,true,true
EAQ000047,CH-SIMS,test,CH-SIMS/video_0002/0003,/root/autodl-tmp/data/datasets/ch_sims/Raw.zip::Raw/video_0002/0003.mp4,/root/autodl-tmp/data/datasets/ch_sims/Raw.zip::Raw/video_0002/0003.mp4,/root/autodl-tmp/data/datasets/ch_sims/label.csv#video_0002/0003,0.00,3.71,zh,medium,high,high,true,true
EAQ000048,CH-SIMS,test,CH-SIMS/video_0002/0004,/root/autodl-tmp/data/datasets/ch_sims/Raw.zip::Raw/video_0002/0004.mp4,/root/autodl-tmp/data/datasets/ch_sims/Raw.zip::Raw/video_0002/0004.mp4,/root/autodl-tmp/data/datasets/ch_sims/label.csv#video_0002/0004,0.00,3.14,zh,medium,high,high,true,true
EAQ000049,CH-SIMS,train,CH-SIMS/video_0002/0005,/root/autodl-tmp/data/datasets/ch_sims/Raw.zip::Raw/video_0002/0005.mp4,/root/autodl-tmp/data/datasets/ch_sims/Raw.zip::Raw/video_0002/0005.mp4,/root/autodl-tmp/data/datasets/ch_sims/label.csv#video_0002/0005,0.00,2.86,zh,medium,high,high,true,true
EAQ000050,CH-SIMS,validation,CH-SIMS/video_0002/0006,/root/autodl-tmp/data/datasets/ch_sims/Raw.zip::Raw/video_0002/0006.mp4,/root/autodl-tmp/data/datasets/ch_sims/Raw.zip::Raw/video_0002/0006.mp4,/root/autodl-tmp/data/datasets/ch_sims/label.csv#video_0002/0006,0.00,7.43,zh,medium,high,high,true,true
EAQ000051,CH-SIMS,validation,CH-SIMS/video_0002/0007,/root/autodl-tmp/data/datasets/ch_sims/Raw.zip::Raw/video_0002/0007.mp4,/root/autodl-tmp/data/datasets/ch_sims/Raw.zip::Raw/video_0002/0007.mp4,/root/autodl-tmp/data/datasets/ch_sims/label.csv#video_0002/0007,0.00,4.00,zh,medium,high,high,true,true
EAQ000052,CH-SIMS,test,CH-SIMS/video_0002/0008,/root/autodl-tmp/data/datasets/ch_sims/Raw.zip::Raw/video_0002/0008.mp4,/root/autodl-tmp/data/datasets/ch_sims/Raw.zip::Raw/video_0002/0008.mp4,/root/autodl-tmp/data/datasets/ch_sims/label.csv#video_0002/0008,0.00,4.57,zh,medium,high,high,true,true
EAQ000053,CH-SIMS,validation,CH-SIMS/video_0002/0009,/root/autodl-tmp/data/datasets/ch_sims/Raw.zip::Raw/video_0002/0009.mp4,/root/autodl-tmp/data/datasets/ch_sims/Raw.zip::Raw/video_0002/0009.mp4,/root/autodl-tmp/data/datasets/ch_sims/label.csv#video_0002/0009,0.00,2.57,zh,medium,high,high,true,true
EAQ000054,CH-SIMS,validation,CH-SIMS/video_0002/0010,/root/autodl-tmp/data/datasets/ch_sims/Raw.zip::Raw/video_0002/0010.mp4,/root/autodl-tmp/data/datasets/ch_sims/Raw.zip::Raw/video_0002/0010.mp4,/root/autodl-tmp/data/datasets/ch_sims/label.csv#video_0002/0010,0.00,4.57,zh,medium,high,high,true,true
EAQ000055,CH-SIMS,train,CH-SIMS/video_0002/0011,/root/autodl-tmp/data/datasets/ch_sims/Raw.zip::Raw/video_0002/0011.mp4,/root/autodl-tmp/data/datasets/ch_sims/Raw.zip::Raw/video_0002/0011.mp4,/root/autodl-tmp/data/datasets/ch_sims/label.csv#video_0002/0011,0.00,4.57,zh,medium,high,high,true,true
EAQ000056,CH-SIMS,train,CH-SIMS/video_0002/0012,/root/autodl-tmp/data/datasets/ch_sims/Raw.zip::Raw/video_0002/0012.mp4,/root/autodl-tmp/data/datasets/ch_sims/Raw.zip::Raw/video_0002/0012.mp4,/root/autodl-tmp/data/datasets/ch_sims/label.csv#video_0002/0012,0.00,4.57,zh,medium,high,high,true,true
EAQ000057,CH-SIMS,train,CH-SIMS/video_0002/0013,/root/autodl-tmp/data/datasets/ch_sims/Raw.zip::Raw/video_0002/0013.mp4,/root/autodl-tmp/data/datasets/ch_sims/Raw.zip::Raw/video_0002/0013.mp4,/root/autodl-tmp/data/datasets/ch_sims/label.csv#video_0002/0013,0.00,4.29,zh,medium,high,high,true,true
EAQ000058,CH-SIMS,train,CH-SIMS/video_0002/0014,/root/autodl-tmp/data/datasets/ch_sims/Raw.zip::Raw/video_0002/0014.mp4,/root/autodl-tmp/data/datasets/ch_sims/Raw.zip::Raw/video_0002/0014.mp4,/root/autodl-tmp/data/datasets/ch_sims/label.csv#video_0002/0014,0.00,2.29,zh,medium,high,high,true,true
EAQ000059,CH-SIMS,train,CH-SIMS/video_0002/0015,/root/autodl-tmp/data/datasets/ch_sims/Raw.zip::Raw/video_0002/0015.mp4,/root/autodl-tmp/data/datasets/ch_sims/Raw.zip::Raw/video_0002/0015.mp4,/root/autodl-tmp/data/datasets/ch_sims/label.csv#video_0002/0015,0.00,2.86,zh,medium,high,high,true,true
EAQ000060,CH-SIMS,train,CH-SIMS/video_0002/0016,/root/autodl-tmp/data/datasets/ch_sims/Raw.zip::Raw/video_0002/0016.mp4,/root/autodl-tmp/data/datasets/ch_sims/Raw.zip::Raw/video_0002/0016.mp4,/root/autodl-tmp/data/datasets/ch_sims/label.csv#video_0002/0016,0.00,9.71,zh,medium,high,high,true,true
EAQ000061,CH-SIMS,test,CH-SIMS/video_0002/0017,/root/autodl-tmp/data/datasets/ch_sims/Raw.zip::Raw/video_0002/0017.mp4,/root/autodl-tmp/data/datasets/ch_sims/Raw.zip::Raw/video_0002/0017.mp4,/root/autodl-tmp/data/datasets/ch_sims/label.csv#video_0002/0017,0.00,5.43,zh,medium,high,high,true,true
EAQ000062,CH-SIMS,train,CH-SIMS/video_0002/0018,/root/autodl-tmp/data/datasets/ch_sims/Raw.zip::Raw/video_0002/0018.mp4,/root/autodl-tmp/data/datasets/ch_sims/Raw.zip::Raw/video_0002/0018.mp4,/root/autodl-tmp/data/datasets/ch_sims/label.csv#video_0002/0018,0.00,5.14,zh,medium,high,high,true,true
EAQ000063,CH-SIMS,train,CH-SIMS/video_0002/0019,/root/autodl-tmp/data/datasets/ch_sims/Raw.zip::Raw/video_0002/0019.mp4,/root/autodl-tmp/data/datasets/ch_sims/Raw.zip::Raw/video_0002/0019.mp4,/root/autodl-tmp/data/datasets/ch_sims/label.csv#video_0002/0019,0.00,2.86,zh,medium,high,high,true,true
EAQ000064,CH-SIMS,validation,CH-SIMS/video_0002/0020,/root/autodl-tmp/data/datasets/ch_sims/Raw.zip::Raw/video_0002/0020.mp4,/root/autodl-tmp/data/datasets/ch_sims/Raw.zip::Raw/video_0002/0020.mp4,/root/autodl-tmp/data/datasets/ch_sims/label.csv#video_0002/0020,0.00,4.00,zh,medium,high,high,true,true
EAQ000065,CH-SIMS,train,CH-SIMS/video_0002/0021,/root/autodl-tmp/data/datasets/ch_sims/Raw.zip::Raw/video_0002/0021.mp4,/root/autodl-tmp/data/datasets/ch_sims/Raw.zip::Raw/video_0002/0021.mp4,/root/autodl-tmp/data/datasets/ch_sims/label.csv#video_0002/0021,0.00,4.57,zh,medium,high,high,true,true
EAQ000066,CH-SIMS,train,CH-SIMS/video_0002/0022,/root/autodl-tmp/data/datasets/ch_sims/Raw.zip::Raw/video_0002/0022.mp4,/root/autodl-tmp/data/datasets/ch_sims/Raw.zip::Raw/video_0002/0022.mp4,/root/autodl-tmp/data/datasets/ch_sims/label.csv#video_0002/0022,0.00,5.14,zh,medium,high,high,true,true
EAQ000067,CH-SIMS,validation,CH-SIMS/video_0002/0023,/root/autodl-tmp/data/datasets/ch_sims/Raw.zip::Raw/video_0002/0023.mp4,/root/autodl-tmp/data/datasets/ch_sims/Raw.zip::Raw/video_0002/0023.mp4,/root/autodl-tmp/data/datasets/ch_sims/label.csv#video_0002/0023,0.00,5.14,zh,medium,high,high,true,true
EAQ000068,CH-SIMS,train,CH-SIMS/video_0002/0024,/root/autodl-tmp/data/datasets/ch_sims/Raw.zip::Raw/video_0002/0024.mp4,/root/autodl-tmp/data/datasets/ch_sims/Raw.zip::Raw/video_0002/0024.mp4,/root/autodl-tmp/data/datasets/ch_sims/label.csv#video_0002/0024,0.00,5.43,zh,medium,high,high,true,true
EAQ000069,CH-SIMS,test,CH-SIMS/video_0002/0025,/root/autodl-tmp/data/datasets/ch_sims/Raw.zip::Raw/video_0002/0025.mp4,/root/autodl-tmp/data/datasets/ch_sims/Raw.zip::Raw/video_0002/0025.mp4,/root/autodl-tmp/data/datasets/ch_sims/label.csv#video_0002/0025,0.00,7.14,zh,medium,high,high,true,true
EAQ000070,CH-SIMS,validation,CH-SIMS/video_0002/0026,/root/autodl-tmp/data/datasets/ch_sims/Raw.zip::Raw/video_0002/0026.mp4,/root/autodl-tmp/data/datasets/ch_sims/Raw.zip::Raw/video_0002/0026.mp4,/root/autodl-tmp/data/datasets/ch_sims/label.csv#video_0002/0026,0.00,8.86,zh,medium,high,high,true,true
EAQ000071,CH-SIMS,train,CH-SIMS/video_0002/0027,/root/autodl-tmp/data/datasets/ch_sims/Raw.zip::Raw/video_0002/0027.mp4,/root/autodl-tmp/data/datasets/ch_sims/Raw.zip::Raw/video_0002/0027.mp4,/root/autodl-tmp/data/datasets/ch_sims/label.csv#video_0002/0027,0.00,7.71,zh,medium,high,high,true,true
EAQ000072,CH-SIMS,validation,CH-SIMS/video_0002/0028,/root/autodl-tmp/data/datasets/ch_sims/Raw.zip::Raw/video_0002/0028.mp4,/root/autodl-tmp/data/datasets/ch_sims/Raw.zip::Raw/video_0002/0028.mp4,/root/autodl-tmp/data/datasets/ch_sims/label.csv#video_0002/0028,0.00,6.00,zh,medium,high,high,true,true
EAQ000073,CH-SIMS,test,CH-SIMS/video_0002/0029,/root/autodl-tmp/data/datasets/ch_sims/Raw.zip::Raw/video_0002/0029.mp4,/root/autodl-tmp/data/datasets/ch_sims/Raw.zip::Raw/video_0002/0029.mp4,/root/autodl-tmp/data/datasets/ch_sims/label.csv#video_0002/0029,0.00,3.14,zh,medium,high,high,true,true
EAQ000074,CH-SIMS,train,CH-SIMS/video_0002/0030,/root/autodl-tmp/data/datasets/ch_sims/Raw.zip::Raw/video_0002/0030.mp4,/root/autodl-tmp/data/datasets/ch_sims/Raw.zip::Raw/video_0002/0030.mp4,/root/autodl-tmp/data/datasets/ch_sims/label.csv#video_0002/0030,0.00,4.86,zh,medium,high,high,true,true
EAQ000075,CH-SIMS,train,CH-SIMS/video_0002/0031,/root/autodl-tmp/data/datasets/ch_sims/Raw.zip::Raw/video_0002/0031.mp4,/root/autodl-tmp/data/datasets/ch_sims/Raw.zip::Raw/video_0002/0031.mp4,/root/autodl-tmp/data/datasets/ch_sims/label.csv#video_0002/0031,0.00,6.00,zh,medium,high,high,true,true
EAQ000076,CH-SIMS,test,CH-SIMS/video_0002/0032,/root/autodl-tmp/data/datasets/ch_sims/Raw.zip::Raw/video_0002/0032.mp4,/root/autodl-tmp/data/datasets/ch_sims/Raw.zip::Raw/video_0002/0032.mp4,/root/autodl-tmp/data/datasets/ch_sims/label.csv#video_0002/0032,0.00,5.71,zh,medium,high,high,true,true
EAQ000077,CH-SIMS,test,CH-SIMS/video_0002/0033,/root/autodl-tmp/data/datasets/ch_sims/Raw.zip::Raw/video_0002/0033.mp4,/root/autodl-tmp/data/datasets/ch_sims/Raw.zip::Raw/video_0002/0033.mp4,/root/autodl-tmp/data/datasets/ch_sims/label.csv#video_0002/0033,0.00,4.86,zh,medium,high,high,true,true
EAQ000078,CH-SIMS,validation,CH-SIMS/video_0002/0034,/root/autodl-tmp/data/datasets/ch_sims/Raw.zip::Raw/video_0002/0034.mp4,/root/autodl-tmp/data/datasets/ch_sims/Raw.zip::Raw/video_0002/0034.mp4,/root/autodl-tmp/data/datasets/ch_sims/label.csv#video_0002/0034,0.00,4.86,zh,medium,high,high,true,true
EAQ000079,CH-SIMS,train,CH-SIMS/video_0002/0035,/root/autodl-tmp/data/datasets/ch_sims/Raw.zip::Raw/video_0002/0035.mp4,/root/autodl-tmp/data/datasets/ch_sims/Raw.zip::Raw/video_0002/0035.mp4,/root/autodl-tmp/data/datasets/ch_sims/label.csv#video_0002/0035,0.00,7.14,zh,medium,high,high,true,true
EAQ000080,CH-SIMS,train,CH-SIMS/video_0002/0036,/root/autodl-tmp/data/datasets/ch_sims/Raw.zip::Raw/video_0002/0036.mp4,/root/autodl-tmp/data/datasets/ch_sims/Raw.zip::Raw/video_0002/0036.mp4,/root/autodl-tmp/data/datasets/ch_sims/label.csv#video_0002/0036,0.00,7.71,zh,medium,high,high,true,true
EAQ000081,CH-SIMS,test,CH-SIMS/video_0002/0037,/root/autodl-tmp/data/datasets/ch_sims/Raw.zip::Raw/video_0002/0037.mp4,/root/autodl-tmp/data/datasets/ch_sims/Raw.zip::Raw/video_0002/0037.mp4,/root/autodl-tmp/data/datasets/ch_sims/label.csv#video_0002/0037,0.00,2.86,zh,medium,high,high,true,true
EAQ000082,CH-SIMS,train,CH-SIMS/video_0002/0038,/root/autodl-tmp/data/datasets/ch_sims/Raw.zip::Raw/video_0002/0038.mp4,/root/autodl-tmp/data/datasets/ch_sims/Raw.zip::Raw/video_0002/0038.mp4,/root/autodl-tmp/data/datasets/ch_sims/label.csv#video_0002/0038,0.00,4.57,zh,medium,high,high,true,true
EAQ000083,CH-SIMS,test,CH-SIMS/video_0003/0001,/root/autodl-tmp/data/datasets/ch_sims/Raw.zip::Raw/video_0003/0001.mp4,/root/autodl-tmp/data/datasets/ch_sims/Raw.zip::Raw/video_0003/0001.mp4,/root/autodl-tmp/data/datasets/ch_sims/label.csv#video_0003/0001,0.00,3.43,zh,medium,high,high,true,true
EAQ000084,CH-SIMS,train,CH-SIMS/video_0003/0002,/root/autodl-tmp/data/datasets/ch_sims/Raw.zip::Raw/video_0003/0002.mp4,/root/autodl-tmp/data/datasets/ch_sims/Raw.zip::Raw/video_0003/0002.mp4,/root/autodl-tmp/data/datasets/ch_sims/label.csv#video_0003/0002,0.00,5.43,zh,medium,high,high,true,true
EAQ000085,CH-SIMS,train,CH-SIMS/video_0003/0003,/root/autodl-tmp/data/datasets/ch_sims/Raw.zip::Raw/video_0003/0003.mp4,/root/autodl-tmp/data/datasets/ch_sims/Raw.zip::Raw/video_0003/0003.mp4,/root/autodl-tmp/data/datasets/ch_sims/label.csv#video_0003/0003,0.00,3.14,zh,medium,high,high,true,true
EAQ000086,CH-SIMS,train,CH-SIMS/video_0003/0004,/root/autodl-tmp/data/datasets/ch_sims/Raw.zip::Raw/video_0003/0004.mp4,/root/autodl-tmp/data/datasets/ch_sims/Raw.zip::Raw/video_0003/0004.mp4,/root/autodl-tmp/data/datasets/ch_sims/label.csv#video_0003/0004,0.00,2.57,zh,medium,high,high,true,true
EAQ000087,CH-SIMS,validation,CH-SIMS/video_0003/0005,/root/autodl-tmp/data/datasets/ch_sims/Raw.zip::Raw/video_0003/0005.mp4,/root/autodl-tmp/data/datasets/ch_sims/Raw.zip::Raw/video_0003/0005.mp4,/root/autodl-tmp/data/datasets/ch_sims/label.csv#video_0003/0005,0.00,8.57,zh,medium,high,high,true,true
EAQ000088,CH-SIMS,test,CH-SIMS/video_0003/0006,/root/autodl-tmp/data/datasets/ch_sims/Raw.zip::Raw/video_0003/0006.mp4,/root/autodl-tmp/data/datasets/ch_sims/Raw.zip::Raw/video_0003/0006.mp4,/root/autodl-tmp/data/datasets/ch_sims/label.csv#video_0003/0006,0.00,3.71,zh,medium,high,high,true,true
EAQ000089,CH-SIMS,train,CH-SIMS/video_0004/0001,/root/autodl-tmp/data/datasets/ch_sims/Raw.zip::Raw/video_0004/0001.mp4,/root/autodl-tmp/data/datasets/ch_sims/Raw.zip::Raw/video_0004/0001.mp4,/root/autodl-tmp/data/datasets/ch_sims/label.csv#video_0004/0001,0.00,6.86,zh,medium,high,high,true,true
EAQ000090,CH-SIMS,train,CH-SIMS/video_0004/0002,/root/autodl-tmp/data/datasets/ch_sims/Raw.zip::Raw/video_0004/0002.mp4,/root/autodl-tmp/data/datasets/ch_sims/Raw.zip::Raw/video_0004/0002.mp4,/root/autodl-tmp/data/datasets/ch_sims/label.csv#video_0004/0002,0.00,2.57,zh,medium,high,high,true,true
EAQ000091,CH-SIMS,test,CH-SIMS/video_0004/0003,/root/autodl-tmp/data/datasets/ch_sims/Raw.zip::Raw/video_0004/0003.mp4,/root/autodl-tmp/data/datasets/ch_sims/Raw.zip::Raw/video_0004/0003.mp4,/root/autodl-tmp/data/datasets/ch_sims/label.csv#video_0004/0003,0.00,4.57,zh,medium,high,high,true,true
EAQ000092,CH-SIMS,train,CH-SIMS/video_0005/0001,/root/autodl-tmp/data/datasets/ch_sims/Raw.zip::Raw/video_0005/0001.mp4,/root/autodl-tmp/data/datasets/ch_sims/Raw.zip::Raw/video_0005/0001.mp4,/root/autodl-tmp/data/datasets/ch_sims/label.csv#video_0005/0001,0.00,1.71,zh,medium,high,high,true,true
EAQ000093,CH-SIMS,test,CH-SIMS/video_0005/0002,/root/autodl-tmp/data/datasets/ch_sims/Raw.zip::Raw/video_0005/0002.mp4,/root/autodl-tmp/data/datasets/ch_sims/Raw.zip::Raw/video_0005/0002.mp4,/root/autodl-tmp/data/datasets/ch_sims/label.csv#video_0005/0002,0.00,4.57,zh,medium,high,high,true,true
EAQ000094,CH-SIMS,validation,CH-SIMS/video_0005/0003,/root/autodl-tmp/data/datasets/ch_sims/Raw.zip::Raw/video_0005/0003.mp4,/root/autodl-tmp/data/datasets/ch_sims/Raw.zip::Raw/video_0005/0003.mp4,/root/autodl-tmp/data/datasets/ch_sims/label.csv#video_0005/0003,0.00,2.57,zh,medium,high,high,true,true
EAQ000095,CH-SIMS,train,CH-SIMS/video_0005/0004,/root/autodl-tmp/data/datasets/ch_sims/Raw.zip::Raw/video_0005/0004.mp4,/root/autodl-tmp/data/datasets/ch_sims/Raw.zip::Raw/video_0005/0004.mp4,/root/autodl-tmp/data/datasets/ch_sims/label.csv#video_0005/0004,0.00,4.29,zh,medium,high,high,true,true
EAQ000096,CH-SIMS,validation,CH-SIMS/video_0005/0005,/root/autodl-tmp/data/datasets/ch_sims/Raw.zip::Raw/video_0005/0005.mp4,/root/autodl-tmp/data/datasets/ch_sims/Raw.zip::Raw/video_0005/0005.mp4,/root/autodl-tmp/data/datasets/ch_sims/label.csv#video_0005/0005,0.00,4.86,zh,medium,high,high,true,true
EAQ000097,CH-SIMS,train,CH-SIMS/video_0005/0006,/root/autodl-tmp/data/datasets/ch_sims/Raw.zip::Raw/video_0005/0006.mp4,/root/autodl-tmp/data/datasets/ch_sims/Raw.zip::Raw/video_0005/0006.mp4,/root/autodl-tmp/data/datasets/ch_sims/label.csv#video_0005/0006,0.00,4.29,zh,medium,high,high,true,true
EAQ000098,CH-SIMS,train,CH-SIMS/video_0005/0007,/root/autodl-tmp/data/datasets/ch_sims/Raw.zip::Raw/video_0005/0007.mp4,/root/autodl-tmp/data/datasets/ch_sims/Raw.zip::Raw/video_0005/0007.mp4,/root/autodl-tmp/data/datasets/ch_sims/label.csv#video_0005/0007,0.00,4.57,zh,medium,high,high,true,true
EAQ000099,CH-SIMS,validation,CH-SIMS/video_0005/0008,/root/autodl-tmp/data/datasets/ch_sims/Raw.zip::Raw/video_0005/0008.mp4,/root/autodl-tmp/data/datasets/ch_sims/Raw.zip::Raw/video_0005/0008.mp4,/root/autodl-tmp/data/datasets/ch_sims/label.csv#video_0005/0008,0.00,3.71,zh,medium,high,high,true,true
EAQ000100,CH-SIMS,train,CH-SIMS/video_0005/0009,/root/autodl-tmp/data/datasets/ch_sims/Raw.zip::Raw/video_0005/0009.mp4,/root/autodl-tmp/data/datasets/ch_sims/Raw.zip::Raw/video_0005/0009.mp4,/root/autodl-tmp/data/datasets/ch_sims/label.csv#video_0005/0009,0.00,2.86,zh,medium,high,high,true,true
EAQ000101,CH-SIMS,test,CH-SIMS/video_0005/0010,/root/autodl-tmp/data/datasets/ch_sims/Raw.zip::Raw/video_0005/0010.mp4,/root/autodl-tmp/data/datasets/ch_sims/Raw.zip::Raw/video_0005/0010.mp4,/root/autodl-tmp/data/datasets/ch_sims/label.csv#video_0005/0010,0.00,2.00,zh,medium,high,high,true,true
EAQ000102,CH-SIMS,validation,CH-SIMS/video_0005/0011,/root/autodl-tmp/data/datasets/ch_sims/Raw.zip::Raw/video_0005/0011.mp4,/root/autodl-tmp/data/datasets/ch_sims/Raw.zip::Raw/video_0005/0011.mp4,/root/autodl-tmp/data/datasets/ch_sims/label.csv#video_0005/0011,0.00,2.00,zh,medium,high,high,true,true
EAQ000103,CH-SIMS,test,CH-SIMS/video_0005/0012,/root/autodl-tmp/data/datasets/ch_sims/Raw.zip::Raw/video_0005/0012.mp4,/root/autodl-tmp/data/datasets/ch_sims/Raw.zip::Raw/video_0005/0012.mp4,/root/autodl-tmp/data/datasets/ch_sims/label.csv#video_0005/0012,0.00,3.14,zh,medium,high,high,true,true
EAQ000104,CH-SIMS,validation,CH-SIMS/video_0005/0013,/root/autodl-tmp/data/datasets/ch_sims/Raw.zip::Raw/video_0005/0013.mp4,/root/autodl-tmp/data/datasets/ch_sims/Raw.zip::Raw/video_0005/0013.mp4,/root/autodl-tmp/data/datasets/ch_sims/label.csv#video_0005/0013,0.00,3.71,zh,medium,high,high,true,true
EAQ000105,CH-SIMS,validation,CH-SIMS/video_0005/0014,/root/autodl-tmp/data/datasets/ch_sims/Raw.zip::Raw/video_0005/0014.mp4,/root/autodl-tmp/data/datasets/ch_sims/Raw.zip::Raw/video_0005/0014.mp4,/root/autodl-tmp/data/datasets/ch_sims/label.csv#video_0005/0014,0.00,3.71,zh,medium,high,high,true,true
EAQ000106,CH-SIMS,train,CH-SIMS/video_0005/0015,/root/autodl-tmp/data/datasets/ch_sims/Raw.zip::Raw/video_0005/0015.mp4,/root/autodl-tmp/data/datasets/ch_sims/Raw.zip::Raw/video_0005/0015.mp4,/root/autodl-tmp/data/datasets/ch_sims/label.csv#video_0005/0015,0.00,3.14,zh,medium,high,high,true,true
EAQ000107,CH-SIMS,validation,CH-SIMS/video_0005/0016,/root/autodl-tmp/data/datasets/ch_sims/Raw.zip::Raw/video_0005/0016.mp4,/root/autodl-tmp/data/datasets/ch_sims/Raw.zip::Raw/video_0005/0016.mp4,/root/autodl-tmp/data/datasets/ch_sims/label.csv#video_0005/0016,0.00,4.86,zh,medium,high,high,true,true
EAQ000108,CH-SIMS,train,CH-SIMS/video_0005/0017,/root/autodl-tmp/data/datasets/ch_sims/Raw.zip::Raw/video_0005/0017.mp4,/root/autodl-tmp/data/datasets/ch_sims/Raw.zip::Raw/video_0005/0017.mp4,/root/autodl-tmp/data/datasets/ch_sims/label.csv#video_0005/0017,0.00,2.00,zh,medium,high,high,true,true
EAQ000109,CH-SIMS,validation,CH-SIMS/video_0006/0001,/root/autodl-tmp/data/datasets/ch_sims/Raw.zip::Raw/video_0006/0001.mp4,/root/autodl-tmp/data/datasets/ch_sims/Raw.zip::Raw/video_0006/0001.mp4,/root/autodl-tmp/data/datasets/ch_sims/label.csv#video_0006/0001,0.00,2.86,zh,medium,high,high,true,true
EAQ000110,CH-SIMS,validation,CH-SIMS/video_0006/0002,/root/autodl-tmp/data/datasets/ch_sims/Raw.zip::Raw/video_0006/0002.mp4,/root/autodl-tmp/data/datasets/ch_sims/Raw.zip::Raw/video_0006/0002.mp4,/root/autodl-tmp/data/datasets/ch_sims/label.csv#video_0006/0002,0.00,3.43,zh,medium,high,high,true,true
EAQ000111,CH-SIMS,validation,CH-SIMS/video_0006/0003,/root/autodl-tmp/data/datasets/ch_sims/Raw.zip::Raw/video_0006/0003.mp4,/root/autodl-tmp/data/datasets/ch_sims/Raw.zip::Raw/video_0006/0003.mp4,/root/autodl-tmp/data/datasets/ch_sims/label.csv#video_0006/0003,0.00,2.57,zh,medium,high,high,true,true
EAQ000112,CH-SIMS,test,CH-SIMS/video_0006/0004,/root/autodl-tmp/data/datasets/ch_sims/Raw.zip::Raw/video_0006/0004.mp4,/root/autodl-tmp/data/datasets/ch_sims/Raw.zip::Raw/video_0006/0004.mp4,/root/autodl-tmp/data/datasets/ch_sims/label.csv#video_0006/0004,0.00,4.86,zh,medium,high,high,true,true
EAQ000113,CH-SIMS,validation,CH-SIMS/video_0006/0005,/root/autodl-tmp/data/datasets/ch_sims/Raw.zip::Raw/video_0006/0005.mp4,/root/autodl-tmp/data/datasets/ch_sims/Raw.zip::Raw/video_0006/0005.mp4,/root/autodl-tmp/data/datasets/ch_sims/label.csv#video_0006/0005,0.00,2.29,zh,medium,high,high,true,true
EAQ000114,CH-SIMS,train,CH-SIMS/video_0006/0006,/root/autodl-tmp/data/datasets/ch_sims/Raw.zip::Raw/video_0006/0006.mp4,/root/autodl-tmp/data/datasets/ch_sims/Raw.zip::Raw/video_0006/0006.mp4,/root/autodl-tmp/data/datasets/ch_sims/label.csv#video_0006/0006,0.00,3.43,zh,medium,high,high,true,true
EAQ000115,CH-SIMS,train,CH-SIMS/video_0006/0007,/root/autodl-tmp/data/datasets/ch_sims/Raw.zip::Raw/video_0006/0007.mp4,/root/autodl-tmp/data/datasets/ch_sims/Raw.zip::Raw/video_0006/0007.mp4,/root/autodl-tmp/data/datasets/ch_sims/label.csv#video_0006/0007,0.00,3.43,zh,medium,high,high,true,true
EAQ000116,CH-SIMS,validation,CH-SIMS/video_0006/0008,/root/autodl-tmp/data/datasets/ch_sims/Raw.zip::Raw/video_0006/0008.mp4,/root/autodl-tmp/data/datasets/ch_sims/Raw.zip::Raw/video_0006/0008.mp4,/root/autodl-tmp/data/datasets/ch_sims/label.csv#video_0006/0008,0.00,4.29,zh,medium,high,high,true,true
EAQ000117,CH-SIMS,train,CH-SIMS/video_0006/0009,/root/autodl-tmp/data/datasets/ch_sims/Raw.zip::Raw/video_0006/0009.mp4,/root/autodl-tmp/data/datasets/ch_sims/Raw.zip::Raw/video_0006/0009.mp4,/root/autodl-tmp/data/datasets/ch_sims/label.csv#video_0006/0009,0.00,4.29,zh,medium,high,high,true,true
EAQ000118,CH-SIMS,train,CH-SIMS/video_0006/0010,/root/autodl-tmp/data/datasets/ch_sims/Raw.zip::Raw/video_0006/0010.mp4,/root/autodl-tmp/data/datasets/ch_sims/Raw.zip::Raw/video_0006/0010.mp4,/root/autodl-tmp/data/datasets/ch_sims/label.csv#video_0006/0010,0.00,2.29,zh,medium,high,high,true,true
EAQ000119,CH-SIMS,train,CH-SIMS/video_0006/0011,/root/autodl-tmp/data/datasets/ch_sims/Raw.zip::Raw/video_0006/0011.mp4,/root/autodl-tmp/data/datasets/ch_sims/Raw.zip::Raw/video_0006/0011.mp4,/root/autodl-tmp/data/datasets/ch_sims/label.csv#video_0006/0011,0.00,5.71,zh,medium,high,high,true,true
EAQ000120,CH-SIMS,train,CH-SIMS/video_0006/0012,/root/autodl-tmp/data/datasets/ch_sims/Raw.zip::Raw/video_0006/0012.mp4,/root/autodl-tmp/data/datasets/ch_sims/Raw.zip::Raw/video_0006/0012.mp4,/root/autodl-tmp/data/datasets/ch_sims/label.csv#video_0006/0012,0.00,4.00,zh,medium,high,high,true,true
EAQ000121,CH-SIMS,test,CH-SIMS/video_0006/0013,/root/autodl-tmp/data/datasets/ch_sims/Raw.zip::Raw/video_0006/0013.mp4,/root/autodl-tmp/data/datasets/ch_sims/Raw.zip::Raw/video_0006/0013.mp4,/root/autodl-tmp/data/datasets/ch_sims/label.csv#video_0006/0013,0.00,5.43,zh,medium,high,high,true,true
EAQ000122,CH-SIMS,train,CH-SIMS/video_0006/0014,/root/autodl-tmp/data/datasets/ch_sims/Raw.zip::Raw/video_0006/0014.mp4,/root/autodl-tmp/data/datasets/ch_sims/Raw.zip::Raw/video_0006/0014.mp4,/root/autodl-tmp/data/datasets/ch_sims/label.csv#video_0006/0014,0.00,2.86,zh,medium,high,high,true,true
EAQ000123,CH-SIMS,test,CH-SIMS/video_0006/0015,/root/autodl-tmp/data/datasets/ch_sims/Raw.zip::Raw/video_0006/0015.mp4,/root/autodl-tmp/data/datasets/ch_sims/Raw.zip::Raw/video_0006/0015.mp4,/root/autodl-tmp/data/datasets/ch_sims/label.csv#video_0006/0015,0.00,6.57,zh,medium,high,high,true,true
EAQ000124,CH-SIMS,test,CH-SIMS/video_0006/0016,/root/autodl-tmp/data/datasets/ch_sims/Raw.zip::Raw/video_0006/0016.mp4,/root/autodl-tmp/data/datasets/ch_sims/Raw.zip::Raw/video_0006/0016.mp4,/root/autodl-tmp/data/datasets/ch_sims/label.csv#video_0006/0016,0.00,2.57,zh,medium,high,high,true,true
EAQ000125,CH-SIMS,validation,CH-SIMS/video_0006/0017,/root/autodl-tmp/data/datasets/ch_sims/Raw.zip::Raw/video_0006/0017.mp4,/root/autodl-tmp/data/datasets/ch_sims/Raw.zip::Raw/video_0006/0017.mp4,/root/autodl-tmp/data/datasets/ch_sims/label.csv#video_0006/0017,0.00,2.57,zh,medium,high,high,true,true
EAQ000126,CH-SIMS,train,CH-SIMS/video_0006/0018,/root/autodl-tmp/data/datasets/ch_sims/Raw.zip::Raw/video_0006/0018.mp4,/root/autodl-tmp/data/datasets/ch_sims/Raw.zip::Raw/video_0006/0018.mp4,/root/autodl-tmp/data/datasets/ch_sims/label.csv#video_0006/0018,0.00,3.14,zh,medium,high,high,true,true
EAQ000127,CH-SIMS,validation,CH-SIMS/video_0006/0019,/root/autodl-tmp/data/datasets/ch_sims/Raw.zip::Raw/video_0006/0019.mp4,/root/autodl-tmp/data/datasets/ch_sims/Raw.zip::Raw/video_0006/0019.mp4,/root/autodl-tmp/data/datasets/ch_sims/label.csv#video_0006/0019,0.00,1.71,zh,medium,high,high,true,true
EAQ000128,CH-SIMS,train,CH-SIMS/video_0006/0020,/root/autodl-tmp/data/datasets/ch_sims/Raw.zip::Raw/video_0006/0020.mp4,/root/autodl-tmp/data/datasets/ch_sims/Raw.zip::Raw/video_0006/0020.mp4,/root/autodl-tmp/data/datasets/ch_sims/label.csv#video_0006/0020,0.00,4.29,zh,medium,high,high,true,true
EAQ000129,CH-SIMS,train,CH-SIMS/video_0006/0021,/root/autodl-tmp/data/datasets/ch_sims/Raw.zip::Raw/video_0006/0021.mp4,/root/autodl-tmp/data/datasets/ch_sims/Raw.zip::Raw/video_0006/0021.mp4,/root/autodl-tmp/data/datasets/ch_sims/label.csv#video_0006/0021,0.00,4.00,zh,medium,high,high,true,true
EAQ000130,CH-SIMS,train,CH-SIMS/video_0006/0022,/root/autodl-tmp/data/datasets/ch_sims/Raw.zip::Raw/video_0006/0022.mp4,/root/autodl-tmp/data/datasets/ch_sims/Raw.zip::Raw/video_0006/0022.mp4,/root/autodl-tmp/data/datasets/ch_sims/label.csv#video_0006/0022,0.00,2.29,zh,medium,high,high,true,true
EAQ000131,CH-SIMS,train,CH-SIMS/video_0007/0001,/root/autodl-tmp/data/datasets/ch_sims/Raw.zip::Raw/video_0007/0001.mp4,/root/autodl-tmp/data/datasets/ch_sims/Raw.zip::Raw/video_0007/0001.mp4,/root/autodl-tmp/data/datasets/ch_sims/label.csv#video_0007/0001,0.00,4.57,zh,medium,high,high,true,true
EAQ000132,CH-SIMS,train,CH-SIMS/video_0007/0002,/root/autodl-tmp/data/datasets/ch_sims/Raw.zip::Raw/video_0007/0002.mp4,/root/autodl-tmp/data/datasets/ch_sims/Raw.zip::Raw/video_0007/0002.mp4,/root/autodl-tmp/data/datasets/ch_sims/label.csv#video_0007/0002,0.00,3.43,zh,medium,high,high,true,true
EAQ000133,CH-SIMS,validation,CH-SIMS/video_0007/0003,/root/autodl-tmp/data/datasets/ch_sims/Raw.zip::Raw/video_0007/0003.mp4,/root/autodl-tmp/data/datasets/ch_sims/Raw.zip::Raw/video_0007/0003.mp4,/root/autodl-tmp/data/datasets/ch_sims/label.csv#video_0007/0003,0.00,1.71,zh,medium,high,high,true,true
EAQ000134,CH-SIMS,test,CH-SIMS/video_0007/0004,/root/autodl-tmp/data/datasets/ch_sims/Raw.zip::Raw/video_0007/0004.mp4,/root/autodl-tmp/data/datasets/ch_sims/Raw.zip::Raw/video_0007/0004.mp4,/root/autodl-tmp/data/datasets/ch_sims/label.csv#video_0007/0004,0.00,2.86,zh,medium,high,high,true,true
EAQ000135,CH-SIMS,train,CH-SIMS/video_0007/0005,/root/autodl-tmp/data/datasets/ch_sims/Raw.zip::Raw/video_0007/0005.mp4,/root/autodl-tmp/data/datasets/ch_sims/Raw.zip::Raw/video_0007/0005.mp4,/root/autodl-tmp/data/datasets/ch_sims/label.csv#video_0007/0005,0.00,4.00,zh,medium,high,high,true,true
EAQ000136,CH-SIMS,train,CH-SIMS/video_0007/0006,/root/autodl-tmp/data/datasets/ch_sims/Raw.zip::Raw/video_0007/0006.mp4,/root/autodl-tmp/data/datasets/ch_sims/Raw.zip::Raw/video_0007/0006.mp4,/root/autodl-tmp/data/datasets/ch_sims/label.csv#video_0007/0006,0.00,5.14,zh,medium,high,high,true,true
EAQ000137,CH-SIMS,train,CH-SIMS/video_0007/0007,/root/autodl-tmp/data/datasets/ch_sims/Raw.zip::Raw/video_0007/0007.mp4,/root/autodl-tmp/data/datasets/ch_sims/Raw.zip::Raw/video_0007/0007.mp4,/root/autodl-tmp/data/datasets/ch_sims/label.csv#video_0007/0007,0.00,3.14,zh,medium,high,high,true,true
EAQ000138,CH-SIMS,train,CH-SIMS/video_0007/0008,/root/autodl-tmp/data/datasets/ch_sims/Raw.zip::Raw/video_0007/0008.mp4,/root/autodl-tmp/data/datasets/ch_sims/Raw.zip::Raw/video_0007/0008.mp4,/root/autodl-tmp/data/datasets/ch_sims/label.csv#video_0007/0008,0.00,3.14,zh,medium,high,high,true,true
EAQ000139,CH-SIMS,train,CH-SIMS/video_0007/0009,/root/autodl-tmp/data/datasets/ch_sims/Raw.zip::Raw/video_0007/0009.mp4,/root/autodl-tmp/data/datasets/ch_sims/Raw.zip::Raw/video_0007/0009.mp4,/root/autodl-tmp/data/datasets/ch_sims/label.csv#video_0007/0009,0.00,2.86,zh,medium,high,high,true,true
EAQ000140,CH-SIMS,validation,CH-SIMS/video_0007/0010,/root/autodl-tmp/data/datasets/ch_sims/Raw.zip::Raw/video_0007/0010.mp4,/root/autodl-tmp/data/datasets/ch_sims/Raw.zip::Raw/video_0007/0010.mp4,/root/autodl-tmp/data/datasets/ch_sims/label.csv#video_0007/0010,0.00,4.00,zh,medium,high,high,true,true
EAQ000141,CH-SIMS,test,CH-SIMS/video_0007/0011,/root/autodl-tmp/data/datasets/ch_sims/Raw.zip::Raw/video_0007/0011.mp4,/root/autodl-tmp/data/datasets/ch_sims/Raw.zip::Raw/video_0007/0011.mp4,/root/autodl-tmp/data/datasets/ch_sims/label.csv#video_0007/0011,0.00,5.14,zh,medium,high,high,true,true
EAQ000142,CH-SIMS,train,CH-SIMS/video_0007/0012,/root/autodl-tmp/data/datasets/ch_sims/Raw.zip::Raw/video_0007/0012.mp4,/root/autodl-tmp/data/datasets/ch_sims/Raw.zip::Raw/video_0007/0012.mp4,/root/autodl-tmp/data/datasets/ch_sims/label.csv#video_0007/0012,0.00,6.00,zh,medium,high,high,true,true
EAQ000143,CH-SIMS,train,CH-SIMS/video_0008/0001,/root/autodl-tmp/data/datasets/ch_sims/Raw.zip::Raw/video_0008/0001.mp4,/root/autodl-tmp/data/datasets/ch_sims/Raw.zip::Raw/video_0008/0001.mp4,/root/autodl-tmp/data/datasets/ch_sims/label.csv#video_0008/0001,0.00,3.14,zh,medium,high,high,true,true
EAQ000144,CH-SIMS,train,CH-SIMS/video_0008/0002,/root/autodl-tmp/data/datasets/ch_sims/Raw.zip::Raw/video_0008/0002.mp4,/root/autodl-tmp/data/datasets/ch_sims/Raw.zip::Raw/video_0008/0002.mp4,/root/autodl-tmp/data/datasets/ch_sims/label.csv#video_0008/0002,0.00,3.14,zh,medium,high,high,true,true
EAQ000145,CH-SIMS,train,CH-SIMS/video_0008/0003,/root/autodl-tmp/data/datasets/ch_sims/Raw.zip::Raw/video_0008/0003.mp4,/root/autodl-tmp/data/datasets/ch_sims/Raw.zip::Raw/video_0008/0003.mp4,/root/autodl-tmp/data/datasets/ch_sims/label.csv#video_0008/0003,0.00,5.14,zh,medium,high,high,true,true
EAQ000146,CH-SIMS,train,CH-SIMS/video_0008/0004,/root/autodl-tmp/data/datasets/ch_sims/Raw.zip::Raw/video_0008/0004.mp4,/root/autodl-tmp/data/datasets/ch_sims/Raw.zip::Raw/video_0008/0004.mp4,/root/autodl-tmp/data/datasets/ch_sims/label.csv#video_0008/0004,0.00,2.86,zh,medium,high,high,true,true
EAQ000147,CH-SIMS,train,CH-SIMS/video_0008/0005,/root/autodl-tmp/data/datasets/ch_sims/Raw.zip::Raw/video_0008/0005.mp4,/root/autodl-tmp/data/datasets/ch_sims/Raw.zip::Raw/video_0008/0005.mp4,/root/autodl-tmp/data/datasets/ch_sims/label.csv#video_0008/0005,0.00,4.29,zh,medium,high,high,true,true
EAQ000148,CH-SIMS,validation,CH-SIMS/video_0008/0006,/root/autodl-tmp/data/datasets/ch_sims/Raw.zip::Raw/video_0008/0006.mp4,/root/autodl-tmp/data/datasets/ch_sims/Raw.zip::Raw/video_0008/0006.mp4,/root/autodl-tmp/data/datasets/ch_sims/label.csv#video_0008/0006,0.00,6.57,zh,medium,high,high,true,true
EAQ000149,CH-SIMS,train,CH-SIMS/video_0008/0007,/root/autodl-tmp/data/datasets/ch_sims/Raw.zip::Raw/video_0008/0007.mp4,/root/autodl-tmp/data/datasets/ch_sims/Raw.zip::Raw/video_0008/0007.mp4,/root/autodl-tmp/data/datasets/ch_sims/label.csv#video_0008/0007,0.00,2.29,zh,medium,high,high,true,true
EAQ000150,CH-SIMS,train,CH-SIMS/video_0008/0008,/root/autodl-tmp/data/datasets/ch_sims/Raw.zip::Raw/video_0008/0008.mp4,/root/autodl-tmp/data/datasets/ch_sims/Raw.zip::Raw/video_0008/0008.mp4,/root/autodl-tmp/data/datasets/ch_sims/label.csv#video_0008/0008,0.00,1.71,zh,medium,high,high,true,true
EAQ000151,CH-SIMS,train,CH-SIMS/video_0008/0009,/root/autodl-tmp/data/datasets/ch_sims/Raw.zip::Raw/video_0008/0009.mp4,/root/autodl-tmp/data/datasets/ch_sims/Raw.zip::Raw/video_0008/0009.mp4,/root/autodl-tmp/data/datasets/ch_sims/label.csv#video_0008/0009,0.00,3.43,zh,medium,high,high,true,true
EAQ000152,CH-SIMS,train,CH-SIMS/video_0008/0010,/root/autodl-tmp/data/datasets/ch_sims/Raw.zip::Raw/video_0008/0010.mp4,/root/autodl-tmp/data/datasets/ch_sims/Raw.zip::Raw/video_0008/0010.mp4,/root/autodl-tmp/data/datasets/ch_sims/label.csv#video_0008/0010,0.00,3.43,zh,medium,high,high,true,true
EAQ000153,CH-SIMS,test,CH-SIMS/video_0008/0011,/root/autodl-tmp/data/datasets/ch_sims/Raw.zip::Raw/video_0008/0011.mp4,/root/autodl-tmp/data/datasets/ch_sims/Raw.zip::Raw/video_0008/0011.mp4,/root/autodl-tmp/data/datasets/ch_sims/label.csv#video_0008/0011,0.00,3.14,zh,medium,high,high,true,true
EAQ000154,CH-SIMS,train,CH-SIMS/video_0008/0012,/root/autodl-tmp/data/datasets/ch_sims/Raw.zip::Raw/video_0008/0012.mp4,/root/autodl-tmp/data/datasets/ch_sims/Raw.zip::Raw/video_0008/0012.mp4,/root/autodl-tmp/data/datasets/ch_sims/label.csv#video_0008/0012,0.00,5.43,zh,medium,high,high,true,true
EAQ000155,CH-SIMS,train,CH-SIMS/video_0009/0001,/root/autodl-tmp/data/datasets/ch_sims/Raw.zip::Raw/video_0009/0001.mp4,/root/autodl-tmp/data/datasets/ch_sims/Raw.zip::Raw/video_0009/0001.mp4,/root/autodl-tmp/data/datasets/ch_sims/label.csv#video_0009/0001,0.00,2.86,zh,medium,high,high,true,true
EAQ000156,CH-SIMS,train,CH-SIMS/video_0009/0002,/root/autodl-tmp/data/datasets/ch_sims/Raw.zip::Raw/video_0009/0002.mp4,/root/autodl-tmp/data/datasets/ch_sims/Raw.zip::Raw/video_0009/0002.mp4,/root/autodl-tmp/data/datasets/ch_sims/label.csv#video_0009/0002,0.00,3.43,zh,medium,high,high,true,true
EAQ000157,CH-SIMS,test,CH-SIMS/video_0009/0003,/root/autodl-tmp/data/datasets/ch_sims/Raw.zip::Raw/video_0009/0003.mp4,/root/autodl-tmp/data/datasets/ch_sims/Raw.zip::Raw/video_0009/0003.mp4,/root/autodl-tmp/data/datasets/ch_sims/label.csv#video_0009/0003,0.00,2.57,zh,medium,high,high,true,true
EAQ000158,CH-SIMS,train,CH-SIMS/video_0009/0004,/root/autodl-tmp/data/datasets/ch_sims/Raw.zip::Raw/video_0009/0004.mp4,/root/autodl-tmp/data/datasets/ch_sims/Raw.zip::Raw/video_0009/0004.mp4,/root/autodl-tmp/data/datasets/ch_sims/label.csv#video_0009/0004,0.00,3.14,zh,medium,high,high,true,true
EAQ000159,CH-SIMS,train,CH-SIMS/video_0009/0005,/root/autodl-tmp/data/datasets/ch_sims/Raw.zip::Raw/video_0009/0005.mp4,/root/autodl-tmp/data/datasets/ch_sims/Raw.zip::Raw/video_0009/0005.mp4,/root/autodl-tmp/data/datasets/ch_sims/label.csv#video_0009/0005,0.00,3.71,zh,medium,high,high,true,true
EAQ000160,CH-SIMS,train,CH-SIMS/video_0009/0006,/root/autodl-tmp/data/datasets/ch_sims/Raw.zip::Raw/video_0009/0006.mp4,/root/autodl-tmp/data/datasets/ch_sims/Raw.zip::Raw/video_0009/0006.mp4,/root/autodl-tmp/data/datasets/ch_sims/label.csv#video_0009/0006,0.00,6.00,zh,medium,high,high,true,true
EAQ000161,CH-SIMS,validation,CH-SIMS/video_0009/0007,/root/autodl-tmp/data/datasets/ch_sims/Raw.zip::Raw/video_0009/0007.mp4,/root/autodl-tmp/data/datasets/ch_sims/Raw.zip::Raw/video_0009/0007.mp4,/root/autodl-tmp/data/datasets/ch_sims/label.csv#video_0009/0007,0.00,4.00,zh,medium,high,high,true,true
EAQ000162,CH-SIMS,validation,CH-SIMS/video_0009/0008,/root/autodl-tmp/data/datasets/ch_sims/Raw.zip::Raw/video_0009/0008.mp4,/root/autodl-tmp/data/datasets/ch_sims/Raw.zip::Raw/video_0009/0008.mp4,/root/autodl-tmp/data/datasets/ch_sims/label.csv#video_0009/0008,0.00,4.86,zh,medium,high,high,true,true
EAQ000163,CH-SIMS,train,CH-SIMS/video_0009/0009,/root/autodl-tmp/data/datasets/ch_sims/Raw.zip::Raw/video_0009/0009.mp4,/root/autodl-tmp/data/datasets/ch_sims/Raw.zip::Raw/video_0009/0009.mp4,/root/autodl-tmp/data/datasets/ch_sims/label.csv#video_0009/0009,0.00,7.14,zh,medium,high,high,true,true
EAQ000164,CH-SIMS,train,CH-SIMS/video_0009/0010,/root/autodl-tmp/data/datasets/ch_sims/Raw.zip::Raw/video_0009/0010.mp4,/root/autodl-tmp/data/datasets/ch_sims/Raw.zip::Raw/video_0009/0010.mp4,/root/autodl-tmp/data/datasets/ch_sims/label.csv#video_0009/0010,0.00,4.86,zh,medium,high,high,true,true
EAQ000165,CH-SIMS,test,CH-SIMS/video_0009/0011,/root/autodl-tmp/data/datasets/ch_sims/Raw.zip::Raw/video_0009/0011.mp4,/root/autodl-tmp/data/datasets/ch_sims/Raw.zip::Raw/video_0009/0011.mp4,/root/autodl-tmp/data/datasets/ch_sims/label.csv#video_0009/0011,0.00,4.29,zh,medium,high,high,true,true
EAQ000166,CH-SIMS,train,CH-SIMS/video_0009/0012,/root/autodl-tmp/data/datasets/ch_sims/Raw.zip::Raw/video_0009/0012.mp4,/root/autodl-tmp/data/datasets/ch_sims/Raw.zip::Raw/video_0009/0012.mp4,/root/autodl-tmp/data/datasets/ch_sims/label.csv#video_0009/0012,0.00,6.57,zh,medium,high,high,true,true
EAQ000167,CH-SIMS,train,CH-SIMS/video_0009/0013,/root/autodl-tmp/data/datasets/ch_sims/Raw.zip::Raw/video_0009/0013.mp4,/root/autodl-tmp/data/datasets/ch_sims/Raw.zip::Raw/video_0009/0013.mp4,/root/autodl-tmp/data/datasets/ch_sims/label.csv#video_0009/0013,0.00,4.86,zh,medium,high,high,true,true
EAQ000168,CH-SIMS,validation,CH-SIMS/video_0009/0014,/root/autodl-tmp/data/datasets/ch_sims/Raw.zip::Raw/video_0009/0014.mp4,/root/autodl-tmp/data/datasets/ch_sims/Raw.zip::Raw/video_0009/0014.mp4,/root/autodl-tmp/data/datasets/ch_sims/label.csv#video_0009/0014,0.00,3.43,zh,medium,high,high,true,true
EAQ000169,CH-SIMS,validation,CH-SIMS/video_0009/0015,/root/autodl-tmp/data/datasets/ch_sims/Raw.zip::Raw/video_0009/0015.mp4,/root/autodl-tmp/data/datasets/ch_sims/Raw.zip::Raw/video_0009/0015.mp4,/root/autodl-tmp/data/datasets/ch_sims/label.csv#video_0009/0015,0.00,4.00,zh,medium,high,high,true,true
EAQ000170,CH-SIMS,train,CH-SIMS/video_0009/0016,/root/autodl-tmp/data/datasets/ch_sims/Raw.zip::Raw/video_0009/0016.mp4,/root/autodl-tmp/data/datasets/ch_sims/Raw.zip::Raw/video_0009/0016.mp4,/root/autodl-tmp/data/datasets/ch_sims/label.csv#video_0009/0016,0.00,4.00,zh,medium,high,high,true,true
EAQ000171,CH-SIMS,train,CH-SIMS/video_0009/0017,/root/autodl-tmp/data/datasets/ch_sims/Raw.zip::Raw/video_0009/0017.mp4,/root/autodl-tmp/data/datasets/ch_sims/Raw.zip::Raw/video_0009/0017.mp4,/root/autodl-tmp/data/datasets/ch_sims/label.csv#video_0009/0017,0.00,3.14,zh,medium,high,high,true,true
EAQ000172,CH-SIMS,train,CH-SIMS/video_0009/0018,/root/autodl-tmp/data/datasets/ch_sims/Raw.zip::Raw/video_0009/0018.mp4,/root/autodl-tmp/data/datasets/ch_sims/Raw.zip::Raw/video_0009/0018.mp4,/root/autodl-tmp/data/datasets/ch_sims/label.csv#video_0009/0018,0.00,7.71,zh,medium,high,high,true,true
EAQ000173,CH-SIMS,test,CH-SIMS/video_0009/0019,/root/autodl-tmp/data/datasets/ch_sims/Raw.zip::Raw/video_0009/0019.mp4,/root/autodl-tmp/data/datasets/ch_sims/Raw.zip::Raw/video_0009/0019.mp4,/root/autodl-tmp/data/datasets/ch_sims/label.csv#video_0009/0019,0.00,3.71,zh,medium,high,high,true,true
EAQ000174,CH-SIMS,validation,CH-SIMS/video_0009/0020,/root/autodl-tmp/data/datasets/ch_sims/Raw.zip::Raw/video_0009/0020.mp4,/root/autodl-tmp/data/datasets/ch_sims/Raw.zip::Raw/video_0009/0020.mp4,/root/autodl-tmp/data/datasets/ch_sims/label.csv#video_0009/0020,0.00,5.14,zh,medium,high,high,true,true
EAQ000175,CH-SIMS,test,CH-SIMS/video_0009/0021,/root/autodl-tmp/data/datasets/ch_sims/Raw.zip::Raw/video_0009/0021.mp4,/root/autodl-tmp/data/datasets/ch_sims/Raw.zip::Raw/video_0009/0021.mp4,/root/autodl-tmp/data/datasets/ch_sims/label.csv#video_0009/0021,0.00,4.00,zh,medium,high,high,true,true
EAQ000176,CH-SIMS,validation,CH-SIMS/video_0009/0022,/root/autodl-tmp/data/datasets/ch_sims/Raw.zip::Raw/video_0009/0022.mp4,/root/autodl-tmp/data/datasets/ch_sims/Raw.zip::Raw/video_0009/0022.mp4,/root/autodl-tmp/data/datasets/ch_sims/label.csv#video_0009/0022,0.00,7.71,zh,medium,high,high,true,true
EAQ000177,CH-SIMS,train,CH-SIMS/video_0009/0023,/root/autodl-tmp/data/datasets/ch_sims/Raw.zip::Raw/video_0009/0023.mp4,/root/autodl-tmp/data/datasets/ch_sims/Raw.zip::Raw/video_0009/0023.mp4,/root/autodl-tmp/data/datasets/ch_sims/label.csv#video_0009/0023,0.00,5.14,zh,medium,high,high,true,true
EAQ000178,CH-SIMS,train,CH-SIMS/video_0009/0024,/root/autodl-tmp/data/datasets/ch_sims/Raw.zip::Raw/video_0009/0024.mp4,/root/autodl-tmp/data/datasets/ch_sims/Raw.zip::Raw/video_0009/0024.mp4,/root/autodl-tmp/data/datasets/ch_sims/label.csv#video_0009/0024,0.00,4.86,zh,medium,high,high,true,true
EAQ000179,CH-SIMS,train,CH-SIMS/video_0009/0025,/root/autodl-tmp/data/datasets/ch_sims/Raw.zip::Raw/video_0009/0025.mp4,/root/autodl-tmp/data/datasets/ch_sims/Raw.zip::Raw/video_0009/0025.mp4,/root/autodl-tmp/data/datasets/ch_sims/label.csv#video_0009/0025,0.00,5.71,zh,medium,high,high,true,true
EAQ000180,CH-SIMS,train,CH-SIMS/video_0009/0026,/root/autodl-tmp/data/datasets/ch_sims/Raw.zip::Raw/video_0009/0026.mp4,/root/autodl-tmp/data/datasets/ch_sims/Raw.zip::Raw/video_0009/0026.mp4,/root/autodl-tmp/data/datasets/ch_sims/label.csv#video_0009/0026,0.00,5.43,zh,medium,high,high,true,true
EAQ000181,CH-SIMS,validation,CH-SIMS/video_0009/0027,/root/autodl-tmp/data/datasets/ch_sims/Raw.zip::Raw/video_0009/0027.mp4,/root/autodl-tmp/data/datasets/ch_sims/Raw.zip::Raw/video_0009/0027.mp4,/root/autodl-tmp/data/datasets/ch_sims/label.csv#video_0009/0027,0.00,3.43,zh,medium,high,high,true,true
EAQ000182,CH-SIMS,test,CH-SIMS/video_0009/0028,/root/autodl-tmp/data/datasets/ch_sims/Raw.zip::Raw/video_0009/0028.mp4,/root/autodl-tmp/data/datasets/ch_sims/Raw.zip::Raw/video_0009/0028.mp4,/root/autodl-tmp/data/datasets/ch_sims/label.csv#video_0009/0028,0.00,2.57,zh,medium,high,high,true,true
EAQ000183,CH-SIMS,train,CH-SIMS/video_0009/0029,/root/autodl-tmp/data/datasets/ch_sims/Raw.zip::Raw/video_0009/0029.mp4,/root/autodl-tmp/data/datasets/ch_sims/Raw.zip::Raw/video_0009/0029.mp4,/root/autodl-tmp/data/datasets/ch_sims/label.csv#video_0009/0029,0.00,3.71,zh,medium,high,high,true,true
EAQ000184,CH-SIMS,validation,CH-SIMS/video_0009/0030,/root/autodl-tmp/data/datasets/ch_sims/Raw.zip::Raw/video_0009/0030.mp4,/root/autodl-tmp/data/datasets/ch_sims/Raw.zip::Raw/video_0009/0030.mp4,/root/autodl-tmp/data/datasets/ch_sims/label.csv#video_0009/0030,0.00,3.14,zh,medium,high,high,true,true
EAQ000185,CH-SIMS,test,CH-SIMS/video_0009/0031,/root/autodl-tmp/data/datasets/ch_sims/Raw.zip::Raw/video_0009/0031.mp4,/root/autodl-tmp/data/datasets/ch_sims/Raw.zip::Raw/video_0009/0031.mp4,/root/autodl-tmp/data/datasets/ch_sims/label.csv#video_0009/0031,0.00,4.00,zh,medium,high,high,true,true
EAQ000186,CH-SIMS,train,CH-SIMS/video_0009/0032,/root/autodl-tmp/data/datasets/ch_sims/Raw.zip::Raw/video_0009/0032.mp4,/root/autodl-tmp/data/datasets/ch_sims/Raw.zip::Raw/video_0009/0032.mp4,/root/autodl-tmp/data/datasets/ch_sims/label.csv#video_0009/0032,0.00,5.43,zh,medium,high,high,true,true
EAQ000187,CH-SIMS,train,CH-SIMS/video_0009/0033,/root/autodl-tmp/data/datasets/ch_sims/Raw.zip::Raw/video_0009/0033.mp4,/root/autodl-tmp/data/datasets/ch_sims/Raw.zip::Raw/video_0009/0033.mp4,/root/autodl-tmp/data/datasets/ch_sims/label.csv#video_0009/0033,0.00,4.00,zh,medium,high,high,true,true
EAQ000188,CH-SIMS,train,CH-SIMS/video_0009/0034,/root/autodl-tmp/data/datasets/ch_sims/Raw.zip::Raw/video_0009/0034.mp4,/root/autodl-tmp/data/datasets/ch_sims/Raw.zip::Raw/video_0009/0034.mp4,/root/autodl-tmp/data/datasets/ch_sims/label.csv#video_0009/0034,0.00,4.86,zh,medium,high,high,true,true
EAQ000189,CH-SIMS,train,CH-SIMS/video_0009/0035,/root/autodl-tmp/data/datasets/ch_sims/Raw.zip::Raw/video_0009/0035.mp4,/root/autodl-tmp/data/datasets/ch_sims/Raw.zip::Raw/video_0009/0035.mp4,/root/autodl-tmp/data/datasets/ch_sims/label.csv#video_0009/0035,0.00,4.00,zh,medium,high,high,true,true
EAQ000190,CH-SIMS,train,CH-SIMS/video_0009/0036,/root/autodl-tmp/data/datasets/ch_sims/Raw.zip::Raw/video_0009/0036.mp4,/root/autodl-tmp/data/datasets/ch_sims/Raw.zip::Raw/video_0009/0036.mp4,/root/autodl-tmp/data/datasets/ch_sims/label.csv#video_0009/0036,0.00,4.29,zh,medium,high,high,true,true
EAQ000191,CH-SIMS,test,CH-SIMS/video_0009/0037,/root/autodl-tmp/data/datasets/ch_sims/Raw.zip::Raw/video_0009/0037.mp4,/root/autodl-tmp/data/datasets/ch_sims/Raw.zip::Raw/video_0009/0037.mp4,/root/autodl-tmp/data/datasets/ch_sims/label.csv#video_0009/0037,0.00,4.57,zh,medium,high,high,true,true
EAQ000192,CH-SIMS,validation,CH-SIMS/video_0009/0038,/root/autodl-tmp/data/datasets/ch_sims/Raw.zip::Raw/video_0009/0038.mp4,/root/autodl-tmp/data/datasets/ch_sims/Raw.zip::Raw/video_0009/0038.mp4,/root/autodl-tmp/data/datasets/ch_sims/label.csv#video_0009/0038,0.00,5.71,zh,medium,high,high,true,true
EAQ000193,CH-SIMS,train,CH-SIMS/video_0009/0039,/root/autodl-tmp/data/datasets/ch_sims/Raw.zip::Raw/video_0009/0039.mp4,/root/autodl-tmp/data/datasets/ch_sims/Raw.zip::Raw/video_0009/0039.mp4,/root/autodl-tmp/data/datasets/ch_sims/label.csv#video_0009/0039,0.00,3.14,zh,medium,high,high,true,true
EAQ000194,CH-SIMS,train,CH-SIMS/video_0009/0040,/root/autodl-tmp/data/datasets/ch_sims/Raw.zip::Raw/video_0009/0040.mp4,/root/autodl-tmp/data/datasets/ch_sims/Raw.zip::Raw/video_0009/0040.mp4,/root/autodl-tmp/data/datasets/ch_sims/label.csv#video_0009/0040,0.00,6.57,zh,medium,high,high,true,true
EAQ000195,CH-SIMS,train,CH-SIMS/video_0009/0041,/root/autodl-tmp/data/datasets/ch_sims/Raw.zip::Raw/video_0009/0041.mp4,/root/autodl-tmp/data/datasets/ch_sims/Raw.zip::Raw/video_0009/0041.mp4,/root/autodl-tmp/data/datasets/ch_sims/label.csv#video_0009/0041,0.00,2.29,zh,medium,high,high,true,true
EAQ000196,CH-SIMS,train,CH-SIMS/video_0009/0042,/root/autodl-tmp/data/datasets/ch_sims/Raw.zip::Raw/video_0009/0042.mp4,/root/autodl-tmp/data/datasets/ch_sims/Raw.zip::Raw/video_0009/0042.mp4,/root/autodl-tmp/data/datasets/ch_sims/label.csv#video_0009/0042,0.00,2.29,zh,medium,high,high,true,true
EAQ000197,CH-SIMS,test,CH-SIMS/video_0010/0001,/root/autodl-tmp/data/datasets/ch_sims/Raw.zip::Raw/video_0010/0001.mp4,/root/autodl-tmp/data/datasets/ch_sims/Raw.zip::Raw/video_0010/0001.mp4,/root/autodl-tmp/data/datasets/ch_sims/label.csv#video_0010/0001,0.00,4.57,zh,medium,high,high,true,true
EAQ000198,CH-SIMS,validation,CH-SIMS/video_0010/0002,/root/autodl-tmp/data/datasets/ch_sims/Raw.zip::Raw/video_0010/0002.mp4,/root/autodl-tmp/data/datasets/ch_sims/Raw.zip::Raw/video_0010/0002.mp4,/root/autodl-tmp/data/datasets/ch_sims/label.csv#video_0010/0002,0.00,7.14,zh,medium,high,high,true,true
EAQ000199,CH-SIMS,train,CH-SIMS/video_0010/0003,/root/autodl-tmp/data/datasets/ch_sims/Raw.zip::Raw/video_0010/0003.mp4,/root/autodl-tmp/data/datasets/ch_sims/Raw.zip::Raw/video_0010/0003.mp4,/root/autodl-tmp/data/datasets/ch_sims/label.csv#video_0010/0003,0.00,10.86,zh,medium,high,high,true,true
EAQ000200,CH-SIMS,train,CH-SIMS/video_0010/0004,/root/autodl-tmp/data/datasets/ch_sims/Raw.zip::Raw/video_0010/0004.mp4,/root/autodl-tmp/data/datasets/ch_sims/Raw.zip::Raw/video_0010/0004.mp4,/root/autodl-tmp/data/datasets/ch_sims/label.csv#video_0010/0004,0.00,9.43,zh,medium,high,high,true,true
EAQ000201,CH-SIMS,validation,CH-SIMS/video_0010/0005,/root/autodl-tmp/data/datasets/ch_sims/Raw.zip::Raw/video_0010/0005.mp4,/root/autodl-tmp/data/datasets/ch_sims/Raw.zip::Raw/video_0010/0005.mp4,/root/autodl-tmp/data/datasets/ch_sims/label.csv#video_0010/0005,0.00,7.71,zh,medium,high,high,true,true
EAQ000202,CH-SIMS,train,CH-SIMS/video_0010/0006,/root/autodl-tmp/data/datasets/ch_sims/Raw.zip::Raw/video_0010/0006.mp4,/root/autodl-tmp/data/datasets/ch_sims/Raw.zip::Raw/video_0010/0006.mp4,/root/autodl-tmp/data/datasets/ch_sims/label.csv#video_0010/0006,0.00,7.43,zh,medium,high,high,true,true
EAQ000203,CH-SIMS,test,CH-SIMS/video_0010/0007,/root/autodl-tmp/data/datasets/ch_sims/Raw.zip::Raw/video_0010/0007.mp4,/root/autodl-tmp/data/datasets/ch_sims/Raw.zip::Raw/video_0010/0007.mp4,/root/autodl-tmp/data/datasets/ch_sims/label.csv#video_0010/0007,0.00,9.14,zh,medium,high,high,true,true
EAQ000204,CH-SIMS,train,CH-SIMS/video_0010/0008,/root/autodl-tmp/data/datasets/ch_sims/Raw.zip::Raw/video_0010/0008.mp4,/root/autodl-tmp/data/datasets/ch_sims/Raw.zip::Raw/video_0010/0008.mp4,/root/autodl-tmp/data/datasets/ch_sims/label.csv#video_0010/0008,0.00,8.57,zh,medium,high,high,true,true
EAQ000205,CH-SIMS,train,CH-SIMS/video_0010/0009,/root/autodl-tmp/data/datasets/ch_sims/Raw.zip::Raw/video_0010/0009.mp4,/root/autodl-tmp/data/datasets/ch_sims/Raw.zip::Raw/video_0010/0009.mp4,/root/autodl-tmp/data/datasets/ch_sims/label.csv#video_0010/0009,0.00,4.00,zh,medium,high,high,true,true
EAQ000206,CH-SIMS,train,CH-SIMS/video_0010/0010,/root/autodl-tmp/data/datasets/ch_sims/Raw.zip::Raw/video_0010/0010.mp4,/root/autodl-tmp/data/datasets/ch_sims/Raw.zip::Raw/video_0010/0010.mp4,/root/autodl-tmp/data/datasets/ch_sims/label.csv#video_0010/0010,0.00,7.43,zh,medium,high,high,true,true
EAQ000207,CH-SIMS,train,CH-SIMS/video_0010/0011,/root/autodl-tmp/data/datasets/ch_sims/Raw.zip::Raw/video_0010/0011.mp4,/root/autodl-tmp/data/datasets/ch_sims/Raw.zip::Raw/video_0010/0011.mp4,/root/autodl-tmp/data/datasets/ch_sims/label.csv#video_0010/0011,0.00,8.57,zh,medium,high,high,true,true
EAQ000208,CH-SIMS,train,CH-SIMS/video_0010/0012,/root/autodl-tmp/data/datasets/ch_sims/Raw.zip::Raw/video_0010/0012.mp4,/root/autodl-tmp/data/datasets/ch_sims/Raw.zip::Raw/video_0010/0012.mp4,/root/autodl-tmp/data/datasets/ch_sims/label.csv#video_0010/0012,0.00,4.57,zh,medium,high,high,true,true
EAQ000209,CH-SIMS,train,CH-SIMS/video_0010/0013,/root/autodl-tmp/data/datasets/ch_sims/Raw.zip::Raw/video_0010/0013.mp4,/root/autodl-tmp/data/datasets/ch_sims/Raw.zip::Raw/video_0010/0013.mp4,/root/autodl-tmp/data/datasets/ch_sims/label.csv#video_0010/0013,0.00,3.43,zh,medium,high,high,true,true
EAQ000210,CH-SIMS,train,CH-SIMS/video_0010/0014,/root/autodl-tmp/data/datasets/ch_sims/Raw.zip::Raw/video_0010/0014.mp4,/root/autodl-tmp/data/datasets/ch_sims/Raw.zip::Raw/video_0010/0014.mp4,/root/autodl-tmp/data/datasets/ch_sims/label.csv#video_0010/0014,0.00,4.86,zh,medium,high,high,true,true
EAQ000211,CH-SIMS,validation,CH-SIMS/video_0010/0015,/root/autodl-tmp/data/datasets/ch_sims/Raw.zip::Raw/video_0010/0015.mp4,/root/autodl-tmp/data/datasets/ch_sims/Raw.zip::Raw/video_0010/0015.mp4,/root/autodl-tmp/data/datasets/ch_sims/label.csv#video_0010/0015,0.00,4.57,zh,medium,high,high,true,true
EAQ000212,CH-SIMS,train,CH-SIMS/video_0010/0016,/root/autodl-tmp/data/datasets/ch_sims/Raw.zip::Raw/video_0010/0016.mp4,/root/autodl-tmp/data/datasets/ch_sims/Raw.zip::Raw/video_0010/0016.mp4,/root/autodl-tmp/data/datasets/ch_sims/label.csv#video_0010/0016,0.00,6.86,zh,medium,high,high,true,true
EAQ000213,CH-SIMS,train,CH-SIMS/video_0010/0017,/root/autodl-tmp/data/datasets/ch_sims/Raw.zip::Raw/video_0010/0017.mp4,/root/autodl-tmp/data/datasets/ch_sims/Raw.zip::Raw/video_0010/0017.mp4,/root/autodl-tmp/data/datasets/ch_sims/label.csv#video_0010/0017,0.00,4.57,zh,medium,high,high,true,true
EAQ000214,CH-SIMS,validation,CH-SIMS/video_0010/0018,/root/autodl-tmp/data/datasets/ch_sims/Raw.zip::Raw/video_0010/0018.mp4,/root/autodl-tmp/data/datasets/ch_sims/Raw.zip::Raw/video_0010/0018.mp4,/root/autodl-tmp/data/datasets/ch_sims/label.csv#video_0010/0018,0.00,4.29,zh,medium,high,high,true,true
EAQ000215,CH-SIMS,train,CH-SIMS/video_0010/0019,/root/autodl-tmp/data/datasets/ch_sims/Raw.zip::Raw/video_0010/0019.mp4,/root/autodl-tmp/data/datasets/ch_sims/Raw.zip::Raw/video_0010/0019.mp4,/root/autodl-tmp/data/datasets/ch_sims/label.csv#video_0010/0019,0.00,3.14,zh,medium,high,high,true,true
EAQ000216,CH-SIMS,train,CH-SIMS/video_0010/0020,/root/autodl-tmp/data/datasets/ch_sims/Raw.zip::Raw/video_0010/0020.mp4,/root/autodl-tmp/data/datasets/ch_sims/Raw.zip::Raw/video_0010/0020.mp4,/root/autodl-tmp/data/datasets/ch_sims/label.csv#video_0010/0020,0.00,4.57,zh,medium,high,high,true,true
EAQ000217,CH-SIMS,train,CH-SIMS/video_0010/0021,/root/autodl-tmp/data/datasets/ch_sims/Raw.zip::Raw/video_0010/0021.mp4,/root/autodl-tmp/data/datasets/ch_sims/Raw.zip::Raw/video_0010/0021.mp4,/root/autodl-tmp/data/datasets/ch_sims/label.csv#video_0010/0021,0.00,4.86,zh,medium,high,high,true,true
EAQ000218,CH-SIMS,train,CH-SIMS/video_0010/0022,/root/autodl-tmp/data/datasets/ch_sims/Raw.zip::Raw/video_0010/0022.mp4,/root/autodl-tmp/data/datasets/ch_sims/Raw.zip::Raw/video_0010/0022.mp4,/root/autodl-tmp/data/datasets/ch_sims/label.csv#video_0010/0022,0.00,5.43,zh,medium,high,high,true,true
EAQ000219,CH-SIMS,test,CH-SIMS/video_0010/0023,/root/autodl-tmp/data/datasets/ch_sims/Raw.zip::Raw/video_0010/0023.mp4,/root/autodl-tmp/data/datasets/ch_sims/Raw.zip::Raw/video_0010/0023.mp4,/root/autodl-tmp/data/datasets/ch_sims/label.csv#video_0010/0023,0.00,4.86,zh,medium,high,high,true,true
EAQ000220,CH-SIMS,train,CH-SIMS/video_0010/0024,/root/autodl-tmp/data/datasets/ch_sims/Raw.zip::Raw/video_0010/0024.mp4,/root/autodl-tmp/data/datasets/ch_sims/Raw.zip::Raw/video_0010/0024.mp4,/root/autodl-tmp/data/datasets/ch_sims/label.csv#video_0010/0024,0.00,3.71,zh,medium,high,high,true,true
EAQ000221,CH-SIMS,train,CH-SIMS/video_0010/0025,/root/autodl-tmp/data/datasets/ch_sims/Raw.zip::Raw/video_0010/0025.mp4,/root/autodl-tmp/data/datasets/ch_sims/Raw.zip::Raw/video_0010/0025.mp4,/root/autodl-tmp/data/datasets/ch_sims/label.csv#video_0010/0025,0.00,4.00,zh,medium,high,high,true,true
EAQ000222,CH-SIMS,train,CH-SIMS/video_0010/0026,/root/autodl-tmp/data/datasets/ch_sims/Raw.zip::Raw/video_0010/0026.mp4,/root/autodl-tmp/data/datasets/ch_sims/Raw.zip::Raw/video_0010/0026.mp4,/root/autodl-tmp/data/datasets/ch_sims/label.csv#video_0010/0026,0.00,3.43,zh,medium,high,high,true,true
EAQ000223,CH-SIMS,test,CH-SIMS/video_0010/0027,/root/autodl-tmp/data/datasets/ch_sims/Raw.zip::Raw/video_0010/0027.mp4,/root/autodl-tmp/data/datasets/ch_sims/Raw.zip::Raw/video_0010/0027.mp4,/root/autodl-tmp/data/datasets/ch_sims/label.csv#video_0010/0027,0.00,5.43,zh,medium,high,high,true,true
EAQ000224,CH-SIMS,train,CH-SIMS/video_0010/0028,/root/autodl-tmp/data/datasets/ch_sims/Raw.zip::Raw/video_0010/0028.mp4,/root/autodl-tmp/data/datasets/ch_sims/Raw.zip::Raw/video_0010/0028.mp4,/root/autodl-tmp/data/datasets/ch_sims/label.csv#video_0010/0028,0.00,7.71,zh,medium,high,high,true,true
EAQ000225,CH-SIMS,train,CH-SIMS/video_0010/0029,/root/autodl-tmp/data/datasets/ch_sims/Raw.zip::Raw/video_0010/0029.mp4,/root/autodl-tmp/data/datasets/ch_sims/Raw.zip::Raw/video_0010/0029.mp4,/root/autodl-tmp/data/datasets/ch_sims/label.csv#video_0010/0029,0.00,3.43,zh,medium,high,high,true,true
EAQ000226,CH-SIMS,test,CH-SIMS/video_0010/0030,/root/autodl-tmp/data/datasets/ch_sims/Raw.zip::Raw/video_0010/0030.mp4,/root/autodl-tmp/data/datasets/ch_sims/Raw.zip::Raw/video_0010/0030.mp4,/root/autodl-tmp/data/datasets/ch_sims/label.csv#video_0010/0030,0.00,7.14,zh,medium,high,high,true,true
EAQ000227,CH-SIMS,validation,CH-SIMS/video_0010/0031,/root/autodl-tmp/data/datasets/ch_sims/Raw.zip::Raw/video_0010/0031.mp4,/root/autodl-tmp/data/datasets/ch_sims/Raw.zip::Raw/video_0010/0031.mp4,/root/autodl-tmp/data/datasets/ch_sims/label.csv#video_0010/0031,0.00,6.86,zh,medium,high,high,true,true
EAQ000228,CH-SIMS,test,CH-SIMS/video_0010/0032,/root/autodl-tmp/data/datasets/ch_sims/Raw.zip::Raw/video_0010/0032.mp4,/root/autodl-tmp/data/datasets/ch_sims/Raw.zip::Raw/video_0010/0032.mp4,/root/autodl-tmp/data/datasets/ch_sims/label.csv#video_0010/0032,0.00,8.57,zh,medium,high,high,true,true
EAQ000229,CH-SIMS,train,CH-SIMS/video_0010/0033,/root/autodl-tmp/data/datasets/ch_sims/Raw.zip::Raw/video_0010/0033.mp4,/root/autodl-tmp/data/datasets/ch_sims/Raw.zip::Raw/video_0010/0033.mp4,/root/autodl-tmp/data/datasets/ch_sims/label.csv#video_0010/0033,0.00,6.29,zh,medium,high,high,true,true
EAQ000230,CH-SIMS,train,CH-SIMS/video_0010/0034,/root/autodl-tmp/data/datasets/ch_sims/Raw.zip::Raw/video_0010/0034.mp4,/root/autodl-tmp/data/datasets/ch_sims/Raw.zip::Raw/video_0010/0034.mp4,/root/autodl-tmp/data/datasets/ch_sims/label.csv#video_0010/0034,0.00,4.29,zh,medium,high,high,true,true
EAQ000231,CH-SIMS,train,CH-SIMS/video_0010/0035,/root/autodl-tmp/data/datasets/ch_sims/Raw.zip::Raw/video_0010/0035.mp4,/root/autodl-tmp/data/datasets/ch_sims/Raw.zip::Raw/video_0010/0035.mp4,/root/autodl-tmp/data/datasets/ch_sims/label.csv#video_0010/0035,0.00,4.00,zh,medium,high,high,true,true
EAQ000232,CH-SIMS,test,CH-SIMS/video_0010/0036,/root/autodl-tmp/data/datasets/ch_sims/Raw.zip::Raw/video_0010/0036.mp4,/root/autodl-tmp/data/datasets/ch_sims/Raw.zip::Raw/video_0010/0036.mp4,/root/autodl-tmp/data/datasets/ch_sims/label.csv#video_0010/0036,0.00,6.00,zh,medium,high,high,true,true
EAQ000233,CH-SIMS,test,CH-SIMS/video_0010/0037,/root/autodl-tmp/data/datasets/ch_sims/Raw.zip::Raw/video_0010/0037.mp4,/root/autodl-tmp/data/datasets/ch_sims/Raw.zip::Raw/video_0010/0037.mp4,/root/autodl-tmp/data/datasets/ch_sims/label.csv#video_0010/0037,0.00,3.14,zh,medium,high,high,true,true
EAQ000234,CH-SIMS,test,CH-SIMS/video_0010/0038,/root/autodl-tmp/data/datasets/ch_sims/Raw.zip::Raw/video_0010/0038.mp4,/root/autodl-tmp/data/datasets/ch_sims/Raw.zip::Raw/video_0010/0038.mp4,/root/autodl-tmp/data/datasets/ch_sims/label.csv#video_0010/0038,0.00,4.57,zh,medium,high,high,true,true
EAQ000235,CH-SIMS,train,CH-SIMS/video_0011/0001,/root/autodl-tmp/data/datasets/ch_sims/Raw.zip::Raw/video_0011/0001.mp4,/root/autodl-tmp/data/datasets/ch_sims/Raw.zip::Raw/video_0011/0001.mp4,/root/autodl-tmp/data/datasets/ch_sims/label.csv#video_0011/0001,0.00,5.71,zh,medium,high,high,true,true
EAQ000236,CH-SIMS,train,CH-SIMS/video_0011/0002,/root/autodl-tmp/data/datasets/ch_sims/Raw.zip::Raw/video_0011/0002.mp4,/root/autodl-tmp/data/datasets/ch_sims/Raw.zip::Raw/video_0011/0002.mp4,/root/autodl-tmp/data/datasets/ch_sims/label.csv#video_0011/0002,0.00,2.57,zh,medium,high,high,true,true
EAQ000237,CH-SIMS,train,CH-SIMS/video_0011/0003,/root/autodl-tmp/data/datasets/ch_sims/Raw.zip::Raw/video_0011/0003.mp4,/root/autodl-tmp/data/datasets/ch_sims/Raw.zip::Raw/video_0011/0003.mp4,/root/autodl-tmp/data/datasets/ch_sims/label.csv#video_0011/0003,0.00,4.86,zh,medium,high,high,true,true
EAQ000238,CH-SIMS,test,CH-SIMS/video_0011/0004,/root/autodl-tmp/data/datasets/ch_sims/Raw.zip::Raw/video_0011/0004.mp4,/root/autodl-tmp/data/datasets/ch_sims/Raw.zip::Raw/video_0011/0004.mp4,/root/autodl-tmp/data/datasets/ch_sims/label.csv#video_0011/0004,0.00,4.29,zh,medium,high,high,true,true
EAQ000239,CH-SIMS,train,CH-SIMS/video_0011/0005,/root/autodl-tmp/data/datasets/ch_sims/Raw.zip::Raw/video_0011/0005.mp4,/root/autodl-tmp/data/datasets/ch_sims/Raw.zip::Raw/video_0011/0005.mp4,/root/autodl-tmp/data/datasets/ch_sims/label.csv#video_0011/0005,0.00,2.57,zh,medium,high,high,true,true
EAQ000240,CH-SIMS,train,CH-SIMS/video_0011/0006,/root/autodl-tmp/data/datasets/ch_sims/Raw.zip::Raw/video_0011/0006.mp4,/root/autodl-tmp/data/datasets/ch_sims/Raw.zip::Raw/video_0011/0006.mp4,/root/autodl-tmp/data/datasets/ch_sims/label.csv#video_0011/0006,0.00,5.71,zh,medium,high,high,true,true
EAQ000241,CH-SIMS,validation,CH-SIMS/video_0011/0007,/root/autodl-tmp/data/datasets/ch_sims/Raw.zip::Raw/video_0011/0007.mp4,/root/autodl-tmp/data/datasets/ch_sims/Raw.zip::Raw/video_0011/0007.mp4,/root/autodl-tmp/data/datasets/ch_sims/label.csv#video_0011/0007,0.00,5.14,zh,medium,high,high,true,true
EAQ000242,CH-SIMS,train,CH-SIMS/video_0011/0008,/root/autodl-tmp/data/datasets/ch_sims/Raw.zip::Raw/video_0011/0008.mp4,/root/autodl-tmp/data/datasets/ch_sims/Raw.zip::Raw/video_0011/0008.mp4,/root/autodl-tmp/data/datasets/ch_sims/label.csv#video_0011/0008,0.00,2.86,zh,medium,high,high,true,true
EAQ000243,CH-SIMS,train,CH-SIMS/video_0011/0009,/root/autodl-tmp/data/datasets/ch_sims/Raw.zip::Raw/video_0011/0009.mp4,/root/autodl-tmp/data/datasets/ch_sims/Raw.zip::Raw/video_0011/0009.mp4,/root/autodl-tmp/data/datasets/ch_sims/label.csv#video_0011/0009,0.00,5.14,zh,medium,high,high,true,true
EAQ000244,CH-SIMS,test,CH-SIMS/video_0011/0010,/root/autodl-tmp/data/datasets/ch_sims/Raw.zip::Raw/video_0011/0010.mp4,/root/autodl-tmp/data/datasets/ch_sims/Raw.zip::Raw/video_0011/0010.mp4,/root/autodl-tmp/data/datasets/ch_sims/label.csv#video_0011/0010,0.00,3.43,zh,medium,high,high,true,true
EAQ000245,CH-SIMS,test,CH-SIMS/video_0011/0011,/root/autodl-tmp/data/datasets/ch_sims/Raw.zip::Raw/video_0011/0011.mp4,/root/autodl-tmp/data/datasets/ch_sims/Raw.zip::Raw/video_0011/0011.mp4,/root/autodl-tmp/data/datasets/ch_sims/label.csv#video_0011/0011,0.00,6.57,zh,medium,high,high,true,true
EAQ000246,CH-SIMS,test,CH-SIMS/video_0011/0012,/root/autodl-tmp/data/datasets/ch_sims/Raw.zip::Raw/video_0011/0012.mp4,/root/autodl-tmp/data/datasets/ch_sims/Raw.zip::Raw/video_0011/0012.mp4,/root/autodl-tmp/data/datasets/ch_sims/label.csv#video_0011/0012,0.00,3.14,zh,medium,high,high,true,true
EAQ000247,CH-SIMS,train,CH-SIMS/video_0011/0013,/root/autodl-tmp/data/datasets/ch_sims/Raw.zip::Raw/video_0011/0013.mp4,/root/autodl-tmp/data/datasets/ch_sims/Raw.zip::Raw/video_0011/0013.mp4,/root/autodl-tmp/data/datasets/ch_sims/label.csv#video_0011/0013,0.00,4.29,zh,medium,high,high,true,true
EAQ000248,CH-SIMS,train,CH-SIMS/video_0011/0014,/root/autodl-tmp/data/datasets/ch_sims/Raw.zip::Raw/video_0011/0014.mp4,/root/autodl-tmp/data/datasets/ch_sims/Raw.zip::Raw/video_0011/0014.mp4,/root/autodl-tmp/data/datasets/ch_sims/label.csv#video_0011/0014,0.00,2.00,zh,medium,high,high,true,true
EAQ000249,CH-SIMS,validation,CH-SIMS/video_0011/0015,/root/autodl-tmp/data/datasets/ch_sims/Raw.zip::Raw/video_0011/0015.mp4,/root/autodl-tmp/data/datasets/ch_sims/Raw.zip::Raw/video_0011/0015.mp4,/root/autodl-tmp/data/datasets/ch_sims/label.csv#video_0011/0015,0.00,4.57,zh,medium,high,high,true,true
EAQ000250,CH-SIMS,validation,CH-SIMS/video_0011/0016,/root/autodl-tmp/data/datasets/ch_sims/Raw.zip::Raw/video_0011/0016.mp4,/root/autodl-tmp/data/datasets/ch_sims/Raw.zip::Raw/video_0011/0016.mp4,/root/autodl-tmp/data/datasets/ch_sims/label.csv#video_0011/0016,0.00,10.29,zh,medium,high,high,true,true
EAQ000251,CH-SIMS,test,CH-SIMS/video_0011/0017,/root/autodl-tmp/data/datasets/ch_sims/Raw.zip::Raw/video_0011/0017.mp4,/root/autodl-tmp/data/datasets/ch_sims/Raw.zip::Raw/video_0011/0017.mp4,/root/autodl-tmp/data/datasets/ch_sims/label.csv#video_0011/0017,0.00,3.43,zh,medium,high,high,true,true
EAQ000252,CH-SIMS,validation,CH-SIMS/video_0011/0018,/root/autodl-tmp/data/datasets/ch_sims/Raw.zip::Raw/video_0011/0018.mp4,/root/autodl-tmp/data/datasets/ch_sims/Raw.zip::Raw/video_0011/0018.mp4,/root/autodl-tmp/data/datasets/ch_sims/label.csv#video_0011/0018,0.00,2.00,zh,medium,high,high,true,true
EAQ000253,CH-SIMS,train,CH-SIMS/video_0011/0019,/root/autodl-tmp/data/datasets/ch_sims/Raw.zip::Raw/video_0011/0019.mp4,/root/autodl-tmp/data/datasets/ch_sims/Raw.zip::Raw/video_0011/0019.mp4,/root/autodl-tmp/data/datasets/ch_sims/label.csv#video_0011/0019,0.00,2.86,zh,medium,high,high,true,true
EAQ000254,CH-SIMS,test,CH-SIMS/video_0011/0020,/root/autodl-tmp/data/datasets/ch_sims/Raw.zip::Raw/video_0011/0020.mp4,/root/autodl-tmp/data/datasets/ch_sims/Raw.zip::Raw/video_0011/0020.mp4,/root/autodl-tmp/data/datasets/ch_sims/label.csv#video_0011/0020,0.00,5.14,zh,medium,high,high,true,true
EAQ000255,CH-SIMS,test,CH-SIMS/video_0011/0021,/root/autodl-tmp/data/datasets/ch_sims/Raw.zip::Raw/video_0011/0021.mp4,/root/autodl-tmp/data/datasets/ch_sims/Raw.zip::Raw/video_0011/0021.mp4,/root/autodl-tmp/data/datasets/ch_sims/label.csv#video_0011/0021,0.00,4.86,zh,medium,high,high,true,true
EAQ000256,CH-SIMS,train,CH-SIMS/video_0011/0022,/root/autodl-tmp/data/datasets/ch_sims/Raw.zip::Raw/video_0011/0022.mp4,/root/autodl-tmp/data/datasets/ch_sims/Raw.zip::Raw/video_0011/0022.mp4,/root/autodl-tmp/data/datasets/ch_sims/label.csv#video_0011/0022,0.00,4.57,zh,medium,high,high,true,true
EAQ000257,CH-SIMS,validation,CH-SIMS/video_0011/0023,/root/autodl-tmp/data/datasets/ch_sims/Raw.zip::Raw/video_0011/0023.mp4,/root/autodl-tmp/data/datasets/ch_sims/Raw.zip::Raw/video_0011/0023.mp4,/root/autodl-tmp/data/datasets/ch_sims/label.csv#video_0011/0023,0.00,3.71,zh,medium,high,high,true,true
EAQ000258,CH-SIMS,train,CH-SIMS/video_0011/0024,/root/autodl-tmp/data/datasets/ch_sims/Raw.zip::Raw/video_0011/0024.mp4,/root/autodl-tmp/data/datasets/ch_sims/Raw.zip::Raw/video_0011/0024.mp4,/root/autodl-tmp/data/datasets/ch_sims/label.csv#video_0011/0024,0.00,1.71,zh,medium,high,high,true,true
EAQ000259,CH-SIMS,test,CH-SIMS/video_0011/0025,/root/autodl-tmp/data/datasets/ch_sims/Raw.zip::Raw/video_0011/0025.mp4,/root/autodl-tmp/data/datasets/ch_sims/Raw.zip::Raw/video_0011/0025.mp4,/root/autodl-tmp/data/datasets/ch_sims/label.csv#video_0011/0025,0.00,4.29,zh,medium,high,high,true,true
EAQ000260,CH-SIMS,test,CH-SIMS/video_0011/0026,/root/autodl-tmp/data/datasets/ch_sims/Raw.zip::Raw/video_0011/0026.mp4,/root/autodl-tmp/data/datasets/ch_sims/Raw.zip::Raw/video_0011/0026.mp4,/root/autodl-tmp/data/datasets/ch_sims/label.csv#video_0011/0026,0.00,5.71,zh,medium,high,high,true,true
EAQ000261,CH-SIMS,test,CH-SIMS/video_0011/0027,/root/autodl-tmp/data/datasets/ch_sims/Raw.zip::Raw/video_0011/0027.mp4,/root/autodl-tmp/data/datasets/ch_sims/Raw.zip::Raw/video_0011/0027.mp4,/root/autodl-tmp/data/datasets/ch_sims/label.csv#video_0011/0027,0.00,5.14,zh,medium,high,high,true,true
EAQ000262,CH-SIMS,validation,CH-SIMS/video_0011/0028,/root/autodl-tmp/data/datasets/ch_sims/Raw.zip::Raw/video_0011/0028.mp4,/root/autodl-tmp/data/datasets/ch_sims/Raw.zip::Raw/video_0011/0028.mp4,/root/autodl-tmp/data/datasets/ch_sims/label.csv#video_0011/0028,0.00,6.00,zh,medium,high,high,true,true
EAQ000263,CH-SIMS,train,CH-SIMS/video_0011/0029,/root/autodl-tmp/data/datasets/ch_sims/Raw.zip::Raw/video_0011/0029.mp4,/root/autodl-tmp/data/datasets/ch_sims/Raw.zip::Raw/video_0011/0029.mp4,/root/autodl-tmp/data/datasets/ch_sims/label.csv#video_0011/0029,0.00,4.00,zh,medium,high,high,true,true
EAQ000264,CH-SIMS,validation,CH-SIMS/video_0011/0030,/root/autodl-tmp/data/datasets/ch_sims/Raw.zip::Raw/video_0011/0030.mp4,/root/autodl-tmp/data/datasets/ch_sims/Raw.zip::Raw/video_0011/0030.mp4,/root/autodl-tmp/data/datasets/ch_sims/label.csv#video_0011/0030,0.00,7.14,zh,medium,high,high,true,true
EAQ000265,CH-SIMS,validation,CH-SIMS/video_0011/0031,/root/autodl-tmp/data/datasets/ch_sims/Raw.zip::Raw/video_0011/0031.mp4,/root/autodl-tmp/data/datasets/ch_sims/Raw.zip::Raw/video_0011/0031.mp4,/root/autodl-tmp/data/datasets/ch_sims/label.csv#video_0011/0031,0.00,2.86,zh,medium,high,high,true,true
EAQ000266,CH-SIMS,train,CH-SIMS/video_0011/0032,/root/autodl-tmp/data/datasets/ch_sims/Raw.zip::Raw/video_0011/0032.mp4,/root/autodl-tmp/data/datasets/ch_sims/Raw.zip::Raw/video_0011/0032.mp4,/root/autodl-tmp/data/datasets/ch_sims/label.csv#video_0011/0032,0.00,3.14,zh,medium,high,high,true,true
EAQ000267,CH-SIMS,train,CH-SIMS/video_0011/0033,/root/autodl-tmp/data/datasets/ch_sims/Raw.zip::Raw/video_0011/0033.mp4,/root/autodl-tmp/data/datasets/ch_sims/Raw.zip::Raw/video_0011/0033.mp4,/root/autodl-tmp/data/datasets/ch_sims/label.csv#video_0011/0033,0.00,4.86,zh,medium,high,high,true,true
EAQ000268,CH-SIMS,train,CH-SIMS/video_0011/0034,/root/autodl-tmp/data/datasets/ch_sims/Raw.zip::Raw/video_0011/0034.mp4,/root/autodl-tmp/data/datasets/ch_sims/Raw.zip::Raw/video_0011/0034.mp4,/root/autodl-tmp/data/datasets/ch_sims/label.csv#video_0011/0034,0.00,4.57,zh,medium,high,high,true,true
EAQ000269,CH-SIMS,train,CH-SIMS/video_0011/0035,/root/autodl-tmp/data/datasets/ch_sims/Raw.zip::Raw/video_0011/0035.mp4,/root/autodl-tmp/data/datasets/ch_sims/Raw.zip::Raw/video_0011/0035.mp4,/root/autodl-tmp/data/datasets/ch_sims/label.csv#video_0011/0035,0.00,6.00,zh,medium,high,high,true,true
EAQ000270,CH-SIMS,train,CH-SIMS/video_0012/0001,/root/autodl-tmp/data/datasets/ch_sims/Raw.zip::Raw/video_0012/0001.mp4,/root/autodl-tmp/data/datasets/ch_sims/Raw.zip::Raw/video_0012/0001.mp4,/root/autodl-tmp/data/datasets/ch_sims/label.csv#video_0012/0001,0.00,1.14,zh,medium,high,high,true,true
EAQ000271,CH-SIMS,train,CH-SIMS/video_0012/0002,/root/autodl-tmp/data/datasets/ch_sims/Raw.zip::Raw/video_0012/0002.mp4,/root/autodl-tmp/data/datasets/ch_sims/Raw.zip::Raw/video_0012/0002.mp4,/root/autodl-tmp/data/datasets/ch_sims/label.csv#video_0012/0002,0.00,2.86,zh,medium,high,high,true,true
EAQ000272,CH-SIMS,train,CH-SIMS/video_0012/0003,/root/autodl-tmp/data/datasets/ch_sims/Raw.zip::Raw/video_0012/0003.mp4,/root/autodl-tmp/data/datasets/ch_sims/Raw.zip::Raw/video_0012/0003.mp4,/root/autodl-tmp/data/datasets/ch_sims/label.csv#video_0012/0003,0.00,3.71,zh,medium,high,high,true,true
EAQ000273,CH-SIMS,train,CH-SIMS/video_0012/0004,/root/autodl-tmp/data/datasets/ch_sims/Raw.zip::Raw/video_0012/0004.mp4,/root/autodl-tmp/data/datasets/ch_sims/Raw.zip::Raw/video_0012/0004.mp4,/root/autodl-tmp/data/datasets/ch_sims/label.csv#video_0012/0004,0.00,3.71,zh,medium,high,high,true,true
EAQ000274,CH-SIMS,train,CH-SIMS/video_0012/0005,/root/autodl-tmp/data/datasets/ch_sims/Raw.zip::Raw/video_0012/0005.mp4,/root/autodl-tmp/data/datasets/ch_sims/Raw.zip::Raw/video_0012/0005.mp4,/root/autodl-tmp/data/datasets/ch_sims/label.csv#video_0012/0005,0.00,1.43,zh,medium,high,high,true,true
EAQ000275,CH-SIMS,train,CH-SIMS/video_0012/0006,/root/autodl-tmp/data/datasets/ch_sims/Raw.zip::Raw/video_0012/0006.mp4,/root/autodl-tmp/data/datasets/ch_sims/Raw.zip::Raw/video_0012/0006.mp4,/root/autodl-tmp/data/datasets/ch_sims/label.csv#video_0012/0006,0.00,2.29,zh,medium,high,high,true,true
EAQ000276,CH-SIMS,validation,CH-SIMS/video_0012/0007,/root/autodl-tmp/data/datasets/ch_sims/Raw.zip::Raw/video_0012/0007.mp4,/root/autodl-tmp/data/datasets/ch_sims/Raw.zip::Raw/video_0012/0007.mp4,/root/autodl-tmp/data/datasets/ch_sims/label.csv#video_0012/0007,0.00,3.14,zh,medium,high,high,true,true
EAQ000277,CH-SIMS,train,CH-SIMS/video_0012/0008,/root/autodl-tmp/data/datasets/ch_sims/Raw.zip::Raw/video_0012/0008.mp4,/root/autodl-tmp/data/datasets/ch_sims/Raw.zip::Raw/video_0012/0008.mp4,/root/autodl-tmp/data/datasets/ch_sims/label.csv#video_0012/0008,0.00,2.57,zh,medium,high,high,true,true
EAQ000278,CH-SIMS,validation,CH-SIMS/video_0012/0009,/root/autodl-tmp/data/datasets/ch_sims/Raw.zip::Raw/video_0012/0009.mp4,/root/autodl-tmp/data/datasets/ch_sims/Raw.zip::Raw/video_0012/0009.mp4,/root/autodl-tmp/data/datasets/ch_sims/label.csv#video_0012/0009,0.00,4.57,zh,medium,high,high,true,true
EAQ000279,CH-SIMS,train,CH-SIMS/video_0012/0010,/root/autodl-tmp/data/datasets/ch_sims/Raw.zip::Raw/video_0012/0010.mp4,/root/autodl-tmp/data/datasets/ch_sims/Raw.zip::Raw/video_0012/0010.mp4,/root/autodl-tmp/data/datasets/ch_sims/label.csv#video_0012/0010,0.00,2.57,zh,medium,high,high,true,true
EAQ000280,CH-SIMS,test,CH-SIMS/video_0012/0011,/root/autodl-tmp/data/datasets/ch_sims/Raw.zip::Raw/video_0012/0011.mp4,/root/autodl-tmp/data/datasets/ch_sims/Raw.zip::Raw/video_0012/0011.mp4,/root/autodl-tmp/data/datasets/ch_sims/label.csv#video_0012/0011,0.00,7.43,zh,medium,high,high,true,true
EAQ000281,CH-SIMS,test,CH-SIMS/video_0012/0012,/root/autodl-tmp/data/datasets/ch_sims/Raw.zip::Raw/video_0012/0012.mp4,/root/autodl-tmp/data/datasets/ch_sims/Raw.zip::Raw/video_0012/0012.mp4,/root/autodl-tmp/data/datasets/ch_sims/label.csv#video_0012/0012,0.00,4.86,zh,medium,high,high,true,true
EAQ000282,CH-SIMS,train,CH-SIMS/video_0012/0013,/root/autodl-tmp/data/datasets/ch_sims/Raw.zip::Raw/video_0012/0013.mp4,/root/autodl-tmp/data/datasets/ch_sims/Raw.zip::Raw/video_0012/0013.mp4,/root/autodl-tmp/data/datasets/ch_sims/label.csv#video_0012/0013,0.00,5.43,zh,medium,high,high,true,true
EAQ000283,CH-SIMS,validation,CH-SIMS/video_0012/0014,/root/autodl-tmp/data/datasets/ch_sims/Raw.zip::Raw/video_0012/0014.mp4,/root/autodl-tmp/data/datasets/ch_sims/Raw.zip::Raw/video_0012/0014.mp4,/root/autodl-tmp/data/datasets/ch_sims/label.csv#video_0012/0014,0.00,4.00,zh,medium,high,high,true,true
EAQ000284,CH-SIMS,train,CH-SIMS/video_0012/0015,/root/autodl-tmp/data/datasets/ch_sims/Raw.zip::Raw/video_0012/0015.mp4,/root/autodl-tmp/data/datasets/ch_sims/Raw.zip::Raw/video_0012/0015.mp4,/root/autodl-tmp/data/datasets/ch_sims/label.csv#video_0012/0015,0.00,4.86,zh,medium,high,high,true,true
EAQ000285,CH-SIMS,test,CH-SIMS/video_0012/0016,/root/autodl-tmp/data/datasets/ch_sims/Raw.zip::Raw/video_0012/0016.mp4,/root/autodl-tmp/data/datasets/ch_sims/Raw.zip::Raw/video_0012/0016.mp4,/root/autodl-tmp/data/datasets/ch_sims/label.csv#video_0012/0016,0.00,4.00,zh,medium,high,high,true,true
EAQ000286,CH-SIMS,validation,CH-SIMS/video_0012/0017,/root/autodl-tmp/data/datasets/ch_sims/Raw.zip::Raw/video_0012/0017.mp4,/root/autodl-tmp/data/datasets/ch_sims/Raw.zip::Raw/video_0012/0017.mp4,/root/autodl-tmp/data/datasets/ch_sims/label.csv#video_0012/0017,0.00,5.43,zh,medium,high,high,true,true
EAQ000287,CH-SIMS,test,CH-SIMS/video_0012/0018,/root/autodl-tmp/data/datasets/ch_sims/Raw.zip::Raw/video_0012/0018.mp4,/root/autodl-tmp/data/datasets/ch_sims/Raw.zip::Raw/video_0012/0018.mp4,/root/autodl-tmp/data/datasets/ch_sims/label.csv#video_0012/0018,0.00,3.43,zh,medium,high,high,true,true
EAQ000288,CH-SIMS,train,CH-SIMS/video_0012/0019,/root/autodl-tmp/data/datasets/ch_sims/Raw.zip::Raw/video_0012/0019.mp4,/root/autodl-tmp/data/datasets/ch_sims/Raw.zip::Raw/video_0012/0019.mp4,/root/autodl-tmp/data/datasets/ch_sims/label.csv#video_0012/0019,0.00,4.29,zh,medium,high,high,true,true
EAQ000289,CH-SIMS,train,CH-SIMS/video_0012/0020,/root/autodl-tmp/data/datasets/ch_sims/Raw.zip::Raw/video_0012/0020.mp4,/root/autodl-tmp/data/datasets/ch_sims/Raw.zip::Raw/video_0012/0020.mp4,/root/autodl-tmp/data/datasets/ch_sims/label.csv#video_0012/0020,0.00,4.29,zh,medium,high,high,true,true
EAQ000290,CH-SIMS,train,CH-SIMS/video_0012/0021,/root/autodl-tmp/data/datasets/ch_sims/Raw.zip::Raw/video_0012/0021.mp4,/root/autodl-tmp/data/datasets/ch_sims/Raw.zip::Raw/video_0012/0021.mp4,/root/autodl-tmp/data/datasets/ch_sims/label.csv#video_0012/0021,0.00,4.00,zh,medium,high,high,true,true
EAQ000291,CH-SIMS,train,CH-SIMS/video_0012/0022,/root/autodl-tmp/data/datasets/ch_sims/Raw.zip::Raw/video_0012/0022.mp4,/root/autodl-tmp/data/datasets/ch_sims/Raw.zip::Raw/video_0012/0022.mp4,/root/autodl-tmp/data/datasets/ch_sims/label.csv#video_0012/0022,0.00,1.14,zh,medium,high,high,true,true
EAQ000292,CH-SIMS,test,CH-SIMS/video_0012/0023,/root/autodl-tmp/data/datasets/ch_sims/Raw.zip::Raw/video_0012/0023.mp4,/root/autodl-tmp/data/datasets/ch_sims/Raw.zip::Raw/video_0012/0023.mp4,/root/autodl-tmp/data/datasets/ch_sims/label.csv#video_0012/0023,0.00,3.71,zh,medium,high,high,true,true
EAQ000293,CH-SIMS,test,CH-SIMS/video_0012/0024,/root/autodl-tmp/data/datasets/ch_sims/Raw.zip::Raw/video_0012/0024.mp4,/root/autodl-tmp/data/datasets/ch_sims/Raw.zip::Raw/video_0012/0024.mp4,/root/autodl-tmp/data/datasets/ch_sims/label.csv#video_0012/0024,0.00,2.86,zh,medium,high,high,true,true
EAQ000294,CH-SIMS,train,CH-SIMS/video_0012/0025,/root/autodl-tmp/data/datasets/ch_sims/Raw.zip::Raw/video_0012/0025.mp4,/root/autodl-tmp/data/datasets/ch_sims/Raw.zip::Raw/video_0012/0025.mp4,/root/autodl-tmp/data/datasets/ch_sims/label.csv#video_0012/0025,0.00,4.00,zh,medium,high,high,true,true
EAQ000295,CH-SIMS,test,CH-SIMS/video_0012/0026,/root/autodl-tmp/data/datasets/ch_sims/Raw.zip::Raw/video_0012/0026.mp4,/root/autodl-tmp/data/datasets/ch_sims/Raw.zip::Raw/video_0012/0026.mp4,/root/autodl-tmp/data/datasets/ch_sims/label.csv#video_0012/0026,0.00,5.43,zh,medium,high,high,true,true
EAQ000296,CH-SIMS,test,CH-SIMS/video_0012/0027,/root/autodl-tmp/data/datasets/ch_sims/Raw.zip::Raw/video_0012/0027.mp4,/root/autodl-tmp/data/datasets/ch_sims/Raw.zip::Raw/video_0012/0027.mp4,/root/autodl-tmp/data/datasets/ch_sims/label.csv#video_0012/0027,0.00,1.71,zh,medium,high,high,true,true
EAQ000297,CH-SIMS,train,CH-SIMS/video_0012/0028,/root/autodl-tmp/data/datasets/ch_sims/Raw.zip::Raw/video_0012/0028.mp4,/root/autodl-tmp/data/datasets/ch_sims/Raw.zip::Raw/video_0012/0028.mp4,/root/autodl-tmp/data/datasets/ch_sims/label.csv#video_0012/0028,0.00,6.29,zh,medium,high,high,true,true
EAQ000298,CH-SIMS,validation,CH-SIMS/video_0012/0029,/root/autodl-tmp/data/datasets/ch_sims/Raw.zip::Raw/video_0012/0029.mp4,/root/autodl-tmp/data/datasets/ch_sims/Raw.zip::Raw/video_0012/0029.mp4,/root/autodl-tmp/data/datasets/ch_sims/label.csv#video_0012/0029,0.00,5.43,zh,medium,high,high,true,true
EAQ000299,CH-SIMS,train,CH-SIMS/video_0012/0030,/root/autodl-tmp/data/datasets/ch_sims/Raw.zip::Raw/video_0012/0030.mp4,/root/autodl-tmp/data/datasets/ch_sims/Raw.zip::Raw/video_0012/0030.mp4,/root/autodl-tmp/data/datasets/ch_sims/label.csv#video_0012/0030,0.00,5.71,zh,medium,high,high,true,true
EAQ000300,CH-SIMS,train,CH-SIMS/video_0012/0031,/root/autodl-tmp/data/datasets/ch_sims/Raw.zip::Raw/video_0012/0031.mp4,/root/autodl-tmp/data/datasets/ch_sims/Raw.zip::Raw/video_0012/0031.mp4,/root/autodl-tmp/data/datasets/ch_sims/label.csv#video_0012/0031,0.00,4.00,zh,medium,high,high,true,true
EAQ000301,CH-SIMS,train,CH-SIMS/video_0012/0032,/root/autodl-tmp/data/datasets/ch_sims/Raw.zip::Raw/video_0012/0032.mp4,/root/autodl-tmp/data/datasets/ch_sims/Raw.zip::Raw/video_0012/0032.mp4,/root/autodl-tmp/data/datasets/ch_sims/label.csv#video_0012/0032,0.00,5.14,zh,medium,high,high,true,true
EAQ000302,CH-SIMS,train,CH-SIMS/video_0012/0033,/root/autodl-tmp/data/datasets/ch_sims/Raw.zip::Raw/video_0012/0033.mp4,/root/autodl-tmp/data/datasets/ch_sims/Raw.zip::Raw/video_0012/0033.mp4,/root/autodl-tmp/data/datasets/ch_sims/label.csv#video_0012/0033,0.00,5.14,zh,medium,high,high,true,true
EAQ000303,CH-SIMS,train,CH-SIMS/video_0012/0034,/root/autodl-tmp/data/datasets/ch_sims/Raw.zip::Raw/video_0012/0034.mp4,/root/autodl-tmp/data/datasets/ch_sims/Raw.zip::Raw/video_0012/0034.mp4,/root/autodl-tmp/data/datasets/ch_sims/label.csv#video_0012/0034,0.00,3.71,zh,medium,high,high,true,true
EAQ000304,CH-SIMS,train,CH-SIMS/video_0012/0035,/root/autodl-tmp/data/datasets/ch_sims/Raw.zip::Raw/video_0012/0035.mp4,/root/autodl-tmp/data/datasets/ch_sims/Raw.zip::Raw/video_0012/0035.mp4,/root/autodl-tmp/data/datasets/ch_sims/label.csv#video_0012/0035,0.00,5.71,zh,medium,high,high,true,true
EAQ000305,CH-SIMS,train,CH-SIMS/video_0012/0036,/root/autodl-tmp/data/datasets/ch_sims/Raw.zip::Raw/video_0012/0036.mp4,/root/autodl-tmp/data/datasets/ch_sims/Raw.zip::Raw/video_0012/0036.mp4,/root/autodl-tmp/data/datasets/ch_sims/label.csv#video_0012/0036,0.00,7.71,zh,medium,high,high,true,true
EAQ000306,CH-SIMS,validation,CH-SIMS/video_0012/0037,/root/autodl-tmp/data/datasets/ch_sims/Raw.zip::Raw/video_0012/0037.mp4,/root/autodl-tmp/data/datasets/ch_sims/Raw.zip::Raw/video_0012/0037.mp4,/root/autodl-tmp/data/datasets/ch_sims/label.csv#video_0012/0037,0.00,3.43,zh,medium,high,high,true,true
EAQ000307,CH-SIMS,train,CH-SIMS/video_0012/0038,/root/autodl-tmp/data/datasets/ch_sims/Raw.zip::Raw/video_0012/0038.mp4,/root/autodl-tmp/data/datasets/ch_sims/Raw.zip::Raw/video_0012/0038.mp4,/root/autodl-tmp/data/datasets/ch_sims/label.csv#video_0012/0038,0.00,3.71,zh,medium,high,high,true,true
EAQ000308,CH-SIMS,validation,CH-SIMS/video_0012/0039,/root/autodl-tmp/data/datasets/ch_sims/Raw.zip::Raw/video_0012/0039.mp4,/root/autodl-tmp/data/datasets/ch_sims/Raw.zip::Raw/video_0012/0039.mp4,/root/autodl-tmp/data/datasets/ch_sims/label.csv#video_0012/0039,0.00,3.43,zh,medium,high,high,true,true
EAQ000309,CH-SIMS,train,CH-SIMS/video_0012/0040,/root/autodl-tmp/data/datasets/ch_sims/Raw.zip::Raw/video_0012/0040.mp4,/root/autodl-tmp/data/datasets/ch_sims/Raw.zip::Raw/video_0012/0040.mp4,/root/autodl-tmp/data/datasets/ch_sims/label.csv#video_0012/0040,0.00,3.43,zh,medium,high,high,true,true
EAQ000310,CH-SIMS,train,CH-SIMS/video_0012/0041,/root/autodl-tmp/data/datasets/ch_sims/Raw.zip::Raw/video_0012/0041.mp4,/root/autodl-tmp/data/datasets/ch_sims/Raw.zip::Raw/video_0012/0041.mp4,/root/autodl-tmp/data/datasets/ch_sims/label.csv#video_0012/0041,0.00,3.43,zh,medium,high,high,true,true
EAQ000311,CH-SIMS,validation,CH-SIMS/video_0012/0042,/root/autodl-tmp/data/datasets/ch_sims/Raw.zip::Raw/video_0012/0042.mp4,/root/autodl-tmp/data/datasets/ch_sims/Raw.zip::Raw/video_0012/0042.mp4,/root/autodl-tmp/data/datasets/ch_sims/label.csv#video_0012/0042,0.00,8.00,zh,medium,high,high,true,true
EAQ000312,CH-SIMS,train,CH-SIMS/video_0012/0043,/root/autodl-tmp/data/datasets/ch_sims/Raw.zip::Raw/video_0012/0043.mp4,/root/autodl-tmp/data/datasets/ch_sims/Raw.zip::Raw/video_0012/0043.mp4,/root/autodl-tmp/data/datasets/ch_sims/label.csv#video_0012/0043,0.00,4.57,zh,medium,high,high,true,true
EAQ000313,CH-SIMS,validation,CH-SIMS/video_0012/0044,/root/autodl-tmp/data/datasets/ch_sims/Raw.zip::Raw/video_0012/0044.mp4,/root/autodl-tmp/data/datasets/ch_sims/Raw.zip::Raw/video_0012/0044.mp4,/root/autodl-tmp/data/datasets/ch_sims/label.csv#video_0012/0044,0.00,4.00,zh,medium,high,high,true,true
EAQ000314,CH-SIMS,validation,CH-SIMS/video_0012/0045,/root/autodl-tmp/data/datasets/ch_sims/Raw.zip::Raw/video_0012/0045.mp4,/root/autodl-tmp/data/datasets/ch_sims/Raw.zip::Raw/video_0012/0045.mp4,/root/autodl-tmp/data/datasets/ch_sims/label.csv#video_0012/0045,0.00,5.71,zh,medium,high,high,true,true
EAQ000315,CH-SIMS,train,CH-SIMS/video_0012/0046,/root/autodl-tmp/data/datasets/ch_sims/Raw.zip::Raw/video_0012/0046.mp4,/root/autodl-tmp/data/datasets/ch_sims/Raw.zip::Raw/video_0012/0046.mp4,/root/autodl-tmp/data/datasets/ch_sims/label.csv#video_0012/0046,0.00,4.29,zh,medium,high,high,true,true
EAQ000316,CH-SIMS,validation,CH-SIMS/video_0012/0047,/root/autodl-tmp/data/datasets/ch_sims/Raw.zip::Raw/video_0012/0047.mp4,/root/autodl-tmp/data/datasets/ch_sims/Raw.zip::Raw/video_0012/0047.mp4,/root/autodl-tmp/data/datasets/ch_sims/label.csv#video_0012/0047,0.00,5.71,zh,medium,high,high,true,true
EAQ000317,CH-SIMS,validation,CH-SIMS/video_0013/0001,/root/autodl-tmp/data/datasets/ch_sims/Raw.zip::Raw/video_0013/0001.mp4,/root/autodl-tmp/data/datasets/ch_sims/Raw.zip::Raw/video_0013/0001.mp4,/root/autodl-tmp/data/datasets/ch_sims/label.csv#video_0013/0001,0.00,5.43,zh,medium,high,high,true,true
EAQ000318,CH-SIMS,train,CH-SIMS/video_0013/0002,/root/autodl-tmp/data/datasets/ch_sims/Raw.zip::Raw/video_0013/0002.mp4,/root/autodl-tmp/data/datasets/ch_sims/Raw.zip::Raw/video_0013/0002.mp4,/root/autodl-tmp/data/datasets/ch_sims/label.csv#video_0013/0002,0.00,4.00,zh,medium,high,high,true,true
EAQ000319,CH-SIMS,train,CH-SIMS/video_0013/0003,/root/autodl-tmp/data/datasets/ch_sims/Raw.zip::Raw/video_0013/0003.mp4,/root/autodl-tmp/data/datasets/ch_sims/Raw.zip::Raw/video_0013/0003.mp4,/root/autodl-tmp/data/datasets/ch_sims/label.csv#video_0013/0003,0.00,2.00,zh,medium,high,high,true,true
EAQ000320,CH-SIMS,train,CH-SIMS/video_0013/0004,/root/autodl-tmp/data/datasets/ch_sims/Raw.zip::Raw/video_0013/0004.mp4,/root/autodl-tmp/data/datasets/ch_sims/Raw.zip::Raw/video_0013/0004.mp4,/root/autodl-tmp/data/datasets/ch_sims/label.csv#video_0013/0004,0.00,2.86,zh,medium,high,high,true,true
EAQ000321,CH-SIMS,validation,CH-SIMS/video_0013/0005,/root/autodl-tmp/data/datasets/ch_sims/Raw.zip::Raw/video_0013/0005.mp4,/root/autodl-tmp/data/datasets/ch_sims/Raw.zip::Raw/video_0013/0005.mp4,/root/autodl-tmp/data/datasets/ch_sims/label.csv#video_0013/0005,0.00,6.57,zh,medium,high,high,true,true
EAQ000322,CH-SIMS,train,CH-SIMS/video_0013/0006,/root/autodl-tmp/data/datasets/ch_sims/Raw.zip::Raw/video_0013/0006.mp4,/root/autodl-tmp/data/datasets/ch_sims/Raw.zip::Raw/video_0013/0006.mp4,/root/autodl-tmp/data/datasets/ch_sims/label.csv#video_0013/0006,0.00,4.57,zh,medium,high,high,true,true
EAQ000323,CH-SIMS,train,CH-SIMS/video_0013/0007,/root/autodl-tmp/data/datasets/ch_sims/Raw.zip::Raw/video_0013/0007.mp4,/root/autodl-tmp/data/datasets/ch_sims/Raw.zip::Raw/video_0013/0007.mp4,/root/autodl-tmp/data/datasets/ch_sims/label.csv#video_0013/0007,0.00,4.86,zh,medium,high,high,true,true
EAQ000324,CH-SIMS,train,CH-SIMS/video_0013/0008,/root/autodl-tmp/data/datasets/ch_sims/Raw.zip::Raw/video_0013/0008.mp4,/root/autodl-tmp/data/datasets/ch_sims/Raw.zip::Raw/video_0013/0008.mp4,/root/autodl-tmp/data/datasets/ch_sims/label.csv#video_0013/0008,0.00,5.71,zh,medium,high,high,true,true
EAQ000325,CH-SIMS,validation,CH-SIMS/video_0013/0009,/root/autodl-tmp/data/datasets/ch_sims/Raw.zip::Raw/video_0013/0009.mp4,/root/autodl-tmp/data/datasets/ch_sims/Raw.zip::Raw/video_0013/0009.mp4,/root/autodl-tmp/data/datasets/ch_sims/label.csv#video_0013/0009,0.00,1.71,zh,medium,high,high,true,true
EAQ000326,CH-SIMS,validation,CH-SIMS/video_0013/0010,/root/autodl-tmp/data/datasets/ch_sims/Raw.zip::Raw/video_0013/0010.mp4,/root/autodl-tmp/data/datasets/ch_sims/Raw.zip::Raw/video_0013/0010.mp4,/root/autodl-tmp/data/datasets/ch_sims/label.csv#video_0013/0010,0.00,7.43,zh,medium,high,high,true,true
EAQ000327,CH-SIMS,validation,CH-SIMS/video_0013/0011,/root/autodl-tmp/data/datasets/ch_sims/Raw.zip::Raw/video_0013/0011.mp4,/root/autodl-tmp/data/datasets/ch_sims/Raw.zip::Raw/video_0013/0011.mp4,/root/autodl-tmp/data/datasets/ch_sims/label.csv#video_0013/0011,0.00,5.14,zh,medium,high,high,true,true
EAQ000328,CH-SIMS,validation,CH-SIMS/video_0013/0012,/root/autodl-tmp/data/datasets/ch_sims/Raw.zip::Raw/video_0013/0012.mp4,/root/autodl-tmp/data/datasets/ch_sims/Raw.zip::Raw/video_0013/0012.mp4,/root/autodl-tmp/data/datasets/ch_sims/label.csv#video_0013/0012,0.00,1.14,zh,medium,high,high,true,true
EAQ000329,CH-SIMS,train,CH-SIMS/video_0013/0013,/root/autodl-tmp/data/datasets/ch_sims/Raw.zip::Raw/video_0013/0013.mp4,/root/autodl-tmp/data/datasets/ch_sims/Raw.zip::Raw/video_0013/0013.mp4,/root/autodl-tmp/data/datasets/ch_sims/label.csv#video_0013/0013,0.00,1.43,zh,medium,high,high,true,true
EAQ000330,CH-SIMS,validation,CH-SIMS/video_0013/0014,/root/autodl-tmp/data/datasets/ch_sims/Raw.zip::Raw/video_0013/0014.mp4,/root/autodl-tmp/data/datasets/ch_sims/Raw.zip::Raw/video_0013/0014.mp4,/root/autodl-tmp/data/datasets/ch_sims/label.csv#video_0013/0014,0.00,4.86,zh,medium,high,high,true,true
EAQ000331,CH-SIMS,train,CH-SIMS/video_0013/0015,/root/autodl-tmp/data/datasets/ch_sims/Raw.zip::Raw/video_0013/0015.mp4,/root/autodl-tmp/data/datasets/ch_sims/Raw.zip::Raw/video_0013/0015.mp4,/root/autodl-tmp/data/datasets/ch_sims/label.csv#video_0013/0015,0.00,7.71,zh,medium,high,high,true,true
EAQ000332,CH-SIMS,train,CH-SIMS/video_0013/0016,/root/autodl-tmp/data/datasets/ch_sims/Raw.zip::Raw/video_0013/0016.mp4,/root/autodl-tmp/data/datasets/ch_sims/Raw.zip::Raw/video_0013/0016.mp4,/root/autodl-tmp/data/datasets/ch_sims/label.csv#video_0013/0016,0.00,2.86,zh,medium,high,high,true,true
EAQ000333,CH-SIMS,test,CH-SIMS/video_0013/0017,/root/autodl-tmp/data/datasets/ch_sims/Raw.zip::Raw/video_0013/0017.mp4,/root/autodl-tmp/data/datasets/ch_sims/Raw.zip::Raw/video_0013/0017.mp4,/root/autodl-tmp/data/datasets/ch_sims/label.csv#video_0013/0017,0.00,4.86,zh,medium,high,high,true,true
EAQ000334,CH-SIMS,validation,CH-SIMS/video_0013/0018,/root/autodl-tmp/data/datasets/ch_sims/Raw.zip::Raw/video_0013/0018.mp4,/root/autodl-tmp/data/datasets/ch_sims/Raw.zip::Raw/video_0013/0018.mp4,/root/autodl-tmp/data/datasets/ch_sims/label.csv#video_0013/0018,0.00,6.29,zh,medium,high,high,true,true
EAQ000335,CH-SIMS,train,CH-SIMS/video_0013/0019,/root/autodl-tmp/data/datasets/ch_sims/Raw.zip::Raw/video_0013/0019.mp4,/root/autodl-tmp/data/datasets/ch_sims/Raw.zip::Raw/video_0013/0019.mp4,/root/autodl-tmp/data/datasets/ch_sims/label.csv#video_0013/0019,0.00,4.57,zh,medium,high,high,true,true
EAQ000336,CH-SIMS,train,CH-SIMS/video_0013/0020,/root/autodl-tmp/data/datasets/ch_sims/Raw.zip::Raw/video_0013/0020.mp4,/root/autodl-tmp/data/datasets/ch_sims/Raw.zip::Raw/video_0013/0020.mp4,/root/autodl-tmp/data/datasets/ch_sims/label.csv#video_0013/0020,0.00,7.14,zh,medium,high,high,true,true
EAQ000337,CH-SIMS,train,CH-SIMS/video_0013/0021,/root/autodl-tmp/data/datasets/ch_sims/Raw.zip::Raw/video_0013/0021.mp4,/root/autodl-tmp/data/datasets/ch_sims/Raw.zip::Raw/video_0013/0021.mp4,/root/autodl-tmp/data/datasets/ch_sims/label.csv#video_0013/0021,0.00,4.00,zh,medium,high,high,true,true
EAQ000338,CH-SIMS,train,CH-SIMS/video_0013/0022,/root/autodl-tmp/data/datasets/ch_sims/Raw.zip::Raw/video_0013/0022.mp4,/root/autodl-tmp/data/datasets/ch_sims/Raw.zip::Raw/video_0013/0022.mp4,/root/autodl-tmp/data/datasets/ch_sims/label.csv#video_0013/0022,0.00,2.57,zh,medium,high,high,true,true
EAQ000339,CH-SIMS,train,CH-SIMS/video_0013/0023,/root/autodl-tmp/data/datasets/ch_sims/Raw.zip::Raw/video_0013/0023.mp4,/root/autodl-tmp/data/datasets/ch_sims/Raw.zip::Raw/video_0013/0023.mp4,/root/autodl-tmp/data/datasets/ch_sims/label.csv#video_0013/0023,0.00,6.57,zh,medium,high,high,true,true
EAQ000340,CH-SIMS,train,CH-SIMS/video_0013/0024,/root/autodl-tmp/data/datasets/ch_sims/Raw.zip::Raw/video_0013/0024.mp4,/root/autodl-tmp/data/datasets/ch_sims/Raw.zip::Raw/video_0013/0024.mp4,/root/autodl-tmp/data/datasets/ch_sims/label.csv#video_0013/0024,0.00,2.57,zh,medium,high,high,true,true
EAQ000341,CH-SIMS,train,CH-SIMS/video_0013/0025,/root/autodl-tmp/data/datasets/ch_sims/Raw.zip::Raw/video_0013/0025.mp4,/root/autodl-tmp/data/datasets/ch_sims/Raw.zip::Raw/video_0013/0025.mp4,/root/autodl-tmp/data/datasets/ch_sims/label.csv#video_0013/0025,0.00,2.57,zh,medium,high,high,true,true
EAQ000342,CH-SIMS,test,CH-SIMS/video_0013/0026,/root/autodl-tmp/data/datasets/ch_sims/Raw.zip::Raw/video_0013/0026.mp4,/root/autodl-tmp/data/datasets/ch_sims/Raw.zip::Raw/video_0013/0026.mp4,/root/autodl-tmp/data/datasets/ch_sims/label.csv#video_0013/0026,0.00,6.29,zh,medium,high,high,true,true
EAQ000343,CH-SIMS,validation,CH-SIMS/video_0013/0027,/root/autodl-tmp/data/datasets/ch_sims/Raw.zip::Raw/video_0013/0027.mp4,/root/autodl-tmp/data/datasets/ch_sims/Raw.zip::Raw/video_0013/0027.mp4,/root/autodl-tmp/data/datasets/ch_sims/label.csv#video_0013/0027,0.00,3.43,zh,medium,high,high,true,true
EAQ000344,CH-SIMS,validation,CH-SIMS/video_0013/0028,/root/autodl-tmp/data/datasets/ch_sims/Raw.zip::Raw/video_0013/0028.mp4,/root/autodl-tmp/data/datasets/ch_sims/Raw.zip::Raw/video_0013/0028.mp4,/root/autodl-tmp/data/datasets/ch_sims/label.csv#video_0013/0028,0.00,2.86,zh,medium,high,high,true,true
EAQ000345,CH-SIMS,train,CH-SIMS/video_0013/0029,/root/autodl-tmp/data/datasets/ch_sims/Raw.zip::Raw/video_0013/0029.mp4,/root/autodl-tmp/data/datasets/ch_sims/Raw.zip::Raw/video_0013/0029.mp4,/root/autodl-tmp/data/datasets/ch_sims/label.csv#video_0013/0029,0.00,6.86,zh,medium,high,high,true,true
EAQ000346,CH-SIMS,train,CH-SIMS/video_0013/0030,/root/autodl-tmp/data/datasets/ch_sims/Raw.zip::Raw/video_0013/0030.mp4,/root/autodl-tmp/data/datasets/ch_sims/Raw.zip::Raw/video_0013/0030.mp4,/root/autodl-tmp/data/datasets/ch_sims/label.csv#video_0013/0030,0.00,2.86,zh,medium,high,high,true,true
EAQ000347,CH-SIMS,validation,CH-SIMS/video_0013/0031,/root/autodl-tmp/data/datasets/ch_sims/Raw.zip::Raw/video_0013/0031.mp4,/root/autodl-tmp/data/datasets/ch_sims/Raw.zip::Raw/video_0013/0031.mp4,/root/autodl-tmp/data/datasets/ch_sims/label.csv#video_0013/0031,0.00,2.57,zh,medium,high,high,true,true
EAQ000348,CH-SIMS,train,CH-SIMS/video_0013/0032,/root/autodl-tmp/data/datasets/ch_sims/Raw.zip::Raw/video_0013/0032.mp4,/root/autodl-tmp/data/datasets/ch_sims/Raw.zip::Raw/video_0013/0032.mp4,/root/autodl-tmp/data/datasets/ch_sims/label.csv#video_0013/0032,0.00,5.14,zh,medium,high,high,true,true
EAQ000349,CH-SIMS,validation,CH-SIMS/video_0013/0033,/root/autodl-tmp/data/datasets/ch_sims/Raw.zip::Raw/video_0013/0033.mp4,/root/autodl-tmp/data/datasets/ch_sims/Raw.zip::Raw/video_0013/0033.mp4,/root/autodl-tmp/data/datasets/ch_sims/label.csv#video_0013/0033,0.00,5.71,zh,medium,high,high,true,true
EAQ000350,CH-SIMS,train,CH-SIMS/video_0013/0034,/root/autodl-tmp/data/datasets/ch_sims/Raw.zip::Raw/video_0013/0034.mp4,/root/autodl-tmp/data/datasets/ch_sims/Raw.zip::Raw/video_0013/0034.mp4,/root/autodl-tmp/data/datasets/ch_sims/label.csv#video_0013/0034,0.00,6.29,zh,medium,high,high,true,true
EAQ000351,CH-SIMS,test,CH-SIMS/video_0013/0035,/root/autodl-tmp/data/datasets/ch_sims/Raw.zip::Raw/video_0013/0035.mp4,/root/autodl-tmp/data/datasets/ch_sims/Raw.zip::Raw/video_0013/0035.mp4,/root/autodl-tmp/data/datasets/ch_sims/label.csv#video_0013/0035,0.00,3.14,zh,medium,high,high,true,true
EAQ000352,CH-SIMS,train,CH-SIMS/video_0014/0001,/root/autodl-tmp/data/datasets/ch_sims/Raw.zip::Raw/video_0014/0001.mp4,/root/autodl-tmp/data/datasets/ch_sims/Raw.zip::Raw/video_0014/0001.mp4,/root/autodl-tmp/data/datasets/ch_sims/label.csv#video_0014/0001,0.00,4.57,zh,medium,high,high,true,true
EAQ000353,CH-SIMS,train,CH-SIMS/video_0014/0002,/root/autodl-tmp/data/datasets/ch_sims/Raw.zip::Raw/video_0014/0002.mp4,/root/autodl-tmp/data/datasets/ch_sims/Raw.zip::Raw/video_0014/0002.mp4,/root/autodl-tmp/data/datasets/ch_sims/label.csv#video_0014/0002,0.00,5.43,zh,medium,high,high,true,true
EAQ000354,CH-SIMS,validation,CH-SIMS/video_0014/0003,/root/autodl-tmp/data/datasets/ch_sims/Raw.zip::Raw/video_0014/0003.mp4,/root/autodl-tmp/data/datasets/ch_sims/Raw.zip::Raw/video_0014/0003.mp4,/root/autodl-tmp/data/datasets/ch_sims/label.csv#video_0014/0003,0.00,10.86,zh,medium,high,high,true,true
EAQ000355,CH-SIMS,train,CH-SIMS/video_0014/0004,/root/autodl-tmp/data/datasets/ch_sims/Raw.zip::Raw/video_0014/0004.mp4,/root/autodl-tmp/data/datasets/ch_sims/Raw.zip::Raw/video_0014/0004.mp4,/root/autodl-tmp/data/datasets/ch_sims/label.csv#video_0014/0004,0.00,4.57,zh,medium,high,high,true,true
EAQ000356,CH-SIMS,train,CH-SIMS/video_0014/0005,/root/autodl-tmp/data/datasets/ch_sims/Raw.zip::Raw/video_0014/0005.mp4,/root/autodl-tmp/data/datasets/ch_sims/Raw.zip::Raw/video_0014/0005.mp4,/root/autodl-tmp/data/datasets/ch_sims/label.csv#video_0014/0005,0.00,5.71,zh,medium,high,high,true,true
EAQ000357,CH-SIMS,validation,CH-SIMS/video_0014/0006,/root/autodl-tmp/data/datasets/ch_sims/Raw.zip::Raw/video_0014/0006.mp4,/root/autodl-tmp/data/datasets/ch_sims/Raw.zip::Raw/video_0014/0006.mp4,/root/autodl-tmp/data/datasets/ch_sims/label.csv#video_0014/0006,0.00,6.00,zh,medium,high,high,true,true
EAQ000358,CH-SIMS,validation,CH-SIMS/video_0014/0007,/root/autodl-tmp/data/datasets/ch_sims/Raw.zip::Raw/video_0014/0007.mp4,/root/autodl-tmp/data/datasets/ch_sims/Raw.zip::Raw/video_0014/0007.mp4,/root/autodl-tmp/data/datasets/ch_sims/label.csv#video_0014/0007,0.00,1.71,zh,medium,high,high,true,true
EAQ000359,CH-SIMS,validation,CH-SIMS/video_0014/0008,/root/autodl-tmp/data/datasets/ch_sims/Raw.zip::Raw/video_0014/0008.mp4,/root/autodl-tmp/data/datasets/ch_sims/Raw.zip::Raw/video_0014/0008.mp4,/root/autodl-tmp/data/datasets/ch_sims/label.csv#video_0014/0008,0.00,7.14,zh,medium,high,high,true,true
EAQ000360,CH-SIMS,train,CH-SIMS/video_0014/0009,/root/autodl-tmp/data/datasets/ch_sims/Raw.zip::Raw/video_0014/0009.mp4,/root/autodl-tmp/data/datasets/ch_sims/Raw.zip::Raw/video_0014/0009.mp4,/root/autodl-tmp/data/datasets/ch_sims/label.csv#video_0014/0009,0.00,4.57,zh,medium,high,high,true,true
EAQ000361,CH-SIMS,validation,CH-SIMS/video_0014/0010,/root/autodl-tmp/data/datasets/ch_sims/Raw.zip::Raw/video_0014/0010.mp4,/root/autodl-tmp/data/datasets/ch_sims/Raw.zip::Raw/video_0014/0010.mp4,/root/autodl-tmp/data/datasets/ch_sims/label.csv#video_0014/0010,0.00,8.57,zh,medium,high,high,true,true
EAQ000362,CH-SIMS,train,CH-SIMS/video_0014/0011,/root/autodl-tmp/data/datasets/ch_sims/Raw.zip::Raw/video_0014/0011.mp4,/root/autodl-tmp/data/datasets/ch_sims/Raw.zip::Raw/video_0014/0011.mp4,/root/autodl-tmp/data/datasets/ch_sims/label.csv#video_0014/0011,0.00,7.43,zh,medium,high,high,true,true
EAQ000363,CH-SIMS,train,CH-SIMS/video_0014/0012,/root/autodl-tmp/data/datasets/ch_sims/Raw.zip::Raw/video_0014/0012.mp4,/root/autodl-tmp/data/datasets/ch_sims/Raw.zip::Raw/video_0014/0012.mp4,/root/autodl-tmp/data/datasets/ch_sims/label.csv#video_0014/0012,0.00,4.57,zh,medium,high,high,true,true
EAQ000364,CH-SIMS,validation,CH-SIMS/video_0014/0013,/root/autodl-tmp/data/datasets/ch_sims/Raw.zip::Raw/video_0014/0013.mp4,/root/autodl-tmp/data/datasets/ch_sims/Raw.zip::Raw/video_0014/0013.mp4,/root/autodl-tmp/data/datasets/ch_sims/label.csv#video_0014/0013,0.00,2.29,zh,medium,high,high,true,true
EAQ000365,CH-SIMS,train,CH-SIMS/video_0014/0014,/root/autodl-tmp/data/datasets/ch_sims/Raw.zip::Raw/video_0014/0014.mp4,/root/autodl-tmp/data/datasets/ch_sims/Raw.zip::Raw/video_0014/0014.mp4,/root/autodl-tmp/data/datasets/ch_sims/label.csv#video_0014/0014,0.00,3.43,zh,medium,high,high,true,true
EAQ000366,CH-SIMS,test,CH-SIMS/video_0014/0015,/root/autodl-tmp/data/datasets/ch_sims/Raw.zip::Raw/video_0014/0015.mp4,/root/autodl-tmp/data/datasets/ch_sims/Raw.zip::Raw/video_0014/0015.mp4,/root/autodl-tmp/data/datasets/ch_sims/label.csv#video_0014/0015,0.00,3.14,zh,medium,high,high,true,true
EAQ000367,CH-SIMS,train,CH-SIMS/video_0014/0016,/root/autodl-tmp/data/datasets/ch_sims/Raw.zip::Raw/video_0014/0016.mp4,/root/autodl-tmp/data/datasets/ch_sims/Raw.zip::Raw/video_0014/0016.mp4,/root/autodl-tmp/data/datasets/ch_sims/label.csv#video_0014/0016,0.00,3.71,zh,medium,high,high,true,true
EAQ000368,CH-SIMS,validation,CH-SIMS/video_0014/0017,/root/autodl-tmp/data/datasets/ch_sims/Raw.zip::Raw/video_0014/0017.mp4,/root/autodl-tmp/data/datasets/ch_sims/Raw.zip::Raw/video_0014/0017.mp4,/root/autodl-tmp/data/datasets/ch_sims/label.csv#video_0014/0017,0.00,5.14,zh,medium,high,high,true,true
EAQ000369,CH-SIMS,validation,CH-SIMS/video_0014/0018,/root/autodl-tmp/data/datasets/ch_sims/Raw.zip::Raw/video_0014/0018.mp4,/root/autodl-tmp/data/datasets/ch_sims/Raw.zip::Raw/video_0014/0018.mp4,/root/autodl-tmp/data/datasets/ch_sims/label.csv#video_0014/0018,0.00,3.71,zh,medium,high,high,true,true
EAQ000370,CH-SIMS,train,CH-SIMS/video_0014/0019,/root/autodl-tmp/data/datasets/ch_sims/Raw.zip::Raw/video_0014/0019.mp4,/root/autodl-tmp/data/datasets/ch_sims/Raw.zip::Raw/video_0014/0019.mp4,/root/autodl-tmp/data/datasets/ch_sims/label.csv#video_0014/0019,0.00,3.43,zh,medium,high,high,true,true
EAQ000371,CH-SIMS,train,CH-SIMS/video_0014/0020,/root/autodl-tmp/data/datasets/ch_sims/Raw.zip::Raw/video_0014/0020.mp4,/root/autodl-tmp/data/datasets/ch_sims/Raw.zip::Raw/video_0014/0020.mp4,/root/autodl-tmp/data/datasets/ch_sims/label.csv#video_0014/0020,0.00,4.86,zh,medium,high,high,true,true
EAQ000372,CH-SIMS,validation,CH-SIMS/video_0014/0021,/root/autodl-tmp/data/datasets/ch_sims/Raw.zip::Raw/video_0014/0021.mp4,/root/autodl-tmp/data/datasets/ch_sims/Raw.zip::Raw/video_0014/0021.mp4,/root/autodl-tmp/data/datasets/ch_sims/label.csv#video_0014/0021,0.00,8.86,zh,medium,high,high,true,true
EAQ000373,CH-SIMS,train,CH-SIMS/video_0014/0022,/root/autodl-tmp/data/datasets/ch_sims/Raw.zip::Raw/video_0014/0022.mp4,/root/autodl-tmp/data/datasets/ch_sims/Raw.zip::Raw/video_0014/0022.mp4,/root/autodl-tmp/data/datasets/ch_sims/label.csv#video_0014/0022,0.00,8.57,zh,medium,high,high,true,true
EAQ000374,CH-SIMS,test,CH-SIMS/video_0014/0023,/root/autodl-tmp/data/datasets/ch_sims/Raw.zip::Raw/video_0014/0023.mp4,/root/autodl-tmp/data/datasets/ch_sims/Raw.zip::Raw/video_0014/0023.mp4,/root/autodl-tmp/data/datasets/ch_sims/label.csv#video_0014/0023,0.00,1.14,zh,medium,high,high,true,true
EAQ000375,CH-SIMS,validation,CH-SIMS/video_0014/0024,/root/autodl-tmp/data/datasets/ch_sims/Raw.zip::Raw/video_0014/0024.mp4,/root/autodl-tmp/data/datasets/ch_sims/Raw.zip::Raw/video_0014/0024.mp4,/root/autodl-tmp/data/datasets/ch_sims/label.csv#video_0014/0024,0.00,2.57,zh,medium,high,high,true,true
EAQ000376,CH-SIMS,train,CH-SIMS/video_0014/0025,/root/autodl-tmp/data/datasets/ch_sims/Raw.zip::Raw/video_0014/0025.mp4,/root/autodl-tmp/data/datasets/ch_sims/Raw.zip::Raw/video_0014/0025.mp4,/root/autodl-tmp/data/datasets/ch_sims/label.csv#video_0014/0025,0.00,3.14,zh,medium,high,high,true,true
EAQ000377,CH-SIMS,train,CH-SIMS/video_0014/0026,/root/autodl-tmp/data/datasets/ch_sims/Raw.zip::Raw/video_0014/0026.mp4,/root/autodl-tmp/data/datasets/ch_sims/Raw.zip::Raw/video_0014/0026.mp4,/root/autodl-tmp/data/datasets/ch_sims/label.csv#video_0014/0026,0.00,2.86,zh,medium,high,high,true,true
EAQ000378,CH-SIMS,validation,CH-SIMS/video_0014/0027,/root/autodl-tmp/data/datasets/ch_sims/Raw.zip::Raw/video_0014/0027.mp4,/root/autodl-tmp/data/datasets/ch_sims/Raw.zip::Raw/video_0014/0027.mp4,/root/autodl-tmp/data/datasets/ch_sims/label.csv#video_0014/0027,0.00,7.43,zh,medium,high,high,true,true
EAQ000379,CH-SIMS,test,CH-SIMS/video_0014/0028,/root/autodl-tmp/data/datasets/ch_sims/Raw.zip::Raw/video_0014/0028.mp4,/root/autodl-tmp/data/datasets/ch_sims/Raw.zip::Raw/video_0014/0028.mp4,/root/autodl-tmp/data/datasets/ch_sims/label.csv#video_0014/0028,0.00,2.57,zh,medium,high,high,true,true
EAQ000380,CH-SIMS,train,CH-SIMS/video_0014/0029,/root/autodl-tmp/data/datasets/ch_sims/Raw.zip::Raw/video_0014/0029.mp4,/root/autodl-tmp/data/datasets/ch_sims/Raw.zip::Raw/video_0014/0029.mp4,/root/autodl-tmp/data/datasets/ch_sims/label.csv#video_0014/0029,0.00,3.14,zh,medium,high,high,true,true
EAQ000381,CH-SIMS,validation,CH-SIMS/video_0014/0030,/root/autodl-tmp/data/datasets/ch_sims/Raw.zip::Raw/video_0014/0030.mp4,/root/autodl-tmp/data/datasets/ch_sims/Raw.zip::Raw/video_0014/0030.mp4,/root/autodl-tmp/data/datasets/ch_sims/label.csv#video_0014/0030,0.00,2.29,zh,medium,high,high,true,true
EAQ000382,CH-SIMS,validation,CH-SIMS/video_0014/0031,/root/autodl-tmp/data/datasets/ch_sims/Raw.zip::Raw/video_0014/0031.mp4,/root/autodl-tmp/data/datasets/ch_sims/Raw.zip::Raw/video_0014/0031.mp4,/root/autodl-tmp/data/datasets/ch_sims/label.csv#video_0014/0031,0.00,3.14,zh,medium,high,high,true,true
EAQ000383,CH-SIMS,validation,CH-SIMS/video_0014/0032,/root/autodl-tmp/data/datasets/ch_sims/Raw.zip::Raw/video_0014/0032.mp4,/root/autodl-tmp/data/datasets/ch_sims/Raw.zip::Raw/video_0014/0032.mp4,/root/autodl-tmp/data/datasets/ch_sims/label.csv#video_0014/0032,0.00,1.43,zh,medium,high,high,true,true
EAQ000384,CH-SIMS,train,CH-SIMS/video_0014/0033,/root/autodl-tmp/data/datasets/ch_sims/Raw.zip::Raw/video_0014/0033.mp4,/root/autodl-tmp/data/datasets/ch_sims/Raw.zip::Raw/video_0014/0033.mp4,/root/autodl-tmp/data/datasets/ch_sims/label.csv#video_0014/0033,0.00,3.71,zh,medium,high,high,true,true
EAQ000385,CH-SIMS,test,CH-SIMS/video_0015/0001,/root/autodl-tmp/data/datasets/ch_sims/Raw.zip::Raw/video_0015/0001.mp4,/root/autodl-tmp/data/datasets/ch_sims/Raw.zip::Raw/video_0015/0001.mp4,/root/autodl-tmp/data/datasets/ch_sims/label.csv#video_0015/0001,0.00,4.86,zh,medium,high,high,true,true
EAQ000386,CH-SIMS,train,CH-SIMS/video_0015/0002,/root/autodl-tmp/data/datasets/ch_sims/Raw.zip::Raw/video_0015/0002.mp4,/root/autodl-tmp/data/datasets/ch_sims/Raw.zip::Raw/video_0015/0002.mp4,/root/autodl-tmp/data/datasets/ch_sims/label.csv#video_0015/0002,0.00,1.71,zh,medium,high,high,true,true
EAQ000387,CH-SIMS,test,CH-SIMS/video_0015/0003,/root/autodl-tmp/data/datasets/ch_sims/Raw.zip::Raw/video_0015/0003.mp4,/root/autodl-tmp/data/datasets/ch_sims/Raw.zip::Raw/video_0015/0003.mp4,/root/autodl-tmp/data/datasets/ch_sims/label.csv#video_0015/0003,0.00,2.57,zh,medium,high,high,true,true
EAQ000388,CH-SIMS,train,CH-SIMS/video_0015/0004,/root/autodl-tmp/data/datasets/ch_sims/Raw.zip::Raw/video_0015/0004.mp4,/root/autodl-tmp/data/datasets/ch_sims/Raw.zip::Raw/video_0015/0004.mp4,/root/autodl-tmp/data/datasets/ch_sims/label.csv#video_0015/0004,0.00,4.29,zh,medium,high,high,true,true
EAQ000389,CH-SIMS,train,CH-SIMS/video_0015/0005,/root/autodl-tmp/data/datasets/ch_sims/Raw.zip::Raw/video_0015/0005.mp4,/root/autodl-tmp/data/datasets/ch_sims/Raw.zip::Raw/video_0015/0005.mp4,/root/autodl-tmp/data/datasets/ch_sims/label.csv#video_0015/0005,0.00,2.29,zh,medium,high,high,true,true
EAQ000390,CH-SIMS,validation,CH-SIMS/video_0015/0006,/root/autodl-tmp/data/datasets/ch_sims/Raw.zip::Raw/video_0015/0006.mp4,/root/autodl-tmp/data/datasets/ch_sims/Raw.zip::Raw/video_0015/0006.mp4,/root/autodl-tmp/data/datasets/ch_sims/label.csv#video_0015/0006,0.00,3.14,zh,medium,high,high,true,true
EAQ000391,CH-SIMS,validation,CH-SIMS/video_0015/0007,/root/autodl-tmp/data/datasets/ch_sims/Raw.zip::Raw/video_0015/0007.mp4,/root/autodl-tmp/data/datasets/ch_sims/Raw.zip::Raw/video_0015/0007.mp4,/root/autodl-tmp/data/datasets/ch_sims/label.csv#video_0015/0007,0.00,5.43,zh,medium,high,high,true,true
EAQ000392,CH-SIMS,validation,CH-SIMS/video_0015/0008,/root/autodl-tmp/data/datasets/ch_sims/Raw.zip::Raw/video_0015/0008.mp4,/root/autodl-tmp/data/datasets/ch_sims/Raw.zip::Raw/video_0015/0008.mp4,/root/autodl-tmp/data/datasets/ch_sims/label.csv#video_0015/0008,0.00,3.14,zh,medium,high,high,true,true
EAQ000393,CH-SIMS,train,CH-SIMS/video_0015/0009,/root/autodl-tmp/data/datasets/ch_sims/Raw.zip::Raw/video_0015/0009.mp4,/root/autodl-tmp/data/datasets/ch_sims/Raw.zip::Raw/video_0015/0009.mp4,/root/autodl-tmp/data/datasets/ch_sims/label.csv#video_0015/0009,0.00,3.71,zh,medium,high,high,true,true
EAQ000394,CH-SIMS,train,CH-SIMS/video_0015/0010,/root/autodl-tmp/data/datasets/ch_sims/Raw.zip::Raw/video_0015/0010.mp4,/root/autodl-tmp/data/datasets/ch_sims/Raw.zip::Raw/video_0015/0010.mp4,/root/autodl-tmp/data/datasets/ch_sims/label.csv#video_0015/0010,0.00,2.29,zh,medium,high,high,true,true
EAQ000395,CH-SIMS,validation,CH-SIMS/video_0015/0011,/root/autodl-tmp/data/datasets/ch_sims/Raw.zip::Raw/video_0015/0011.mp4,/root/autodl-tmp/data/datasets/ch_sims/Raw.zip::Raw/video_0015/0011.mp4,/root/autodl-tmp/data/datasets/ch_sims/label.csv#video_0015/0011,0.00,6.57,zh,medium,high,high,true,true
EAQ000396,CH-SIMS,test,CH-SIMS/video_0015/0012,/root/autodl-tmp/data/datasets/ch_sims/Raw.zip::Raw/video_0015/0012.mp4,/root/autodl-tmp/data/datasets/ch_sims/Raw.zip::Raw/video_0015/0012.mp4,/root/autodl-tmp/data/datasets/ch_sims/label.csv#video_0015/0012,0.00,5.14,zh,medium,high,high,true,true
EAQ000397,CH-SIMS,train,CH-SIMS/video_0015/0013,/root/autodl-tmp/data/datasets/ch_sims/Raw.zip::Raw/video_0015/0013.mp4,/root/autodl-tmp/data/datasets/ch_sims/Raw.zip::Raw/video_0015/0013.mp4,/root/autodl-tmp/data/datasets/ch_sims/label.csv#video_0015/0013,0.00,2.57,zh,medium,high,high,true,true
EAQ000398,CH-SIMS,train,CH-SIMS/video_0015/0014,/root/autodl-tmp/data/datasets/ch_sims/Raw.zip::Raw/video_0015/0014.mp4,/root/autodl-tmp/data/datasets/ch_sims/Raw.zip::Raw/video_0015/0014.mp4,/root/autodl-tmp/data/datasets/ch_sims/label.csv#video_0015/0014,0.00,7.71,zh,medium,high,high,true,true
EAQ000399,CH-SIMS,train,CH-SIMS/video_0015/0015,/root/autodl-tmp/data/datasets/ch_sims/Raw.zip::Raw/video_0015/0015.mp4,/root/autodl-tmp/data/datasets/ch_sims/Raw.zip::Raw/video_0015/0015.mp4,/root/autodl-tmp/data/datasets/ch_sims/label.csv#video_0015/0015,0.00,1.71,zh,medium,high,high,true,true
EAQ000400,CH-SIMS,train,CH-SIMS/video_0015/0016,/root/autodl-tmp/data/datasets/ch_sims/Raw.zip::Raw/video_0015/0016.mp4,/root/autodl-tmp/data/datasets/ch_sims/Raw.zip::Raw/video_0015/0016.mp4,/root/autodl-tmp/data/datasets/ch_sims/label.csv#video_0015/0016,0.00,3.71,zh,medium,high,high,true,true
EAQ000401,CH-SIMS,train,CH-SIMS/video_0015/0017,/root/autodl-tmp/data/datasets/ch_sims/Raw.zip::Raw/video_0015/0017.mp4,/root/autodl-tmp/data/datasets/ch_sims/Raw.zip::Raw/video_0015/0017.mp4,/root/autodl-tmp/data/datasets/ch_sims/label.csv#video_0015/0017,0.00,3.14,zh,medium,high,high,true,true
EAQ000402,CH-SIMS,validation,CH-SIMS/video_0015/0018,/root/autodl-tmp/data/datasets/ch_sims/Raw.zip::Raw/video_0015/0018.mp4,/root/autodl-tmp/data/datasets/ch_sims/Raw.zip::Raw/video_0015/0018.mp4,/root/autodl-tmp/data/datasets/ch_sims/label.csv#video_0015/0018,0.00,5.43,zh,medium,high,high,true,true
EAQ000403,CH-SIMS,train,CH-SIMS/video_0015/0019,/root/autodl-tmp/data/datasets/ch_sims/Raw.zip::Raw/video_0015/0019.mp4,/root/autodl-tmp/data/datasets/ch_sims/Raw.zip::Raw/video_0015/0019.mp4,/root/autodl-tmp/data/datasets/ch_sims/label.csv#video_0015/0019,0.00,1.43,zh,medium,high,high,true,true
EAQ000404,CH-SIMS,validation,CH-SIMS/video_0015/0020,/root/autodl-tmp/data/datasets/ch_sims/Raw.zip::Raw/video_0015/0020.mp4,/root/autodl-tmp/data/datasets/ch_sims/Raw.zip::Raw/video_0015/0020.mp4,/root/autodl-tmp/data/datasets/ch_sims/label.csv#video_0015/0020,0.00,5.43,zh,medium,high,high,true,true
EAQ000405,CH-SIMS,train,CH-SIMS/video_0015/0021,/root/autodl-tmp/data/datasets/ch_sims/Raw.zip::Raw/video_0015/0021.mp4,/root/autodl-tmp/data/datasets/ch_sims/Raw.zip::Raw/video_0015/0021.mp4,/root/autodl-tmp/data/datasets/ch_sims/label.csv#video_0015/0021,0.00,4.00,zh,medium,high,high,true,true
EAQ000406,CH-SIMS,train,CH-SIMS/video_0015/0022,/root/autodl-tmp/data/datasets/ch_sims/Raw.zip::Raw/video_0015/0022.mp4,/root/autodl-tmp/data/datasets/ch_sims/Raw.zip::Raw/video_0015/0022.mp4,/root/autodl-tmp/data/datasets/ch_sims/label.csv#video_0015/0022,0.00,3.14,zh,medium,high,high,true,true
EAQ000407,CH-SIMS,train,CH-SIMS/video_0015/0023,/root/autodl-tmp/data/datasets/ch_sims/Raw.zip::Raw/video_0015/0023.mp4,/root/autodl-tmp/data/datasets/ch_sims/Raw.zip::Raw/video_0015/0023.mp4,/root/autodl-tmp/data/datasets/ch_sims/label.csv#video_0015/0023,0.00,1.71,zh,medium,high,high,true,true
EAQ000408,CH-SIMS,train,CH-SIMS/video_0015/0024,/root/autodl-tmp/data/datasets/ch_sims/Raw.zip::Raw/video_0015/0024.mp4,/root/autodl-tmp/data/datasets/ch_sims/Raw.zip::Raw/video_0015/0024.mp4,/root/autodl-tmp/data/datasets/ch_sims/label.csv#video_0015/0024,0.00,3.71,zh,medium,high,high,true,true
EAQ000409,CH-SIMS,validation,CH-SIMS/video_0015/0025,/root/autodl-tmp/data/datasets/ch_sims/Raw.zip::Raw/video_0015/0025.mp4,/root/autodl-tmp/data/datasets/ch_sims/Raw.zip::Raw/video_0015/0025.mp4,/root/autodl-tmp/data/datasets/ch_sims/label.csv#video_0015/0025,0.00,5.71,zh,medium,high,high,true,true
EAQ000410,CH-SIMS,train,CH-SIMS/video_0015/0026,/root/autodl-tmp/data/datasets/ch_sims/Raw.zip::Raw/video_0015/0026.mp4,/root/autodl-tmp/data/datasets/ch_sims/Raw.zip::Raw/video_0015/0026.mp4,/root/autodl-tmp/data/datasets/ch_sims/label.csv#video_0015/0026,0.00,7.43,zh,medium,high,high,true,true
EAQ000411,CH-SIMS,train,CH-SIMS/video_0015/0027,/root/autodl-tmp/data/datasets/ch_sims/Raw.zip::Raw/video_0015/0027.mp4,/root/autodl-tmp/data/datasets/ch_sims/Raw.zip::Raw/video_0015/0027.mp4,/root/autodl-tmp/data/datasets/ch_sims/label.csv#video_0015/0027,0.00,6.86,zh,medium,high,high,true,true
EAQ000412,CH-SIMS,test,CH-SIMS/video_0015/0028,/root/autodl-tmp/data/datasets/ch_sims/Raw.zip::Raw/video_0015/0028.mp4,/root/autodl-tmp/data/datasets/ch_sims/Raw.zip::Raw/video_0015/0028.mp4,/root/autodl-tmp/data/datasets/ch_sims/label.csv#video_0015/0028,0.00,3.71,zh,medium,high,high,true,true
EAQ000413,CH-SIMS,validation,CH-SIMS/video_0015/0029,/root/autodl-tmp/data/datasets/ch_sims/Raw.zip::Raw/video_0015/0029.mp4,/root/autodl-tmp/data/datasets/ch_sims/Raw.zip::Raw/video_0015/0029.mp4,/root/autodl-tmp/data/datasets/ch_sims/label.csv#video_0015/0029,0.00,3.43,zh,medium,high,high,true,true
EAQ000414,CH-SIMS,validation,CH-SIMS/video_0015/0030,/root/autodl-tmp/data/datasets/ch_sims/Raw.zip::Raw/video_0015/0030.mp4,/root/autodl-tmp/data/datasets/ch_sims/Raw.zip::Raw/video_0015/0030.mp4,/root/autodl-tmp/data/datasets/ch_sims/label.csv#video_0015/0030,0.00,3.14,zh,medium,high,high,true,true
EAQ000415,CH-SIMS,train,CH-SIMS/video_0015/0031,/root/autodl-tmp/data/datasets/ch_sims/Raw.zip::Raw/video_0015/0031.mp4,/root/autodl-tmp/data/datasets/ch_sims/Raw.zip::Raw/video_0015/0031.mp4,/root/autodl-tmp/data/datasets/ch_sims/label.csv#video_0015/0031,0.00,5.14,zh,medium,high,high,true,true
EAQ000416,CH-SIMS,train,CH-SIMS/video_0015/0032,/root/autodl-tmp/data/datasets/ch_sims/Raw.zip::Raw/video_0015/0032.mp4,/root/autodl-tmp/data/datasets/ch_sims/Raw.zip::Raw/video_0015/0032.mp4,/root/autodl-tmp/data/datasets/ch_sims/label.csv#video_0015/0032,0.00,4.57,zh,medium,high,high,true,true
EAQ000417,CH-SIMS,train,CH-SIMS/video_0015/0033,/root/autodl-tmp/data/datasets/ch_sims/Raw.zip::Raw/video_0015/0033.mp4,/root/autodl-tmp/data/datasets/ch_sims/Raw.zip::Raw/video_0015/0033.mp4,/root/autodl-tmp/data/datasets/ch_sims/label.csv#video_0015/0033,0.00,4.29,zh,medium,high,high,true,true
EAQ000418,CH-SIMS,train,CH-SIMS/video_0015/0034,/root/autodl-tmp/data/datasets/ch_sims/Raw.zip::Raw/video_0015/0034.mp4,/root/autodl-tmp/data/datasets/ch_sims/Raw.zip::Raw/video_0015/0034.mp4,/root/autodl-tmp/data/datasets/ch_sims/label.csv#video_0015/0034,0.00,1.00,zh,medium,high,medium,true,true
EAQ000419,CH-SIMS,test,CH-SIMS/video_0015/0035,/root/autodl-tmp/data/datasets/ch_sims/Raw.zip::Raw/video_0015/0035.mp4,/root/autodl-tmp/data/datasets/ch_sims/Raw.zip::Raw/video_0015/0035.mp4,/root/autodl-tmp/data/datasets/ch_sims/label.csv#video_0015/0035,0.00,6.00,zh,medium,high,high,true,true
EAQ000420,CH-SIMS,validation,CH-SIMS/video_0015/0036,/root/autodl-tmp/data/datasets/ch_sims/Raw.zip::Raw/video_0015/0036.mp4,/root/autodl-tmp/data/datasets/ch_sims/Raw.zip::Raw/video_0015/0036.mp4,/root/autodl-tmp/data/datasets/ch_sims/label.csv#video_0015/0036,0.00,2.86,zh,medium,high,high,true,true
EAQ000421,CH-SIMS,train,CH-SIMS/video_0015/0037,/root/autodl-tmp/data/datasets/ch_sims/Raw.zip::Raw/video_0015/0037.mp4,/root/autodl-tmp/data/datasets/ch_sims/Raw.zip::Raw/video_0015/0037.mp4,/root/autodl-tmp/data/datasets/ch_sims/label.csv#video_0015/0037,0.00,7.71,zh,medium,high,high,true,true
EAQ000422,CH-SIMS,train,CH-SIMS/video_0015/0038,/root/autodl-tmp/data/datasets/ch_sims/Raw.zip::Raw/video_0015/0038.mp4,/root/autodl-tmp/data/datasets/ch_sims/Raw.zip::Raw/video_0015/0038.mp4,/root/autodl-tmp/data/datasets/ch_sims/label.csv#video_0015/0038,0.00,3.14,zh,medium,high,high,true,true
EAQ000423,CH-SIMS,train,CH-SIMS/video_0015/0039,/root/autodl-tmp/data/datasets/ch_sims/Raw.zip::Raw/video_0015/0039.mp4,/root/autodl-tmp/data/datasets/ch_sims/Raw.zip::Raw/video_0015/0039.mp4,/root/autodl-tmp/data/datasets/ch_sims/label.csv#video_0015/0039,0.00,2.57,zh,medium,high,high,true,true
EAQ000424,CH-SIMS,train,CH-SIMS/video_0015/0040,/root/autodl-tmp/data/datasets/ch_sims/Raw.zip::Raw/video_0015/0040.mp4,/root/autodl-tmp/data/datasets/ch_sims/Raw.zip::Raw/video_0015/0040.mp4,/root/autodl-tmp/data/datasets/ch_sims/label.csv#video_0015/0040,0.00,8.00,zh,medium,high,high,true,true
EAQ000425,CH-SIMS,validation,CH-SIMS/video_0015/0041,/root/autodl-tmp/data/datasets/ch_sims/Raw.zip::Raw/video_0015/0041.mp4,/root/autodl-tmp/data/datasets/ch_sims/Raw.zip::Raw/video_0015/0041.mp4,/root/autodl-tmp/data/datasets/ch_sims/label.csv#video_0015/0041,0.00,3.71,zh,medium,high,high,true,true
EAQ000426,CH-SIMS,train,CH-SIMS/video_0016/0001,/root/autodl-tmp/data/datasets/ch_sims/Raw.zip::Raw/video_0016/0001.mp4,/root/autodl-tmp/data/datasets/ch_sims/Raw.zip::Raw/video_0016/0001.mp4,/root/autodl-tmp/data/datasets/ch_sims/label.csv#video_0016/0001,0.00,3.14,zh,medium,high,high,true,true
EAQ000427,CH-SIMS,train,CH-SIMS/video_0016/0002,/root/autodl-tmp/data/datasets/ch_sims/Raw.zip::Raw/video_0016/0002.mp4,/root/autodl-tmp/data/datasets/ch_sims/Raw.zip::Raw/video_0016/0002.mp4,/root/autodl-tmp/data/datasets/ch_sims/label.csv#video_0016/0002,0.00,5.43,zh,medium,high,high,true,true
EAQ000428,CH-SIMS,train,CH-SIMS/video_0016/0003,/root/autodl-tmp/data/datasets/ch_sims/Raw.zip::Raw/video_0016/0003.mp4,/root/autodl-tmp/data/datasets/ch_sims/Raw.zip::Raw/video_0016/0003.mp4,/root/autodl-tmp/data/datasets/ch_sims/label.csv#video_0016/0003,0.00,3.43,zh,medium,high,high,true,true
EAQ000429,CH-SIMS,validation,CH-SIMS/video_0016/0004,/root/autodl-tmp/data/datasets/ch_sims/Raw.zip::Raw/video_0016/0004.mp4,/root/autodl-tmp/data/datasets/ch_sims/Raw.zip::Raw/video_0016/0004.mp4,/root/autodl-tmp/data/datasets/ch_sims/label.csv#video_0016/0004,0.00,6.57,zh,medium,high,high,true,true
EAQ000430,CH-SIMS,test,CH-SIMS/video_0016/0005,/root/autodl-tmp/data/datasets/ch_sims/Raw.zip::Raw/video_0016/0005.mp4,/root/autodl-tmp/data/datasets/ch_sims/Raw.zip::Raw/video_0016/0005.mp4,/root/autodl-tmp/data/datasets/ch_sims/label.csv#video_0016/0005,0.00,4.29,zh,medium,high,high,true,true
EAQ000431,CH-SIMS,train,CH-SIMS/video_0016/0006,/root/autodl-tmp/data/datasets/ch_sims/Raw.zip::Raw/video_0016/0006.mp4,/root/autodl-tmp/data/datasets/ch_sims/Raw.zip::Raw/video_0016/0006.mp4,/root/autodl-tmp/data/datasets/ch_sims/label.csv#video_0016/0006,0.00,11.43,zh,medium,high,high,true,true
EAQ000432,CH-SIMS,test,CH-SIMS/video_0016/0007,/root/autodl-tmp/data/datasets/ch_sims/Raw.zip::Raw/video_0016/0007.mp4,/root/autodl-tmp/data/datasets/ch_sims/Raw.zip::Raw/video_0016/0007.mp4,/root/autodl-tmp/data/datasets/ch_sims/label.csv#video_0016/0007,0.00,6.57,zh,medium,high,high,true,true
EAQ000433,CH-SIMS,train,CH-SIMS/video_0016/0008,/root/autodl-tmp/data/datasets/ch_sims/Raw.zip::Raw/video_0016/0008.mp4,/root/autodl-tmp/data/datasets/ch_sims/Raw.zip::Raw/video_0016/0008.mp4,/root/autodl-tmp/data/datasets/ch_sims/label.csv#video_0016/0008,0.00,4.00,zh,medium,high,high,true,true
EAQ000434,CH-SIMS,validation,CH-SIMS/video_0016/0009,/root/autodl-tmp/data/datasets/ch_sims/Raw.zip::Raw/video_0016/0009.mp4,/root/autodl-tmp/data/datasets/ch_sims/Raw.zip::Raw/video_0016/0009.mp4,/root/autodl-tmp/data/datasets/ch_sims/label.csv#video_0016/0009,0.00,7.43,zh,medium,high,high,true,true
EAQ000435,CH-SIMS,train,CH-SIMS/video_0016/0010,/root/autodl-tmp/data/datasets/ch_sims/Raw.zip::Raw/video_0016/0010.mp4,/root/autodl-tmp/data/datasets/ch_sims/Raw.zip::Raw/video_0016/0010.mp4,/root/autodl-tmp/data/datasets/ch_sims/label.csv#video_0016/0010,0.00,8.00,zh,medium,high,high,true,true
EAQ000436,CH-SIMS,train,CH-SIMS/video_0016/0011,/root/autodl-tmp/data/datasets/ch_sims/Raw.zip::Raw/video_0016/0011.mp4,/root/autodl-tmp/data/datasets/ch_sims/Raw.zip::Raw/video_0016/0011.mp4,/root/autodl-tmp/data/datasets/ch_sims/label.csv#video_0016/0011,0.00,4.57,zh,medium,high,high,true,true
EAQ000437,CH-SIMS,validation,CH-SIMS/video_0016/0012,/root/autodl-tmp/data/datasets/ch_sims/Raw.zip::Raw/video_0016/0012.mp4,/root/autodl-tmp/data/datasets/ch_sims/Raw.zip::Raw/video_0016/0012.mp4,/root/autodl-tmp/data/datasets/ch_sims/label.csv#video_0016/0012,0.00,4.00,zh,medium,high,high,true,true
EAQ000438,CH-SIMS,train,CH-SIMS/video_0016/0013,/root/autodl-tmp/data/datasets/ch_sims/Raw.zip::Raw/video_0016/0013.mp4,/root/autodl-tmp/data/datasets/ch_sims/Raw.zip::Raw/video_0016/0013.mp4,/root/autodl-tmp/data/datasets/ch_sims/label.csv#video_0016/0013,0.00,7.14,zh,medium,high,high,true,true
EAQ000439,CH-SIMS,train,CH-SIMS/video_0016/0014,/root/autodl-tmp/data/datasets/ch_sims/Raw.zip::Raw/video_0016/0014.mp4,/root/autodl-tmp/data/datasets/ch_sims/Raw.zip::Raw/video_0016/0014.mp4,/root/autodl-tmp/data/datasets/ch_sims/label.csv#video_0016/0014,0.00,2.86,zh,medium,high,high,true,true
EAQ000440,CH-SIMS,train,CH-SIMS/video_0016/0015,/root/autodl-tmp/data/datasets/ch_sims/Raw.zip::Raw/video_0016/0015.mp4,/root/autodl-tmp/data/datasets/ch_sims/Raw.zip::Raw/video_0016/0015.mp4,/root/autodl-tmp/data/datasets/ch_sims/label.csv#video_0016/0015,0.00,5.71,zh,medium,high,high,true,true
EAQ000441,CH-SIMS,test,CH-SIMS/video_0016/0016,/root/autodl-tmp/data/datasets/ch_sims/Raw.zip::Raw/video_0016/0016.mp4,/root/autodl-tmp/data/datasets/ch_sims/Raw.zip::Raw/video_0016/0016.mp4,/root/autodl-tmp/data/datasets/ch_sims/label.csv#video_0016/0016,0.00,6.00,zh,medium,high,high,true,true
EAQ000442,CH-SIMS,train,CH-SIMS/video_0016/0017,/root/autodl-tmp/data/datasets/ch_sims/Raw.zip::Raw/video_0016/0017.mp4,/root/autodl-tmp/data/datasets/ch_sims/Raw.zip::Raw/video_0016/0017.mp4,/root/autodl-tmp/data/datasets/ch_sims/label.csv#video_0016/0017,0.00,4.00,zh,medium,high,high,true,true
EAQ000443,CH-SIMS,train,CH-SIMS/video_0016/0018,/root/autodl-tmp/data/datasets/ch_sims/Raw.zip::Raw/video_0016/0018.mp4,/root/autodl-tmp/data/datasets/ch_sims/Raw.zip::Raw/video_0016/0018.mp4,/root/autodl-tmp/data/datasets/ch_sims/label.csv#video_0016/0018,0.00,6.57,zh,medium,high,high,true,true
EAQ000444,CH-SIMS,train,CH-SIMS/video_0016/0019,/root/autodl-tmp/data/datasets/ch_sims/Raw.zip::Raw/video_0016/0019.mp4,/root/autodl-tmp/data/datasets/ch_sims/Raw.zip::Raw/video_0016/0019.mp4,/root/autodl-tmp/data/datasets/ch_sims/label.csv#video_0016/0019,0.00,2.00,zh,medium,high,high,true,true
EAQ000445,CH-SIMS,validation,CH-SIMS/video_0016/0020,/root/autodl-tmp/data/datasets/ch_sims/Raw.zip::Raw/video_0016/0020.mp4,/root/autodl-tmp/data/datasets/ch_sims/Raw.zip::Raw/video_0016/0020.mp4,/root/autodl-tmp/data/datasets/ch_sims/label.csv#video_0016/0020,0.00,6.29,zh,medium,high,high,true,true
EAQ000446,CH-SIMS,train,CH-SIMS/video_0016/0021,/root/autodl-tmp/data/datasets/ch_sims/Raw.zip::Raw/video_0016/0021.mp4,/root/autodl-tmp/data/datasets/ch_sims/Raw.zip::Raw/video_0016/0021.mp4,/root/autodl-tmp/data/datasets/ch_sims/label.csv#video_0016/0021,0.00,5.71,zh,medium,high,high,true,true
EAQ000447,CH-SIMS,test,CH-SIMS/video_0016/0022,/root/autodl-tmp/data/datasets/ch_sims/Raw.zip::Raw/video_0016/0022.mp4,/root/autodl-tmp/data/datasets/ch_sims/Raw.zip::Raw/video_0016/0022.mp4,/root/autodl-tmp/data/datasets/ch_sims/label.csv#video_0016/0022,0.00,5.71,zh,medium,high,high,true,true
EAQ000448,CH-SIMS,test,CH-SIMS/video_0016/0023,/root/autodl-tmp/data/datasets/ch_sims/Raw.zip::Raw/video_0016/0023.mp4,/root/autodl-tmp/data/datasets/ch_sims/Raw.zip::Raw/video_0016/0023.mp4,/root/autodl-tmp/data/datasets/ch_sims/label.csv#video_0016/0023,0.00,6.57,zh,medium,high,high,true,true
EAQ000449,CH-SIMS,train,CH-SIMS/video_0016/0024,/root/autodl-tmp/data/datasets/ch_sims/Raw.zip::Raw/video_0016/0024.mp4,/root/autodl-tmp/data/datasets/ch_sims/Raw.zip::Raw/video_0016/0024.mp4,/root/autodl-tmp/data/datasets/ch_sims/label.csv#video_0016/0024,0.00,4.86,zh,medium,high,high,true,true
EAQ000450,CH-SIMS,train,CH-SIMS/video_0016/0025,/root/autodl-tmp/data/datasets/ch_sims/Raw.zip::Raw/video_0016/0025.mp4,/root/autodl-tmp/data/datasets/ch_sims/Raw.zip::Raw/video_0016/0025.mp4,/root/autodl-tmp/data/datasets/ch_sims/label.csv#video_0016/0025,0.00,6.00,zh,medium,high,high,true,true
EAQ000451,CH-SIMS,train,CH-SIMS/video_0016/0026,/root/autodl-tmp/data/datasets/ch_sims/Raw.zip::Raw/video_0016/0026.mp4,/root/autodl-tmp/data/datasets/ch_sims/Raw.zip::Raw/video_0016/0026.mp4,/root/autodl-tmp/data/datasets/ch_sims/label.csv#video_0016/0026,0.00,7.14,zh,medium,high,high,true,true
EAQ000452,CH-SIMS,train,CH-SIMS/video_0016/0027,/root/autodl-tmp/data/datasets/ch_sims/Raw.zip::Raw/video_0016/0027.mp4,/root/autodl-tmp/data/datasets/ch_sims/Raw.zip::Raw/video_0016/0027.mp4,/root/autodl-tmp/data/datasets/ch_sims/label.csv#video_0016/0027,0.00,9.71,zh,medium,high,high,true,true
EAQ000453,CH-SIMS,validation,CH-SIMS/video_0016/0028,/root/autodl-tmp/data/datasets/ch_sims/Raw.zip::Raw/video_0016/0028.mp4,/root/autodl-tmp/data/datasets/ch_sims/Raw.zip::Raw/video_0016/0028.mp4,/root/autodl-tmp/data/datasets/ch_sims/label.csv#video_0016/0028,0.00,2.00,zh,medium,high,high,true,true
EAQ000454,CH-SIMS,train,CH-SIMS/video_0016/0029,/root/autodl-tmp/data/datasets/ch_sims/Raw.zip::Raw/video_0016/0029.mp4,/root/autodl-tmp/data/datasets/ch_sims/Raw.zip::Raw/video_0016/0029.mp4,/root/autodl-tmp/data/datasets/ch_sims/label.csv#video_0016/0029,0.00,4.00,zh,medium,high,high,true,true
EAQ000455,CH-SIMS,train,CH-SIMS/video_0016/0030,/root/autodl-tmp/data/datasets/ch_sims/Raw.zip::Raw/video_0016/0030.mp4,/root/autodl-tmp/data/datasets/ch_sims/Raw.zip::Raw/video_0016/0030.mp4,/root/autodl-tmp/data/datasets/ch_sims/label.csv#video_0016/0030,0.00,4.29,zh,medium,high,high,true,true
EAQ000456,CH-SIMS,validation,CH-SIMS/video_0016/0031,/root/autodl-tmp/data/datasets/ch_sims/Raw.zip::Raw/video_0016/0031.mp4,/root/autodl-tmp/data/datasets/ch_sims/Raw.zip::Raw/video_0016/0031.mp4,/root/autodl-tmp/data/datasets/ch_sims/label.csv#video_0016/0031,0.00,7.14,zh,medium,high,high,true,true
EAQ000457,CH-SIMS,train,CH-SIMS/video_0016/0032,/root/autodl-tmp/data/datasets/ch_sims/Raw.zip::Raw/video_0016/0032.mp4,/root/autodl-tmp/data/datasets/ch_sims/Raw.zip::Raw/video_0016/0032.mp4,/root/autodl-tmp/data/datasets/ch_sims/label.csv#video_0016/0032,0.00,8.00,zh,medium,high,high,true,true
EAQ000458,CH-SIMS,test,CH-SIMS/video_0016/0033,/root/autodl-tmp/data/datasets/ch_sims/Raw.zip::Raw/video_0016/0033.mp4,/root/autodl-tmp/data/datasets/ch_sims/Raw.zip::Raw/video_0016/0033.mp4,/root/autodl-tmp/data/datasets/ch_sims/label.csv#video_0016/0033,0.00,9.71,zh,medium,high,high,true,true
EAQ000459,CH-SIMS,test,CH-SIMS/video_0016/0034,/root/autodl-tmp/data/datasets/ch_sims/Raw.zip::Raw/video_0016/0034.mp4,/root/autodl-tmp/data/datasets/ch_sims/Raw.zip::Raw/video_0016/0034.mp4,/root/autodl-tmp/data/datasets/ch_sims/label.csv#video_0016/0034,0.00,4.57,zh,medium,high,high,true,true
EAQ000460,CH-SIMS,train,CH-SIMS/video_0016/0035,/root/autodl-tmp/data/datasets/ch_sims/Raw.zip::Raw/video_0016/0035.mp4,/root/autodl-tmp/data/datasets/ch_sims/Raw.zip::Raw/video_0016/0035.mp4,/root/autodl-tmp/data/datasets/ch_sims/label.csv#video_0016/0035,0.00,4.29,zh,medium,high,high,true,true
EAQ000461,CH-SIMS,train,CH-SIMS/video_0016/0036,/root/autodl-tmp/data/datasets/ch_sims/Raw.zip::Raw/video_0016/0036.mp4,/root/autodl-tmp/data/datasets/ch_sims/Raw.zip::Raw/video_0016/0036.mp4,/root/autodl-tmp/data/datasets/ch_sims/label.csv#video_0016/0036,0.00,4.57,zh,medium,high,high,true,true
EAQ000462,CH-SIMS,validation,CH-SIMS/video_0016/0037,/root/autodl-tmp/data/datasets/ch_sims/Raw.zip::Raw/video_0016/0037.mp4,/root/autodl-tmp/data/datasets/ch_sims/Raw.zip::Raw/video_0016/0037.mp4,/root/autodl-tmp/data/datasets/ch_sims/label.csv#video_0016/0037,0.00,1.71,zh,medium,high,high,true,true
EAQ000463,CH-SIMS,test,CH-SIMS/video_0016/0038,/root/autodl-tmp/data/datasets/ch_sims/Raw.zip::Raw/video_0016/0038.mp4,/root/autodl-tmp/data/datasets/ch_sims/Raw.zip::Raw/video_0016/0038.mp4,/root/autodl-tmp/data/datasets/ch_sims/label.csv#video_0016/0038,0.00,1.71,zh,medium,high,high,true,true
EAQ000464,CH-SIMS,train,CH-SIMS/video_0016/0039,/root/autodl-tmp/data/datasets/ch_sims/Raw.zip::Raw/video_0016/0039.mp4,/root/autodl-tmp/data/datasets/ch_sims/Raw.zip::Raw/video_0016/0039.mp4,/root/autodl-tmp/data/datasets/ch_sims/label.csv#video_0016/0039,0.00,4.29,zh,medium,high,high,true,true
EAQ000465,CH-SIMS,test,CH-SIMS/video_0016/0040,/root/autodl-tmp/data/datasets/ch_sims/Raw.zip::Raw/video_0016/0040.mp4,/root/autodl-tmp/data/datasets/ch_sims/Raw.zip::Raw/video_0016/0040.mp4,/root/autodl-tmp/data/datasets/ch_sims/label.csv#video_0016/0040,0.00,1.71,zh,medium,high,high,true,true
EAQ000466,CH-SIMS,validation,CH-SIMS/video_0016/0041,/root/autodl-tmp/data/datasets/ch_sims/Raw.zip::Raw/video_0016/0041.mp4,/root/autodl-tmp/data/datasets/ch_sims/Raw.zip::Raw/video_0016/0041.mp4,/root/autodl-tmp/data/datasets/ch_sims/label.csv#video_0016/0041,0.00,4.86,zh,medium,high,high,true,true
EAQ000467,CH-SIMS,train,CH-SIMS/video_0016/0042,/root/autodl-tmp/data/datasets/ch_sims/Raw.zip::Raw/video_0016/0042.mp4,/root/autodl-tmp/data/datasets/ch_sims/Raw.zip::Raw/video_0016/0042.mp4,/root/autodl-tmp/data/datasets/ch_sims/label.csv#video_0016/0042,0.00,2.57,zh,medium,high,high,true,true
EAQ000468,CH-SIMS,validation,CH-SIMS/video_0016/0043,/root/autodl-tmp/data/datasets/ch_sims/Raw.zip::Raw/video_0016/0043.mp4,/root/autodl-tmp/data/datasets/ch_sims/Raw.zip::Raw/video_0016/0043.mp4,/root/autodl-tmp/data/datasets/ch_sims/label.csv#video_0016/0043,0.00,5.43,zh,medium,high,high,true,true
EAQ000469,CH-SIMS,train,CH-SIMS/video_0016/0044,/root/autodl-tmp/data/datasets/ch_sims/Raw.zip::Raw/video_0016/0044.mp4,/root/autodl-tmp/data/datasets/ch_sims/Raw.zip::Raw/video_0016/0044.mp4,/root/autodl-tmp/data/datasets/ch_sims/label.csv#video_0016/0044,0.00,4.00,zh,medium,high,high,true,true
EAQ000470,CH-SIMS,train,CH-SIMS/video_0016/0045,/root/autodl-tmp/data/datasets/ch_sims/Raw.zip::Raw/video_0016/0045.mp4,/root/autodl-tmp/data/datasets/ch_sims/Raw.zip::Raw/video_0016/0045.mp4,/root/autodl-tmp/data/datasets/ch_sims/label.csv#video_0016/0045,0.00,3.43,zh,medium,high,high,true,true
EAQ000471,CH-SIMS,train,CH-SIMS/video_0016/0046,/root/autodl-tmp/data/datasets/ch_sims/Raw.zip::Raw/video_0016/0046.mp4,/root/autodl-tmp/data/datasets/ch_sims/Raw.zip::Raw/video_0016/0046.mp4,/root/autodl-tmp/data/datasets/ch_sims/label.csv#video_0016/0046,0.00,7.43,zh,medium,high,high,true,true
EAQ000472,CH-SIMS,train,CH-SIMS/video_0016/0047,/root/autodl-tmp/data/datasets/ch_sims/Raw.zip::Raw/video_0016/0047.mp4,/root/autodl-tmp/data/datasets/ch_sims/Raw.zip::Raw/video_0016/0047.mp4,/root/autodl-tmp/data/datasets/ch_sims/label.csv#video_0016/0047,0.00,7.14,zh,medium,high,high,true,true
EAQ000473,CH-SIMS,train,CH-SIMS/video_0017/0001,/root/autodl-tmp/data/datasets/ch_sims/Raw.zip::Raw/video_0017/0001.mp4,/root/autodl-tmp/data/datasets/ch_sims/Raw.zip::Raw/video_0017/0001.mp4,/root/autodl-tmp/data/datasets/ch_sims/label.csv#video_0017/0001,0.00,10.57,zh,medium,high,high,true,true
EAQ000474,CH-SIMS,train,CH-SIMS/video_0017/0002,/root/autodl-tmp/data/datasets/ch_sims/Raw.zip::Raw/video_0017/0002.mp4,/root/autodl-tmp/data/datasets/ch_sims/Raw.zip::Raw/video_0017/0002.mp4,/root/autodl-tmp/data/datasets/ch_sims/label.csv#video_0017/0002,0.00,6.57,zh,medium,high,high,true,true
EAQ000475,CH-SIMS,train,CH-SIMS/video_0017/0003,/root/autodl-tmp/data/datasets/ch_sims/Raw.zip::Raw/video_0017/0003.mp4,/root/autodl-tmp/data/datasets/ch_sims/Raw.zip::Raw/video_0017/0003.mp4,/root/autodl-tmp/data/datasets/ch_sims/label.csv#video_0017/0003,0.00,2.86,zh,medium,high,high,true,true
EAQ000476,CH-SIMS,train,CH-SIMS/video_0017/0004,/root/autodl-tmp/data/datasets/ch_sims/Raw.zip::Raw/video_0017/0004.mp4,/root/autodl-tmp/data/datasets/ch_sims/Raw.zip::Raw/video_0017/0004.mp4,/root/autodl-tmp/data/datasets/ch_sims/label.csv#video_0017/0004,0.00,2.86,zh,medium,high,high,true,true
EAQ000477,CH-SIMS,train,CH-SIMS/video_0017/0005,/root/autodl-tmp/data/datasets/ch_sims/Raw.zip::Raw/video_0017/0005.mp4,/root/autodl-tmp/data/datasets/ch_sims/Raw.zip::Raw/video_0017/0005.mp4,/root/autodl-tmp/data/datasets/ch_sims/label.csv#video_0017/0005,0.00,5.71,zh,medium,high,high,true,true
EAQ000478,CH-SIMS,train,CH-SIMS/video_0017/0006,/root/autodl-tmp/data/datasets/ch_sims/Raw.zip::Raw/video_0017/0006.mp4,/root/autodl-tmp/data/datasets/ch_sims/Raw.zip::Raw/video_0017/0006.mp4,/root/autodl-tmp/data/datasets/ch_sims/label.csv#video_0017/0006,0.00,9.14,zh,medium,high,high,true,true
EAQ000479,CH-SIMS,train,CH-SIMS/video_0017/0007,/root/autodl-tmp/data/datasets/ch_sims/Raw.zip::Raw/video_0017/0007.mp4,/root/autodl-tmp/data/datasets/ch_sims/Raw.zip::Raw/video_0017/0007.mp4,/root/autodl-tmp/data/datasets/ch_sims/label.csv#video_0017/0007,0.00,6.86,zh,medium,high,high,true,true
EAQ000480,CH-SIMS,train,CH-SIMS/video_0017/0008,/root/autodl-tmp/data/datasets/ch_sims/Raw.zip::Raw/video_0017/0008.mp4,/root/autodl-tmp/data/datasets/ch_sims/Raw.zip::Raw/video_0017/0008.mp4,/root/autodl-tmp/data/datasets/ch_sims/label.csv#video_0017/0008,0.00,4.86,zh,medium,high,high,true,true
EAQ000481,CH-SIMS,train,CH-SIMS/video_0017/0009,/root/autodl-tmp/data/datasets/ch_sims/Raw.zip::Raw/video_0017/0009.mp4,/root/autodl-tmp/data/datasets/ch_sims/Raw.zip::Raw/video_0017/0009.mp4,/root/autodl-tmp/data/datasets/ch_sims/label.csv#video_0017/0009,0.00,4.00,zh,medium,high,high,true,true
EAQ000482,CH-SIMS,train,CH-SIMS/video_0017/0010,/root/autodl-tmp/data/datasets/ch_sims/Raw.zip::Raw/video_0017/0010.mp4,/root/autodl-tmp/data/datasets/ch_sims/Raw.zip::Raw/video_0017/0010.mp4,/root/autodl-tmp/data/datasets/ch_sims/label.csv#video_0017/0010,0.00,4.57,zh,medium,high,high,true,true
EAQ000483,CH-SIMS,train,CH-SIMS/video_0017/0011,/root/autodl-tmp/data/datasets/ch_sims/Raw.zip::Raw/video_0017/0011.mp4,/root/autodl-tmp/data/datasets/ch_sims/Raw.zip::Raw/video_0017/0011.mp4,/root/autodl-tmp/data/datasets/ch_sims/label.csv#video_0017/0011,0.00,6.00,zh,medium,high,high,true,true
EAQ000484,CH-SIMS,train,CH-SIMS/video_0017/0012,/root/autodl-tmp/data/datasets/ch_sims/Raw.zip::Raw/video_0017/0012.mp4,/root/autodl-tmp/data/datasets/ch_sims/Raw.zip::Raw/video_0017/0012.mp4,/root/autodl-tmp/data/datasets/ch_sims/label.csv#video_0017/0012,0.00,6.29,zh,medium,high,high,true,true
EAQ000485,CH-SIMS,train,CH-SIMS/video_0017/0013,/root/autodl-tmp/data/datasets/ch_sims/Raw.zip::Raw/video_0017/0013.mp4,/root/autodl-tmp/data/datasets/ch_sims/Raw.zip::Raw/video_0017/0013.mp4,/root/autodl-tmp/data/datasets/ch_sims/label.csv#video_0017/0013,0.00,4.29,zh,medium,high,high,true,true
EAQ000486,CH-SIMS,train,CH-SIMS/video_0017/0014,/root/autodl-tmp/data/datasets/ch_sims/Raw.zip::Raw/video_0017/0014.mp4,/root/autodl-tmp/data/datasets/ch_sims/Raw.zip::Raw/video_0017/0014.mp4,/root/autodl-tmp/data/datasets/ch_sims/label.csv#video_0017/0014,0.00,4.57,zh,medium,high,high,true,true
EAQ000487,CH-SIMS,validation,CH-SIMS/video_0017/0015,/root/autodl-tmp/data/datasets/ch_sims/Raw.zip::Raw/video_0017/0015.mp4,/root/autodl-tmp/data/datasets/ch_sims/Raw.zip::Raw/video_0017/0015.mp4,/root/autodl-tmp/data/datasets/ch_sims/label.csv#video_0017/0015,0.00,3.14,zh,medium,high,high,true,true
EAQ000488,CH-SIMS,train,CH-SIMS/video_0017/0016,/root/autodl-tmp/data/datasets/ch_sims/Raw.zip::Raw/video_0017/0016.mp4,/root/autodl-tmp/data/datasets/ch_sims/Raw.zip::Raw/video_0017/0016.mp4,/root/autodl-tmp/data/datasets/ch_sims/label.csv#video_0017/0016,0.00,5.14,zh,medium,high,high,true,true
EAQ000489,CH-SIMS,train,CH-SIMS/video_0017/0017,/root/autodl-tmp/data/datasets/ch_sims/Raw.zip::Raw/video_0017/0017.mp4,/root/autodl-tmp/data/datasets/ch_sims/Raw.zip::Raw/video_0017/0017.mp4,/root/autodl-tmp/data/datasets/ch_sims/label.csv#video_0017/0017,0.00,10.86,zh,medium,high,high,true,true
EAQ000490,CH-SIMS,train,CH-SIMS/video_0017/0018,/root/autodl-tmp/data/datasets/ch_sims/Raw.zip::Raw/video_0017/0018.mp4,/root/autodl-tmp/data/datasets/ch_sims/Raw.zip::Raw/video_0017/0018.mp4,/root/autodl-tmp/data/datasets/ch_sims/label.csv#video_0017/0018,0.00,4.57,zh,medium,high,high,true,true
EAQ000491,CH-SIMS,train,CH-SIMS/video_0017/0019,/root/autodl-tmp/data/datasets/ch_sims/Raw.zip::Raw/video_0017/0019.mp4,/root/autodl-tmp/data/datasets/ch_sims/Raw.zip::Raw/video_0017/0019.mp4,/root/autodl-tmp/data/datasets/ch_sims/label.csv#video_0017/0019,0.00,8.29,zh,medium,high,high,true,true
EAQ000492,CH-SIMS,train,CH-SIMS/video_0018/0001,/root/autodl-tmp/data/datasets/ch_sims/Raw.zip::Raw/video_0018/0001.mp4,/root/autodl-tmp/data/datasets/ch_sims/Raw.zip::Raw/video_0018/0001.mp4,/root/autodl-tmp/data/datasets/ch_sims/label.csv#video_0018/0001,0.00,1.43,zh,medium,high,high,true,true
EAQ000493,CH-SIMS,train,CH-SIMS/video_0018/0002,/root/autodl-tmp/data/datasets/ch_sims/Raw.zip::Raw/video_0018/0002.mp4,/root/autodl-tmp/data/datasets/ch_sims/Raw.zip::Raw/video_0018/0002.mp4,/root/autodl-tmp/data/datasets/ch_sims/label.csv#video_0018/0002,0.00,4.57,zh,medium,high,high,true,true
EAQ000494,CH-SIMS,train,CH-SIMS/video_0018/0003,/root/autodl-tmp/data/datasets/ch_sims/Raw.zip::Raw/video_0018/0003.mp4,/root/autodl-tmp/data/datasets/ch_sims/Raw.zip::Raw/video_0018/0003.mp4,/root/autodl-tmp/data/datasets/ch_sims/label.csv#video_0018/0003,0.00,3.14,zh,medium,high,high,true,true
EAQ000495,CH-SIMS,train,CH-SIMS/video_0018/0004,/root/autodl-tmp/data/datasets/ch_sims/Raw.zip::Raw/video_0018/0004.mp4,/root/autodl-tmp/data/datasets/ch_sims/Raw.zip::Raw/video_0018/0004.mp4,/root/autodl-tmp/data/datasets/ch_sims/label.csv#video_0018/0004,0.00,2.86,zh,medium,high,high,true,true
EAQ000496,CH-SIMS,train,CH-SIMS/video_0018/0005,/root/autodl-tmp/data/datasets/ch_sims/Raw.zip::Raw/video_0018/0005.mp4,/root/autodl-tmp/data/datasets/ch_sims/Raw.zip::Raw/video_0018/0005.mp4,/root/autodl-tmp/data/datasets/ch_sims/label.csv#video_0018/0005,0.00,3.14,zh,medium,high,high,true,true
EAQ000497,CH-SIMS,validation,CH-SIMS/video_0018/0006,/root/autodl-tmp/data/datasets/ch_sims/Raw.zip::Raw/video_0018/0006.mp4,/root/autodl-tmp/data/datasets/ch_sims/Raw.zip::Raw/video_0018/0006.mp4,/root/autodl-tmp/data/datasets/ch_sims/label.csv#video_0018/0006,0.00,1.71,zh,medium,high,high,true,true
EAQ000498,CH-SIMS,train,CH-SIMS/video_0018/0007,/root/autodl-tmp/data/datasets/ch_sims/Raw.zip::Raw/video_0018/0007.mp4,/root/autodl-tmp/data/datasets/ch_sims/Raw.zip::Raw/video_0018/0007.mp4,/root/autodl-tmp/data/datasets/ch_sims/label.csv#video_0018/0007,0.00,3.43,zh,medium,high,high,true,true
EAQ000499,CH-SIMS,test,CH-SIMS/video_0018/0008,/root/autodl-tmp/data/datasets/ch_sims/Raw.zip::Raw/video_0018/0008.mp4,/root/autodl-tmp/data/datasets/ch_sims/Raw.zip::Raw/video_0018/0008.mp4,/root/autodl-tmp/data/datasets/ch_sims/label.csv#video_0018/0008,0.00,6.29,zh,medium,high,high,true,true
EAQ000500,CH-SIMS,train,CH-SIMS/video_0018/0009,/root/autodl-tmp/data/datasets/ch_sims/Raw.zip::Raw/video_0018/0009.mp4,/root/autodl-tmp/data/datasets/ch_sims/Raw.zip::Raw/video_0018/0009.mp4,/root/autodl-tmp/data/datasets/ch_sims/label.csv#video_0018/0009,0.00,2.57,zh,medium,high,high,true,true
EAQ000501,CH-SIMS,train,CH-SIMS/video_0018/0010,/root/autodl-tmp/data/datasets/ch_sims/Raw.zip::Raw/video_0018/0010.mp4,/root/autodl-tmp/data/datasets/ch_sims/Raw.zip::Raw/video_0018/0010.mp4,/root/autodl-tmp/data/datasets/ch_sims/label.csv#video_0018/0010,0.00,3.43,zh,medium,high,high,true,true
EAQ000502,CH-SIMS,train,CH-SIMS/video_0018/0011,/root/autodl-tmp/data/datasets/ch_sims/Raw.zip::Raw/video_0018/0011.mp4,/root/autodl-tmp/data/datasets/ch_sims/Raw.zip::Raw/video_0018/0011.mp4,/root/autodl-tmp/data/datasets/ch_sims/label.csv#video_0018/0011,0.00,2.00,zh,medium,high,high,true,true
EAQ000503,CH-SIMS,train,CH-SIMS/video_0018/0012,/root/autodl-tmp/data/datasets/ch_sims/Raw.zip::Raw/video_0018/0012.mp4,/root/autodl-tmp/data/datasets/ch_sims/Raw.zip::Raw/video_0018/0012.mp4,/root/autodl-tmp/data/datasets/ch_sims/label.csv#video_0018/0012,0.00,3.43,zh,medium,high,high,true,true
EAQ000504,CH-SIMS,test,CH-SIMS/video_0019/0001,/root/autodl-tmp/data/datasets/ch_sims/Raw.zip::Raw/video_0019/0001.mp4,/root/autodl-tmp/data/datasets/ch_sims/Raw.zip::Raw/video_0019/0001.mp4,/root/autodl-tmp/data/datasets/ch_sims/label.csv#video_0019/0001,0.00,7.14,zh,medium,high,high,true,true
EAQ000505,CH-SIMS,test,CH-SIMS/video_0019/0002,/root/autodl-tmp/data/datasets/ch_sims/Raw.zip::Raw/video_0019/0002.mp4,/root/autodl-tmp/data/datasets/ch_sims/Raw.zip::Raw/video_0019/0002.mp4,/root/autodl-tmp/data/datasets/ch_sims/label.csv#video_0019/0002,0.00,2.00,zh,medium,high,high,true,true
EAQ000506,CH-SIMS,validation,CH-SIMS/video_0019/0003,/root/autodl-tmp/data/datasets/ch_sims/Raw.zip::Raw/video_0019/0003.mp4,/root/autodl-tmp/data/datasets/ch_sims/Raw.zip::Raw/video_0019/0003.mp4,/root/autodl-tmp/data/datasets/ch_sims/label.csv#video_0019/0003,0.00,3.71,zh,medium,high,high,true,true
EAQ000507,CH-SIMS,train,CH-SIMS/video_0019/0004,/root/autodl-tmp/data/datasets/ch_sims/Raw.zip::Raw/video_0019/0004.mp4,/root/autodl-tmp/data/datasets/ch_sims/Raw.zip::Raw/video_0019/0004.mp4,/root/autodl-tmp/data/datasets/ch_sims/label.csv#video_0019/0004,0.00,10.00,zh,medium,high,high,true,true
EAQ000508,CH-SIMS,train,CH-SIMS/video_0019/0005,/root/autodl-tmp/data/datasets/ch_sims/Raw.zip::Raw/video_0019/0005.mp4,/root/autodl-tmp/data/datasets/ch_sims/Raw.zip::Raw/video_0019/0005.mp4,/root/autodl-tmp/data/datasets/ch_sims/label.csv#video_0019/0005,0.00,1.71,zh,medium,high,high,true,true
EAQ000509,CH-SIMS,test,CH-SIMS/video_0019/0006,/root/autodl-tmp/data/datasets/ch_sims/Raw.zip::Raw/video_0019/0006.mp4,/root/autodl-tmp/data/datasets/ch_sims/Raw.zip::Raw/video_0019/0006.mp4,/root/autodl-tmp/data/datasets/ch_sims/label.csv#video_0019/0006,0.00,5.43,zh,medium,high,high,true,true
EAQ000510,CH-SIMS,validation,CH-SIMS/video_0019/0007,/root/autodl-tmp/data/datasets/ch_sims/Raw.zip::Raw/video_0019/0007.mp4,/root/autodl-tmp/data/datasets/ch_sims/Raw.zip::Raw/video_0019/0007.mp4,/root/autodl-tmp/data/datasets/ch_sims/label.csv#video_0019/0007,0.00,5.43,zh,medium,high,high,true,true
EAQ000511,CH-SIMS,train,CH-SIMS/video_0019/0008,/root/autodl-tmp/data/datasets/ch_sims/Raw.zip::Raw/video_0019/0008.mp4,/root/autodl-tmp/data/datasets/ch_sims/Raw.zip::Raw/video_0019/0008.mp4,/root/autodl-tmp/data/datasets/ch_sims/label.csv#video_0019/0008,0.00,3.43,zh,medium,high,high,true,true
EAQ000512,CH-SIMS,train,CH-SIMS/video_0019/0009,/root/autodl-tmp/data/datasets/ch_sims/Raw.zip::Raw/video_0019/0009.mp4,/root/autodl-tmp/data/datasets/ch_sims/Raw.zip::Raw/video_0019/0009.mp4,/root/autodl-tmp/data/datasets/ch_sims/label.csv#video_0019/0009,0.00,6.86,zh,medium,high,high,true,true
EAQ000513,CH-SIMS,test,CH-SIMS/video_0019/0010,/root/autodl-tmp/data/datasets/ch_sims/Raw.zip::Raw/video_0019/0010.mp4,/root/autodl-tmp/data/datasets/ch_sims/Raw.zip::Raw/video_0019/0010.mp4,/root/autodl-tmp/data/datasets/ch_sims/label.csv#video_0019/0010,0.00,8.29,zh,medium,high,high,true,true
EAQ000514,CH-SIMS,train,CH-SIMS/video_0019/0011,/root/autodl-tmp/data/datasets/ch_sims/Raw.zip::Raw/video_0019/0011.mp4,/root/autodl-tmp/data/datasets/ch_sims/Raw.zip::Raw/video_0019/0011.mp4,/root/autodl-tmp/data/datasets/ch_sims/label.csv#video_0019/0011,0.00,2.57,zh,medium,high,high,true,true
EAQ000515,CH-SIMS,train,CH-SIMS/video_0019/0012,/root/autodl-tmp/data/datasets/ch_sims/Raw.zip::Raw/video_0019/0012.mp4,/root/autodl-tmp/data/datasets/ch_sims/Raw.zip::Raw/video_0019/0012.mp4,/root/autodl-tmp/data/datasets/ch_sims/label.csv#video_0019/0012,0.00,2.57,zh,medium,high,high,true,true
EAQ000516,CH-SIMS,train,CH-SIMS/video_0019/0013,/root/autodl-tmp/data/datasets/ch_sims/Raw.zip::Raw/video_0019/0013.mp4,/root/autodl-tmp/data/datasets/ch_sims/Raw.zip::Raw/video_0019/0013.mp4,/root/autodl-tmp/data/datasets/ch_sims/label.csv#video_0019/0013,0.00,5.43,zh,medium,high,high,true,true
EAQ000517,CH-SIMS,validation,CH-SIMS/video_0019/0014,/root/autodl-tmp/data/datasets/ch_sims/Raw.zip::Raw/video_0019/0014.mp4,/root/autodl-tmp/data/datasets/ch_sims/Raw.zip::Raw/video_0019/0014.mp4,/root/autodl-tmp/data/datasets/ch_sims/label.csv#video_0019/0014,0.00,5.43,zh,medium,high,high,true,true
EAQ000518,CH-SIMS,train,CH-SIMS/video_0019/0015,/root/autodl-tmp/data/datasets/ch_sims/Raw.zip::Raw/video_0019/0015.mp4,/root/autodl-tmp/data/datasets/ch_sims/Raw.zip::Raw/video_0019/0015.mp4,/root/autodl-tmp/data/datasets/ch_sims/label.csv#video_0019/0015,0.00,5.14,zh,medium,high,high,true,true
EAQ000519,CH-SIMS,validation,CH-SIMS/video_0019/0016,/root/autodl-tmp/data/datasets/ch_sims/Raw.zip::Raw/video_0019/0016.mp4,/root/autodl-tmp/data/datasets/ch_sims/Raw.zip::Raw/video_0019/0016.mp4,/root/autodl-tmp/data/datasets/ch_sims/label.csv#video_0019/0016,0.00,7.71,zh,medium,high,high,true,true
EAQ000520,CH-SIMS,test,CH-SIMS/video_0020/0001,/root/autodl-tmp/data/datasets/ch_sims/Raw.zip::Raw/video_0020/0001.mp4,/root/autodl-tmp/data/datasets/ch_sims/Raw.zip::Raw/video_0020/0001.mp4,/root/autodl-tmp/data/datasets/ch_sims/label.csv#video_0020/0001,0.00,8.00,zh,medium,high,high,true,true
EAQ000521,CH-SIMS,train,CH-SIMS/video_0020/0002,/root/autodl-tmp/data/datasets/ch_sims/Raw.zip::Raw/video_0020/0002.mp4,/root/autodl-tmp/data/datasets/ch_sims/Raw.zip::Raw/video_0020/0002.mp4,/root/autodl-tmp/data/datasets/ch_sims/label.csv#video_0020/0002,0.00,5.43,zh,medium,high,high,true,true
EAQ000522,CH-SIMS,train,CH-SIMS/video_0020/0003,/root/autodl-tmp/data/datasets/ch_sims/Raw.zip::Raw/video_0020/0003.mp4,/root/autodl-tmp/data/datasets/ch_sims/Raw.zip::Raw/video_0020/0003.mp4,/root/autodl-tmp/data/datasets/ch_sims/label.csv#video_0020/0003,0.00,5.71,zh,medium,high,high,true,true
EAQ000523,CH-SIMS,train,CH-SIMS/video_0020/0004,/root/autodl-tmp/data/datasets/ch_sims/Raw.zip::Raw/video_0020/0004.mp4,/root/autodl-tmp/data/datasets/ch_sims/Raw.zip::Raw/video_0020/0004.mp4,/root/autodl-tmp/data/datasets/ch_sims/label.csv#video_0020/0004,0.00,3.43,zh,medium,high,high,true,true
EAQ000524,CH-SIMS,test,CH-SIMS/video_0020/0005,/root/autodl-tmp/data/datasets/ch_sims/Raw.zip::Raw/video_0020/0005.mp4,/root/autodl-tmp/data/datasets/ch_sims/Raw.zip::Raw/video_0020/0005.mp4,/root/autodl-tmp/data/datasets/ch_sims/label.csv#video_0020/0005,0.00,4.29,zh,medium,high,high,true,true
EAQ000525,CH-SIMS,train,CH-SIMS/video_0020/0006,/root/autodl-tmp/data/datasets/ch_sims/Raw.zip::Raw/video_0020/0006.mp4,/root/autodl-tmp/data/datasets/ch_sims/Raw.zip::Raw/video_0020/0006.mp4,/root/autodl-tmp/data/datasets/ch_sims/label.csv#video_0020/0006,0.00,4.86,zh,medium,high,high,true,true
EAQ000526,CH-SIMS,test,CH-SIMS/video_0020/0007,/root/autodl-tmp/data/datasets/ch_sims/Raw.zip::Raw/video_0020/0007.mp4,/root/autodl-tmp/data/datasets/ch_sims/Raw.zip::Raw/video_0020/0007.mp4,/root/autodl-tmp/data/datasets/ch_sims/label.csv#video_0020/0007,0.00,6.00,zh,medium,high,high,true,true
EAQ000527,CH-SIMS,validation,CH-SIMS/video_0020/0008,/root/autodl-tmp/data/datasets/ch_sims/Raw.zip::Raw/video_0020/0008.mp4,/root/autodl-tmp/data/datasets/ch_sims/Raw.zip::Raw/video_0020/0008.mp4,/root/autodl-tmp/data/datasets/ch_sims/label.csv#video_0020/0008,0.00,6.29,zh,medium,high,high,true,true
EAQ000528,CH-SIMS,test,CH-SIMS/video_0020/0009,/root/autodl-tmp/data/datasets/ch_sims/Raw.zip::Raw/video_0020/0009.mp4,/root/autodl-tmp/data/datasets/ch_sims/Raw.zip::Raw/video_0020/0009.mp4,/root/autodl-tmp/data/datasets/ch_sims/label.csv#video_0020/0009,0.00,3.71,zh,medium,high,high,true,true
EAQ000529,CH-SIMS,train,CH-SIMS/video_0020/0010,/root/autodl-tmp/data/datasets/ch_sims/Raw.zip::Raw/video_0020/0010.mp4,/root/autodl-tmp/data/datasets/ch_sims/Raw.zip::Raw/video_0020/0010.mp4,/root/autodl-tmp/data/datasets/ch_sims/label.csv#video_0020/0010,0.00,2.29,zh,medium,high,high,true,true
EAQ000530,CH-SIMS,train,CH-SIMS/video_0020/0011,/root/autodl-tmp/data/datasets/ch_sims/Raw.zip::Raw/video_0020/0011.mp4,/root/autodl-tmp/data/datasets/ch_sims/Raw.zip::Raw/video_0020/0011.mp4,/root/autodl-tmp/data/datasets/ch_sims/label.csv#video_0020/0011,0.00,3.71,zh,medium,high,high,true,true
EAQ000531,CH-SIMS,test,CH-SIMS/video_0020/0012,/root/autodl-tmp/data/datasets/ch_sims/Raw.zip::Raw/video_0020/0012.mp4,/root/autodl-tmp/data/datasets/ch_sims/Raw.zip::Raw/video_0020/0012.mp4,/root/autodl-tmp/data/datasets/ch_sims/label.csv#video_0020/0012,0.00,1.71,zh,medium,high,high,true,true
EAQ000532,CH-SIMS,test,CH-SIMS/video_0020/0013,/root/autodl-tmp/data/datasets/ch_sims/Raw.zip::Raw/video_0020/0013.mp4,/root/autodl-tmp/data/datasets/ch_sims/Raw.zip::Raw/video_0020/0013.mp4,/root/autodl-tmp/data/datasets/ch_sims/label.csv#video_0020/0013,0.00,2.86,zh,medium,high,high,true,true
EAQ000533,CH-SIMS,test,CH-SIMS/video_0021/0001,/root/autodl-tmp/data/datasets/ch_sims/Raw.zip::Raw/video_0021/0001.mp4,/root/autodl-tmp/data/datasets/ch_sims/Raw.zip::Raw/video_0021/0001.mp4,/root/autodl-tmp/data/datasets/ch_sims/label.csv#video_0021/0001,0.00,4.00,zh,medium,high,high,true,true
EAQ000534,CH-SIMS,train,CH-SIMS/video_0021/0002,/root/autodl-tmp/data/datasets/ch_sims/Raw.zip::Raw/video_0021/0002.mp4,/root/autodl-tmp/data/datasets/ch_sims/Raw.zip::Raw/video_0021/0002.mp4,/root/autodl-tmp/data/datasets/ch_sims/label.csv#video_0021/0002,0.00,7.71,zh,medium,high,high,true,true
EAQ000535,CH-SIMS,test,CH-SIMS/video_0021/0003,/root/autodl-tmp/data/datasets/ch_sims/Raw.zip::Raw/video_0021/0003.mp4,/root/autodl-tmp/data/datasets/ch_sims/Raw.zip::Raw/video_0021/0003.mp4,/root/autodl-tmp/data/datasets/ch_sims/label.csv#video_0021/0003,0.00,4.00,zh,medium,high,high,true,true
EAQ000536,CH-SIMS,test,CH-SIMS/video_0021/0004,/root/autodl-tmp/data/datasets/ch_sims/Raw.zip::Raw/video_0021/0004.mp4,/root/autodl-tmp/data/datasets/ch_sims/Raw.zip::Raw/video_0021/0004.mp4,/root/autodl-tmp/data/datasets/ch_sims/label.csv#video_0021/0004,0.00,3.71,zh,medium,high,high,true,true
EAQ000537,CH-SIMS,test,CH-SIMS/video_0021/0005,/root/autodl-tmp/data/datasets/ch_sims/Raw.zip::Raw/video_0021/0005.mp4,/root/autodl-tmp/data/datasets/ch_sims/Raw.zip::Raw/video_0021/0005.mp4,/root/autodl-tmp/data/datasets/ch_sims/label.csv#video_0021/0005,0.00,3.43,zh,medium,high,high,true,true
EAQ000538,CH-SIMS,test,CH-SIMS/video_0021/0006,/root/autodl-tmp/data/datasets/ch_sims/Raw.zip::Raw/video_0021/0006.mp4,/root/autodl-tmp/data/datasets/ch_sims/Raw.zip::Raw/video_0021/0006.mp4,/root/autodl-tmp/data/datasets/ch_sims/label.csv#video_0021/0006,0.00,3.14,zh,medium,high,high,true,true
EAQ000539,CH-SIMS,train,CH-SIMS/video_0021/0007,/root/autodl-tmp/data/datasets/ch_sims/Raw.zip::Raw/video_0021/0007.mp4,/root/autodl-tmp/data/datasets/ch_sims/Raw.zip::Raw/video_0021/0007.mp4,/root/autodl-tmp/data/datasets/ch_sims/label.csv#video_0021/0007,0.00,2.57,zh,medium,high,high,true,true
EAQ000540,CH-SIMS,validation,CH-SIMS/video_0021/0008,/root/autodl-tmp/data/datasets/ch_sims/Raw.zip::Raw/video_0021/0008.mp4,/root/autodl-tmp/data/datasets/ch_sims/Raw.zip::Raw/video_0021/0008.mp4,/root/autodl-tmp/data/datasets/ch_sims/label.csv#video_0021/0008,0.00,3.43,zh,medium,high,high,true,true
EAQ000541,CH-SIMS,train,CH-SIMS/video_0021/0009,/root/autodl-tmp/data/datasets/ch_sims/Raw.zip::Raw/video_0021/0009.mp4,/root/autodl-tmp/data/datasets/ch_sims/Raw.zip::Raw/video_0021/0009.mp4,/root/autodl-tmp/data/datasets/ch_sims/label.csv#video_0021/0009,0.00,11.43,zh,medium,high,high,true,true
EAQ000542,CH-SIMS,validation,CH-SIMS/video_0021/0010,/root/autodl-tmp/data/datasets/ch_sims/Raw.zip::Raw/video_0021/0010.mp4,/root/autodl-tmp/data/datasets/ch_sims/Raw.zip::Raw/video_0021/0010.mp4,/root/autodl-tmp/data/datasets/ch_sims/label.csv#video_0021/0010,0.00,5.71,zh,medium,high,high,true,true
EAQ000543,CH-SIMS,test,CH-SIMS/video_0021/0011,/root/autodl-tmp/data/datasets/ch_sims/Raw.zip::Raw/video_0021/0011.mp4,/root/autodl-tmp/data/datasets/ch_sims/Raw.zip::Raw/video_0021/0011.mp4,/root/autodl-tmp/data/datasets/ch_sims/label.csv#video_0021/0011,0.00,6.29,zh,medium,high,high,true,true
EAQ000544,CH-SIMS,validation,CH-SIMS/video_0022/0001,/root/autodl-tmp/data/datasets/ch_sims/Raw.zip::Raw/video_0022/0001.mp4,/root/autodl-tmp/data/datasets/ch_sims/Raw.zip::Raw/video_0022/0001.mp4,/root/autodl-tmp/data/datasets/ch_sims/label.csv#video_0022/0001,0.00,5.14,zh,medium,high,high,true,true
EAQ000545,CH-SIMS,test,CH-SIMS/video_0022/0002,/root/autodl-tmp/data/datasets/ch_sims/Raw.zip::Raw/video_0022/0002.mp4,/root/autodl-tmp/data/datasets/ch_sims/Raw.zip::Raw/video_0022/0002.mp4,/root/autodl-tmp/data/datasets/ch_sims/label.csv#video_0022/0002,0.00,2.00,zh,medium,high,high,true,true
EAQ000546,CH-SIMS,train,CH-SIMS/video_0022/0003,/root/autodl-tmp/data/datasets/ch_sims/Raw.zip::Raw/video_0022/0003.mp4,/root/autodl-tmp/data/datasets/ch_sims/Raw.zip::Raw/video_0022/0003.mp4,/root/autodl-tmp/data/datasets/ch_sims/label.csv#video_0022/0003,0.00,5.71,zh,medium,high,high,true,true
EAQ000547,CH-SIMS,train,CH-SIMS/video_0022/0004,/root/autodl-tmp/data/datasets/ch_sims/Raw.zip::Raw/video_0022/0004.mp4,/root/autodl-tmp/data/datasets/ch_sims/Raw.zip::Raw/video_0022/0004.mp4,/root/autodl-tmp/data/datasets/ch_sims/label.csv#video_0022/0004,0.00,3.43,zh,medium,high,high,true,true
EAQ000548,CH-SIMS,train,CH-SIMS/video_0022/0005,/root/autodl-tmp/data/datasets/ch_sims/Raw.zip::Raw/video_0022/0005.mp4,/root/autodl-tmp/data/datasets/ch_sims/Raw.zip::Raw/video_0022/0005.mp4,/root/autodl-tmp/data/datasets/ch_sims/label.csv#video_0022/0005,0.00,4.86,zh,medium,high,high,true,true
EAQ000549,CH-SIMS,train,CH-SIMS/video_0022/0006,/root/autodl-tmp/data/datasets/ch_sims/Raw.zip::Raw/video_0022/0006.mp4,/root/autodl-tmp/data/datasets/ch_sims/Raw.zip::Raw/video_0022/0006.mp4,/root/autodl-tmp/data/datasets/ch_sims/label.csv#video_0022/0006,0.00,3.43,zh,medium,high,high,true,true
EAQ000550,CH-SIMS,test,CH-SIMS/video_0022/0007,/root/autodl-tmp/data/datasets/ch_sims/Raw.zip::Raw/video_0022/0007.mp4,/root/autodl-tmp/data/datasets/ch_sims/Raw.zip::Raw/video_0022/0007.mp4,/root/autodl-tmp/data/datasets/ch_sims/label.csv#video_0022/0007,0.00,5.14,zh,medium,high,high,true,true
EAQ000551,CH-SIMS,train,CH-SIMS/video_0022/0008,/root/autodl-tmp/data/datasets/ch_sims/Raw.zip::Raw/video_0022/0008.mp4,/root/autodl-tmp/data/datasets/ch_sims/Raw.zip::Raw/video_0022/0008.mp4,/root/autodl-tmp/data/datasets/ch_sims/label.csv#video_0022/0008,0.00,5.14,zh,medium,high,high,true,true
EAQ000552,CH-SIMS,train,CH-SIMS/video_0022/0009,/root/autodl-tmp/data/datasets/ch_sims/Raw.zip::Raw/video_0022/0009.mp4,/root/autodl-tmp/data/datasets/ch_sims/Raw.zip::Raw/video_0022/0009.mp4,/root/autodl-tmp/data/datasets/ch_sims/label.csv#video_0022/0009,0.00,3.14,zh,medium,high,high,true,true
EAQ000553,CH-SIMS,train,CH-SIMS/video_0022/0010,/root/autodl-tmp/data/datasets/ch_sims/Raw.zip::Raw/video_0022/0010.mp4,/root/autodl-tmp/data/datasets/ch_sims/Raw.zip::Raw/video_0022/0010.mp4,/root/autodl-tmp/data/datasets/ch_sims/label.csv#video_0022/0010,0.00,4.57,zh,medium,high,high,true,true
EAQ000554,CH-SIMS,train,CH-SIMS/video_0022/0011,/root/autodl-tmp/data/datasets/ch_sims/Raw.zip::Raw/video_0022/0011.mp4,/root/autodl-tmp/data/datasets/ch_sims/Raw.zip::Raw/video_0022/0011.mp4,/root/autodl-tmp/data/datasets/ch_sims/label.csv#video_0022/0011,0.00,7.43,zh,medium,high,high,true,true
EAQ000555,CH-SIMS,train,CH-SIMS/video_0022/0012,/root/autodl-tmp/data/datasets/ch_sims/Raw.zip::Raw/video_0022/0012.mp4,/root/autodl-tmp/data/datasets/ch_sims/Raw.zip::Raw/video_0022/0012.mp4,/root/autodl-tmp/data/datasets/ch_sims/label.csv#video_0022/0012,0.00,7.14,zh,medium,high,high,true,true
EAQ000556,CH-SIMS,train,CH-SIMS/video_0022/0013,/root/autodl-tmp/data/datasets/ch_sims/Raw.zip::Raw/video_0022/0013.mp4,/root/autodl-tmp/data/datasets/ch_sims/Raw.zip::Raw/video_0022/0013.mp4,/root/autodl-tmp/data/datasets/ch_sims/label.csv#video_0022/0013,0.00,7.43,zh,medium,high,high,true,true
EAQ000557,CH-SIMS,train,CH-SIMS/video_0022/0014,/root/autodl-tmp/data/datasets/ch_sims/Raw.zip::Raw/video_0022/0014.mp4,/root/autodl-tmp/data/datasets/ch_sims/Raw.zip::Raw/video_0022/0014.mp4,/root/autodl-tmp/data/datasets/ch_sims/label.csv#video_0022/0014,0.00,5.14,zh,medium,high,high,true,true
EAQ000558,CH-SIMS,train,CH-SIMS/video_0022/0015,/root/autodl-tmp/data/datasets/ch_sims/Raw.zip::Raw/video_0022/0015.mp4,/root/autodl-tmp/data/datasets/ch_sims/Raw.zip::Raw/video_0022/0015.mp4,/root/autodl-tmp/data/datasets/ch_sims/label.csv#video_0022/0015,0.00,5.14,zh,medium,high,high,true,true
EAQ000559,CH-SIMS,train,CH-SIMS/video_0022/0016,/root/autodl-tmp/data/datasets/ch_sims/Raw.zip::Raw/video_0022/0016.mp4,/root/autodl-tmp/data/datasets/ch_sims/Raw.zip::Raw/video_0022/0016.mp4,/root/autodl-tmp/data/datasets/ch_sims/label.csv#video_0022/0016,0.00,3.14,zh,medium,high,high,true,true
EAQ000560,CH-SIMS,train,CH-SIMS/video_0022/0017,/root/autodl-tmp/data/datasets/ch_sims/Raw.zip::Raw/video_0022/0017.mp4,/root/autodl-tmp/data/datasets/ch_sims/Raw.zip::Raw/video_0022/0017.mp4,/root/autodl-tmp/data/datasets/ch_sims/label.csv#video_0022/0017,0.00,4.57,zh,medium,high,high,true,true
EAQ000561,CH-SIMS,train,CH-SIMS/video_0022/0018,/root/autodl-tmp/data/datasets/ch_sims/Raw.zip::Raw/video_0022/0018.mp4,/root/autodl-tmp/data/datasets/ch_sims/Raw.zip::Raw/video_0022/0018.mp4,/root/autodl-tmp/data/datasets/ch_sims/label.csv#video_0022/0018,0.00,7.43,zh,medium,high,high,true,true
EAQ000562,CH-SIMS,test,CH-SIMS/video_0022/0019,/root/autodl-tmp/data/datasets/ch_sims/Raw.zip::Raw/video_0022/0019.mp4,/root/autodl-tmp/data/datasets/ch_sims/Raw.zip::Raw/video_0022/0019.mp4,/root/autodl-tmp/data/datasets/ch_sims/label.csv#video_0022/0019,0.00,9.14,zh,medium,high,high,true,true
EAQ000563,CH-SIMS,train,CH-SIMS/video_0022/0020,/root/autodl-tmp/data/datasets/ch_sims/Raw.zip::Raw/video_0022/0020.mp4,/root/autodl-tmp/data/datasets/ch_sims/Raw.zip::Raw/video_0022/0020.mp4,/root/autodl-tmp/data/datasets/ch_sims/label.csv#video_0022/0020,0.00,5.71,zh,medium,high,high,true,true
EAQ000564,CH-SIMS,train,CH-SIMS/video_0022/0021,/root/autodl-tmp/data/datasets/ch_sims/Raw.zip::Raw/video_0022/0021.mp4,/root/autodl-tmp/data/datasets/ch_sims/Raw.zip::Raw/video_0022/0021.mp4,/root/autodl-tmp/data/datasets/ch_sims/label.csv#video_0022/0021,0.00,1.43,zh,medium,high,high,true,true
EAQ000565,CH-SIMS,train,CH-SIMS/video_0022/0022,/root/autodl-tmp/data/datasets/ch_sims/Raw.zip::Raw/video_0022/0022.mp4,/root/autodl-tmp/data/datasets/ch_sims/Raw.zip::Raw/video_0022/0022.mp4,/root/autodl-tmp/data/datasets/ch_sims/label.csv#video_0022/0022,0.00,6.00,zh,medium,high,high,true,true
EAQ000566,CH-SIMS,train,CH-SIMS/video_0023/0001,/root/autodl-tmp/data/datasets/ch_sims/Raw.zip::Raw/video_0023/0001.mp4,/root/autodl-tmp/data/datasets/ch_sims/Raw.zip::Raw/video_0023/0001.mp4,/root/autodl-tmp/data/datasets/ch_sims/label.csv#video_0023/0001,0.00,4.29,zh,medium,high,high,true,true
EAQ000567,CH-SIMS,test,CH-SIMS/video_0023/0002,/root/autodl-tmp/data/datasets/ch_sims/Raw.zip::Raw/video_0023/0002.mp4,/root/autodl-tmp/data/datasets/ch_sims/Raw.zip::Raw/video_0023/0002.mp4,/root/autodl-tmp/data/datasets/ch_sims/label.csv#video_0023/0002,0.00,6.86,zh,medium,high,high,true,true
EAQ000568,CH-SIMS,train,CH-SIMS/video_0023/0003,/root/autodl-tmp/data/datasets/ch_sims/Raw.zip::Raw/video_0023/0003.mp4,/root/autodl-tmp/data/datasets/ch_sims/Raw.zip::Raw/video_0023/0003.mp4,/root/autodl-tmp/data/datasets/ch_sims/label.csv#video_0023/0003,0.00,4.86,zh,medium,high,high,true,true
EAQ000569,CH-SIMS,train,CH-SIMS/video_0023/0004,/root/autodl-tmp/data/datasets/ch_sims/Raw.zip::Raw/video_0023/0004.mp4,/root/autodl-tmp/data/datasets/ch_sims/Raw.zip::Raw/video_0023/0004.mp4,/root/autodl-tmp/data/datasets/ch_sims/label.csv#video_0023/0004,0.00,5.14,zh,medium,high,high,true,true
EAQ000570,CH-SIMS,train,CH-SIMS/video_0023/0005,/root/autodl-tmp/data/datasets/ch_sims/Raw.zip::Raw/video_0023/0005.mp4,/root/autodl-tmp/data/datasets/ch_sims/Raw.zip::Raw/video_0023/0005.mp4,/root/autodl-tmp/data/datasets/ch_sims/label.csv#video_0023/0005,0.00,6.29,zh,medium,high,high,true,true
EAQ000571,CH-SIMS,train,CH-SIMS/video_0023/0006,/root/autodl-tmp/data/datasets/ch_sims/Raw.zip::Raw/video_0023/0006.mp4,/root/autodl-tmp/data/datasets/ch_sims/Raw.zip::Raw/video_0023/0006.mp4,/root/autodl-tmp/data/datasets/ch_sims/label.csv#video_0023/0006,0.00,5.43,zh,medium,high,high,true,true
EAQ000572,CH-SIMS,test,CH-SIMS/video_0023/0007,/root/autodl-tmp/data/datasets/ch_sims/Raw.zip::Raw/video_0023/0007.mp4,/root/autodl-tmp/data/datasets/ch_sims/Raw.zip::Raw/video_0023/0007.mp4,/root/autodl-tmp/data/datasets/ch_sims/label.csv#video_0023/0007,0.00,1.71,zh,medium,high,high,true,true
EAQ000573,CH-SIMS,validation,CH-SIMS/video_0023/0008,/root/autodl-tmp/data/datasets/ch_sims/Raw.zip::Raw/video_0023/0008.mp4,/root/autodl-tmp/data/datasets/ch_sims/Raw.zip::Raw/video_0023/0008.mp4,/root/autodl-tmp/data/datasets/ch_sims/label.csv#video_0023/0008,0.00,4.00,zh,medium,high,high,true,true
EAQ000574,CH-SIMS,test,CH-SIMS/video_0023/0009,/root/autodl-tmp/data/datasets/ch_sims/Raw.zip::Raw/video_0023/0009.mp4,/root/autodl-tmp/data/datasets/ch_sims/Raw.zip::Raw/video_0023/0009.mp4,/root/autodl-tmp/data/datasets/ch_sims/label.csv#video_0023/0009,0.00,7.14,zh,medium,high,high,true,true
EAQ000575,CH-SIMS,test,CH-SIMS/video_0023/0010,/root/autodl-tmp/data/datasets/ch_sims/Raw.zip::Raw/video_0023/0010.mp4,/root/autodl-tmp/data/datasets/ch_sims/Raw.zip::Raw/video_0023/0010.mp4,/root/autodl-tmp/data/datasets/ch_sims/label.csv#video_0023/0010,0.00,1.71,zh,medium,high,high,true,true
EAQ000576,CH-SIMS,test,CH-SIMS/video_0023/0011,/root/autodl-tmp/data/datasets/ch_sims/Raw.zip::Raw/video_0023/0011.mp4,/root/autodl-tmp/data/datasets/ch_sims/Raw.zip::Raw/video_0023/0011.mp4,/root/autodl-tmp/data/datasets/ch_sims/label.csv#video_0023/0011,0.00,10.29,zh,medium,high,high,true,true
EAQ000577,CH-SIMS,train,CH-SIMS/video_0023/0012,/root/autodl-tmp/data/datasets/ch_sims/Raw.zip::Raw/video_0023/0012.mp4,/root/autodl-tmp/data/datasets/ch_sims/Raw.zip::Raw/video_0023/0012.mp4,/root/autodl-tmp/data/datasets/ch_sims/label.csv#video_0023/0012,0.00,4.29,zh,medium,high,high,true,true
EAQ000578,CH-SIMS,train,CH-SIMS/video_0023/0013,/root/autodl-tmp/data/datasets/ch_sims/Raw.zip::Raw/video_0023/0013.mp4,/root/autodl-tmp/data/datasets/ch_sims/Raw.zip::Raw/video_0023/0013.mp4,/root/autodl-tmp/data/datasets/ch_sims/label.csv#video_0023/0013,0.00,8.29,zh,medium,high,high,true,true
EAQ000579,CH-SIMS,validation,CH-SIMS/video_0023/0014,/root/autodl-tmp/data/datasets/ch_sims/Raw.zip::Raw/video_0023/0014.mp4,/root/autodl-tmp/data/datasets/ch_sims/Raw.zip::Raw/video_0023/0014.mp4,/root/autodl-tmp/data/datasets/ch_sims/label.csv#video_0023/0014,0.00,2.57,zh,medium,high,high,true,true
EAQ000580,CH-SIMS,test,CH-SIMS/video_0023/0015,/root/autodl-tmp/data/datasets/ch_sims/Raw.zip::Raw/video_0023/0015.mp4,/root/autodl-tmp/data/datasets/ch_sims/Raw.zip::Raw/video_0023/0015.mp4,/root/autodl-tmp/data/datasets/ch_sims/label.csv#video_0023/0015,0.00,4.00,zh,medium,high,high,true,true
EAQ000581,CH-SIMS,train,CH-SIMS/video_0023/0016,/root/autodl-tmp/data/datasets/ch_sims/Raw.zip::Raw/video_0023/0016.mp4,/root/autodl-tmp/data/datasets/ch_sims/Raw.zip::Raw/video_0023/0016.mp4,/root/autodl-tmp/data/datasets/ch_sims/label.csv#video_0023/0016,0.00,3.14,zh,medium,high,high,true,true
EAQ000582,CH-SIMS,train,CH-SIMS/video_0023/0017,/root/autodl-tmp/data/datasets/ch_sims/Raw.zip::Raw/video_0023/0017.mp4,/root/autodl-tmp/data/datasets/ch_sims/Raw.zip::Raw/video_0023/0017.mp4,/root/autodl-tmp/data/datasets/ch_sims/label.csv#video_0023/0017,0.00,10.29,zh,medium,high,high,true,true
EAQ000583,CH-SIMS,train,CH-SIMS/video_0023/0018,/root/autodl-tmp/data/datasets/ch_sims/Raw.zip::Raw/video_0023/0018.mp4,/root/autodl-tmp/data/datasets/ch_sims/Raw.zip::Raw/video_0023/0018.mp4,/root/autodl-tmp/data/datasets/ch_sims/label.csv#video_0023/0018,0.00,5.14,zh,medium,high,high,true,true
EAQ000584,CH-SIMS,train,CH-SIMS/video_0023/0019,/root/autodl-tmp/data/datasets/ch_sims/Raw.zip::Raw/video_0023/0019.mp4,/root/autodl-tmp/data/datasets/ch_sims/Raw.zip::Raw/video_0023/0019.mp4,/root/autodl-tmp/data/datasets/ch_sims/label.csv#video_0023/0019,0.00,4.00,zh,medium,high,high,true,true
EAQ000585,CH-SIMS,validation,CH-SIMS/video_0023/0020,/root/autodl-tmp/data/datasets/ch_sims/Raw.zip::Raw/video_0023/0020.mp4,/root/autodl-tmp/data/datasets/ch_sims/Raw.zip::Raw/video_0023/0020.mp4,/root/autodl-tmp/data/datasets/ch_sims/label.csv#video_0023/0020,0.00,4.00,zh,medium,high,high,true,true
EAQ000586,CH-SIMS,train,CH-SIMS/video_0023/0021,/root/autodl-tmp/data/datasets/ch_sims/Raw.zip::Raw/video_0023/0021.mp4,/root/autodl-tmp/data/datasets/ch_sims/Raw.zip::Raw/video_0023/0021.mp4,/root/autodl-tmp/data/datasets/ch_sims/label.csv#video_0023/0021,0.00,4.00,zh,medium,high,high,true,true
EAQ000587,CH-SIMS,validation,CH-SIMS/video_0023/0022,/root/autodl-tmp/data/datasets/ch_sims/Raw.zip::Raw/video_0023/0022.mp4,/root/autodl-tmp/data/datasets/ch_sims/Raw.zip::Raw/video_0023/0022.mp4,/root/autodl-tmp/data/datasets/ch_sims/label.csv#video_0023/0022,0.00,4.86,zh,medium,high,high,true,true
EAQ000588,CH-SIMS,train,CH-SIMS/video_0023/0023,/root/autodl-tmp/data/datasets/ch_sims/Raw.zip::Raw/video_0023/0023.mp4,/root/autodl-tmp/data/datasets/ch_sims/Raw.zip::Raw/video_0023/0023.mp4,/root/autodl-tmp/data/datasets/ch_sims/label.csv#video_0023/0023,0.00,8.29,zh,medium,high,high,true,true
EAQ000589,CH-SIMS,test,CH-SIMS/video_0023/0024,/root/autodl-tmp/data/datasets/ch_sims/Raw.zip::Raw/video_0023/0024.mp4,/root/autodl-tmp/data/datasets/ch_sims/Raw.zip::Raw/video_0023/0024.mp4,/root/autodl-tmp/data/datasets/ch_sims/label.csv#video_0023/0024,0.00,2.57,zh,medium,high,high,true,true
EAQ000590,CH-SIMS,train,CH-SIMS/video_0023/0025,/root/autodl-tmp/data/datasets/ch_sims/Raw.zip::Raw/video_0023/0025.mp4,/root/autodl-tmp/data/datasets/ch_sims/Raw.zip::Raw/video_0023/0025.mp4,/root/autodl-tmp/data/datasets/ch_sims/label.csv#video_0023/0025,0.00,9.43,zh,medium,high,high,true,true
EAQ000591,CH-SIMS,validation,CH-SIMS/video_0023/0026,/root/autodl-tmp/data/datasets/ch_sims/Raw.zip::Raw/video_0023/0026.mp4,/root/autodl-tmp/data/datasets/ch_sims/Raw.zip::Raw/video_0023/0026.mp4,/root/autodl-tmp/data/datasets/ch_sims/label.csv#video_0023/0026,0.00,4.00,zh,medium,high,high,true,true
EAQ000592,CH-SIMS,train,CH-SIMS/video_0023/0027,/root/autodl-tmp/data/datasets/ch_sims/Raw.zip::Raw/video_0023/0027.mp4,/root/autodl-tmp/data/datasets/ch_sims/Raw.zip::Raw/video_0023/0027.mp4,/root/autodl-tmp/data/datasets/ch_sims/label.csv#video_0023/0027,0.00,2.57,zh,medium,high,high,true,true
EAQ000593,CH-SIMS,train,CH-SIMS/video_0023/0028,/root/autodl-tmp/data/datasets/ch_sims/Raw.zip::Raw/video_0023/0028.mp4,/root/autodl-tmp/data/datasets/ch_sims/Raw.zip::Raw/video_0023/0028.mp4,/root/autodl-tmp/data/datasets/ch_sims/label.csv#video_0023/0028,0.00,8.86,zh,medium,high,high,true,true
EAQ000594,CH-SIMS,validation,CH-SIMS/video_0023/0029,/root/autodl-tmp/data/datasets/ch_sims/Raw.zip::Raw/video_0023/0029.mp4,/root/autodl-tmp/data/datasets/ch_sims/Raw.zip::Raw/video_0023/0029.mp4,/root/autodl-tmp/data/datasets/ch_sims/label.csv#video_0023/0029,0.00,6.29,zh,medium,high,high,true,true
EAQ000595,CH-SIMS,test,CH-SIMS/video_0023/0030,/root/autodl-tmp/data/datasets/ch_sims/Raw.zip::Raw/video_0023/0030.mp4,/root/autodl-tmp/data/datasets/ch_sims/Raw.zip::Raw/video_0023/0030.mp4,/root/autodl-tmp/data/datasets/ch_sims/label.csv#video_0023/0030,0.00,10.86,zh,medium,high,high,true,true
EAQ000596,CH-SIMS,test,CH-SIMS/video_0023/0031,/root/autodl-tmp/data/datasets/ch_sims/Raw.zip::Raw/video_0023/0031.mp4,/root/autodl-tmp/data/datasets/ch_sims/Raw.zip::Raw/video_0023/0031.mp4,/root/autodl-tmp/data/datasets/ch_sims/label.csv#video_0023/0031,0.00,4.00,zh,medium,high,high,true,true
EAQ000597,CH-SIMS,validation,CH-SIMS/video_0023/0032,/root/autodl-tmp/data/datasets/ch_sims/Raw.zip::Raw/video_0023/0032.mp4,/root/autodl-tmp/data/datasets/ch_sims/Raw.zip::Raw/video_0023/0032.mp4,/root/autodl-tmp/data/datasets/ch_sims/label.csv#video_0023/0032,0.00,5.14,zh,medium,high,high,true,true
EAQ000598,CH-SIMS,train,CH-SIMS/video_0023/0033,/root/autodl-tmp/data/datasets/ch_sims/Raw.zip::Raw/video_0023/0033.mp4,/root/autodl-tmp/data/datasets/ch_sims/Raw.zip::Raw/video_0023/0033.mp4,/root/autodl-tmp/data/datasets/ch_sims/label.csv#video_0023/0033,0.00,4.29,zh,medium,high,high,true,true
EAQ000599,CH-SIMS,train,CH-SIMS/video_0023/0034,/root/autodl-tmp/data/datasets/ch_sims/Raw.zip::Raw/video_0023/0034.mp4,/root/autodl-tmp/data/datasets/ch_sims/Raw.zip::Raw/video_0023/0034.mp4,/root/autodl-tmp/data/datasets/ch_sims/label.csv#video_0023/0034,0.00,4.29,zh,medium,high,high,true,true
EAQ000600,CH-SIMS,test,CH-SIMS/video_0023/0035,/root/autodl-tmp/data/datasets/ch_sims/Raw.zip::Raw/video_0023/0035.mp4,/root/autodl-tmp/data/datasets/ch_sims/Raw.zip::Raw/video_0023/0035.mp4,/root/autodl-tmp/data/datasets/ch_sims/label.csv#video_0023/0035,0.00,2.00,zh,medium,high,high,true,true
EAQ000601,CH-SIMS,train,CH-SIMS/video_0023/0036,/root/autodl-tmp/data/datasets/ch_sims/Raw.zip::Raw/video_0023/0036.mp4,/root/autodl-tmp/data/datasets/ch_sims/Raw.zip::Raw/video_0023/0036.mp4,/root/autodl-tmp/data/datasets/ch_sims/label.csv#video_0023/0036,0.00,2.86,zh,medium,high,high,true,true
EAQ000602,CH-SIMS,train,CH-SIMS/video_0023/0037,/root/autodl-tmp/data/datasets/ch_sims/Raw.zip::Raw/video_0023/0037.mp4,/root/autodl-tmp/data/datasets/ch_sims/Raw.zip::Raw/video_0023/0037.mp4,/root/autodl-tmp/data/datasets/ch_sims/label.csv#video_0023/0037,0.00,2.57,zh,medium,high,high,true,true
EAQ000603,CH-SIMS,train,CH-SIMS/video_0023/0038,/root/autodl-tmp/data/datasets/ch_sims/Raw.zip::Raw/video_0023/0038.mp4,/root/autodl-tmp/data/datasets/ch_sims/Raw.zip::Raw/video_0023/0038.mp4,/root/autodl-tmp/data/datasets/ch_sims/label.csv#video_0023/0038,0.00,5.71,zh,medium,high,high,true,true
EAQ000604,CH-SIMS,train,CH-SIMS/video_0023/0039,/root/autodl-tmp/data/datasets/ch_sims/Raw.zip::Raw/video_0023/0039.mp4,/root/autodl-tmp/data/datasets/ch_sims/Raw.zip::Raw/video_0023/0039.mp4,/root/autodl-tmp/data/datasets/ch_sims/label.csv#video_0023/0039,0.00,8.29,zh,medium,high,high,true,true
EAQ000605,CH-SIMS,validation,CH-SIMS/video_0023/0040,/root/autodl-tmp/data/datasets/ch_sims/Raw.zip::Raw/video_0023/0040.mp4,/root/autodl-tmp/data/datasets/ch_sims/Raw.zip::Raw/video_0023/0040.mp4,/root/autodl-tmp/data/datasets/ch_sims/label.csv#video_0023/0040,0.00,7.71,zh,medium,high,high,true,true
EAQ000606,CH-SIMS,validation,CH-SIMS/video_0023/0041,/root/autodl-tmp/data/datasets/ch_sims/Raw.zip::Raw/video_0023/0041.mp4,/root/autodl-tmp/data/datasets/ch_sims/Raw.zip::Raw/video_0023/0041.mp4,/root/autodl-tmp/data/datasets/ch_sims/label.csv#video_0023/0041,0.00,4.00,zh,medium,high,high,true,true
EAQ000607,CH-SIMS,validation,CH-SIMS/video_0023/0042,/root/autodl-tmp/data/datasets/ch_sims/Raw.zip::Raw/video_0023/0042.mp4,/root/autodl-tmp/data/datasets/ch_sims/Raw.zip::Raw/video_0023/0042.mp4,/root/autodl-tmp/data/datasets/ch_sims/label.csv#video_0023/0042,0.00,7.71,zh,medium,high,high,true,true
EAQ000608,CH-SIMS,test,CH-SIMS/video_0023/0043,/root/autodl-tmp/data/datasets/ch_sims/Raw.zip::Raw/video_0023/0043.mp4,/root/autodl-tmp/data/datasets/ch_sims/Raw.zip::Raw/video_0023/0043.mp4,/root/autodl-tmp/data/datasets/ch_sims/label.csv#video_0023/0043,0.00,1.14,zh,medium,high,high,true,true
EAQ000609,CH-SIMS,validation,CH-SIMS/video_0023/0044,/root/autodl-tmp/data/datasets/ch_sims/Raw.zip::Raw/video_0023/0044.mp4,/root/autodl-tmp/data/datasets/ch_sims/Raw.zip::Raw/video_0023/0044.mp4,/root/autodl-tmp/data/datasets/ch_sims/label.csv#video_0023/0044,0.00,4.00,zh,medium,high,high,true,true
EAQ000610,CH-SIMS,train,CH-SIMS/video_0023/0045,/root/autodl-tmp/data/datasets/ch_sims/Raw.zip::Raw/video_0023/0045.mp4,/root/autodl-tmp/data/datasets/ch_sims/Raw.zip::Raw/video_0023/0045.mp4,/root/autodl-tmp/data/datasets/ch_sims/label.csv#video_0023/0045,0.00,3.14,zh,medium,high,high,true,true
EAQ000611,CH-SIMS,train,CH-SIMS/video_0023/0046,/root/autodl-tmp/data/datasets/ch_sims/Raw.zip::Raw/video_0023/0046.mp4,/root/autodl-tmp/data/datasets/ch_sims/Raw.zip::Raw/video_0023/0046.mp4,/root/autodl-tmp/data/datasets/ch_sims/label.csv#video_0023/0046,0.00,2.29,zh,medium,high,high,true,true
EAQ000612,CH-SIMS,train,CH-SIMS/video_0023/0047,/root/autodl-tmp/data/datasets/ch_sims/Raw.zip::Raw/video_0023/0047.mp4,/root/autodl-tmp/data/datasets/ch_sims/Raw.zip::Raw/video_0023/0047.mp4,/root/autodl-tmp/data/datasets/ch_sims/label.csv#video_0023/0047,0.00,8.00,zh,medium,high,high,true,true
EAQ000613,CH-SIMS,validation,CH-SIMS/video_0023/0048,/root/autodl-tmp/data/datasets/ch_sims/Raw.zip::Raw/video_0023/0048.mp4,/root/autodl-tmp/data/datasets/ch_sims/Raw.zip::Raw/video_0023/0048.mp4,/root/autodl-tmp/data/datasets/ch_sims/label.csv#video_0023/0048,0.00,6.86,zh,medium,high,high,true,true
EAQ000614,CH-SIMS,train,CH-SIMS/video_0023/0049,/root/autodl-tmp/data/datasets/ch_sims/Raw.zip::Raw/video_0023/0049.mp4,/root/autodl-tmp/data/datasets/ch_sims/Raw.zip::Raw/video_0023/0049.mp4,/root/autodl-tmp/data/datasets/ch_sims/label.csv#video_0023/0049,0.00,4.29,zh,medium,high,high,true,true
EAQ000615,CH-SIMS,validation,CH-SIMS/video_0023/0050,/root/autodl-tmp/data/datasets/ch_sims/Raw.zip::Raw/video_0023/0050.mp4,/root/autodl-tmp/data/datasets/ch_sims/Raw.zip::Raw/video_0023/0050.mp4,/root/autodl-tmp/data/datasets/ch_sims/label.csv#video_0023/0050,0.00,4.29,zh,medium,high,high,true,true
EAQ000616,CH-SIMS,test,CH-SIMS/video_0023/0051,/root/autodl-tmp/data/datasets/ch_sims/Raw.zip::Raw/video_0023/0051.mp4,/root/autodl-tmp/data/datasets/ch_sims/Raw.zip::Raw/video_0023/0051.mp4,/root/autodl-tmp/data/datasets/ch_sims/label.csv#video_0023/0051,0.00,5.43,zh,medium,high,high,true,true
EAQ000617,CH-SIMS,test,CH-SIMS/video_0023/0052,/root/autodl-tmp/data/datasets/ch_sims/Raw.zip::Raw/video_0023/0052.mp4,/root/autodl-tmp/data/datasets/ch_sims/Raw.zip::Raw/video_0023/0052.mp4,/root/autodl-tmp/data/datasets/ch_sims/label.csv#video_0023/0052,0.00,6.29,zh,medium,high,high,true,true
EAQ000618,CH-SIMS,train,CH-SIMS/video_0023/0053,/root/autodl-tmp/data/datasets/ch_sims/Raw.zip::Raw/video_0023/0053.mp4,/root/autodl-tmp/data/datasets/ch_sims/Raw.zip::Raw/video_0023/0053.mp4,/root/autodl-tmp/data/datasets/ch_sims/label.csv#video_0023/0053,0.00,9.14,zh,medium,high,high,true,true
EAQ000619,CH-SIMS,train,CH-SIMS/video_0023/0054,/root/autodl-tmp/data/datasets/ch_sims/Raw.zip::Raw/video_0023/0054.mp4,/root/autodl-tmp/data/datasets/ch_sims/Raw.zip::Raw/video_0023/0054.mp4,/root/autodl-tmp/data/datasets/ch_sims/label.csv#video_0023/0054,0.00,7.71,zh,medium,high,high,true,true
EAQ000620,CH-SIMS,train,CH-SIMS/video_0023/0055,/root/autodl-tmp/data/datasets/ch_sims/Raw.zip::Raw/video_0023/0055.mp4,/root/autodl-tmp/data/datasets/ch_sims/Raw.zip::Raw/video_0023/0055.mp4,/root/autodl-tmp/data/datasets/ch_sims/label.csv#video_0023/0055,0.00,9.43,zh,medium,high,high,true,true
EAQ000621,CH-SIMS,train,CH-SIMS/video_0023/0056,/root/autodl-tmp/data/datasets/ch_sims/Raw.zip::Raw/video_0023/0056.mp4,/root/autodl-tmp/data/datasets/ch_sims/Raw.zip::Raw/video_0023/0056.mp4,/root/autodl-tmp/data/datasets/ch_sims/label.csv#video_0023/0056,0.00,6.29,zh,medium,high,high,true,true
EAQ000622,CH-SIMS,train,CH-SIMS/video_0023/0057,/root/autodl-tmp/data/datasets/ch_sims/Raw.zip::Raw/video_0023/0057.mp4,/root/autodl-tmp/data/datasets/ch_sims/Raw.zip::Raw/video_0023/0057.mp4,/root/autodl-tmp/data/datasets/ch_sims/label.csv#video_0023/0057,0.00,2.86,zh,medium,high,high,true,true
EAQ000623,CH-SIMS,validation,CH-SIMS/video_0023/0058,/root/autodl-tmp/data/datasets/ch_sims/Raw.zip::Raw/video_0023/0058.mp4,/root/autodl-tmp/data/datasets/ch_sims/Raw.zip::Raw/video_0023/0058.mp4,/root/autodl-tmp/data/datasets/ch_sims/label.csv#video_0023/0058,0.00,4.00,zh,medium,high,high,true,true
EAQ000624,CH-SIMS,train,CH-SIMS/video_0023/0059,/root/autodl-tmp/data/datasets/ch_sims/Raw.zip::Raw/video_0023/0059.mp4,/root/autodl-tmp/data/datasets/ch_sims/Raw.zip::Raw/video_0023/0059.mp4,/root/autodl-tmp/data/datasets/ch_sims/label.csv#video_0023/0059,0.00,11.43,zh,medium,high,high,true,true
EAQ000625,CH-SIMS,test,CH-SIMS/video_0023/0060,/root/autodl-tmp/data/datasets/ch_sims/Raw.zip::Raw/video_0023/0060.mp4,/root/autodl-tmp/data/datasets/ch_sims/Raw.zip::Raw/video_0023/0060.mp4,/root/autodl-tmp/data/datasets/ch_sims/label.csv#video_0023/0060,0.00,3.43,zh,medium,high,high,true,true
EAQ000626,CH-SIMS,train,CH-SIMS/video_0023/0061,/root/autodl-tmp/data/datasets/ch_sims/Raw.zip::Raw/video_0023/0061.mp4,/root/autodl-tmp/data/datasets/ch_sims/Raw.zip::Raw/video_0023/0061.mp4,/root/autodl-tmp/data/datasets/ch_sims/label.csv#video_0023/0061,0.00,7.14,zh,medium,high,high,true,true
EAQ000627,CH-SIMS,train,CH-SIMS/video_0023/0062,/root/autodl-tmp/data/datasets/ch_sims/Raw.zip::Raw/video_0023/0062.mp4,/root/autodl-tmp/data/datasets/ch_sims/Raw.zip::Raw/video_0023/0062.mp4,/root/autodl-tmp/data/datasets/ch_sims/label.csv#video_0023/0062,0.00,6.00,zh,medium,high,high,true,true
EAQ000628,CH-SIMS,train,CH-SIMS/video_0023/0063,/root/autodl-tmp/data/datasets/ch_sims/Raw.zip::Raw/video_0023/0063.mp4,/root/autodl-tmp/data/datasets/ch_sims/Raw.zip::Raw/video_0023/0063.mp4,/root/autodl-tmp/data/datasets/ch_sims/label.csv#video_0023/0063,0.00,7.43,zh,medium,high,high,true,true
EAQ000629,CH-SIMS,train,CH-SIMS/video_0023/0064,/root/autodl-tmp/data/datasets/ch_sims/Raw.zip::Raw/video_0023/0064.mp4,/root/autodl-tmp/data/datasets/ch_sims/Raw.zip::Raw/video_0023/0064.mp4,/root/autodl-tmp/data/datasets/ch_sims/label.csv#video_0023/0064,0.00,6.00,zh,medium,high,high,true,true
EAQ000630,CH-SIMS,validation,CH-SIMS/video_0024/0001,/root/autodl-tmp/data/datasets/ch_sims/Raw.zip::Raw/video_0024/0001.mp4,/root/autodl-tmp/data/datasets/ch_sims/Raw.zip::Raw/video_0024/0001.mp4,/root/autodl-tmp/data/datasets/ch_sims/label.csv#video_0024/0001,0.00,3.14,zh,medium,high,high,true,true
EAQ000631,CH-SIMS,test,CH-SIMS/video_0024/0002,/root/autodl-tmp/data/datasets/ch_sims/Raw.zip::Raw/video_0024/0002.mp4,/root/autodl-tmp/data/datasets/ch_sims/Raw.zip::Raw/video_0024/0002.mp4,/root/autodl-tmp/data/datasets/ch_sims/label.csv#video_0024/0002,0.00,3.43,zh,medium,high,high,true,true
EAQ000632,CH-SIMS,train,CH-SIMS/video_0024/0003,/root/autodl-tmp/data/datasets/ch_sims/Raw.zip::Raw/video_0024/0003.mp4,/root/autodl-tmp/data/datasets/ch_sims/Raw.zip::Raw/video_0024/0003.mp4,/root/autodl-tmp/data/datasets/ch_sims/label.csv#video_0024/0003,0.00,3.43,zh,medium,high,high,true,true
EAQ000633,CH-SIMS,train,CH-SIMS/video_0024/0004,/root/autodl-tmp/data/datasets/ch_sims/Raw.zip::Raw/video_0024/0004.mp4,/root/autodl-tmp/data/datasets/ch_sims/Raw.zip::Raw/video_0024/0004.mp4,/root/autodl-tmp/data/datasets/ch_sims/label.csv#video_0024/0004,0.00,5.43,zh,medium,high,high,true,true
EAQ000634,CH-SIMS,validation,CH-SIMS/video_0024/0005,/root/autodl-tmp/data/datasets/ch_sims/Raw.zip::Raw/video_0024/0005.mp4,/root/autodl-tmp/data/datasets/ch_sims/Raw.zip::Raw/video_0024/0005.mp4,/root/autodl-tmp/data/datasets/ch_sims/label.csv#video_0024/0005,0.00,6.57,zh,medium,high,high,true,true
EAQ000635,CH-SIMS,validation,CH-SIMS/video_0024/0006,/root/autodl-tmp/data/datasets/ch_sims/Raw.zip::Raw/video_0024/0006.mp4,/root/autodl-tmp/data/datasets/ch_sims/Raw.zip::Raw/video_0024/0006.mp4,/root/autodl-tmp/data/datasets/ch_sims/label.csv#video_0024/0006,0.00,3.71,zh,medium,high,high,true,true
EAQ000636,CH-SIMS,validation,CH-SIMS/video_0024/0007,/root/autodl-tmp/data/datasets/ch_sims/Raw.zip::Raw/video_0024/0007.mp4,/root/autodl-tmp/data/datasets/ch_sims/Raw.zip::Raw/video_0024/0007.mp4,/root/autodl-tmp/data/datasets/ch_sims/label.csv#video_0024/0007,0.00,3.71,zh,medium,high,high,true,true
EAQ000637,CH-SIMS,train,CH-SIMS/video_0024/0008,/root/autodl-tmp/data/datasets/ch_sims/Raw.zip::Raw/video_0024/0008.mp4,/root/autodl-tmp/data/datasets/ch_sims/Raw.zip::Raw/video_0024/0008.mp4,/root/autodl-tmp/data/datasets/ch_sims/label.csv#video_0024/0008,0.00,4.57,zh,medium,high,high,true,true
EAQ000638,CH-SIMS,validation,CH-SIMS/video_0024/0009,/root/autodl-tmp/data/datasets/ch_sims/Raw.zip::Raw/video_0024/0009.mp4,/root/autodl-tmp/data/datasets/ch_sims/Raw.zip::Raw/video_0024/0009.mp4,/root/autodl-tmp/data/datasets/ch_sims/label.csv#video_0024/0009,0.00,5.43,zh,medium,high,high,true,true
EAQ000639,CH-SIMS,test,CH-SIMS/video_0024/0010,/root/autodl-tmp/data/datasets/ch_sims/Raw.zip::Raw/video_0024/0010.mp4,/root/autodl-tmp/data/datasets/ch_sims/Raw.zip::Raw/video_0024/0010.mp4,/root/autodl-tmp/data/datasets/ch_sims/label.csv#video_0024/0010,0.00,5.43,zh,medium,high,high,true,true
EAQ000640,CH-SIMS,train,CH-SIMS/video_0024/0011,/root/autodl-tmp/data/datasets/ch_sims/Raw.zip::Raw/video_0024/0011.mp4,/root/autodl-tmp/data/datasets/ch_sims/Raw.zip::Raw/video_0024/0011.mp4,/root/autodl-tmp/data/datasets/ch_sims/label.csv#video_0024/0011,0.00,6.00,zh,medium,high,high,true,true
EAQ000641,CH-SIMS,train,CH-SIMS/video_0024/0012,/root/autodl-tmp/data/datasets/ch_sims/Raw.zip::Raw/video_0024/0012.mp4,/root/autodl-tmp/data/datasets/ch_sims/Raw.zip::Raw/video_0024/0012.mp4,/root/autodl-tmp/data/datasets/ch_sims/label.csv#video_0024/0012,0.00,4.86,zh,medium,high,high,true,true
EAQ000642,CH-SIMS,validation,CH-SIMS/video_0024/0013,/root/autodl-tmp/data/datasets/ch_sims/Raw.zip::Raw/video_0024/0013.mp4,/root/autodl-tmp/data/datasets/ch_sims/Raw.zip::Raw/video_0024/0013.mp4,/root/autodl-tmp/data/datasets/ch_sims/label.csv#video_0024/0013,0.00,4.29,zh,medium,high,high,true,true
EAQ000643,CH-SIMS,train,CH-SIMS/video_0024/0014,/root/autodl-tmp/data/datasets/ch_sims/Raw.zip::Raw/video_0024/0014.mp4,/root/autodl-tmp/data/datasets/ch_sims/Raw.zip::Raw/video_0024/0014.mp4,/root/autodl-tmp/data/datasets/ch_sims/label.csv#video_0024/0014,0.00,4.57,zh,medium,high,high,true,true
EAQ000644,CH-SIMS,validation,CH-SIMS/video_0024/0015,/root/autodl-tmp/data/datasets/ch_sims/Raw.zip::Raw/video_0024/0015.mp4,/root/autodl-tmp/data/datasets/ch_sims/Raw.zip::Raw/video_0024/0015.mp4,/root/autodl-tmp/data/datasets/ch_sims/label.csv#video_0024/0015,0.00,2.29,zh,medium,high,high,true,true
EAQ000645,CH-SIMS,train,CH-SIMS/video_0024/0016,/root/autodl-tmp/data/datasets/ch_sims/Raw.zip::Raw/video_0024/0016.mp4,/root/autodl-tmp/data/datasets/ch_sims/Raw.zip::Raw/video_0024/0016.mp4,/root/autodl-tmp/data/datasets/ch_sims/label.csv#video_0024/0016,0.00,3.43,zh,medium,high,high,true,true
EAQ000646,CH-SIMS,train,CH-SIMS/video_0024/0017,/root/autodl-tmp/data/datasets/ch_sims/Raw.zip::Raw/video_0024/0017.mp4,/root/autodl-tmp/data/datasets/ch_sims/Raw.zip::Raw/video_0024/0017.mp4,/root/autodl-tmp/data/datasets/ch_sims/label.csv#video_0024/0017,0.00,3.43,zh,medium,high,high,true,true
EAQ000647,CH-SIMS,train,CH-SIMS/video_0024/0018,/root/autodl-tmp/data/datasets/ch_sims/Raw.zip::Raw/video_0024/0018.mp4,/root/autodl-tmp/data/datasets/ch_sims/Raw.zip::Raw/video_0024/0018.mp4,/root/autodl-tmp/data/datasets/ch_sims/label.csv#video_0024/0018,0.00,4.00,zh,medium,high,high,true,true
EAQ000648,CH-SIMS,train,CH-SIMS/video_0024/0019,/root/autodl-tmp/data/datasets/ch_sims/Raw.zip::Raw/video_0024/0019.mp4,/root/autodl-tmp/data/datasets/ch_sims/Raw.zip::Raw/video_0024/0019.mp4,/root/autodl-tmp/data/datasets/ch_sims/label.csv#video_0024/0019,0.00,2.86,zh,medium,high,high,true,true
EAQ000649,CH-SIMS,validation,CH-SIMS/video_0024/0020,/root/autodl-tmp/data/datasets/ch_sims/Raw.zip::Raw/video_0024/0020.mp4,/root/autodl-tmp/data/datasets/ch_sims/Raw.zip::Raw/video_0024/0020.mp4,/root/autodl-tmp/data/datasets/ch_sims/label.csv#video_0024/0020,0.00,1.00,zh,medium,high,medium,true,true
EAQ000650,CH-SIMS,train,CH-SIMS/video_0024/0021,/root/autodl-tmp/data/datasets/ch_sims/Raw.zip::Raw/video_0024/0021.mp4,/root/autodl-tmp/data/datasets/ch_sims/Raw.zip::Raw/video_0024/0021.mp4,/root/autodl-tmp/data/datasets/ch_sims/label.csv#video_0024/0021,0.00,1.43,zh,medium,high,high,true,true
EAQ000651,CH-SIMS,test,CH-SIMS/video_0024/0022,/root/autodl-tmp/data/datasets/ch_sims/Raw.zip::Raw/video_0024/0022.mp4,/root/autodl-tmp/data/datasets/ch_sims/Raw.zip::Raw/video_0024/0022.mp4,/root/autodl-tmp/data/datasets/ch_sims/label.csv#video_0024/0022,0.00,2.29,zh,medium,high,high,true,true
EAQ000652,CH-SIMS,train,CH-SIMS/video_0024/0023,/root/autodl-tmp/data/datasets/ch_sims/Raw.zip::Raw/video_0024/0023.mp4,/root/autodl-tmp/data/datasets/ch_sims/Raw.zip::Raw/video_0024/0023.mp4,/root/autodl-tmp/data/datasets/ch_sims/label.csv#video_0024/0023,0.00,4.00,zh,medium,high,high,true,true
EAQ000653,CH-SIMS,test,CH-SIMS/video_0024/0024,/root/autodl-tmp/data/datasets/ch_sims/Raw.zip::Raw/video_0024/0024.mp4,/root/autodl-tmp/data/datasets/ch_sims/Raw.zip::Raw/video_0024/0024.mp4,/root/autodl-tmp/data/datasets/ch_sims/label.csv#video_0024/0024,0.00,1.43,zh,medium,high,high,true,true
EAQ000654,CH-SIMS,test,CH-SIMS/video_0024/0025,/root/autodl-tmp/data/datasets/ch_sims/Raw.zip::Raw/video_0024/0025.mp4,/root/autodl-tmp/data/datasets/ch_sims/Raw.zip::Raw/video_0024/0025.mp4,/root/autodl-tmp/data/datasets/ch_sims/label.csv#video_0024/0025,0.00,3.43,zh,medium,high,high,true,true
EAQ000655,CH-SIMS,validation,CH-SIMS/video_0024/0026,/root/autodl-tmp/data/datasets/ch_sims/Raw.zip::Raw/video_0024/0026.mp4,/root/autodl-tmp/data/datasets/ch_sims/Raw.zip::Raw/video_0024/0026.mp4,/root/autodl-tmp/data/datasets/ch_sims/label.csv#video_0024/0026,0.00,5.14,zh,medium,high,high,true,true
EAQ000656,CH-SIMS,test,CH-SIMS/video_0024/0027,/root/autodl-tmp/data/datasets/ch_sims/Raw.zip::Raw/video_0024/0027.mp4,/root/autodl-tmp/data/datasets/ch_sims/Raw.zip::Raw/video_0024/0027.mp4,/root/autodl-tmp/data/datasets/ch_sims/label.csv#video_0024/0027,0.00,4.29,zh,medium,high,high,true,true
EAQ000657,CH-SIMS,train,CH-SIMS/video_0024/0028,/root/autodl-tmp/data/datasets/ch_sims/Raw.zip::Raw/video_0024/0028.mp4,/root/autodl-tmp/data/datasets/ch_sims/Raw.zip::Raw/video_0024/0028.mp4,/root/autodl-tmp/data/datasets/ch_sims/label.csv#video_0024/0028,0.00,3.14,zh,medium,high,high,true,true
EAQ000658,CH-SIMS,test,CH-SIMS/video_0024/0029,/root/autodl-tmp/data/datasets/ch_sims/Raw.zip::Raw/video_0024/0029.mp4,/root/autodl-tmp/data/datasets/ch_sims/Raw.zip::Raw/video_0024/0029.mp4,/root/autodl-tmp/data/datasets/ch_sims/label.csv#video_0024/0029,0.00,2.86,zh,medium,high,high,true,true
EAQ000659,CH-SIMS,train,CH-SIMS/video_0024/0030,/root/autodl-tmp/data/datasets/ch_sims/Raw.zip::Raw/video_0024/0030.mp4,/root/autodl-tmp/data/datasets/ch_sims/Raw.zip::Raw/video_0024/0030.mp4,/root/autodl-tmp/data/datasets/ch_sims/label.csv#video_0024/0030,0.00,3.43,zh,medium,high,high,true,true
EAQ000660,CH-SIMS,test,CH-SIMS/video_0024/0031,/root/autodl-tmp/data/datasets/ch_sims/Raw.zip::Raw/video_0024/0031.mp4,/root/autodl-tmp/data/datasets/ch_sims/Raw.zip::Raw/video_0024/0031.mp4,/root/autodl-tmp/data/datasets/ch_sims/label.csv#video_0024/0031,0.00,4.00,zh,medium,high,high,true,true
EAQ000661,CH-SIMS,train,CH-SIMS/video_0024/0032,/root/autodl-tmp/data/datasets/ch_sims/Raw.zip::Raw/video_0024/0032.mp4,/root/autodl-tmp/data/datasets/ch_sims/Raw.zip::Raw/video_0024/0032.mp4,/root/autodl-tmp/data/datasets/ch_sims/label.csv#video_0024/0032,0.00,3.43,zh,medium,high,high,true,true
EAQ000662,CH-SIMS,train,CH-SIMS/video_0024/0033,/root/autodl-tmp/data/datasets/ch_sims/Raw.zip::Raw/video_0024/0033.mp4,/root/autodl-tmp/data/datasets/ch_sims/Raw.zip::Raw/video_0024/0033.mp4,/root/autodl-tmp/data/datasets/ch_sims/label.csv#video_0024/0033,0.00,6.57,zh,medium,high,high,true,true
EAQ000663,CH-SIMS,train,CH-SIMS/video_0024/0034,/root/autodl-tmp/data/datasets/ch_sims/Raw.zip::Raw/video_0024/0034.mp4,/root/autodl-tmp/data/datasets/ch_sims/Raw.zip::Raw/video_0024/0034.mp4,/root/autodl-tmp/data/datasets/ch_sims/label.csv#video_0024/0034,0.00,5.43,zh,medium,high,high,true,true
EAQ000664,CH-SIMS,test,CH-SIMS/video_0024/0035,/root/autodl-tmp/data/datasets/ch_sims/Raw.zip::Raw/video_0024/0035.mp4,/root/autodl-tmp/data/datasets/ch_sims/Raw.zip::Raw/video_0024/0035.mp4,/root/autodl-tmp/data/datasets/ch_sims/label.csv#video_0024/0035,0.00,6.57,zh,medium,high,high,true,true
EAQ000665,CH-SIMS,train,CH-SIMS/video_0024/0036,/root/autodl-tmp/data/datasets/ch_sims/Raw.zip::Raw/video_0024/0036.mp4,/root/autodl-tmp/data/datasets/ch_sims/Raw.zip::Raw/video_0024/0036.mp4,/root/autodl-tmp/data/datasets/ch_sims/label.csv#video_0024/0036,0.00,4.57,zh,medium,high,high,true,true
EAQ000666,CH-SIMS,test,CH-SIMS/video_0024/0037,/root/autodl-tmp/data/datasets/ch_sims/Raw.zip::Raw/video_0024/0037.mp4,/root/autodl-tmp/data/datasets/ch_sims/Raw.zip::Raw/video_0024/0037.mp4,/root/autodl-tmp/data/datasets/ch_sims/label.csv#video_0024/0037,0.00,1.14,zh,medium,high,high,true,true
EAQ000667,CH-SIMS,train,CH-SIMS/video_0024/0038,/root/autodl-tmp/data/datasets/ch_sims/Raw.zip::Raw/video_0024/0038.mp4,/root/autodl-tmp/data/datasets/ch_sims/Raw.zip::Raw/video_0024/0038.mp4,/root/autodl-tmp/data/datasets/ch_sims/label.csv#video_0024/0038,0.00,3.14,zh,medium,high,high,true,true
EAQ000668,CH-SIMS,train,CH-SIMS/video_0024/0039,/root/autodl-tmp/data/datasets/ch_sims/Raw.zip::Raw/video_0024/0039.mp4,/root/autodl-tmp/data/datasets/ch_sims/Raw.zip::Raw/video_0024/0039.mp4,/root/autodl-tmp/data/datasets/ch_sims/label.csv#video_0024/0039,0.00,5.43,zh,medium,high,high,true,true
EAQ000669,CH-SIMS,validation,CH-SIMS/video_0024/0040,/root/autodl-tmp/data/datasets/ch_sims/Raw.zip::Raw/video_0024/0040.mp4,/root/autodl-tmp/data/datasets/ch_sims/Raw.zip::Raw/video_0024/0040.mp4,/root/autodl-tmp/data/datasets/ch_sims/label.csv#video_0024/0040,0.00,5.71,zh,medium,high,high,true,true
EAQ000670,CH-SIMS,train,CH-SIMS/video_0024/0041,/root/autodl-tmp/data/datasets/ch_sims/Raw.zip::Raw/video_0024/0041.mp4,/root/autodl-tmp/data/datasets/ch_sims/Raw.zip::Raw/video_0024/0041.mp4,/root/autodl-tmp/data/datasets/ch_sims/label.csv#video_0024/0041,0.00,1.71,zh,medium,high,high,true,true
EAQ000671,CH-SIMS,train,CH-SIMS/video_0024/0042,/root/autodl-tmp/data/datasets/ch_sims/Raw.zip::Raw/video_0024/0042.mp4,/root/autodl-tmp/data/datasets/ch_sims/Raw.zip::Raw/video_0024/0042.mp4,/root/autodl-tmp/data/datasets/ch_sims/label.csv#video_0024/0042,0.00,2.86,zh,medium,high,high,true,true
EAQ000672,CH-SIMS,train,CH-SIMS/video_0024/0043,/root/autodl-tmp/data/datasets/ch_sims/Raw.zip::Raw/video_0024/0043.mp4,/root/autodl-tmp/data/datasets/ch_sims/Raw.zip::Raw/video_0024/0043.mp4,/root/autodl-tmp/data/datasets/ch_sims/label.csv#video_0024/0043,0.00,4.86,zh,medium,high,high,true,true
EAQ000673,CH-SIMS,train,CH-SIMS/video_0024/0044,/root/autodl-tmp/data/datasets/ch_sims/Raw.zip::Raw/video_0024/0044.mp4,/root/autodl-tmp/data/datasets/ch_sims/Raw.zip::Raw/video_0024/0044.mp4,/root/autodl-tmp/data/datasets/ch_sims/label.csv#video_0024/0044,0.00,5.14,zh,medium,high,high,true,true
EAQ000674,CH-SIMS,validation,CH-SIMS/video_0024/0045,/root/autodl-tmp/data/datasets/ch_sims/Raw.zip::Raw/video_0024/0045.mp4,/root/autodl-tmp/data/datasets/ch_sims/Raw.zip::Raw/video_0024/0045.mp4,/root/autodl-tmp/data/datasets/ch_sims/label.csv#video_0024/0045,0.00,4.00,zh,medium,high,high,true,true
EAQ000675,CH-SIMS,train,CH-SIMS/video_0024/0046,/root/autodl-tmp/data/datasets/ch_sims/Raw.zip::Raw/video_0024/0046.mp4,/root/autodl-tmp/data/datasets/ch_sims/Raw.zip::Raw/video_0024/0046.mp4,/root/autodl-tmp/data/datasets/ch_sims/label.csv#video_0024/0046,0.00,6.29,zh,medium,high,high,true,true
EAQ000676,CH-SIMS,train,CH-SIMS/video_0024/0047,/root/autodl-tmp/data/datasets/ch_sims/Raw.zip::Raw/video_0024/0047.mp4,/root/autodl-tmp/data/datasets/ch_sims/Raw.zip::Raw/video_0024/0047.mp4,/root/autodl-tmp/data/datasets/ch_sims/label.csv#video_0024/0047,0.00,4.00,zh,medium,high,high,true,true
EAQ000677,CH-SIMS,test,CH-SIMS/video_0024/0048,/root/autodl-tmp/data/datasets/ch_sims/Raw.zip::Raw/video_0024/0048.mp4,/root/autodl-tmp/data/datasets/ch_sims/Raw.zip::Raw/video_0024/0048.mp4,/root/autodl-tmp/data/datasets/ch_sims/label.csv#video_0024/0048,0.00,4.00,zh,medium,high,high,true,true
EAQ000678,CH-SIMS,train,CH-SIMS/video_0024/0049,/root/autodl-tmp/data/datasets/ch_sims/Raw.zip::Raw/video_0024/0049.mp4,/root/autodl-tmp/data/datasets/ch_sims/Raw.zip::Raw/video_0024/0049.mp4,/root/autodl-tmp/data/datasets/ch_sims/label.csv#video_0024/0049,0.00,3.71,zh,medium,high,high,true,true
EAQ000679,CH-SIMS,validation,CH-SIMS/video_0024/0050,/root/autodl-tmp/data/datasets/ch_sims/Raw.zip::Raw/video_0024/0050.mp4,/root/autodl-tmp/data/datasets/ch_sims/Raw.zip::Raw/video_0024/0050.mp4,/root/autodl-tmp/data/datasets/ch_sims/label.csv#video_0024/0050,0.00,2.86,zh,medium,high,high,true,true
EAQ000680,CH-SIMS,validation,CH-SIMS/video_0024/0051,/root/autodl-tmp/data/datasets/ch_sims/Raw.zip::Raw/video_0024/0051.mp4,/root/autodl-tmp/data/datasets/ch_sims/Raw.zip::Raw/video_0024/0051.mp4,/root/autodl-tmp/data/datasets/ch_sims/label.csv#video_0024/0051,0.00,2.86,zh,medium,high,high,true,true
EAQ000681,CH-SIMS,test,CH-SIMS/video_0024/0052,/root/autodl-tmp/data/datasets/ch_sims/Raw.zip::Raw/video_0024/0052.mp4,/root/autodl-tmp/data/datasets/ch_sims/Raw.zip::Raw/video_0024/0052.mp4,/root/autodl-tmp/data/datasets/ch_sims/label.csv#video_0024/0052,0.00,4.57,zh,medium,high,high,true,true
EAQ000682,CH-SIMS,train,CH-SIMS/video_0024/0053,/root/autodl-tmp/data/datasets/ch_sims/Raw.zip::Raw/video_0024/0053.mp4,/root/autodl-tmp/data/datasets/ch_sims/Raw.zip::Raw/video_0024/0053.mp4,/root/autodl-tmp/data/datasets/ch_sims/label.csv#video_0024/0053,0.00,2.29,zh,medium,high,high,true,true
EAQ000683,CH-SIMS,test,CH-SIMS/video_0024/0054,/root/autodl-tmp/data/datasets/ch_sims/Raw.zip::Raw/video_0024/0054.mp4,/root/autodl-tmp/data/datasets/ch_sims/Raw.zip::Raw/video_0024/0054.mp4,/root/autodl-tmp/data/datasets/ch_sims/label.csv#video_0024/0054,0.00,4.29,zh,medium,high,high,true,true
EAQ000684,CH-SIMS,train,CH-SIMS/video_0024/0055,/root/autodl-tmp/data/datasets/ch_sims/Raw.zip::Raw/video_0024/0055.mp4,/root/autodl-tmp/data/datasets/ch_sims/Raw.zip::Raw/video_0024/0055.mp4,/root/autodl-tmp/data/datasets/ch_sims/label.csv#video_0024/0055,0.00,2.29,zh,medium,high,high,true,true
EAQ000685,CH-SIMS,validation,CH-SIMS/video_0024/0056,/root/autodl-tmp/data/datasets/ch_sims/Raw.zip::Raw/video_0024/0056.mp4,/root/autodl-tmp/data/datasets/ch_sims/Raw.zip::Raw/video_0024/0056.mp4,/root/autodl-tmp/data/datasets/ch_sims/label.csv#video_0024/0056,0.00,4.57,zh,medium,high,high,true,true
EAQ000686,CH-SIMS,train,CH-SIMS/video_0024/0057,/root/autodl-tmp/data/datasets/ch_sims/Raw.zip::Raw/video_0024/0057.mp4,/root/autodl-tmp/data/datasets/ch_sims/Raw.zip::Raw/video_0024/0057.mp4,/root/autodl-tmp/data/datasets/ch_sims/label.csv#video_0024/0057,0.00,2.86,zh,medium,high,high,true,true
EAQ000687,CH-SIMS,validation,CH-SIMS/video_0024/0058,/root/autodl-tmp/data/datasets/ch_sims/Raw.zip::Raw/video_0024/0058.mp4,/root/autodl-tmp/data/datasets/ch_sims/Raw.zip::Raw/video_0024/0058.mp4,/root/autodl-tmp/data/datasets/ch_sims/label.csv#video_0024/0058,0.00,1.71,zh,medium,high,high,true,true
EAQ000688,CH-SIMS,train,CH-SIMS/video_0024/0059,/root/autodl-tmp/data/datasets/ch_sims/Raw.zip::Raw/video_0024/0059.mp4,/root/autodl-tmp/data/datasets/ch_sims/Raw.zip::Raw/video_0024/0059.mp4,/root/autodl-tmp/data/datasets/ch_sims/label.csv#video_0024/0059,0.00,2.57,zh,medium,high,high,true,true
EAQ000689,CH-SIMS,train,CH-SIMS/video_0024/0060,/root/autodl-tmp/data/datasets/ch_sims/Raw.zip::Raw/video_0024/0060.mp4,/root/autodl-tmp/data/datasets/ch_sims/Raw.zip::Raw/video_0024/0060.mp4,/root/autodl-tmp/data/datasets/ch_sims/label.csv#video_0024/0060,0.00,4.00,zh,medium,high,high,true,true
EAQ000690,CH-SIMS,train,CH-SIMS/video_0024/0061,/root/autodl-tmp/data/datasets/ch_sims/Raw.zip::Raw/video_0024/0061.mp4,/root/autodl-tmp/data/datasets/ch_sims/Raw.zip::Raw/video_0024/0061.mp4,/root/autodl-tmp/data/datasets/ch_sims/label.csv#video_0024/0061,0.00,2.57,zh,medium,high,high,true,true
EAQ000691,CH-SIMS,test,CH-SIMS/video_0024/0062,/root/autodl-tmp/data/datasets/ch_sims/Raw.zip::Raw/video_0024/0062.mp4,/root/autodl-tmp/data/datasets/ch_sims/Raw.zip::Raw/video_0024/0062.mp4,/root/autodl-tmp/data/datasets/ch_sims/label.csv#video_0024/0062,0.00,5.14,zh,medium,high,high,true,true
EAQ000692,CH-SIMS,train,CH-SIMS/video_0024/0063,/root/autodl-tmp/data/datasets/ch_sims/Raw.zip::Raw/video_0024/0063.mp4,/root/autodl-tmp/data/datasets/ch_sims/Raw.zip::Raw/video_0024/0063.mp4,/root/autodl-tmp/data/datasets/ch_sims/label.csv#video_0024/0063,0.00,2.00,zh,medium,high,high,true,true
EAQ000693,CH-SIMS,validation,CH-SIMS/video_0024/0064,/root/autodl-tmp/data/datasets/ch_sims/Raw.zip::Raw/video_0024/0064.mp4,/root/autodl-tmp/data/datasets/ch_sims/Raw.zip::Raw/video_0024/0064.mp4,/root/autodl-tmp/data/datasets/ch_sims/label.csv#video_0024/0064,0.00,5.14,zh,medium,high,high,true,true
EAQ000694,CH-SIMS,train,CH-SIMS/video_0024/0065,/root/autodl-tmp/data/datasets/ch_sims/Raw.zip::Raw/video_0024/0065.mp4,/root/autodl-tmp/data/datasets/ch_sims/Raw.zip::Raw/video_0024/0065.mp4,/root/autodl-tmp/data/datasets/ch_sims/label.csv#video_0024/0065,0.00,4.29,zh,medium,high,high,true,true
EAQ000695,CH-SIMS,train,CH-SIMS/video_0024/0066,/root/autodl-tmp/data/datasets/ch_sims/Raw.zip::Raw/video_0024/0066.mp4,/root/autodl-tmp/data/datasets/ch_sims/Raw.zip::Raw/video_0024/0066.mp4,/root/autodl-tmp/data/datasets/ch_sims/label.csv#video_0024/0066,0.00,3.14,zh,medium,high,high,true,true
EAQ000696,CH-SIMS,train,CH-SIMS/video_0024/0067,/root/autodl-tmp/data/datasets/ch_sims/Raw.zip::Raw/video_0024/0067.mp4,/root/autodl-tmp/data/datasets/ch_sims/Raw.zip::Raw/video_0024/0067.mp4,/root/autodl-tmp/data/datasets/ch_sims/label.csv#video_0024/0067,0.00,2.86,zh,medium,high,high,true,true
EAQ000697,CH-SIMS,validation,CH-SIMS/video_0024/0068,/root/autodl-tmp/data/datasets/ch_sims/Raw.zip::Raw/video_0024/0068.mp4,/root/autodl-tmp/data/datasets/ch_sims/Raw.zip::Raw/video_0024/0068.mp4,/root/autodl-tmp/data/datasets/ch_sims/label.csv#video_0024/0068,0.00,2.29,zh,medium,high,high,true,true
EAQ000698,CH-SIMS,validation,CH-SIMS/video_0024/0069,/root/autodl-tmp/data/datasets/ch_sims/Raw.zip::Raw/video_0024/0069.mp4,/root/autodl-tmp/data/datasets/ch_sims/Raw.zip::Raw/video_0024/0069.mp4,/root/autodl-tmp/data/datasets/ch_sims/label.csv#video_0024/0069,0.00,5.14,zh,medium,high,high,true,true
EAQ000699,CH-SIMS,train,CH-SIMS/video_0024/0070,/root/autodl-tmp/data/datasets/ch_sims/Raw.zip::Raw/video_0024/0070.mp4,/root/autodl-tmp/data/datasets/ch_sims/Raw.zip::Raw/video_0024/0070.mp4,/root/autodl-tmp/data/datasets/ch_sims/label.csv#video_0024/0070,0.00,4.29,zh,medium,high,high,true,true
EAQ000700,CH-SIMS,train,CH-SIMS/video_0024/0071,/root/autodl-tmp/data/datasets/ch_sims/Raw.zip::Raw/video_0024/0071.mp4,/root/autodl-tmp/data/datasets/ch_sims/Raw.zip::Raw/video_0024/0071.mp4,/root/autodl-tmp/data/datasets/ch_sims/label.csv#video_0024/0071,0.00,4.86,zh,medium,high,high,true,true
EAQ000701,CH-SIMS,validation,CH-SIMS/video_0024/0072,/root/autodl-tmp/data/datasets/ch_sims/Raw.zip::Raw/video_0024/0072.mp4,/root/autodl-tmp/data/datasets/ch_sims/Raw.zip::Raw/video_0024/0072.mp4,/root/autodl-tmp/data/datasets/ch_sims/label.csv#video_0024/0072,0.00,4.00,zh,medium,high,high,true,true
EAQ000702,CH-SIMS,train,CH-SIMS/video_0024/0073,/root/autodl-tmp/data/datasets/ch_sims/Raw.zip::Raw/video_0024/0073.mp4,/root/autodl-tmp/data/datasets/ch_sims/Raw.zip::Raw/video_0024/0073.mp4,/root/autodl-tmp/data/datasets/ch_sims/label.csv#video_0024/0073,0.00,6.57,zh,medium,high,high,true,true
EAQ000703,CH-SIMS,train,CH-SIMS/video_0024/0074,/root/autodl-tmp/data/datasets/ch_sims/Raw.zip::Raw/video_0024/0074.mp4,/root/autodl-tmp/data/datasets/ch_sims/Raw.zip::Raw/video_0024/0074.mp4,/root/autodl-tmp/data/datasets/ch_sims/label.csv#video_0024/0074,0.00,6.86,zh,medium,high,high,true,true
EAQ000704,CH-SIMS,test,CH-SIMS/video_0024/0075,/root/autodl-tmp/data/datasets/ch_sims/Raw.zip::Raw/video_0024/0075.mp4,/root/autodl-tmp/data/datasets/ch_sims/Raw.zip::Raw/video_0024/0075.mp4,/root/autodl-tmp/data/datasets/ch_sims/label.csv#video_0024/0075,0.00,6.29,zh,medium,high,high,true,true
EAQ000705,CH-SIMS,train,CH-SIMS/video_0024/0076,/root/autodl-tmp/data/datasets/ch_sims/Raw.zip::Raw/video_0024/0076.mp4,/root/autodl-tmp/data/datasets/ch_sims/Raw.zip::Raw/video_0024/0076.mp4,/root/autodl-tmp/data/datasets/ch_sims/label.csv#video_0024/0076,0.00,5.43,zh,medium,high,high,true,true
EAQ000706,CH-SIMS,train,CH-SIMS/video_0024/0077,/root/autodl-tmp/data/datasets/ch_sims/Raw.zip::Raw/video_0024/0077.mp4,/root/autodl-tmp/data/datasets/ch_sims/Raw.zip::Raw/video_0024/0077.mp4,/root/autodl-tmp/data/datasets/ch_sims/label.csv#video_0024/0077,0.00,8.00,zh,medium,high,high,true,true
EAQ000707,CH-SIMS,train,CH-SIMS/video_0024/0078,/root/autodl-tmp/data/datasets/ch_sims/Raw.zip::Raw/video_0024/0078.mp4,/root/autodl-tmp/data/datasets/ch_sims/Raw.zip::Raw/video_0024/0078.mp4,/root/autodl-tmp/data/datasets/ch_sims/label.csv#video_0024/0078,0.00,3.14,zh,medium,high,high,true,true
EAQ000708,CH-SIMS,test,CH-SIMS/video_0024/0079,/root/autodl-tmp/data/datasets/ch_sims/Raw.zip::Raw/video_0024/0079.mp4,/root/autodl-tmp/data/datasets/ch_sims/Raw.zip::Raw/video_0024/0079.mp4,/root/autodl-tmp/data/datasets/ch_sims/label.csv#video_0024/0079,0.00,5.14,zh,medium,high,high,true,true
EAQ000709,CH-SIMS,validation,CH-SIMS/video_0024/0080,/root/autodl-tmp/data/datasets/ch_sims/Raw.zip::Raw/video_0024/0080.mp4,/root/autodl-tmp/data/datasets/ch_sims/Raw.zip::Raw/video_0024/0080.mp4,/root/autodl-tmp/data/datasets/ch_sims/label.csv#video_0024/0080,0.00,5.71,zh,medium,high,high,true,true
EAQ000710,CH-SIMS,train,CH-SIMS/video_0024/0081,/root/autodl-tmp/data/datasets/ch_sims/Raw.zip::Raw/video_0024/0081.mp4,/root/autodl-tmp/data/datasets/ch_sims/Raw.zip::Raw/video_0024/0081.mp4,/root/autodl-tmp/data/datasets/ch_sims/label.csv#video_0024/0081,0.00,5.14,zh,medium,high,high,true,true
EAQ000711,CH-SIMS,test,CH-SIMS/video_0024/0082,/root/autodl-tmp/data/datasets/ch_sims/Raw.zip::Raw/video_0024/0082.mp4,/root/autodl-tmp/data/datasets/ch_sims/Raw.zip::Raw/video_0024/0082.mp4,/root/autodl-tmp/data/datasets/ch_sims/label.csv#video_0024/0082,0.00,4.57,zh,medium,high,high,true,true
EAQ000712,CH-SIMS,train,CH-SIMS/video_0024/0083,/root/autodl-tmp/data/datasets/ch_sims/Raw.zip::Raw/video_0024/0083.mp4,/root/autodl-tmp/data/datasets/ch_sims/Raw.zip::Raw/video_0024/0083.mp4,/root/autodl-tmp/data/datasets/ch_sims/label.csv#video_0024/0083,0.00,5.43,zh,medium,high,high,true,true
EAQ000713,CH-SIMS,train,CH-SIMS/video_0024/0084,/root/autodl-tmp/data/datasets/ch_sims/Raw.zip::Raw/video_0024/0084.mp4,/root/autodl-tmp/data/datasets/ch_sims/Raw.zip::Raw/video_0024/0084.mp4,/root/autodl-tmp/data/datasets/ch_sims/label.csv#video_0024/0084,0.00,4.29,zh,medium,high,high,true,true
EAQ000714,CH-SIMS,validation,CH-SIMS/video_0024/0085,/root/autodl-tmp/data/datasets/ch_sims/Raw.zip::Raw/video_0024/0085.mp4,/root/autodl-tmp/data/datasets/ch_sims/Raw.zip::Raw/video_0024/0085.mp4,/root/autodl-tmp/data/datasets/ch_sims/label.csv#video_0024/0085,0.00,3.14,zh,medium,high,high,true,true
EAQ000715,CH-SIMS,validation,CH-SIMS/video_0024/0086,/root/autodl-tmp/data/datasets/ch_sims/Raw.zip::Raw/video_0024/0086.mp4,/root/autodl-tmp/data/datasets/ch_sims/Raw.zip::Raw/video_0024/0086.mp4,/root/autodl-tmp/data/datasets/ch_sims/label.csv#video_0024/0086,0.00,4.00,zh,medium,high,high,true,true
EAQ000716,CH-SIMS,train,CH-SIMS/video_0024/0087,/root/autodl-tmp/data/datasets/ch_sims/Raw.zip::Raw/video_0024/0087.mp4,/root/autodl-tmp/data/datasets/ch_sims/Raw.zip::Raw/video_0024/0087.mp4,/root/autodl-tmp/data/datasets/ch_sims/label.csv#video_0024/0087,0.00,5.71,zh,medium,high,high,true,true
EAQ000717,CH-SIMS,train,CH-SIMS/video_0024/0088,/root/autodl-tmp/data/datasets/ch_sims/Raw.zip::Raw/video_0024/0088.mp4,/root/autodl-tmp/data/datasets/ch_sims/Raw.zip::Raw/video_0024/0088.mp4,/root/autodl-tmp/data/datasets/ch_sims/label.csv#video_0024/0088,0.00,5.43,zh,medium,high,high,true,true
EAQ000718,CH-SIMS,train,CH-SIMS/video_0024/0089,/root/autodl-tmp/data/datasets/ch_sims/Raw.zip::Raw/video_0024/0089.mp4,/root/autodl-tmp/data/datasets/ch_sims/Raw.zip::Raw/video_0024/0089.mp4,/root/autodl-tmp/data/datasets/ch_sims/label.csv#video_0024/0089,0.00,2.00,zh,medium,high,high,true,true
EAQ000719,CH-SIMS,validation,CH-SIMS/video_0024/0090,/root/autodl-tmp/data/datasets/ch_sims/Raw.zip::Raw/video_0024/0090.mp4,/root/autodl-tmp/data/datasets/ch_sims/Raw.zip::Raw/video_0024/0090.mp4,/root/autodl-tmp/data/datasets/ch_sims/label.csv#video_0024/0090,0.00,4.57,zh,medium,high,high,true,true
EAQ000720,CH-SIMS,test,CH-SIMS/video_0024/0091,/root/autodl-tmp/data/datasets/ch_sims/Raw.zip::Raw/video_0024/0091.mp4,/root/autodl-tmp/data/datasets/ch_sims/Raw.zip::Raw/video_0024/0091.mp4,/root/autodl-tmp/data/datasets/ch_sims/label.csv#video_0024/0091,0.00,5.43,zh,medium,high,high,true,true
EAQ000721,CH-SIMS,train,CH-SIMS/video_0024/0092,/root/autodl-tmp/data/datasets/ch_sims/Raw.zip::Raw/video_0024/0092.mp4,/root/autodl-tmp/data/datasets/ch_sims/Raw.zip::Raw/video_0024/0092.mp4,/root/autodl-tmp/data/datasets/ch_sims/label.csv#video_0024/0092,0.00,2.86,zh,medium,high,high,true,true
EAQ000722,CH-SIMS,train,CH-SIMS/video_0024/0093,/root/autodl-tmp/data/datasets/ch_sims/Raw.zip::Raw/video_0024/0093.mp4,/root/autodl-tmp/data/datasets/ch_sims/Raw.zip::Raw/video_0024/0093.mp4,/root/autodl-tmp/data/datasets/ch_sims/label.csv#video_0024/0093,0.00,2.00,zh,medium,high,high,true,true
EAQ000723,CH-SIMS,test,CH-SIMS/video_0024/0094,/root/autodl-tmp/data/datasets/ch_sims/Raw.zip::Raw/video_0024/0094.mp4,/root/autodl-tmp/data/datasets/ch_sims/Raw.zip::Raw/video_0024/0094.mp4,/root/autodl-tmp/data/datasets/ch_sims/label.csv#video_0024/0094,0.00,2.29,zh,medium,high,high,true,true
EAQ000724,CH-SIMS,train,CH-SIMS/video_0024/0095,/root/autodl-tmp/data/datasets/ch_sims/Raw.zip::Raw/video_0024/0095.mp4,/root/autodl-tmp/data/datasets/ch_sims/Raw.zip::Raw/video_0024/0095.mp4,/root/autodl-tmp/data/datasets/ch_sims/label.csv#video_0024/0095,0.00,1.71,zh,medium,high,high,true,true
EAQ000725,CH-SIMS,train,CH-SIMS/video_0024/0096,/root/autodl-tmp/data/datasets/ch_sims/Raw.zip::Raw/video_0024/0096.mp4,/root/autodl-tmp/data/datasets/ch_sims/Raw.zip::Raw/video_0024/0096.mp4,/root/autodl-tmp/data/datasets/ch_sims/label.csv#video_0024/0096,0.00,2.57,zh,medium,high,high,true,true
EAQ000726,CH-SIMS,train,CH-SIMS/video_0024/0097,/root/autodl-tmp/data/datasets/ch_sims/Raw.zip::Raw/video_0024/0097.mp4,/root/autodl-tmp/data/datasets/ch_sims/Raw.zip::Raw/video_0024/0097.mp4,/root/autodl-tmp/data/datasets/ch_sims/label.csv#video_0024/0097,0.00,7.43,zh,medium,high,high,true,true
EAQ000727,CH-SIMS,train,CH-SIMS/video_0024/0098,/root/autodl-tmp/data/datasets/ch_sims/Raw.zip::Raw/video_0024/0098.mp4,/root/autodl-tmp/data/datasets/ch_sims/Raw.zip::Raw/video_0024/0098.mp4,/root/autodl-tmp/data/datasets/ch_sims/label.csv#video_0024/0098,0.00,4.86,zh,medium,high,high,true,true
EAQ000728,CH-SIMS,train,CH-SIMS/video_0024/0099,/root/autodl-tmp/data/datasets/ch_sims/Raw.zip::Raw/video_0024/0099.mp4,/root/autodl-tmp/data/datasets/ch_sims/Raw.zip::Raw/video_0024/0099.mp4,/root/autodl-tmp/data/datasets/ch_sims/label.csv#video_0024/0099,0.00,9.14,zh,medium,high,high,true,true
EAQ000729,CH-SIMS,test,CH-SIMS/video_0024/0100,/root/autodl-tmp/data/datasets/ch_sims/Raw.zip::Raw/video_0024/0100.mp4,/root/autodl-tmp/data/datasets/ch_sims/Raw.zip::Raw/video_0024/0100.mp4,/root/autodl-tmp/data/datasets/ch_sims/label.csv#video_0024/0100,0.00,3.71,zh,medium,high,high,true,true
EAQ000730,CH-SIMS,test,CH-SIMS/video_0024/0101,/root/autodl-tmp/data/datasets/ch_sims/Raw.zip::Raw/video_0024/0101.mp4,/root/autodl-tmp/data/datasets/ch_sims/Raw.zip::Raw/video_0024/0101.mp4,/root/autodl-tmp/data/datasets/ch_sims/label.csv#video_0024/0101,0.00,3.43,zh,medium,high,high,true,true
EAQ000731,CH-SIMS,train,CH-SIMS/video_0024/0102,/root/autodl-tmp/data/datasets/ch_sims/Raw.zip::Raw/video_0024/0102.mp4,/root/autodl-tmp/data/datasets/ch_sims/Raw.zip::Raw/video_0024/0102.mp4,/root/autodl-tmp/data/datasets/ch_sims/label.csv#video_0024/0102,0.00,7.14,zh,medium,high,high,true,true
EAQ000732,CH-SIMS,validation,CH-SIMS/video_0024/0103,/root/autodl-tmp/data/datasets/ch_sims/Raw.zip::Raw/video_0024/0103.mp4,/root/autodl-tmp/data/datasets/ch_sims/Raw.zip::Raw/video_0024/0103.mp4,/root/autodl-tmp/data/datasets/ch_sims/label.csv#video_0024/0103,0.00,1.00,zh,medium,high,medium,true,true
EAQ000733,CH-SIMS,train,CH-SIMS/video_0024/0104,/root/autodl-tmp/data/datasets/ch_sims/Raw.zip::Raw/video_0024/0104.mp4,/root/autodl-tmp/data/datasets/ch_sims/Raw.zip::Raw/video_0024/0104.mp4,/root/autodl-tmp/data/datasets/ch_sims/label.csv#video_0024/0104,0.00,7.43,zh,medium,high,high,true,true
EAQ000734,CH-SIMS,train,CH-SIMS/video_0024/0105,/root/autodl-tmp/data/datasets/ch_sims/Raw.zip::Raw/video_0024/0105.mp4,/root/autodl-tmp/data/datasets/ch_sims/Raw.zip::Raw/video_0024/0105.mp4,/root/autodl-tmp/data/datasets/ch_sims/label.csv#video_0024/0105,0.00,3.14,zh,medium,high,high,true,true
EAQ000735,CH-SIMS,validation,CH-SIMS/video_0024/0106,/root/autodl-tmp/data/datasets/ch_sims/Raw.zip::Raw/video_0024/0106.mp4,/root/autodl-tmp/data/datasets/ch_sims/Raw.zip::Raw/video_0024/0106.mp4,/root/autodl-tmp/data/datasets/ch_sims/label.csv#video_0024/0106,0.00,3.14,zh,medium,high,high,true,true
EAQ000736,CH-SIMS,validation,CH-SIMS/video_0024/0107,/root/autodl-tmp/data/datasets/ch_sims/Raw.zip::Raw/video_0024/0107.mp4,/root/autodl-tmp/data/datasets/ch_sims/Raw.zip::Raw/video_0024/0107.mp4,/root/autodl-tmp/data/datasets/ch_sims/label.csv#video_0024/0107,0.00,5.43,zh,medium,high,high,true,true
EAQ000737,CH-SIMS,validation,CH-SIMS/video_0024/0108,/root/autodl-tmp/data/datasets/ch_sims/Raw.zip::Raw/video_0024/0108.mp4,/root/autodl-tmp/data/datasets/ch_sims/Raw.zip::Raw/video_0024/0108.mp4,/root/autodl-tmp/data/datasets/ch_sims/label.csv#video_0024/0108,0.00,5.14,zh,medium,high,high,true,true
EAQ000738,CH-SIMS,train,CH-SIMS/video_0024/0109,/root/autodl-tmp/data/datasets/ch_sims/Raw.zip::Raw/video_0024/0109.mp4,/root/autodl-tmp/data/datasets/ch_sims/Raw.zip::Raw/video_0024/0109.mp4,/root/autodl-tmp/data/datasets/ch_sims/label.csv#video_0024/0109,0.00,2.57,zh,medium,high,high,true,true
EAQ000739,CH-SIMS,test,CH-SIMS/video_0024/0110,/root/autodl-tmp/data/datasets/ch_sims/Raw.zip::Raw/video_0024/0110.mp4,/root/autodl-tmp/data/datasets/ch_sims/Raw.zip::Raw/video_0024/0110.mp4,/root/autodl-tmp/data/datasets/ch_sims/label.csv#video_0024/0110,0.00,9.43,zh,medium,high,high,true,true
EAQ000740,CH-SIMS,train,CH-SIMS/video_0024/0111,/root/autodl-tmp/data/datasets/ch_sims/Raw.zip::Raw/video_0024/0111.mp4,/root/autodl-tmp/data/datasets/ch_sims/Raw.zip::Raw/video_0024/0111.mp4,/root/autodl-tmp/data/datasets/ch_sims/label.csv#video_0024/0111,0.00,4.57,zh,medium,high,high,true,true
EAQ000741,CH-SIMS,train,CH-SIMS/video_0024/0112,/root/autodl-tmp/data/datasets/ch_sims/Raw.zip::Raw/video_0024/0112.mp4,/root/autodl-tmp/data/datasets/ch_sims/Raw.zip::Raw/video_0024/0112.mp4,/root/autodl-tmp/data/datasets/ch_sims/label.csv#video_0024/0112,0.00,6.57,zh,medium,high,high,true,true
EAQ000742,CH-SIMS,test,CH-SIMS/video_0024/0113,/root/autodl-tmp/data/datasets/ch_sims/Raw.zip::Raw/video_0024/0113.mp4,/root/autodl-tmp/data/datasets/ch_sims/Raw.zip::Raw/video_0024/0113.mp4,/root/autodl-tmp/data/datasets/ch_sims/label.csv#video_0024/0113,0.00,3.71,zh,medium,high,high,true,true
EAQ000743,CH-SIMS,train,CH-SIMS/video_0024/0114,/root/autodl-tmp/data/datasets/ch_sims/Raw.zip::Raw/video_0024/0114.mp4,/root/autodl-tmp/data/datasets/ch_sims/Raw.zip::Raw/video_0024/0114.mp4,/root/autodl-tmp/data/datasets/ch_sims/label.csv#video_0024/0114,0.00,6.29,zh,medium,high,high,true,true
EAQ000744,CH-SIMS,validation,CH-SIMS/video_0024/0115,/root/autodl-tmp/data/datasets/ch_sims/Raw.zip::Raw/video_0024/0115.mp4,/root/autodl-tmp/data/datasets/ch_sims/Raw.zip::Raw/video_0024/0115.mp4,/root/autodl-tmp/data/datasets/ch_sims/label.csv#video_0024/0115,0.00,6.29,zh,medium,high,high,true,true
EAQ000745,CH-SIMS,train,CH-SIMS/video_0024/0116,/root/autodl-tmp/data/datasets/ch_sims/Raw.zip::Raw/video_0024/0116.mp4,/root/autodl-tmp/data/datasets/ch_sims/Raw.zip::Raw/video_0024/0116.mp4,/root/autodl-tmp/data/datasets/ch_sims/label.csv#video_0024/0116,0.00,1.71,zh,medium,high,high,true,true
EAQ000746,CH-SIMS,train,CH-SIMS/video_0025/0001,/root/autodl-tmp/data/datasets/ch_sims/Raw.zip::Raw/video_0025/0001.mp4,/root/autodl-tmp/data/datasets/ch_sims/Raw.zip::Raw/video_0025/0001.mp4,/root/autodl-tmp/data/datasets/ch_sims/label.csv#video_0025/0001,0.00,11.14,zh,medium,high,high,true,true
EAQ000747,CH-SIMS,train,CH-SIMS/video_0025/0002,/root/autodl-tmp/data/datasets/ch_sims/Raw.zip::Raw/video_0025/0002.mp4,/root/autodl-tmp/data/datasets/ch_sims/Raw.zip::Raw/video_0025/0002.mp4,/root/autodl-tmp/data/datasets/ch_sims/label.csv#video_0025/0002,0.00,3.14,zh,medium,high,high,true,true
EAQ000748,CH-SIMS,test,CH-SIMS/video_0025/0003,/root/autodl-tmp/data/datasets/ch_sims/Raw.zip::Raw/video_0025/0003.mp4,/root/autodl-tmp/data/datasets/ch_sims/Raw.zip::Raw/video_0025/0003.mp4,/root/autodl-tmp/data/datasets/ch_sims/label.csv#video_0025/0003,0.00,2.00,zh,medium,high,high,true,true
EAQ000749,CH-SIMS,train,CH-SIMS/video_0025/0004,/root/autodl-tmp/data/datasets/ch_sims/Raw.zip::Raw/video_0025/0004.mp4,/root/autodl-tmp/data/datasets/ch_sims/Raw.zip::Raw/video_0025/0004.mp4,/root/autodl-tmp/data/datasets/ch_sims/label.csv#video_0025/0004,0.00,2.29,zh,medium,high,high,true,true
EAQ000750,CH-SIMS,train,CH-SIMS/video_0025/0005,/root/autodl-tmp/data/datasets/ch_sims/Raw.zip::Raw/video_0025/0005.mp4,/root/autodl-tmp/data/datasets/ch_sims/Raw.zip::Raw/video_0025/0005.mp4,/root/autodl-tmp/data/datasets/ch_sims/label.csv#video_0025/0005,0.00,2.86,zh,medium,high,high,true,true
EAQ000751,CH-SIMS,train,CH-SIMS/video_0025/0006,/root/autodl-tmp/data/datasets/ch_sims/Raw.zip::Raw/video_0025/0006.mp4,/root/autodl-tmp/data/datasets/ch_sims/Raw.zip::Raw/video_0025/0006.mp4,/root/autodl-tmp/data/datasets/ch_sims/label.csv#video_0025/0006,0.00,2.29,zh,medium,high,high,true,true
EAQ000752,CH-SIMS,train,CH-SIMS/video_0025/0007,/root/autodl-tmp/data/datasets/ch_sims/Raw.zip::Raw/video_0025/0007.mp4,/root/autodl-tmp/data/datasets/ch_sims/Raw.zip::Raw/video_0025/0007.mp4,/root/autodl-tmp/data/datasets/ch_sims/label.csv#video_0025/0007,0.00,4.00,zh,medium,high,high,true,true
EAQ000753,CH-SIMS,validation,CH-SIMS/video_0025/0008,/root/autodl-tmp/data/datasets/ch_sims/Raw.zip::Raw/video_0025/0008.mp4,/root/autodl-tmp/data/datasets/ch_sims/Raw.zip::Raw/video_0025/0008.mp4,/root/autodl-tmp/data/datasets/ch_sims/label.csv#video_0025/0008,0.00,1.43,zh,medium,high,high,true,true
EAQ000754,CH-SIMS,validation,CH-SIMS/video_0025/0009,/root/autodl-tmp/data/datasets/ch_sims/Raw.zip::Raw/video_0025/0009.mp4,/root/autodl-tmp/data/datasets/ch_sims/Raw.zip::Raw/video_0025/0009.mp4,/root/autodl-tmp/data/datasets/ch_sims/label.csv#video_0025/0009,0.00,3.43,zh,medium,high,high,true,true
EAQ000755,CH-SIMS,train,CH-SIMS/video_0025/0010,/root/autodl-tmp/data/datasets/ch_sims/Raw.zip::Raw/video_0025/0010.mp4,/root/autodl-tmp/data/datasets/ch_sims/Raw.zip::Raw/video_0025/0010.mp4,/root/autodl-tmp/data/datasets/ch_sims/label.csv#video_0025/0010,0.00,3.14,zh,medium,high,high,true,true
EAQ000756,CH-SIMS,train,CH-SIMS/video_0025/0011,/root/autodl-tmp/data/datasets/ch_sims/Raw.zip::Raw/video_0025/0011.mp4,/root/autodl-tmp/data/datasets/ch_sims/Raw.zip::Raw/video_0025/0011.mp4,/root/autodl-tmp/data/datasets/ch_sims/label.csv#video_0025/0011,0.00,5.43,zh,medium,high,high,true,true
EAQ000757,CH-SIMS,test,CH-SIMS/video_0025/0012,/root/autodl-tmp/data/datasets/ch_sims/Raw.zip::Raw/video_0025/0012.mp4,/root/autodl-tmp/data/datasets/ch_sims/Raw.zip::Raw/video_0025/0012.mp4,/root/autodl-tmp/data/datasets/ch_sims/label.csv#video_0025/0012,0.00,2.86,zh,medium,high,high,true,true
EAQ000758,CH-SIMS,test,CH-SIMS/video_0025/0013,/root/autodl-tmp/data/datasets/ch_sims/Raw.zip::Raw/video_0025/0013.mp4,/root/autodl-tmp/data/datasets/ch_sims/Raw.zip::Raw/video_0025/0013.mp4,/root/autodl-tmp/data/datasets/ch_sims/label.csv#video_0025/0013,0.00,2.29,zh,medium,high,high,true,true
EAQ000759,CH-SIMS,test,CH-SIMS/video_0025/0014,/root/autodl-tmp/data/datasets/ch_sims/Raw.zip::Raw/video_0025/0014.mp4,/root/autodl-tmp/data/datasets/ch_sims/Raw.zip::Raw/video_0025/0014.mp4,/root/autodl-tmp/data/datasets/ch_sims/label.csv#video_0025/0014,0.00,10.57,zh,medium,high,high,true,true
EAQ000760,CH-SIMS,train,CH-SIMS/video_0025/0015,/root/autodl-tmp/data/datasets/ch_sims/Raw.zip::Raw/video_0025/0015.mp4,/root/autodl-tmp/data/datasets/ch_sims/Raw.zip::Raw/video_0025/0015.mp4,/root/autodl-tmp/data/datasets/ch_sims/label.csv#video_0025/0015,0.00,2.57,zh,medium,high,high,true,true
EAQ000761,CH-SIMS,train,CH-SIMS/video_0025/0016,/root/autodl-tmp/data/datasets/ch_sims/Raw.zip::Raw/video_0025/0016.mp4,/root/autodl-tmp/data/datasets/ch_sims/Raw.zip::Raw/video_0025/0016.mp4,/root/autodl-tmp/data/datasets/ch_sims/label.csv#video_0025/0016,0.00,8.57,zh,medium,high,high,true,true
EAQ000762,CH-SIMS,test,CH-SIMS/video_0025/0017,/root/autodl-tmp/data/datasets/ch_sims/Raw.zip::Raw/video_0025/0017.mp4,/root/autodl-tmp/data/datasets/ch_sims/Raw.zip::Raw/video_0025/0017.mp4,/root/autodl-tmp/data/datasets/ch_sims/label.csv#video_0025/0017,0.00,2.86,zh,medium,high,high,true,true
EAQ000763,CH-SIMS,test,CH-SIMS/video_0025/0018,/root/autodl-tmp/data/datasets/ch_sims/Raw.zip::Raw/video_0025/0018.mp4,/root/autodl-tmp/data/datasets/ch_sims/Raw.zip::Raw/video_0025/0018.mp4,/root/autodl-tmp/data/datasets/ch_sims/label.csv#video_0025/0018,0.00,8.29,zh,medium,high,high,true,true
EAQ000764,CH-SIMS,train,CH-SIMS/video_0025/0019,/root/autodl-tmp/data/datasets/ch_sims/Raw.zip::Raw/video_0025/0019.mp4,/root/autodl-tmp/data/datasets/ch_sims/Raw.zip::Raw/video_0025/0019.mp4,/root/autodl-tmp/data/datasets/ch_sims/label.csv#video_0025/0019,0.00,1.71,zh,medium,high,high,true,true
EAQ000765,CH-SIMS,validation,CH-SIMS/video_0025/0020,/root/autodl-tmp/data/datasets/ch_sims/Raw.zip::Raw/video_0025/0020.mp4,/root/autodl-tmp/data/datasets/ch_sims/Raw.zip::Raw/video_0025/0020.mp4,/root/autodl-tmp/data/datasets/ch_sims/label.csv#video_0025/0020,0.00,3.43,zh,medium,high,high,true,true
EAQ000766,CH-SIMS,test,CH-SIMS/video_0025/0021,/root/autodl-tmp/data/datasets/ch_sims/Raw.zip::Raw/video_0025/0021.mp4,/root/autodl-tmp/data/datasets/ch_sims/Raw.zip::Raw/video_0025/0021.mp4,/root/autodl-tmp/data/datasets/ch_sims/label.csv#video_0025/0021,0.00,3.14,zh,medium,high,high,true,true
EAQ000767,CH-SIMS,train,CH-SIMS/video_0025/0022,/root/autodl-tmp/data/datasets/ch_sims/Raw.zip::Raw/video_0025/0022.mp4,/root/autodl-tmp/data/datasets/ch_sims/Raw.zip::Raw/video_0025/0022.mp4,/root/autodl-tmp/data/datasets/ch_sims/label.csv#video_0025/0022,0.00,3.71,zh,medium,high,high,true,true
EAQ000768,CH-SIMS,test,CH-SIMS/video_0025/0023,/root/autodl-tmp/data/datasets/ch_sims/Raw.zip::Raw/video_0025/0023.mp4,/root/autodl-tmp/data/datasets/ch_sims/Raw.zip::Raw/video_0025/0023.mp4,/root/autodl-tmp/data/datasets/ch_sims/label.csv#video_0025/0023,0.00,10.57,zh,medium,high,high,true,true
EAQ000769,CH-SIMS,train,CH-SIMS/video_0025/0024,/root/autodl-tmp/data/datasets/ch_sims/Raw.zip::Raw/video_0025/0024.mp4,/root/autodl-tmp/data/datasets/ch_sims/Raw.zip::Raw/video_0025/0024.mp4,/root/autodl-tmp/data/datasets/ch_sims/label.csv#video_0025/0024,0.00,5.14,zh,medium,high,high,true,true
EAQ000770,CH-SIMS,train,CH-SIMS/video_0025/0025,/root/autodl-tmp/data/datasets/ch_sims/Raw.zip::Raw/video_0025/0025.mp4,/root/autodl-tmp/data/datasets/ch_sims/Raw.zip::Raw/video_0025/0025.mp4,/root/autodl-tmp/data/datasets/ch_sims/label.csv#video_0025/0025,0.00,1.43,zh,medium,high,high,true,true
EAQ000771,CH-SIMS,train,CH-SIMS/video_0025/0026,/root/autodl-tmp/data/datasets/ch_sims/Raw.zip::Raw/video_0025/0026.mp4,/root/autodl-tmp/data/datasets/ch_sims/Raw.zip::Raw/video_0025/0026.mp4,/root/autodl-tmp/data/datasets/ch_sims/label.csv#video_0025/0026,0.00,4.00,zh,medium,high,high,true,true
EAQ000772,CH-SIMS,validation,CH-SIMS/video_0025/0027,/root/autodl-tmp/data/datasets/ch_sims/Raw.zip::Raw/video_0025/0027.mp4,/root/autodl-tmp/data/datasets/ch_sims/Raw.zip::Raw/video_0025/0027.mp4,/root/autodl-tmp/data/datasets/ch_sims/label.csv#video_0025/0027,0.00,7.14,zh,medium,high,high,true,true
EAQ000773,CH-SIMS,train,CH-SIMS/video_0025/0028,/root/autodl-tmp/data/datasets/ch_sims/Raw.zip::Raw/video_0025/0028.mp4,/root/autodl-tmp/data/datasets/ch_sims/Raw.zip::Raw/video_0025/0028.mp4,/root/autodl-tmp/data/datasets/ch_sims/label.csv#video_0025/0028,0.00,3.14,zh,medium,high,high,true,true
EAQ000774,CH-SIMS,validation,CH-SIMS/video_0025/0029,/root/autodl-tmp/data/datasets/ch_sims/Raw.zip::Raw/video_0025/0029.mp4,/root/autodl-tmp/data/datasets/ch_sims/Raw.zip::Raw/video_0025/0029.mp4,/root/autodl-tmp/data/datasets/ch_sims/label.csv#video_0025/0029,0.00,2.57,zh,medium,high,high,true,true
EAQ000775,CH-SIMS,validation,CH-SIMS/video_0025/0030,/root/autodl-tmp/data/datasets/ch_sims/Raw.zip::Raw/video_0025/0030.mp4,/root/autodl-tmp/data/datasets/ch_sims/Raw.zip::Raw/video_0025/0030.mp4,/root/autodl-tmp/data/datasets/ch_sims/label.csv#video_0025/0030,0.00,2.29,zh,medium,high,high,true,true
EAQ000776,CH-SIMS,train,CH-SIMS/video_0025/0031,/root/autodl-tmp/data/datasets/ch_sims/Raw.zip::Raw/video_0025/0031.mp4,/root/autodl-tmp/data/datasets/ch_sims/Raw.zip::Raw/video_0025/0031.mp4,/root/autodl-tmp/data/datasets/ch_sims/label.csv#video_0025/0031,0.00,3.71,zh,medium,high,high,true,true
EAQ000777,CH-SIMS,validation,CH-SIMS/video_0025/0032,/root/autodl-tmp/data/datasets/ch_sims/Raw.zip::Raw/video_0025/0032.mp4,/root/autodl-tmp/data/datasets/ch_sims/Raw.zip::Raw/video_0025/0032.mp4,/root/autodl-tmp/data/datasets/ch_sims/label.csv#video_0025/0032,0.00,5.43,zh,medium,high,high,true,true
EAQ000778,CH-SIMS,test,CH-SIMS/video_0025/0033,/root/autodl-tmp/data/datasets/ch_sims/Raw.zip::Raw/video_0025/0033.mp4,/root/autodl-tmp/data/datasets/ch_sims/Raw.zip::Raw/video_0025/0033.mp4,/root/autodl-tmp/data/datasets/ch_sims/label.csv#video_0025/0033,0.00,4.00,zh,medium,high,high,true,true
EAQ000779,CH-SIMS,train,CH-SIMS/video_0025/0034,/root/autodl-tmp/data/datasets/ch_sims/Raw.zip::Raw/video_0025/0034.mp4,/root/autodl-tmp/data/datasets/ch_sims/Raw.zip::Raw/video_0025/0034.mp4,/root/autodl-tmp/data/datasets/ch_sims/label.csv#video_0025/0034,0.00,2.29,zh,medium,high,high,true,true
EAQ000780,CH-SIMS,train,CH-SIMS/video_0025/0035,/root/autodl-tmp/data/datasets/ch_sims/Raw.zip::Raw/video_0025/0035.mp4,/root/autodl-tmp/data/datasets/ch_sims/Raw.zip::Raw/video_0025/0035.mp4,/root/autodl-tmp/data/datasets/ch_sims/label.csv#video_0025/0035,0.00,2.00,zh,medium,high,high,true,true
EAQ000781,CH-SIMS,train,CH-SIMS/video_0025/0036,/root/autodl-tmp/data/datasets/ch_sims/Raw.zip::Raw/video_0025/0036.mp4,/root/autodl-tmp/data/datasets/ch_sims/Raw.zip::Raw/video_0025/0036.mp4,/root/autodl-tmp/data/datasets/ch_sims/label.csv#video_0025/0036,0.00,6.86,zh,medium,high,high,true,true
EAQ000782,CH-SIMS,train,CH-SIMS/video_0025/0037,/root/autodl-tmp/data/datasets/ch_sims/Raw.zip::Raw/video_0025/0037.mp4,/root/autodl-tmp/data/datasets/ch_sims/Raw.zip::Raw/video_0025/0037.mp4,/root/autodl-tmp/data/datasets/ch_sims/label.csv#video_0025/0037,0.00,3.43,zh,medium,high,high,true,true
EAQ000783,CH-SIMS,validation,CH-SIMS/video_0025/0038,/root/autodl-tmp/data/datasets/ch_sims/Raw.zip::Raw/video_0025/0038.mp4,/root/autodl-tmp/data/datasets/ch_sims/Raw.zip::Raw/video_0025/0038.mp4,/root/autodl-tmp/data/datasets/ch_sims/label.csv#video_0025/0038,0.00,7.43,zh,medium,high,high,true,true
EAQ000784,CH-SIMS,train,CH-SIMS/video_0025/0039,/root/autodl-tmp/data/datasets/ch_sims/Raw.zip::Raw/video_0025/0039.mp4,/root/autodl-tmp/data/datasets/ch_sims/Raw.zip::Raw/video_0025/0039.mp4,/root/autodl-tmp/data/datasets/ch_sims/label.csv#video_0025/0039,0.00,5.14,zh,medium,high,high,true,true
EAQ000785,CH-SIMS,train,CH-SIMS/video_0025/0040,/root/autodl-tmp/data/datasets/ch_sims/Raw.zip::Raw/video_0025/0040.mp4,/root/autodl-tmp/data/datasets/ch_sims/Raw.zip::Raw/video_0025/0040.mp4,/root/autodl-tmp/data/datasets/ch_sims/label.csv#video_0025/0040,0.00,4.86,zh,medium,high,high,true,true
EAQ000786,CH-SIMS,validation,CH-SIMS/video_0025/0041,/root/autodl-tmp/data/datasets/ch_sims/Raw.zip::Raw/video_0025/0041.mp4,/root/autodl-tmp/data/datasets/ch_sims/Raw.zip::Raw/video_0025/0041.mp4,/root/autodl-tmp/data/datasets/ch_sims/label.csv#video_0025/0041,0.00,6.29,zh,medium,high,high,true,true
EAQ000787,CH-SIMS,train,CH-SIMS/video_0025/0042,/root/autodl-tmp/data/datasets/ch_sims/Raw.zip::Raw/video_0025/0042.mp4,/root/autodl-tmp/data/datasets/ch_sims/Raw.zip::Raw/video_0025/0042.mp4,/root/autodl-tmp/data/datasets/ch_sims/label.csv#video_0025/0042,0.00,4.00,zh,medium,high,high,true,true
EAQ000788,CH-SIMS,train,CH-SIMS/video_0025/0043,/root/autodl-tmp/data/datasets/ch_sims/Raw.zip::Raw/video_0025/0043.mp4,/root/autodl-tmp/data/datasets/ch_sims/Raw.zip::Raw/video_0025/0043.mp4,/root/autodl-tmp/data/datasets/ch_sims/label.csv#video_0025/0043,0.00,2.00,zh,medium,high,high,true,true
EAQ000789,CH-SIMS,train,CH-SIMS/video_0025/0044,/root/autodl-tmp/data/datasets/ch_sims/Raw.zip::Raw/video_0025/0044.mp4,/root/autodl-tmp/data/datasets/ch_sims/Raw.zip::Raw/video_0025/0044.mp4,/root/autodl-tmp/data/datasets/ch_sims/label.csv#video_0025/0044,0.00,2.86,zh,medium,high,high,true,true
EAQ000790,CH-SIMS,train,CH-SIMS/video_0025/0045,/root/autodl-tmp/data/datasets/ch_sims/Raw.zip::Raw/video_0025/0045.mp4,/root/autodl-tmp/data/datasets/ch_sims/Raw.zip::Raw/video_0025/0045.mp4,/root/autodl-tmp/data/datasets/ch_sims/label.csv#video_0025/0045,0.00,3.43,zh,medium,high,high,true,true
EAQ000791,CH-SIMS,train,CH-SIMS/video_0025/0046,/root/autodl-tmp/data/datasets/ch_sims/Raw.zip::Raw/video_0025/0046.mp4,/root/autodl-tmp/data/datasets/ch_sims/Raw.zip::Raw/video_0025/0046.mp4,/root/autodl-tmp/data/datasets/ch_sims/label.csv#video_0025/0046,0.00,6.29,zh,medium,high,high,true,true
EAQ000792,CH-SIMS,train,CH-SIMS/video_0025/0047,/root/autodl-tmp/data/datasets/ch_sims/Raw.zip::Raw/video_0025/0047.mp4,/root/autodl-tmp/data/datasets/ch_sims/Raw.zip::Raw/video_0025/0047.mp4,/root/autodl-tmp/data/datasets/ch_sims/label.csv#video_0025/0047,0.00,8.29,zh,medium,high,high,true,true
EAQ000793,CH-SIMS,validation,CH-SIMS/video_0025/0048,/root/autodl-tmp/data/datasets/ch_sims/Raw.zip::Raw/video_0025/0048.mp4,/root/autodl-tmp/data/datasets/ch_sims/Raw.zip::Raw/video_0025/0048.mp4,/root/autodl-tmp/data/datasets/ch_sims/label.csv#video_0025/0048,0.00,4.29,zh,medium,high,high,true,true
EAQ000794,CH-SIMS,train,CH-SIMS/video_0025/0049,/root/autodl-tmp/data/datasets/ch_sims/Raw.zip::Raw/video_0025/0049.mp4,/root/autodl-tmp/data/datasets/ch_sims/Raw.zip::Raw/video_0025/0049.mp4,/root/autodl-tmp/data/datasets/ch_sims/label.csv#video_0025/0049,0.00,9.14,zh,medium,high,high,true,true
EAQ000795,CH-SIMS,train,CH-SIMS/video_0025/0050,/root/autodl-tmp/data/datasets/ch_sims/Raw.zip::Raw/video_0025/0050.mp4,/root/autodl-tmp/data/datasets/ch_sims/Raw.zip::Raw/video_0025/0050.mp4,/root/autodl-tmp/data/datasets/ch_sims/label.csv#video_0025/0050,0.00,5.43,zh,medium,high,high,true,true
EAQ000796,CH-SIMS,train,CH-SIMS/video_0025/0051,/root/autodl-tmp/data/datasets/ch_sims/Raw.zip::Raw/video_0025/0051.mp4,/root/autodl-tmp/data/datasets/ch_sims/Raw.zip::Raw/video_0025/0051.mp4,/root/autodl-tmp/data/datasets/ch_sims/label.csv#video_0025/0051,0.00,11.43,zh,medium,high,high,true,true
EAQ000797,CH-SIMS,train,CH-SIMS/video_0025/0052,/root/autodl-tmp/data/datasets/ch_sims/Raw.zip::Raw/video_0025/0052.mp4,/root/autodl-tmp/data/datasets/ch_sims/Raw.zip::Raw/video_0025/0052.mp4,/root/autodl-tmp/data/datasets/ch_sims/label.csv#video_0025/0052,0.00,7.43,zh,medium,high,high,true,true
EAQ000798,CH-SIMS,test,CH-SIMS/video_0025/0053,/root/autodl-tmp/data/datasets/ch_sims/Raw.zip::Raw/video_0025/0053.mp4,/root/autodl-tmp/data/datasets/ch_sims/Raw.zip::Raw/video_0025/0053.mp4,/root/autodl-tmp/data/datasets/ch_sims/label.csv#video_0025/0053,0.00,2.29,zh,medium,high,high,true,true
EAQ000799,CH-SIMS,train,CH-SIMS/video_0025/0054,/root/autodl-tmp/data/datasets/ch_sims/Raw.zip::Raw/video_0025/0054.mp4,/root/autodl-tmp/data/datasets/ch_sims/Raw.zip::Raw/video_0025/0054.mp4,/root/autodl-tmp/data/datasets/ch_sims/label.csv#video_0025/0054,0.00,4.86,zh,medium,high,high,true,true
EAQ000800,CH-SIMS,validation,CH-SIMS/video_0025/0055,/root/autodl-tmp/data/datasets/ch_sims/Raw.zip::Raw/video_0025/0055.mp4,/root/autodl-tmp/data/datasets/ch_sims/Raw.zip::Raw/video_0025/0055.mp4,/root/autodl-tmp/data/datasets/ch_sims/label.csv#video_0025/0055,0.00,1.71,zh,medium,high,high,true,true
EAQ000801,CH-SIMS,train,CH-SIMS/video_0026/0001,/root/autodl-tmp/data/datasets/ch_sims/Raw.zip::Raw/video_0026/0001.mp4,/root/autodl-tmp/data/datasets/ch_sims/Raw.zip::Raw/video_0026/0001.mp4,/root/autodl-tmp/data/datasets/ch_sims/label.csv#video_0026/0001,0.00,6.57,zh,medium,high,high,true,true
EAQ000802,CH-SIMS,validation,CH-SIMS/video_0026/0002,/root/autodl-tmp/data/datasets/ch_sims/Raw.zip::Raw/video_0026/0002.mp4,/root/autodl-tmp/data/datasets/ch_sims/Raw.zip::Raw/video_0026/0002.mp4,/root/autodl-tmp/data/datasets/ch_sims/label.csv#video_0026/0002,0.00,6.00,zh,medium,high,high,true,true
EAQ000803,CH-SIMS,test,CH-SIMS/video_0026/0003,/root/autodl-tmp/data/datasets/ch_sims/Raw.zip::Raw/video_0026/0003.mp4,/root/autodl-tmp/data/datasets/ch_sims/Raw.zip::Raw/video_0026/0003.mp4,/root/autodl-tmp/data/datasets/ch_sims/label.csv#video_0026/0003,0.00,10.57,zh,medium,high,high,true,true
EAQ000804,CH-SIMS,train,CH-SIMS/video_0026/0004,/root/autodl-tmp/data/datasets/ch_sims/Raw.zip::Raw/video_0026/0004.mp4,/root/autodl-tmp/data/datasets/ch_sims/Raw.zip::Raw/video_0026/0004.mp4,/root/autodl-tmp/data/datasets/ch_sims/label.csv#video_0026/0004,0.00,10.29,zh,medium,high,high,true,true
EAQ000805,CH-SIMS,train,CH-SIMS/video_0026/0005,/root/autodl-tmp/data/datasets/ch_sims/Raw.zip::Raw/video_0026/0005.mp4,/root/autodl-tmp/data/datasets/ch_sims/Raw.zip::Raw/video_0026/0005.mp4,/root/autodl-tmp/data/datasets/ch_sims/label.csv#video_0026/0005,0.00,5.71,zh,medium,high,high,true,true
EAQ000806,CH-SIMS,train,CH-SIMS/video_0026/0006,/root/autodl-tmp/data/datasets/ch_sims/Raw.zip::Raw/video_0026/0006.mp4,/root/autodl-tmp/data/datasets/ch_sims/Raw.zip::Raw/video_0026/0006.mp4,/root/autodl-tmp/data/datasets/ch_sims/label.csv#video_0026/0006,0.00,6.86,zh,medium,high,high,true,true
EAQ000807,CH-SIMS,train,CH-SIMS/video_0026/0007,/root/autodl-tmp/data/datasets/ch_sims/Raw.zip::Raw/video_0026/0007.mp4,/root/autodl-tmp/data/datasets/ch_sims/Raw.zip::Raw/video_0026/0007.mp4,/root/autodl-tmp/data/datasets/ch_sims/label.csv#video_0026/0007,0.00,8.86,zh,medium,high,high,true,true
EAQ000808,CH-SIMS,train,CH-SIMS/video_0026/0008,/root/autodl-tmp/data/datasets/ch_sims/Raw.zip::Raw/video_0026/0008.mp4,/root/autodl-tmp/data/datasets/ch_sims/Raw.zip::Raw/video_0026/0008.mp4,/root/autodl-tmp/data/datasets/ch_sims/label.csv#video_0026/0008,0.00,5.14,zh,medium,high,high,true,true
EAQ000809,CH-SIMS,test,CH-SIMS/video_0026/0009,/root/autodl-tmp/data/datasets/ch_sims/Raw.zip::Raw/video_0026/0009.mp4,/root/autodl-tmp/data/datasets/ch_sims/Raw.zip::Raw/video_0026/0009.mp4,/root/autodl-tmp/data/datasets/ch_sims/label.csv#video_0026/0009,0.00,5.43,zh,medium,high,high,true,true
EAQ000810,CH-SIMS,test,CH-SIMS/video_0026/0010,/root/autodl-tmp/data/datasets/ch_sims/Raw.zip::Raw/video_0026/0010.mp4,/root/autodl-tmp/data/datasets/ch_sims/Raw.zip::Raw/video_0026/0010.mp4,/root/autodl-tmp/data/datasets/ch_sims/label.csv#video_0026/0010,0.00,1.00,zh,medium,high,medium,true,true
EAQ000811,CH-SIMS,validation,CH-SIMS/video_0026/0011,/root/autodl-tmp/data/datasets/ch_sims/Raw.zip::Raw/video_0026/0011.mp4,/root/autodl-tmp/data/datasets/ch_sims/Raw.zip::Raw/video_0026/0011.mp4,/root/autodl-tmp/data/datasets/ch_sims/label.csv#video_0026/0011,0.00,5.14,zh,medium,high,high,true,true
EAQ000812,CH-SIMS,test,CH-SIMS/video_0026/0012,/root/autodl-tmp/data/datasets/ch_sims/Raw.zip::Raw/video_0026/0012.mp4,/root/autodl-tmp/data/datasets/ch_sims/Raw.zip::Raw/video_0026/0012.mp4,/root/autodl-tmp/data/datasets/ch_sims/label.csv#video_0026/0012,0.00,4.86,zh,medium,high,high,true,true
EAQ000813,CH-SIMS,train,CH-SIMS/video_0026/0013,/root/autodl-tmp/data/datasets/ch_sims/Raw.zip::Raw/video_0026/0013.mp4,/root/autodl-tmp/data/datasets/ch_sims/Raw.zip::Raw/video_0026/0013.mp4,/root/autodl-tmp/data/datasets/ch_sims/label.csv#video_0026/0013,0.00,9.71,zh,medium,high,high,true,true
EAQ000814,CH-SIMS,validation,CH-SIMS/video_0026/0014,/root/autodl-tmp/data/datasets/ch_sims/Raw.zip::Raw/video_0026/0014.mp4,/root/autodl-tmp/data/datasets/ch_sims/Raw.zip::Raw/video_0026/0014.mp4,/root/autodl-tmp/data/datasets/ch_sims/label.csv#video_0026/0014,0.00,3.71,zh,medium,high,high,true,true
EAQ000815,CH-SIMS,test,CH-SIMS/video_0026/0015,/root/autodl-tmp/data/datasets/ch_sims/Raw.zip::Raw/video_0026/0015.mp4,/root/autodl-tmp/data/datasets/ch_sims/Raw.zip::Raw/video_0026/0015.mp4,/root/autodl-tmp/data/datasets/ch_sims/label.csv#video_0026/0015,0.00,4.00,zh,medium,high,high,true,true
EAQ000816,CH-SIMS,train,CH-SIMS/video_0026/0016,/root/autodl-tmp/data/datasets/ch_sims/Raw.zip::Raw/video_0026/0016.mp4,/root/autodl-tmp/data/datasets/ch_sims/Raw.zip::Raw/video_0026/0016.mp4,/root/autodl-tmp/data/datasets/ch_sims/label.csv#video_0026/0016,0.00,5.14,zh,medium,high,high,true,true
EAQ000817,CH-SIMS,train,CH-SIMS/video_0026/0017,/root/autodl-tmp/data/datasets/ch_sims/Raw.zip::Raw/video_0026/0017.mp4,/root/autodl-tmp/data/datasets/ch_sims/Raw.zip::Raw/video_0026/0017.mp4,/root/autodl-tmp/data/datasets/ch_sims/label.csv#video_0026/0017,0.00,9.14,zh,medium,high,high,true,true
EAQ000818,CH-SIMS,test,CH-SIMS/video_0026/0018,/root/autodl-tmp/data/datasets/ch_sims/Raw.zip::Raw/video_0026/0018.mp4,/root/autodl-tmp/data/datasets/ch_sims/Raw.zip::Raw/video_0026/0018.mp4,/root/autodl-tmp/data/datasets/ch_sims/label.csv#video_0026/0018,0.00,4.57,zh,medium,high,high,true,true
EAQ000819,CH-SIMS,train,CH-SIMS/video_0026/0019,/root/autodl-tmp/data/datasets/ch_sims/Raw.zip::Raw/video_0026/0019.mp4,/root/autodl-tmp/data/datasets/ch_sims/Raw.zip::Raw/video_0026/0019.mp4,/root/autodl-tmp/data/datasets/ch_sims/label.csv#video_0026/0019,0.00,8.57,zh,medium,high,high,true,true
EAQ000820,CH-SIMS,test,CH-SIMS/video_0026/0020,/root/autodl-tmp/data/datasets/ch_sims/Raw.zip::Raw/video_0026/0020.mp4,/root/autodl-tmp/data/datasets/ch_sims/Raw.zip::Raw/video_0026/0020.mp4,/root/autodl-tmp/data/datasets/ch_sims/label.csv#video_0026/0020,0.00,3.14,zh,medium,high,high,true,true
EAQ000821,CH-SIMS,train,CH-SIMS/video_0026/0021,/root/autodl-tmp/data/datasets/ch_sims/Raw.zip::Raw/video_0026/0021.mp4,/root/autodl-tmp/data/datasets/ch_sims/Raw.zip::Raw/video_0026/0021.mp4,/root/autodl-tmp/data/datasets/ch_sims/label.csv#video_0026/0021,0.00,2.86,zh,medium,high,high,true,true
EAQ000822,CH-SIMS,train,CH-SIMS/video_0026/0022,/root/autodl-tmp/data/datasets/ch_sims/Raw.zip::Raw/video_0026/0022.mp4,/root/autodl-tmp/data/datasets/ch_sims/Raw.zip::Raw/video_0026/0022.mp4,/root/autodl-tmp/data/datasets/ch_sims/label.csv#video_0026/0022,0.00,6.00,zh,medium,high,high,true,true
EAQ000823,CH-SIMS,train,CH-SIMS/video_0026/0023,/root/autodl-tmp/data/datasets/ch_sims/Raw.zip::Raw/video_0026/0023.mp4,/root/autodl-tmp/data/datasets/ch_sims/Raw.zip::Raw/video_0026/0023.mp4,/root/autodl-tmp/data/datasets/ch_sims/label.csv#video_0026/0023,0.00,2.00,zh,medium,high,high,true,true
EAQ000824,CH-SIMS,validation,CH-SIMS/video_0026/0024,/root/autodl-tmp/data/datasets/ch_sims/Raw.zip::Raw/video_0026/0024.mp4,/root/autodl-tmp/data/datasets/ch_sims/Raw.zip::Raw/video_0026/0024.mp4,/root/autodl-tmp/data/datasets/ch_sims/label.csv#video_0026/0024,0.00,5.71,zh,medium,high,high,true,true
EAQ000825,CH-SIMS,train,CH-SIMS/video_0026/0025,/root/autodl-tmp/data/datasets/ch_sims/Raw.zip::Raw/video_0026/0025.mp4,/root/autodl-tmp/data/datasets/ch_sims/Raw.zip::Raw/video_0026/0025.mp4,/root/autodl-tmp/data/datasets/ch_sims/label.csv#video_0026/0025,0.00,3.71,zh,medium,high,high,true,true
EAQ000826,CH-SIMS,train,CH-SIMS/video_0027/0001,/root/autodl-tmp/data/datasets/ch_sims/Raw.zip::Raw/video_0027/0001.mp4,/root/autodl-tmp/data/datasets/ch_sims/Raw.zip::Raw/video_0027/0001.mp4,/root/autodl-tmp/data/datasets/ch_sims/label.csv#video_0027/0001,0.00,5.14,zh,medium,high,high,true,true
EAQ000827,CH-SIMS,validation,CH-SIMS/video_0027/0002,/root/autodl-tmp/data/datasets/ch_sims/Raw.zip::Raw/video_0027/0002.mp4,/root/autodl-tmp/data/datasets/ch_sims/Raw.zip::Raw/video_0027/0002.mp4,/root/autodl-tmp/data/datasets/ch_sims/label.csv#video_0027/0002,0.00,2.86,zh,medium,high,high,true,true
EAQ000828,CH-SIMS,test,CH-SIMS/video_0027/0003,/root/autodl-tmp/data/datasets/ch_sims/Raw.zip::Raw/video_0027/0003.mp4,/root/autodl-tmp/data/datasets/ch_sims/Raw.zip::Raw/video_0027/0003.mp4,/root/autodl-tmp/data/datasets/ch_sims/label.csv#video_0027/0003,0.00,4.00,zh,medium,high,high,true,true
EAQ000829,CH-SIMS,train,CH-SIMS/video_0027/0004,/root/autodl-tmp/data/datasets/ch_sims/Raw.zip::Raw/video_0027/0004.mp4,/root/autodl-tmp/data/datasets/ch_sims/Raw.zip::Raw/video_0027/0004.mp4,/root/autodl-tmp/data/datasets/ch_sims/label.csv#video_0027/0004,0.00,4.86,zh,medium,high,high,true,true
EAQ000830,CH-SIMS,train,CH-SIMS/video_0027/0005,/root/autodl-tmp/data/datasets/ch_sims/Raw.zip::Raw/video_0027/0005.mp4,/root/autodl-tmp/data/datasets/ch_sims/Raw.zip::Raw/video_0027/0005.mp4,/root/autodl-tmp/data/datasets/ch_sims/label.csv#video_0027/0005,0.00,2.29,zh,medium,high,high,true,true
EAQ000831,CH-SIMS,train,CH-SIMS/video_0027/0006,/root/autodl-tmp/data/datasets/ch_sims/Raw.zip::Raw/video_0027/0006.mp4,/root/autodl-tmp/data/datasets/ch_sims/Raw.zip::Raw/video_0027/0006.mp4,/root/autodl-tmp/data/datasets/ch_sims/label.csv#video_0027/0006,0.00,4.00,zh,medium,high,high,true,true
EAQ000832,CH-SIMS,train,CH-SIMS/video_0027/0007,/root/autodl-tmp/data/datasets/ch_sims/Raw.zip::Raw/video_0027/0007.mp4,/root/autodl-tmp/data/datasets/ch_sims/Raw.zip::Raw/video_0027/0007.mp4,/root/autodl-tmp/data/datasets/ch_sims/label.csv#video_0027/0007,0.00,5.71,zh,medium,high,high,true,true
EAQ000833,CH-SIMS,test,CH-SIMS/video_0027/0008,/root/autodl-tmp/data/datasets/ch_sims/Raw.zip::Raw/video_0027/0008.mp4,/root/autodl-tmp/data/datasets/ch_sims/Raw.zip::Raw/video_0027/0008.mp4,/root/autodl-tmp/data/datasets/ch_sims/label.csv#video_0027/0008,0.00,8.57,zh,medium,high,high,true,true
EAQ000834,CH-SIMS,train,CH-SIMS/video_0027/0009,/root/autodl-tmp/data/datasets/ch_sims/Raw.zip::Raw/video_0027/0009.mp4,/root/autodl-tmp/data/datasets/ch_sims/Raw.zip::Raw/video_0027/0009.mp4,/root/autodl-tmp/data/datasets/ch_sims/label.csv#video_0027/0009,0.00,4.00,zh,medium,high,high,true,true
EAQ000835,CH-SIMS,validation,CH-SIMS/video_0027/0010,/root/autodl-tmp/data/datasets/ch_sims/Raw.zip::Raw/video_0027/0010.mp4,/root/autodl-tmp/data/datasets/ch_sims/Raw.zip::Raw/video_0027/0010.mp4,/root/autodl-tmp/data/datasets/ch_sims/label.csv#video_0027/0010,0.00,3.71,zh,medium,high,high,true,true
EAQ000836,CH-SIMS,train,CH-SIMS/video_0027/0011,/root/autodl-tmp/data/datasets/ch_sims/Raw.zip::Raw/video_0027/0011.mp4,/root/autodl-tmp/data/datasets/ch_sims/Raw.zip::Raw/video_0027/0011.mp4,/root/autodl-tmp/data/datasets/ch_sims/label.csv#video_0027/0011,0.00,8.29,zh,medium,high,high,true,true
EAQ000837,CH-SIMS,train,CH-SIMS/video_0027/0012,/root/autodl-tmp/data/datasets/ch_sims/Raw.zip::Raw/video_0027/0012.mp4,/root/autodl-tmp/data/datasets/ch_sims/Raw.zip::Raw/video_0027/0012.mp4,/root/autodl-tmp/data/datasets/ch_sims/label.csv#video_0027/0012,0.00,4.29,zh,medium,high,high,true,true
EAQ000838,CH-SIMS,train,CH-SIMS/video_0027/0013,/root/autodl-tmp/data/datasets/ch_sims/Raw.zip::Raw/video_0027/0013.mp4,/root/autodl-tmp/data/datasets/ch_sims/Raw.zip::Raw/video_0027/0013.mp4,/root/autodl-tmp/data/datasets/ch_sims/label.csv#video_0027/0013,0.00,6.57,zh,medium,high,high,true,true
EAQ000839,CH-SIMS,validation,CH-SIMS/video_0027/0014,/root/autodl-tmp/data/datasets/ch_sims/Raw.zip::Raw/video_0027/0014.mp4,/root/autodl-tmp/data/datasets/ch_sims/Raw.zip::Raw/video_0027/0014.mp4,/root/autodl-tmp/data/datasets/ch_sims/label.csv#video_0027/0014,0.00,4.86,zh,medium,high,high,true,true
EAQ000840,CH-SIMS,test,CH-SIMS/video_0027/0015,/root/autodl-tmp/data/datasets/ch_sims/Raw.zip::Raw/video_0027/0015.mp4,/root/autodl-tmp/data/datasets/ch_sims/Raw.zip::Raw/video_0027/0015.mp4,/root/autodl-tmp/data/datasets/ch_sims/label.csv#video_0027/0015,0.00,12.29,zh,medium,high,high,true,true
EAQ000841,CH-SIMS,train,CH-SIMS/video_0027/0016,/root/autodl-tmp/data/datasets/ch_sims/Raw.zip::Raw/video_0027/0016.mp4,/root/autodl-tmp/data/datasets/ch_sims/Raw.zip::Raw/video_0027/0016.mp4,/root/autodl-tmp/data/datasets/ch_sims/label.csv#video_0027/0016,0.00,6.57,zh,medium,high,high,true,true
EAQ000842,CH-SIMS,test,CH-SIMS/video_0027/0017,/root/autodl-tmp/data/datasets/ch_sims/Raw.zip::Raw/video_0027/0017.mp4,/root/autodl-tmp/data/datasets/ch_sims/Raw.zip::Raw/video_0027/0017.mp4,/root/autodl-tmp/data/datasets/ch_sims/label.csv#video_0027/0017,0.00,3.14,zh,medium,high,high,true,true
EAQ000843,CH-SIMS,train,CH-SIMS/video_0027/0018,/root/autodl-tmp/data/datasets/ch_sims/Raw.zip::Raw/video_0027/0018.mp4,/root/autodl-tmp/data/datasets/ch_sims/Raw.zip::Raw/video_0027/0018.mp4,/root/autodl-tmp/data/datasets/ch_sims/label.csv#video_0027/0018,0.00,7.14,zh,medium,high,high,true,true
EAQ000844,CH-SIMS,train,CH-SIMS/video_0027/0019,/root/autodl-tmp/data/datasets/ch_sims/Raw.zip::Raw/video_0027/0019.mp4,/root/autodl-tmp/data/datasets/ch_sims/Raw.zip::Raw/video_0027/0019.mp4,/root/autodl-tmp/data/datasets/ch_sims/label.csv#video_0027/0019,0.00,7.71,zh,medium,high,high,true,true
EAQ000845,CH-SIMS,train,CH-SIMS/video_0027/0020,/root/autodl-tmp/data/datasets/ch_sims/Raw.zip::Raw/video_0027/0020.mp4,/root/autodl-tmp/data/datasets/ch_sims/Raw.zip::Raw/video_0027/0020.mp4,/root/autodl-tmp/data/datasets/ch_sims/label.csv#video_0027/0020,0.00,3.14,zh,medium,high,high,true,true
EAQ000846,CH-SIMS,validation,CH-SIMS/video_0027/0021,/root/autodl-tmp/data/datasets/ch_sims/Raw.zip::Raw/video_0027/0021.mp4,/root/autodl-tmp/data/datasets/ch_sims/Raw.zip::Raw/video_0027/0021.mp4,/root/autodl-tmp/data/datasets/ch_sims/label.csv#video_0027/0021,0.00,4.57,zh,medium,high,high,true,true
EAQ000847,CH-SIMS,train,CH-SIMS/video_0027/0022,/root/autodl-tmp/data/datasets/ch_sims/Raw.zip::Raw/video_0027/0022.mp4,/root/autodl-tmp/data/datasets/ch_sims/Raw.zip::Raw/video_0027/0022.mp4,/root/autodl-tmp/data/datasets/ch_sims/label.csv#video_0027/0022,0.00,4.00,zh,medium,high,high,true,true
EAQ000848,CH-SIMS,test,CH-SIMS/video_0027/0023,/root/autodl-tmp/data/datasets/ch_sims/Raw.zip::Raw/video_0027/0023.mp4,/root/autodl-tmp/data/datasets/ch_sims/Raw.zip::Raw/video_0027/0023.mp4,/root/autodl-tmp/data/datasets/ch_sims/label.csv#video_0027/0023,0.00,5.43,zh,medium,high,high,true,true
EAQ000849,CH-SIMS,validation,CH-SIMS/video_0027/0024,/root/autodl-tmp/data/datasets/ch_sims/Raw.zip::Raw/video_0027/0024.mp4,/root/autodl-tmp/data/datasets/ch_sims/Raw.zip::Raw/video_0027/0024.mp4,/root/autodl-tmp/data/datasets/ch_sims/label.csv#video_0027/0024,0.00,2.57,zh,medium,high,high,true,true
EAQ000850,CH-SIMS,train,CH-SIMS/video_0027/0025,/root/autodl-tmp/data/datasets/ch_sims/Raw.zip::Raw/video_0027/0025.mp4,/root/autodl-tmp/data/datasets/ch_sims/Raw.zip::Raw/video_0027/0025.mp4,/root/autodl-tmp/data/datasets/ch_sims/label.csv#video_0027/0025,0.00,5.14,zh,medium,high,high,true,true
EAQ000851,CH-SIMS,test,CH-SIMS/video_0027/0026,/root/autodl-tmp/data/datasets/ch_sims/Raw.zip::Raw/video_0027/0026.mp4,/root/autodl-tmp/data/datasets/ch_sims/Raw.zip::Raw/video_0027/0026.mp4,/root/autodl-tmp/data/datasets/ch_sims/label.csv#video_0027/0026,0.00,3.43,zh,medium,high,high,true,true
EAQ000852,CH-SIMS,train,CH-SIMS/video_0027/0027,/root/autodl-tmp/data/datasets/ch_sims/Raw.zip::Raw/video_0027/0027.mp4,/root/autodl-tmp/data/datasets/ch_sims/Raw.zip::Raw/video_0027/0027.mp4,/root/autodl-tmp/data/datasets/ch_sims/label.csv#video_0027/0027,0.00,9.14,zh,medium,high,high,true,true
EAQ000853,CH-SIMS,test,CH-SIMS/video_0027/0028,/root/autodl-tmp/data/datasets/ch_sims/Raw.zip::Raw/video_0027/0028.mp4,/root/autodl-tmp/data/datasets/ch_sims/Raw.zip::Raw/video_0027/0028.mp4,/root/autodl-tmp/data/datasets/ch_sims/label.csv#video_0027/0028,0.00,4.00,zh,medium,high,high,true,true
EAQ000854,CH-SIMS,validation,CH-SIMS/video_0027/0029,/root/autodl-tmp/data/datasets/ch_sims/Raw.zip::Raw/video_0027/0029.mp4,/root/autodl-tmp/data/datasets/ch_sims/Raw.zip::Raw/video_0027/0029.mp4,/root/autodl-tmp/data/datasets/ch_sims/label.csv#video_0027/0029,0.00,5.43,zh,medium,high,high,true,true
EAQ000855,CH-SIMS,train,CH-SIMS/video_0027/0030,/root/autodl-tmp/data/datasets/ch_sims/Raw.zip::Raw/video_0027/0030.mp4,/root/autodl-tmp/data/datasets/ch_sims/Raw.zip::Raw/video_0027/0030.mp4,/root/autodl-tmp/data/datasets/ch_sims/label.csv#video_0027/0030,0.00,6.57,zh,medium,high,high,true,true
EAQ000856,CH-SIMS,test,CH-SIMS/video_0027/0031,/root/autodl-tmp/data/datasets/ch_sims/Raw.zip::Raw/video_0027/0031.mp4,/root/autodl-tmp/data/datasets/ch_sims/Raw.zip::Raw/video_0027/0031.mp4,/root/autodl-tmp/data/datasets/ch_sims/label.csv#video_0027/0031,0.00,4.86,zh,medium,high,high,true,true
EAQ000857,CH-SIMS,train,CH-SIMS/video_0027/0032,/root/autodl-tmp/data/datasets/ch_sims/Raw.zip::Raw/video_0027/0032.mp4,/root/autodl-tmp/data/datasets/ch_sims/Raw.zip::Raw/video_0027/0032.mp4,/root/autodl-tmp/data/datasets/ch_sims/label.csv#video_0027/0032,0.00,5.71,zh,medium,high,high,true,true
EAQ000858,CH-SIMS,train,CH-SIMS/video_0027/0033,/root/autodl-tmp/data/datasets/ch_sims/Raw.zip::Raw/video_0027/0033.mp4,/root/autodl-tmp/data/datasets/ch_sims/Raw.zip::Raw/video_0027/0033.mp4,/root/autodl-tmp/data/datasets/ch_sims/label.csv#video_0027/0033,0.00,6.86,zh,medium,high,high,true,true
EAQ000859,CH-SIMS,train,CH-SIMS/video_0027/0034,/root/autodl-tmp/data/datasets/ch_sims/Raw.zip::Raw/video_0027/0034.mp4,/root/autodl-tmp/data/datasets/ch_sims/Raw.zip::Raw/video_0027/0034.mp4,/root/autodl-tmp/data/datasets/ch_sims/label.csv#video_0027/0034,0.00,2.29,zh,medium,high,high,true,true
EAQ000860,CH-SIMS,test,CH-SIMS/video_0027/0035,/root/autodl-tmp/data/datasets/ch_sims/Raw.zip::Raw/video_0027/0035.mp4,/root/autodl-tmp/data/datasets/ch_sims/Raw.zip::Raw/video_0027/0035.mp4,/root/autodl-tmp/data/datasets/ch_sims/label.csv#video_0027/0035,0.00,2.29,zh,medium,high,high,true,true
EAQ000861,CH-SIMS,test,CH-SIMS/video_0027/0036,/root/autodl-tmp/data/datasets/ch_sims/Raw.zip::Raw/video_0027/0036.mp4,/root/autodl-tmp/data/datasets/ch_sims/Raw.zip::Raw/video_0027/0036.mp4,/root/autodl-tmp/data/datasets/ch_sims/label.csv#video_0027/0036,0.00,5.14,zh,medium,high,high,true,true
EAQ000862,CH-SIMS,validation,CH-SIMS/video_0027/0037,/root/autodl-tmp/data/datasets/ch_sims/Raw.zip::Raw/video_0027/0037.mp4,/root/autodl-tmp/data/datasets/ch_sims/Raw.zip::Raw/video_0027/0037.mp4,/root/autodl-tmp/data/datasets/ch_sims/label.csv#video_0027/0037,0.00,4.29,zh,medium,high,high,true,true
EAQ000863,CH-SIMS,train,CH-SIMS/video_0027/0038,/root/autodl-tmp/data/datasets/ch_sims/Raw.zip::Raw/video_0027/0038.mp4,/root/autodl-tmp/data/datasets/ch_sims/Raw.zip::Raw/video_0027/0038.mp4,/root/autodl-tmp/data/datasets/ch_sims/label.csv#video_0027/0038,0.00,5.71,zh,medium,high,high,true,true
EAQ000864,CH-SIMS,test,CH-SIMS/video_0027/0039,/root/autodl-tmp/data/datasets/ch_sims/Raw.zip::Raw/video_0027/0039.mp4,/root/autodl-tmp/data/datasets/ch_sims/Raw.zip::Raw/video_0027/0039.mp4,/root/autodl-tmp/data/datasets/ch_sims/label.csv#video_0027/0039,0.00,3.71,zh,medium,high,high,true,true
EAQ000865,CH-SIMS,train,CH-SIMS/video_0027/0040,/root/autodl-tmp/data/datasets/ch_sims/Raw.zip::Raw/video_0027/0040.mp4,/root/autodl-tmp/data/datasets/ch_sims/Raw.zip::Raw/video_0027/0040.mp4,/root/autodl-tmp/data/datasets/ch_sims/label.csv#video_0027/0040,0.00,4.29,zh,medium,high,high,true,true
EAQ000866,CH-SIMS,train,CH-SIMS/video_0027/0041,/root/autodl-tmp/data/datasets/ch_sims/Raw.zip::Raw/video_0027/0041.mp4,/root/autodl-tmp/data/datasets/ch_sims/Raw.zip::Raw/video_0027/0041.mp4,/root/autodl-tmp/data/datasets/ch_sims/label.csv#video_0027/0041,0.00,6.00,zh,medium,high,high,true,true
EAQ000867,CH-SIMS,train,CH-SIMS/video_0027/0042,/root/autodl-tmp/data/datasets/ch_sims/Raw.zip::Raw/video_0027/0042.mp4,/root/autodl-tmp/data/datasets/ch_sims/Raw.zip::Raw/video_0027/0042.mp4,/root/autodl-tmp/data/datasets/ch_sims/label.csv#video_0027/0042,0.00,3.71,zh,medium,high,high,true,true
EAQ000868,CH-SIMS,train,CH-SIMS/video_0027/0043,/root/autodl-tmp/data/datasets/ch_sims/Raw.zip::Raw/video_0027/0043.mp4,/root/autodl-tmp/data/datasets/ch_sims/Raw.zip::Raw/video_0027/0043.mp4,/root/autodl-tmp/data/datasets/ch_sims/label.csv#video_0027/0043,0.00,4.86,zh,medium,high,high,true,true
EAQ000869,CH-SIMS,train,CH-SIMS/video_0027/0044,/root/autodl-tmp/data/datasets/ch_sims/Raw.zip::Raw/video_0027/0044.mp4,/root/autodl-tmp/data/datasets/ch_sims/Raw.zip::Raw/video_0027/0044.mp4,/root/autodl-tmp/data/datasets/ch_sims/label.csv#video_0027/0044,0.00,4.00,zh,medium,high,high,true,true
EAQ000870,CH-SIMS,train,CH-SIMS/video_0027/0045,/root/autodl-tmp/data/datasets/ch_sims/Raw.zip::Raw/video_0027/0045.mp4,/root/autodl-tmp/data/datasets/ch_sims/Raw.zip::Raw/video_0027/0045.mp4,/root/autodl-tmp/data/datasets/ch_sims/label.csv#video_0027/0045,0.00,2.86,zh,medium,high,high,true,true
EAQ000871,CH-SIMS,train,CH-SIMS/video_0027/0046,/root/autodl-tmp/data/datasets/ch_sims/Raw.zip::Raw/video_0027/0046.mp4,/root/autodl-tmp/data/datasets/ch_sims/Raw.zip::Raw/video_0027/0046.mp4,/root/autodl-tmp/data/datasets/ch_sims/label.csv#video_0027/0046,0.00,2.86,zh,medium,high,high,true,true
EAQ000872,CH-SIMS,validation,CH-SIMS/video_0027/0047,/root/autodl-tmp/data/datasets/ch_sims/Raw.zip::Raw/video_0027/0047.mp4,/root/autodl-tmp/data/datasets/ch_sims/Raw.zip::Raw/video_0027/0047.mp4,/root/autodl-tmp/data/datasets/ch_sims/label.csv#video_0027/0047,0.00,5.71,zh,medium,high,high,true,true
EAQ000873,CH-SIMS,validation,CH-SIMS/video_0027/0048,/root/autodl-tmp/data/datasets/ch_sims/Raw.zip::Raw/video_0027/0048.mp4,/root/autodl-tmp/data/datasets/ch_sims/Raw.zip::Raw/video_0027/0048.mp4,/root/autodl-tmp/data/datasets/ch_sims/label.csv#video_0027/0048,0.00,3.71,zh,medium,high,high,true,true
EAQ000874,CH-SIMS,train,CH-SIMS/video_0027/0049,/root/autodl-tmp/data/datasets/ch_sims/Raw.zip::Raw/video_0027/0049.mp4,/root/autodl-tmp/data/datasets/ch_sims/Raw.zip::Raw/video_0027/0049.mp4,/root/autodl-tmp/data/datasets/ch_sims/label.csv#video_0027/0049,0.00,3.71,zh,medium,high,high,true,true
EAQ000875,CH-SIMS,validation,CH-SIMS/video_0028/0001,/root/autodl-tmp/data/datasets/ch_sims/Raw.zip::Raw/video_0028/0001.mp4,/root/autodl-tmp/data/datasets/ch_sims/Raw.zip::Raw/video_0028/0001.mp4,/root/autodl-tmp/data/datasets/ch_sims/label.csv#video_0028/0001,0.00,3.14,zh,medium,high,high,true,true
EAQ000876,CH-SIMS,test,CH-SIMS/video_0028/0002,/root/autodl-tmp/data/datasets/ch_sims/Raw.zip::Raw/video_0028/0002.mp4,/root/autodl-tmp/data/datasets/ch_sims/Raw.zip::Raw/video_0028/0002.mp4,/root/autodl-tmp/data/datasets/ch_sims/label.csv#video_0028/0002,0.00,1.71,zh,medium,high,high,true,true
EAQ000877,CH-SIMS,train,CH-SIMS/video_0028/0003,/root/autodl-tmp/data/datasets/ch_sims/Raw.zip::Raw/video_0028/0003.mp4,/root/autodl-tmp/data/datasets/ch_sims/Raw.zip::Raw/video_0028/0003.mp4,/root/autodl-tmp/data/datasets/ch_sims/label.csv#video_0028/0003,0.00,4.00,zh,medium,high,high,true,true
EAQ000878,CH-SIMS,test,CH-SIMS/video_0028/0004,/root/autodl-tmp/data/datasets/ch_sims/Raw.zip::Raw/video_0028/0004.mp4,/root/autodl-tmp/data/datasets/ch_sims/Raw.zip::Raw/video_0028/0004.mp4,/root/autodl-tmp/data/datasets/ch_sims/label.csv#video_0028/0004,0.00,4.29,zh,medium,high,high,true,true
EAQ000879,CH-SIMS,validation,CH-SIMS/video_0028/0005,/root/autodl-tmp/data/datasets/ch_sims/Raw.zip::Raw/video_0028/0005.mp4,/root/autodl-tmp/data/datasets/ch_sims/Raw.zip::Raw/video_0028/0005.mp4,/root/autodl-tmp/data/datasets/ch_sims/label.csv#video_0028/0005,0.00,6.86,zh,medium,high,high,true,true
EAQ000880,CH-SIMS,validation,CH-SIMS/video_0028/0006,/root/autodl-tmp/data/datasets/ch_sims/Raw.zip::Raw/video_0028/0006.mp4,/root/autodl-tmp/data/datasets/ch_sims/Raw.zip::Raw/video_0028/0006.mp4,/root/autodl-tmp/data/datasets/ch_sims/label.csv#video_0028/0006,0.00,5.14,zh,medium,high,high,true,true
EAQ000881,CH-SIMS,train,CH-SIMS/video_0028/0007,/root/autodl-tmp/data/datasets/ch_sims/Raw.zip::Raw/video_0028/0007.mp4,/root/autodl-tmp/data/datasets/ch_sims/Raw.zip::Raw/video_0028/0007.mp4,/root/autodl-tmp/data/datasets/ch_sims/label.csv#video_0028/0007,0.00,5.71,zh,medium,high,high,true,true
EAQ000882,CH-SIMS,train,CH-SIMS/video_0028/0008,/root/autodl-tmp/data/datasets/ch_sims/Raw.zip::Raw/video_0028/0008.mp4,/root/autodl-tmp/data/datasets/ch_sims/Raw.zip::Raw/video_0028/0008.mp4,/root/autodl-tmp/data/datasets/ch_sims/label.csv#video_0028/0008,0.00,4.57,zh,medium,high,high,true,true
EAQ000883,CH-SIMS,validation,CH-SIMS/video_0028/0009,/root/autodl-tmp/data/datasets/ch_sims/Raw.zip::Raw/video_0028/0009.mp4,/root/autodl-tmp/data/datasets/ch_sims/Raw.zip::Raw/video_0028/0009.mp4,/root/autodl-tmp/data/datasets/ch_sims/label.csv#video_0028/0009,0.00,7.14,zh,medium,high,high,true,true
EAQ000884,CH-SIMS,train,CH-SIMS/video_0028/0010,/root/autodl-tmp/data/datasets/ch_sims/Raw.zip::Raw/video_0028/0010.mp4,/root/autodl-tmp/data/datasets/ch_sims/Raw.zip::Raw/video_0028/0010.mp4,/root/autodl-tmp/data/datasets/ch_sims/label.csv#video_0028/0010,0.00,3.71,zh,medium,high,high,true,true
EAQ000885,CH-SIMS,train,CH-SIMS/video_0028/0011,/root/autodl-tmp/data/datasets/ch_sims/Raw.zip::Raw/video_0028/0011.mp4,/root/autodl-tmp/data/datasets/ch_sims/Raw.zip::Raw/video_0028/0011.mp4,/root/autodl-tmp/data/datasets/ch_sims/label.csv#video_0028/0011,0.00,5.43,zh,medium,high,high,true,true
EAQ000886,CH-SIMS,validation,CH-SIMS/video_0028/0012,/root/autodl-tmp/data/datasets/ch_sims/Raw.zip::Raw/video_0028/0012.mp4,/root/autodl-tmp/data/datasets/ch_sims/Raw.zip::Raw/video_0028/0012.mp4,/root/autodl-tmp/data/datasets/ch_sims/label.csv#video_0028/0012,0.00,3.14,zh,medium,high,high,true,true
EAQ000887,CH-SIMS,train,CH-SIMS/video_0028/0013,/root/autodl-tmp/data/datasets/ch_sims/Raw.zip::Raw/video_0028/0013.mp4,/root/autodl-tmp/data/datasets/ch_sims/Raw.zip::Raw/video_0028/0013.mp4,/root/autodl-tmp/data/datasets/ch_sims/label.csv#video_0028/0013,0.00,3.71,zh,medium,high,high,true,true
EAQ000888,CH-SIMS,validation,CH-SIMS/video_0028/0014,/root/autodl-tmp/data/datasets/ch_sims/Raw.zip::Raw/video_0028/0014.mp4,/root/autodl-tmp/data/datasets/ch_sims/Raw.zip::Raw/video_0028/0014.mp4,/root/autodl-tmp/data/datasets/ch_sims/label.csv#video_0028/0014,0.00,4.00,zh,medium,high,high,true,true
EAQ000889,CH-SIMS,train,CH-SIMS/video_0028/0015,/root/autodl-tmp/data/datasets/ch_sims/Raw.zip::Raw/video_0028/0015.mp4,/root/autodl-tmp/data/datasets/ch_sims/Raw.zip::Raw/video_0028/0015.mp4,/root/autodl-tmp/data/datasets/ch_sims/label.csv#video_0028/0015,0.00,4.29,zh,medium,high,high,true,true
EAQ000890,CH-SIMS,test,CH-SIMS/video_0028/0016,/root/autodl-tmp/data/datasets/ch_sims/Raw.zip::Raw/video_0028/0016.mp4,/root/autodl-tmp/data/datasets/ch_sims/Raw.zip::Raw/video_0028/0016.mp4,/root/autodl-tmp/data/datasets/ch_sims/label.csv#video_0028/0016,0.00,5.71,zh,medium,high,high,true,true
EAQ000891,CH-SIMS,validation,CH-SIMS/video_0028/0017,/root/autodl-tmp/data/datasets/ch_sims/Raw.zip::Raw/video_0028/0017.mp4,/root/autodl-tmp/data/datasets/ch_sims/Raw.zip::Raw/video_0028/0017.mp4,/root/autodl-tmp/data/datasets/ch_sims/label.csv#video_0028/0017,0.00,4.29,zh,medium,high,high,true,true
EAQ000892,CH-SIMS,validation,CH-SIMS/video_0028/0018,/root/autodl-tmp/data/datasets/ch_sims/Raw.zip::Raw/video_0028/0018.mp4,/root/autodl-tmp/data/datasets/ch_sims/Raw.zip::Raw/video_0028/0018.mp4,/root/autodl-tmp/data/datasets/ch_sims/label.csv#video_0028/0018,0.00,4.86,zh,medium,high,high,true,true
EAQ000893,CH-SIMS,test,CH-SIMS/video_0028/0019,/root/autodl-tmp/data/datasets/ch_sims/Raw.zip::Raw/video_0028/0019.mp4,/root/autodl-tmp/data/datasets/ch_sims/Raw.zip::Raw/video_0028/0019.mp4,/root/autodl-tmp/data/datasets/ch_sims/label.csv#video_0028/0019,0.00,4.57,zh,medium,high,high,true,true
EAQ000894,CH-SIMS,train,CH-SIMS/video_0028/0020,/root/autodl-tmp/data/datasets/ch_sims/Raw.zip::Raw/video_0028/0020.mp4,/root/autodl-tmp/data/datasets/ch_sims/Raw.zip::Raw/video_0028/0020.mp4,/root/autodl-tmp/data/datasets/ch_sims/label.csv#video_0028/0020,0.00,8.57,zh,medium,high,high,true,true
EAQ000895,CH-SIMS,train,CH-SIMS/video_0028/0021,/root/autodl-tmp/data/datasets/ch_sims/Raw.zip::Raw/video_0028/0021.mp4,/root/autodl-tmp/data/datasets/ch_sims/Raw.zip::Raw/video_0028/0021.mp4,/root/autodl-tmp/data/datasets/ch_sims/label.csv#video_0028/0021,0.00,4.57,zh,medium,high,high,true,true
EAQ000896,CH-SIMS,test,CH-SIMS/video_0028/0022,/root/autodl-tmp/data/datasets/ch_sims/Raw.zip::Raw/video_0028/0022.mp4,/root/autodl-tmp/data/datasets/ch_sims/Raw.zip::Raw/video_0028/0022.mp4,/root/autodl-tmp/data/datasets/ch_sims/label.csv#video_0028/0022,0.00,5.14,zh,medium,high,high,true,true
EAQ000897,CH-SIMS,test,CH-SIMS/video_0028/0023,/root/autodl-tmp/data/datasets/ch_sims/Raw.zip::Raw/video_0028/0023.mp4,/root/autodl-tmp/data/datasets/ch_sims/Raw.zip::Raw/video_0028/0023.mp4,/root/autodl-tmp/data/datasets/ch_sims/label.csv#video_0028/0023,0.00,4.00,zh,medium,high,high,true,true
EAQ000898,CH-SIMS,test,CH-SIMS/video_0029/0001,/root/autodl-tmp/data/datasets/ch_sims/Raw.zip::Raw/video_0029/0001.mp4,/root/autodl-tmp/data/datasets/ch_sims/Raw.zip::Raw/video_0029/0001.mp4,/root/autodl-tmp/data/datasets/ch_sims/label.csv#video_0029/0001,0.00,3.43,zh,medium,high,high,true,true
EAQ000899,CH-SIMS,train,CH-SIMS/video_0029/0002,/root/autodl-tmp/data/datasets/ch_sims/Raw.zip::Raw/video_0029/0002.mp4,/root/autodl-tmp/data/datasets/ch_sims/Raw.zip::Raw/video_0029/0002.mp4,/root/autodl-tmp/data/datasets/ch_sims/label.csv#video_0029/0002,0.00,3.71,zh,medium,high,high,true,true
EAQ000900,CH-SIMS,train,CH-SIMS/video_0029/0003,/root/autodl-tmp/data/datasets/ch_sims/Raw.zip::Raw/video_0029/0003.mp4,/root/autodl-tmp/data/datasets/ch_sims/Raw.zip::Raw/video_0029/0003.mp4,/root/autodl-tmp/data/datasets/ch_sims/label.csv#video_0029/0003,0.00,2.00,zh,medium,high,high,true,true
EAQ000901,CH-SIMS,train,CH-SIMS/video_0029/0004,/root/autodl-tmp/data/datasets/ch_sims/Raw.zip::Raw/video_0029/0004.mp4,/root/autodl-tmp/data/datasets/ch_sims/Raw.zip::Raw/video_0029/0004.mp4,/root/autodl-tmp/data/datasets/ch_sims/label.csv#video_0029/0004,0.00,4.00,zh,medium,high,high,true,true
EAQ000902,CH-SIMS,train,CH-SIMS/video_0029/0005,/root/autodl-tmp/data/datasets/ch_sims/Raw.zip::Raw/video_0029/0005.mp4,/root/autodl-tmp/data/datasets/ch_sims/Raw.zip::Raw/video_0029/0005.mp4,/root/autodl-tmp/data/datasets/ch_sims/label.csv#video_0029/0005,0.00,3.71,zh,medium,high,high,true,true
EAQ000903,CH-SIMS,train,CH-SIMS/video_0029/0006,/root/autodl-tmp/data/datasets/ch_sims/Raw.zip::Raw/video_0029/0006.mp4,/root/autodl-tmp/data/datasets/ch_sims/Raw.zip::Raw/video_0029/0006.mp4,/root/autodl-tmp/data/datasets/ch_sims/label.csv#video_0029/0006,0.00,3.71,zh,medium,high,high,true,true
EAQ000904,CH-SIMS,test,CH-SIMS/video_0029/0007,/root/autodl-tmp/data/datasets/ch_sims/Raw.zip::Raw/video_0029/0007.mp4,/root/autodl-tmp/data/datasets/ch_sims/Raw.zip::Raw/video_0029/0007.mp4,/root/autodl-tmp/data/datasets/ch_sims/label.csv#video_0029/0007,0.00,6.57,zh,medium,high,high,true,true
EAQ000905,CH-SIMS,train,CH-SIMS/video_0029/0008,/root/autodl-tmp/data/datasets/ch_sims/Raw.zip::Raw/video_0029/0008.mp4,/root/autodl-tmp/data/datasets/ch_sims/Raw.zip::Raw/video_0029/0008.mp4,/root/autodl-tmp/data/datasets/ch_sims/label.csv#video_0029/0008,0.00,2.86,zh,medium,high,high,true,true
EAQ000906,CH-SIMS,train,CH-SIMS/video_0029/0009,/root/autodl-tmp/data/datasets/ch_sims/Raw.zip::Raw/video_0029/0009.mp4,/root/autodl-tmp/data/datasets/ch_sims/Raw.zip::Raw/video_0029/0009.mp4,/root/autodl-tmp/data/datasets/ch_sims/label.csv#video_0029/0009,0.00,5.14,zh,medium,high,high,true,true
EAQ000907,CH-SIMS,train,CH-SIMS/video_0029/0010,/root/autodl-tmp/data/datasets/ch_sims/Raw.zip::Raw/video_0029/0010.mp4,/root/autodl-tmp/data/datasets/ch_sims/Raw.zip::Raw/video_0029/0010.mp4,/root/autodl-tmp/data/datasets/ch_sims/label.csv#video_0029/0010,0.00,4.86,zh,medium,high,high,true,true
EAQ000908,CH-SIMS,train,CH-SIMS/video_0029/0011,/root/autodl-tmp/data/datasets/ch_sims/Raw.zip::Raw/video_0029/0011.mp4,/root/autodl-tmp/data/datasets/ch_sims/Raw.zip::Raw/video_0029/0011.mp4,/root/autodl-tmp/data/datasets/ch_sims/label.csv#video_0029/0011,0.00,7.43,zh,medium,high,high,true,true
EAQ000909,CH-SIMS,train,CH-SIMS/video_0029/0012,/root/autodl-tmp/data/datasets/ch_sims/Raw.zip::Raw/video_0029/0012.mp4,/root/autodl-tmp/data/datasets/ch_sims/Raw.zip::Raw/video_0029/0012.mp4,/root/autodl-tmp/data/datasets/ch_sims/label.csv#video_0029/0012,0.00,2.00,zh,medium,high,high,true,true
EAQ000910,CH-SIMS,test,CH-SIMS/video_0029/0013,/root/autodl-tmp/data/datasets/ch_sims/Raw.zip::Raw/video_0029/0013.mp4,/root/autodl-tmp/data/datasets/ch_sims/Raw.zip::Raw/video_0029/0013.mp4,/root/autodl-tmp/data/datasets/ch_sims/label.csv#video_0029/0013,0.00,3.14,zh,medium,high,high,true,true
EAQ000911,CH-SIMS,train,CH-SIMS/video_0029/0014,/root/autodl-tmp/data/datasets/ch_sims/Raw.zip::Raw/video_0029/0014.mp4,/root/autodl-tmp/data/datasets/ch_sims/Raw.zip::Raw/video_0029/0014.mp4,/root/autodl-tmp/data/datasets/ch_sims/label.csv#video_0029/0014,0.00,4.57,zh,medium,high,high,true,true
EAQ000912,CH-SIMS,train,CH-SIMS/video_0029/0015,/root/autodl-tmp/data/datasets/ch_sims/Raw.zip::Raw/video_0029/0015.mp4,/root/autodl-tmp/data/datasets/ch_sims/Raw.zip::Raw/video_0029/0015.mp4,/root/autodl-tmp/data/datasets/ch_sims/label.csv#video_0029/0015,0.00,4.86,zh,medium,high,high,true,true
EAQ000913,CH-SIMS,test,CH-SIMS/video_0029/0016,/root/autodl-tmp/data/datasets/ch_sims/Raw.zip::Raw/video_0029/0016.mp4,/root/autodl-tmp/data/datasets/ch_sims/Raw.zip::Raw/video_0029/0016.mp4,/root/autodl-tmp/data/datasets/ch_sims/label.csv#video_0029/0016,0.00,1.43,zh,medium,high,high,true,true
EAQ000914,CH-SIMS,train,CH-SIMS/video_0029/0017,/root/autodl-tmp/data/datasets/ch_sims/Raw.zip::Raw/video_0029/0017.mp4,/root/autodl-tmp/data/datasets/ch_sims/Raw.zip::Raw/video_0029/0017.mp4,/root/autodl-tmp/data/datasets/ch_sims/label.csv#video_0029/0017,0.00,2.57,zh,medium,high,high,true,true
EAQ000915,CH-SIMS,train,CH-SIMS/video_0029/0018,/root/autodl-tmp/data/datasets/ch_sims/Raw.zip::Raw/video_0029/0018.mp4,/root/autodl-tmp/data/datasets/ch_sims/Raw.zip::Raw/video_0029/0018.mp4,/root/autodl-tmp/data/datasets/ch_sims/label.csv#video_0029/0018,0.00,3.43,zh,medium,high,high,true,true
EAQ000916,CH-SIMS,test,CH-SIMS/video_0029/0019,/root/autodl-tmp/data/datasets/ch_sims/Raw.zip::Raw/video_0029/0019.mp4,/root/autodl-tmp/data/datasets/ch_sims/Raw.zip::Raw/video_0029/0019.mp4,/root/autodl-tmp/data/datasets/ch_sims/label.csv#video_0029/0019,0.00,6.00,zh,medium,high,high,true,true
EAQ000917,CH-SIMS,train,CH-SIMS/video_0029/0020,/root/autodl-tmp/data/datasets/ch_sims/Raw.zip::Raw/video_0029/0020.mp4,/root/autodl-tmp/data/datasets/ch_sims/Raw.zip::Raw/video_0029/0020.mp4,/root/autodl-tmp/data/datasets/ch_sims/label.csv#video_0029/0020,0.00,2.86,zh,medium,high,high,true,true
EAQ000918,CH-SIMS,train,CH-SIMS/video_0029/0021,/root/autodl-tmp/data/datasets/ch_sims/Raw.zip::Raw/video_0029/0021.mp4,/root/autodl-tmp/data/datasets/ch_sims/Raw.zip::Raw/video_0029/0021.mp4,/root/autodl-tmp/data/datasets/ch_sims/label.csv#video_0029/0021,0.00,12.57,zh,medium,high,high,true,true
EAQ000919,CH-SIMS,train,CH-SIMS/video_0029/0022,/root/autodl-tmp/data/datasets/ch_sims/Raw.zip::Raw/video_0029/0022.mp4,/root/autodl-tmp/data/datasets/ch_sims/Raw.zip::Raw/video_0029/0022.mp4,/root/autodl-tmp/data/datasets/ch_sims/label.csv#video_0029/0022,0.00,2.00,zh,medium,high,high,true,true
EAQ000920,CH-SIMS,validation,CH-SIMS/video_0029/0023,/root/autodl-tmp/data/datasets/ch_sims/Raw.zip::Raw/video_0029/0023.mp4,/root/autodl-tmp/data/datasets/ch_sims/Raw.zip::Raw/video_0029/0023.mp4,/root/autodl-tmp/data/datasets/ch_sims/label.csv#video_0029/0023,0.00,4.29,zh,medium,high,high,true,true
EAQ000921,CH-SIMS,train,CH-SIMS/video_0029/0024,/root/autodl-tmp/data/datasets/ch_sims/Raw.zip::Raw/video_0029/0024.mp4,/root/autodl-tmp/data/datasets/ch_sims/Raw.zip::Raw/video_0029/0024.mp4,/root/autodl-tmp/data/datasets/ch_sims/label.csv#video_0029/0024,0.00,1.71,zh,medium,high,high,true,true
EAQ000922,CH-SIMS,train,CH-SIMS/video_0029/0025,/root/autodl-tmp/data/datasets/ch_sims/Raw.zip::Raw/video_0029/0025.mp4,/root/autodl-tmp/data/datasets/ch_sims/Raw.zip::Raw/video_0029/0025.mp4,/root/autodl-tmp/data/datasets/ch_sims/label.csv#video_0029/0025,0.00,2.00,zh,medium,high,high,true,true
EAQ000923,CH-SIMS,validation,CH-SIMS/video_0029/0026,/root/autodl-tmp/data/datasets/ch_sims/Raw.zip::Raw/video_0029/0026.mp4,/root/autodl-tmp/data/datasets/ch_sims/Raw.zip::Raw/video_0029/0026.mp4,/root/autodl-tmp/data/datasets/ch_sims/label.csv#video_0029/0026,0.00,4.00,zh,medium,high,high,true,true
EAQ000924,CH-SIMS,train,CH-SIMS/video_0030/0001,/root/autodl-tmp/data/datasets/ch_sims/Raw.zip::Raw/video_0030/0001.mp4,/root/autodl-tmp/data/datasets/ch_sims/Raw.zip::Raw/video_0030/0001.mp4,/root/autodl-tmp/data/datasets/ch_sims/label.csv#video_0030/0001,0.00,3.14,zh,medium,high,high,true,true
EAQ000925,CH-SIMS,train,CH-SIMS/video_0030/0002,/root/autodl-tmp/data/datasets/ch_sims/Raw.zip::Raw/video_0030/0002.mp4,/root/autodl-tmp/data/datasets/ch_sims/Raw.zip::Raw/video_0030/0002.mp4,/root/autodl-tmp/data/datasets/ch_sims/label.csv#video_0030/0002,0.00,1.71,zh,medium,high,high,true,true
EAQ000926,CH-SIMS,test,CH-SIMS/video_0030/0003,/root/autodl-tmp/data/datasets/ch_sims/Raw.zip::Raw/video_0030/0003.mp4,/root/autodl-tmp/data/datasets/ch_sims/Raw.zip::Raw/video_0030/0003.mp4,/root/autodl-tmp/data/datasets/ch_sims/label.csv#video_0030/0003,0.00,4.57,zh,medium,high,high,true,true
EAQ000927,CH-SIMS,test,CH-SIMS/video_0030/0004,/root/autodl-tmp/data/datasets/ch_sims/Raw.zip::Raw/video_0030/0004.mp4,/root/autodl-tmp/data/datasets/ch_sims/Raw.zip::Raw/video_0030/0004.mp4,/root/autodl-tmp/data/datasets/ch_sims/label.csv#video_0030/0004,0.00,1.71,zh,medium,high,high,true,true
EAQ000928,CH-SIMS,validation,CH-SIMS/video_0030/0005,/root/autodl-tmp/data/datasets/ch_sims/Raw.zip::Raw/video_0030/0005.mp4,/root/autodl-tmp/data/datasets/ch_sims/Raw.zip::Raw/video_0030/0005.mp4,/root/autodl-tmp/data/datasets/ch_sims/label.csv#video_0030/0005,0.00,4.57,zh,medium,high,high,true,true
EAQ000929,CH-SIMS,train,CH-SIMS/video_0030/0006,/root/autodl-tmp/data/datasets/ch_sims/Raw.zip::Raw/video_0030/0006.mp4,/root/autodl-tmp/data/datasets/ch_sims/Raw.zip::Raw/video_0030/0006.mp4,/root/autodl-tmp/data/datasets/ch_sims/label.csv#video_0030/0006,0.00,2.57,zh,medium,high,high,true,true
EAQ000930,CH-SIMS,train,CH-SIMS/video_0030/0007,/root/autodl-tmp/data/datasets/ch_sims/Raw.zip::Raw/video_0030/0007.mp4,/root/autodl-tmp/data/datasets/ch_sims/Raw.zip::Raw/video_0030/0007.mp4,/root/autodl-tmp/data/datasets/ch_sims/label.csv#video_0030/0007,0.00,8.86,zh,medium,high,high,true,true
EAQ000931,CH-SIMS,train,CH-SIMS/video_0030/0008,/root/autodl-tmp/data/datasets/ch_sims/Raw.zip::Raw/video_0030/0008.mp4,/root/autodl-tmp/data/datasets/ch_sims/Raw.zip::Raw/video_0030/0008.mp4,/root/autodl-tmp/data/datasets/ch_sims/label.csv#video_0030/0008,0.00,5.14,zh,medium,high,high,true,true
EAQ000932,CH-SIMS,train,CH-SIMS/video_0030/0009,/root/autodl-tmp/data/datasets/ch_sims/Raw.zip::Raw/video_0030/0009.mp4,/root/autodl-tmp/data/datasets/ch_sims/Raw.zip::Raw/video_0030/0009.mp4,/root/autodl-tmp/data/datasets/ch_sims/label.csv#video_0030/0009,0.00,4.57,zh,medium,high,high,true,true
EAQ000933,CH-SIMS,test,CH-SIMS/video_0030/0010,/root/autodl-tmp/data/datasets/ch_sims/Raw.zip::Raw/video_0030/0010.mp4,/root/autodl-tmp/data/datasets/ch_sims/Raw.zip::Raw/video_0030/0010.mp4,/root/autodl-tmp/data/datasets/ch_sims/label.csv#video_0030/0010,0.00,3.14,zh,medium,high,high,true,true
EAQ000934,CH-SIMS,train,CH-SIMS/video_0030/0011,/root/autodl-tmp/data/datasets/ch_sims/Raw.zip::Raw/video_0030/0011.mp4,/root/autodl-tmp/data/datasets/ch_sims/Raw.zip::Raw/video_0030/0011.mp4,/root/autodl-tmp/data/datasets/ch_sims/label.csv#video_0030/0011,0.00,3.71,zh,medium,high,high,true,true
EAQ000935,CH-SIMS,validation,CH-SIMS/video_0030/0012,/root/autodl-tmp/data/datasets/ch_sims/Raw.zip::Raw/video_0030/0012.mp4,/root/autodl-tmp/data/datasets/ch_sims/Raw.zip::Raw/video_0030/0012.mp4,/root/autodl-tmp/data/datasets/ch_sims/label.csv#video_0030/0012,0.00,2.57,zh,medium,high,high,true,true
EAQ000936,CH-SIMS,train,CH-SIMS/video_0030/0013,/root/autodl-tmp/data/datasets/ch_sims/Raw.zip::Raw/video_0030/0013.mp4,/root/autodl-tmp/data/datasets/ch_sims/Raw.zip::Raw/video_0030/0013.mp4,/root/autodl-tmp/data/datasets/ch_sims/label.csv#video_0030/0013,0.00,7.14,zh,medium,high,high,true,true
EAQ000937,CH-SIMS,train,CH-SIMS/video_0030/0014,/root/autodl-tmp/data/datasets/ch_sims/Raw.zip::Raw/video_0030/0014.mp4,/root/autodl-tmp/data/datasets/ch_sims/Raw.zip::Raw/video_0030/0014.mp4,/root/autodl-tmp/data/datasets/ch_sims/label.csv#video_0030/0014,0.00,2.57,zh,medium,high,high,true,true
EAQ000938,CH-SIMS,test,CH-SIMS/video_0030/0015,/root/autodl-tmp/data/datasets/ch_sims/Raw.zip::Raw/video_0030/0015.mp4,/root/autodl-tmp/data/datasets/ch_sims/Raw.zip::Raw/video_0030/0015.mp4,/root/autodl-tmp/data/datasets/ch_sims/label.csv#video_0030/0015,0.00,4.86,zh,medium,high,high,true,true
EAQ000939,CH-SIMS,train,CH-SIMS/video_0030/0016,/root/autodl-tmp/data/datasets/ch_sims/Raw.zip::Raw/video_0030/0016.mp4,/root/autodl-tmp/data/datasets/ch_sims/Raw.zip::Raw/video_0030/0016.mp4,/root/autodl-tmp/data/datasets/ch_sims/label.csv#video_0030/0016,0.00,4.57,zh,medium,high,high,true,true
EAQ000940,CH-SIMS,train,CH-SIMS/video_0030/0017,/root/autodl-tmp/data/datasets/ch_sims/Raw.zip::Raw/video_0030/0017.mp4,/root/autodl-tmp/data/datasets/ch_sims/Raw.zip::Raw/video_0030/0017.mp4,/root/autodl-tmp/data/datasets/ch_sims/label.csv#video_0030/0017,0.00,5.71,zh,medium,high,high,true,true
EAQ000941,CH-SIMS,train,CH-SIMS/video_0030/0018,/root/autodl-tmp/data/datasets/ch_sims/Raw.zip::Raw/video_0030/0018.mp4,/root/autodl-tmp/data/datasets/ch_sims/Raw.zip::Raw/video_0030/0018.mp4,/root/autodl-tmp/data/datasets/ch_sims/label.csv#video_0030/0018,0.00,5.14,zh,medium,high,high,true,true
EAQ000942,CH-SIMS,train,CH-SIMS/video_0030/0019,/root/autodl-tmp/data/datasets/ch_sims/Raw.zip::Raw/video_0030/0019.mp4,/root/autodl-tmp/data/datasets/ch_sims/Raw.zip::Raw/video_0030/0019.mp4,/root/autodl-tmp/data/datasets/ch_sims/label.csv#video_0030/0019,0.00,3.43,zh,medium,high,high,true,true
EAQ000943,CH-SIMS,train,CH-SIMS/video_0030/0020,/root/autodl-tmp/data/datasets/ch_sims/Raw.zip::Raw/video_0030/0020.mp4,/root/autodl-tmp/data/datasets/ch_sims/Raw.zip::Raw/video_0030/0020.mp4,/root/autodl-tmp/data/datasets/ch_sims/label.csv#video_0030/0020,0.00,10.29,zh,medium,high,high,true,true
EAQ000944,CH-SIMS,train,CH-SIMS/video_0030/0021,/root/autodl-tmp/data/datasets/ch_sims/Raw.zip::Raw/video_0030/0021.mp4,/root/autodl-tmp/data/datasets/ch_sims/Raw.zip::Raw/video_0030/0021.mp4,/root/autodl-tmp/data/datasets/ch_sims/label.csv#video_0030/0021,0.00,2.86,zh,medium,high,high,true,true
EAQ000945,CH-SIMS,train,CH-SIMS/video_0030/0022,/root/autodl-tmp/data/datasets/ch_sims/Raw.zip::Raw/video_0030/0022.mp4,/root/autodl-tmp/data/datasets/ch_sims/Raw.zip::Raw/video_0030/0022.mp4,/root/autodl-tmp/data/datasets/ch_sims/label.csv#video_0030/0022,0.00,1.00,zh,medium,high,medium,true,true
EAQ000946,CH-SIMS,train,CH-SIMS/video_0030/0023,/root/autodl-tmp/data/datasets/ch_sims/Raw.zip::Raw/video_0030/0023.mp4,/root/autodl-tmp/data/datasets/ch_sims/Raw.zip::Raw/video_0030/0023.mp4,/root/autodl-tmp/data/datasets/ch_sims/label.csv#video_0030/0023,0.00,4.00,zh,medium,high,high,true,true
EAQ000947,CH-SIMS,train,CH-SIMS/video_0030/0024,/root/autodl-tmp/data/datasets/ch_sims/Raw.zip::Raw/video_0030/0024.mp4,/root/autodl-tmp/data/datasets/ch_sims/Raw.zip::Raw/video_0030/0024.mp4,/root/autodl-tmp/data/datasets/ch_sims/label.csv#video_0030/0024,0.00,6.00,zh,medium,high,high,true,true
EAQ000948,CH-SIMS,train,CH-SIMS/video_0030/0025,/root/autodl-tmp/data/datasets/ch_sims/Raw.zip::Raw/video_0030/0025.mp4,/root/autodl-tmp/data/datasets/ch_sims/Raw.zip::Raw/video_0030/0025.mp4,/root/autodl-tmp/data/datasets/ch_sims/label.csv#video_0030/0025,0.00,4.00,zh,medium,high,high,true,true
EAQ000949,CH-SIMS,train,CH-SIMS/video_0030/0026,/root/autodl-tmp/data/datasets/ch_sims/Raw.zip::Raw/video_0030/0026.mp4,/root/autodl-tmp/data/datasets/ch_sims/Raw.zip::Raw/video_0030/0026.mp4,/root/autodl-tmp/data/datasets/ch_sims/label.csv#video_0030/0026,0.00,4.29,zh,medium,high,high,true,true
EAQ000950,CH-SIMS,train,CH-SIMS/video_0030/0027,/root/autodl-tmp/data/datasets/ch_sims/Raw.zip::Raw/video_0030/0027.mp4,/root/autodl-tmp/data/datasets/ch_sims/Raw.zip::Raw/video_0030/0027.mp4,/root/autodl-tmp/data/datasets/ch_sims/label.csv#video_0030/0027,0.00,3.43,zh,medium,high,high,true,true
EAQ000951,CH-SIMS,test,CH-SIMS/video_0030/0028,/root/autodl-tmp/data/datasets/ch_sims/Raw.zip::Raw/video_0030/0028.mp4,/root/autodl-tmp/data/datasets/ch_sims/Raw.zip::Raw/video_0030/0028.mp4,/root/autodl-tmp/data/datasets/ch_sims/label.csv#video_0030/0028,0.00,2.57,zh,medium,high,high,true,true
EAQ000952,CH-SIMS,test,CH-SIMS/video_0030/0029,/root/autodl-tmp/data/datasets/ch_sims/Raw.zip::Raw/video_0030/0029.mp4,/root/autodl-tmp/data/datasets/ch_sims/Raw.zip::Raw/video_0030/0029.mp4,/root/autodl-tmp/data/datasets/ch_sims/label.csv#video_0030/0029,0.00,3.43,zh,medium,high,high,true,true
EAQ000953,CH-SIMS,train,CH-SIMS/video_0030/0030,/root/autodl-tmp/data/datasets/ch_sims/Raw.zip::Raw/video_0030/0030.mp4,/root/autodl-tmp/data/datasets/ch_sims/Raw.zip::Raw/video_0030/0030.mp4,/root/autodl-tmp/data/datasets/ch_sims/label.csv#video_0030/0030,0.00,6.86,zh,medium,high,high,true,true
EAQ000954,CH-SIMS,train,CH-SIMS/video_0030/0031,/root/autodl-tmp/data/datasets/ch_sims/Raw.zip::Raw/video_0030/0031.mp4,/root/autodl-tmp/data/datasets/ch_sims/Raw.zip::Raw/video_0030/0031.mp4,/root/autodl-tmp/data/datasets/ch_sims/label.csv#video_0030/0031,0.00,2.00,zh,medium,high,high,true,true
EAQ000955,CH-SIMS,train,CH-SIMS/video_0030/0032,/root/autodl-tmp/data/datasets/ch_sims/Raw.zip::Raw/video_0030/0032.mp4,/root/autodl-tmp/data/datasets/ch_sims/Raw.zip::Raw/video_0030/0032.mp4,/root/autodl-tmp/data/datasets/ch_sims/label.csv#video_0030/0032,0.00,6.00,zh,medium,high,high,true,true
EAQ000956,CH-SIMS,train,CH-SIMS/video_0030/0033,/root/autodl-tmp/data/datasets/ch_sims/Raw.zip::Raw/video_0030/0033.mp4,/root/autodl-tmp/data/datasets/ch_sims/Raw.zip::Raw/video_0030/0033.mp4,/root/autodl-tmp/data/datasets/ch_sims/label.csv#video_0030/0033,0.00,4.00,zh,medium,high,high,true,true
EAQ000957,CH-SIMS,train,CH-SIMS/video_0030/0034,/root/autodl-tmp/data/datasets/ch_sims/Raw.zip::Raw/video_0030/0034.mp4,/root/autodl-tmp/data/datasets/ch_sims/Raw.zip::Raw/video_0030/0034.mp4,/root/autodl-tmp/data/datasets/ch_sims/label.csv#video_0030/0034,0.00,6.00,zh,medium,high,high,true,true
EAQ000958,CH-SIMS,train,CH-SIMS/video_0030/0035,/root/autodl-tmp/data/datasets/ch_sims/Raw.zip::Raw/video_0030/0035.mp4,/root/autodl-tmp/data/datasets/ch_sims/Raw.zip::Raw/video_0030/0035.mp4,/root/autodl-tmp/data/datasets/ch_sims/label.csv#video_0030/0035,0.00,5.14,zh,medium,high,high,true,true
EAQ000959,CH-SIMS,train,CH-SIMS/video_0030/0036,/root/autodl-tmp/data/datasets/ch_sims/Raw.zip::Raw/video_0030/0036.mp4,/root/autodl-tmp/data/datasets/ch_sims/Raw.zip::Raw/video_0030/0036.mp4,/root/autodl-tmp/data/datasets/ch_sims/label.csv#video_0030/0036,0.00,3.14,zh,medium,high,high,true,true
EAQ000960,CH-SIMS,validation,CH-SIMS/video_0030/0037,/root/autodl-tmp/data/datasets/ch_sims/Raw.zip::Raw/video_0030/0037.mp4,/root/autodl-tmp/data/datasets/ch_sims/Raw.zip::Raw/video_0030/0037.mp4,/root/autodl-tmp/data/datasets/ch_sims/label.csv#video_0030/0037,0.00,4.86,zh,medium,high,high,true,true
EAQ000961,CH-SIMS,train,CH-SIMS/video_0030/0038,/root/autodl-tmp/data/datasets/ch_sims/Raw.zip::Raw/video_0030/0038.mp4,/root/autodl-tmp/data/datasets/ch_sims/Raw.zip::Raw/video_0030/0038.mp4,/root/autodl-tmp/data/datasets/ch_sims/label.csv#video_0030/0038,0.00,4.00,zh,medium,high,high,true,true
EAQ000962,CH-SIMS,train,CH-SIMS/video_0030/0039,/root/autodl-tmp/data/datasets/ch_sims/Raw.zip::Raw/video_0030/0039.mp4,/root/autodl-tmp/data/datasets/ch_sims/Raw.zip::Raw/video_0030/0039.mp4,/root/autodl-tmp/data/datasets/ch_sims/label.csv#video_0030/0039,0.00,4.00,zh,medium,high,high,true,true
EAQ000963,CH-SIMS,train,CH-SIMS/video_0030/0040,/root/autodl-tmp/data/datasets/ch_sims/Raw.zip::Raw/video_0030/0040.mp4,/root/autodl-tmp/data/datasets/ch_sims/Raw.zip::Raw/video_0030/0040.mp4,/root/autodl-tmp/data/datasets/ch_sims/label.csv#video_0030/0040,0.00,5.14,zh,medium,high,high,true,true
EAQ000964,CH-SIMS,validation,CH-SIMS/video_0030/0041,/root/autodl-tmp/data/datasets/ch_sims/Raw.zip::Raw/video_0030/0041.mp4,/root/autodl-tmp/data/datasets/ch_sims/Raw.zip::Raw/video_0030/0041.mp4,/root/autodl-tmp/data/datasets/ch_sims/label.csv#video_0030/0041,0.00,7.43,zh,medium,high,high,true,true
EAQ000965,CH-SIMS,test,CH-SIMS/video_0030/0042,/root/autodl-tmp/data/datasets/ch_sims/Raw.zip::Raw/video_0030/0042.mp4,/root/autodl-tmp/data/datasets/ch_sims/Raw.zip::Raw/video_0030/0042.mp4,/root/autodl-tmp/data/datasets/ch_sims/label.csv#video_0030/0042,0.00,3.14,zh,medium,high,high,true,true
EAQ000966,CH-SIMS,train,CH-SIMS/video_0031/0001,/root/autodl-tmp/data/datasets/ch_sims/Raw.zip::Raw/video_0031/0001.mp4,/root/autodl-tmp/data/datasets/ch_sims/Raw.zip::Raw/video_0031/0001.mp4,/root/autodl-tmp/data/datasets/ch_sims/label.csv#video_0031/0001,0.00,6.00,zh,medium,high,high,true,true
EAQ000967,CH-SIMS,train,CH-SIMS/video_0031/0002,/root/autodl-tmp/data/datasets/ch_sims/Raw.zip::Raw/video_0031/0002.mp4,/root/autodl-tmp/data/datasets/ch_sims/Raw.zip::Raw/video_0031/0002.mp4,/root/autodl-tmp/data/datasets/ch_sims/label.csv#video_0031/0002,0.00,3.14,zh,medium,high,high,true,true
EAQ000968,CH-SIMS,validation,CH-SIMS/video_0031/0003,/root/autodl-tmp/data/datasets/ch_sims/Raw.zip::Raw/video_0031/0003.mp4,/root/autodl-tmp/data/datasets/ch_sims/Raw.zip::Raw/video_0031/0003.mp4,/root/autodl-tmp/data/datasets/ch_sims/label.csv#video_0031/0003,0.00,6.86,zh,medium,high,high,true,true
EAQ000969,CH-SIMS,train,CH-SIMS/video_0031/0004,/root/autodl-tmp/data/datasets/ch_sims/Raw.zip::Raw/video_0031/0004.mp4,/root/autodl-tmp/data/datasets/ch_sims/Raw.zip::Raw/video_0031/0004.mp4,/root/autodl-tmp/data/datasets/ch_sims/label.csv#video_0031/0004,0.00,3.71,zh,medium,high,high,true,true
EAQ000970,CH-SIMS,train,CH-SIMS/video_0031/0005,/root/autodl-tmp/data/datasets/ch_sims/Raw.zip::Raw/video_0031/0005.mp4,/root/autodl-tmp/data/datasets/ch_sims/Raw.zip::Raw/video_0031/0005.mp4,/root/autodl-tmp/data/datasets/ch_sims/label.csv#video_0031/0005,0.00,8.57,zh,medium,high,high,true,true
EAQ000971,CH-SIMS,validation,CH-SIMS/video_0031/0006,/root/autodl-tmp/data/datasets/ch_sims/Raw.zip::Raw/video_0031/0006.mp4,/root/autodl-tmp/data/datasets/ch_sims/Raw.zip::Raw/video_0031/0006.mp4,/root/autodl-tmp/data/datasets/ch_sims/label.csv#video_0031/0006,0.00,2.86,zh,medium,high,high,true,true
EAQ000972,CH-SIMS,train,CH-SIMS/video_0031/0007,/root/autodl-tmp/data/datasets/ch_sims/Raw.zip::Raw/video_0031/0007.mp4,/root/autodl-tmp/data/datasets/ch_sims/Raw.zip::Raw/video_0031/0007.mp4,/root/autodl-tmp/data/datasets/ch_sims/label.csv#video_0031/0007,0.00,6.00,zh,medium,high,high,true,true
EAQ000973,CH-SIMS,validation,CH-SIMS/video_0031/0008,/root/autodl-tmp/data/datasets/ch_sims/Raw.zip::Raw/video_0031/0008.mp4,/root/autodl-tmp/data/datasets/ch_sims/Raw.zip::Raw/video_0031/0008.mp4,/root/autodl-tmp/data/datasets/ch_sims/label.csv#video_0031/0008,0.00,4.00,zh,medium,high,high,true,true
EAQ000974,CH-SIMS,validation,CH-SIMS/video_0031/0009,/root/autodl-tmp/data/datasets/ch_sims/Raw.zip::Raw/video_0031/0009.mp4,/root/autodl-tmp/data/datasets/ch_sims/Raw.zip::Raw/video_0031/0009.mp4,/root/autodl-tmp/data/datasets/ch_sims/label.csv#video_0031/0009,0.00,3.43,zh,medium,high,high,true,true
EAQ000975,CH-SIMS,train,CH-SIMS/video_0031/0010,/root/autodl-tmp/data/datasets/ch_sims/Raw.zip::Raw/video_0031/0010.mp4,/root/autodl-tmp/data/datasets/ch_sims/Raw.zip::Raw/video_0031/0010.mp4,/root/autodl-tmp/data/datasets/ch_sims/label.csv#video_0031/0010,0.00,2.86,zh,medium,high,high,true,true
EAQ000976,CH-SIMS,train,CH-SIMS/video_0031/0011,/root/autodl-tmp/data/datasets/ch_sims/Raw.zip::Raw/video_0031/0011.mp4,/root/autodl-tmp/data/datasets/ch_sims/Raw.zip::Raw/video_0031/0011.mp4,/root/autodl-tmp/data/datasets/ch_sims/label.csv#video_0031/0011,0.00,6.29,zh,medium,high,high,true,true
EAQ000977,CH-SIMS,train,CH-SIMS/video_0031/0012,/root/autodl-tmp/data/datasets/ch_sims/Raw.zip::Raw/video_0031/0012.mp4,/root/autodl-tmp/data/datasets/ch_sims/Raw.zip::Raw/video_0031/0012.mp4,/root/autodl-tmp/data/datasets/ch_sims/label.csv#video_0031/0012,0.00,5.14,zh,medium,high,high,true,true
EAQ000978,CH-SIMS,validation,CH-SIMS/video_0031/0013,/root/autodl-tmp/data/datasets/ch_sims/Raw.zip::Raw/video_0031/0013.mp4,/root/autodl-tmp/data/datasets/ch_sims/Raw.zip::Raw/video_0031/0013.mp4,/root/autodl-tmp/data/datasets/ch_sims/label.csv#video_0031/0013,0.00,2.86,zh,medium,high,high,true,true
EAQ000979,CH-SIMS,train,CH-SIMS/video_0031/0014,/root/autodl-tmp/data/datasets/ch_sims/Raw.zip::Raw/video_0031/0014.mp4,/root/autodl-tmp/data/datasets/ch_sims/Raw.zip::Raw/video_0031/0014.mp4,/root/autodl-tmp/data/datasets/ch_sims/label.csv#video_0031/0014,0.00,2.86,zh,medium,high,high,true,true
EAQ000980,CH-SIMS,train,CH-SIMS/video_0031/0015,/root/autodl-tmp/data/datasets/ch_sims/Raw.zip::Raw/video_0031/0015.mp4,/root/autodl-tmp/data/datasets/ch_sims/Raw.zip::Raw/video_0031/0015.mp4,/root/autodl-tmp/data/datasets/ch_sims/label.csv#video_0031/0015,0.00,4.00,zh,medium,high,high,true,true
EAQ000981,CH-SIMS,validation,CH-SIMS/video_0031/0016,/root/autodl-tmp/data/datasets/ch_sims/Raw.zip::Raw/video_0031/0016.mp4,/root/autodl-tmp/data/datasets/ch_sims/Raw.zip::Raw/video_0031/0016.mp4,/root/autodl-tmp/data/datasets/ch_sims/label.csv#video_0031/0016,0.00,7.14,zh,medium,high,high,true,true
EAQ000982,CH-SIMS,train,CH-SIMS/video_0031/0017,/root/autodl-tmp/data/datasets/ch_sims/Raw.zip::Raw/video_0031/0017.mp4,/root/autodl-tmp/data/datasets/ch_sims/Raw.zip::Raw/video_0031/0017.mp4,/root/autodl-tmp/data/datasets/ch_sims/label.csv#video_0031/0017,0.00,4.29,zh,medium,high,high,true,true
EAQ000983,CH-SIMS,train,CH-SIMS/video_0031/0018,/root/autodl-tmp/data/datasets/ch_sims/Raw.zip::Raw/video_0031/0018.mp4,/root/autodl-tmp/data/datasets/ch_sims/Raw.zip::Raw/video_0031/0018.mp4,/root/autodl-tmp/data/datasets/ch_sims/label.csv#video_0031/0018,0.00,1.71,zh,medium,high,high,true,true
EAQ000984,CH-SIMS,train,CH-SIMS/video_0031/0019,/root/autodl-tmp/data/datasets/ch_sims/Raw.zip::Raw/video_0031/0019.mp4,/root/autodl-tmp/data/datasets/ch_sims/Raw.zip::Raw/video_0031/0019.mp4,/root/autodl-tmp/data/datasets/ch_sims/label.csv#video_0031/0019,0.00,3.71,zh,medium,high,high,true,true
EAQ000985,CH-SIMS,test,CH-SIMS/video_0031/0020,/root/autodl-tmp/data/datasets/ch_sims/Raw.zip::Raw/video_0031/0020.mp4,/root/autodl-tmp/data/datasets/ch_sims/Raw.zip::Raw/video_0031/0020.mp4,/root/autodl-tmp/data/datasets/ch_sims/label.csv#video_0031/0020,0.00,7.71,zh,medium,high,high,true,true
EAQ000986,CH-SIMS,train,CH-SIMS/video_0031/0021,/root/autodl-tmp/data/datasets/ch_sims/Raw.zip::Raw/video_0031/0021.mp4,/root/autodl-tmp/data/datasets/ch_sims/Raw.zip::Raw/video_0031/0021.mp4,/root/autodl-tmp/data/datasets/ch_sims/label.csv#video_0031/0021,0.00,2.57,zh,medium,high,high,true,true
EAQ000987,CH-SIMS,train,CH-SIMS/video_0031/0022,/root/autodl-tmp/data/datasets/ch_sims/Raw.zip::Raw/video_0031/0022.mp4,/root/autodl-tmp/data/datasets/ch_sims/Raw.zip::Raw/video_0031/0022.mp4,/root/autodl-tmp/data/datasets/ch_sims/label.csv#video_0031/0022,0.00,3.43,zh,medium,high,high,true,true
EAQ000988,CH-SIMS,train,CH-SIMS/video_0031/0023,/root/autodl-tmp/data/datasets/ch_sims/Raw.zip::Raw/video_0031/0023.mp4,/root/autodl-tmp/data/datasets/ch_sims/Raw.zip::Raw/video_0031/0023.mp4,/root/autodl-tmp/data/datasets/ch_sims/label.csv#video_0031/0023,0.00,5.14,zh,medium,high,high,true,true
EAQ000989,CH-SIMS,train,CH-SIMS/video_0031/0024,/root/autodl-tmp/data/datasets/ch_sims/Raw.zip::Raw/video_0031/0024.mp4,/root/autodl-tmp/data/datasets/ch_sims/Raw.zip::Raw/video_0031/0024.mp4,/root/autodl-tmp/data/datasets/ch_sims/label.csv#video_0031/0024,0.00,4.57,zh,medium,high,high,true,true
EAQ000990,CH-SIMS,validation,CH-SIMS/video_0031/0025,/root/autodl-tmp/data/datasets/ch_sims/Raw.zip::Raw/video_0031/0025.mp4,/root/autodl-tmp/data/datasets/ch_sims/Raw.zip::Raw/video_0031/0025.mp4,/root/autodl-tmp/data/datasets/ch_sims/label.csv#video_0031/0025,0.00,3.71,zh,medium,high,high,true,true
EAQ000991,CH-SIMS,test,CH-SIMS/video_0031/0026,/root/autodl-tmp/data/datasets/ch_sims/Raw.zip::Raw/video_0031/0026.mp4,/root/autodl-tmp/data/datasets/ch_sims/Raw.zip::Raw/video_0031/0026.mp4,/root/autodl-tmp/data/datasets/ch_sims/label.csv#video_0031/0026,0.00,3.43,zh,medium,high,high,true,true
EAQ000992,CH-SIMS,validation,CH-SIMS/video_0031/0027,/root/autodl-tmp/data/datasets/ch_sims/Raw.zip::Raw/video_0031/0027.mp4,/root/autodl-tmp/data/datasets/ch_sims/Raw.zip::Raw/video_0031/0027.mp4,/root/autodl-tmp/data/datasets/ch_sims/label.csv#video_0031/0027,0.00,3.71,zh,medium,high,high,true,true
EAQ000993,CH-SIMS,train,CH-SIMS/video_0031/0028,/root/autodl-tmp/data/datasets/ch_sims/Raw.zip::Raw/video_0031/0028.mp4,/root/autodl-tmp/data/datasets/ch_sims/Raw.zip::Raw/video_0031/0028.mp4,/root/autodl-tmp/data/datasets/ch_sims/label.csv#video_0031/0028,0.00,3.71,zh,medium,high,high,true,true
EAQ000994,CH-SIMS,train,CH-SIMS/video_0031/0029,/root/autodl-tmp/data/datasets/ch_sims/Raw.zip::Raw/video_0031/0029.mp4,/root/autodl-tmp/data/datasets/ch_sims/Raw.zip::Raw/video_0031/0029.mp4,/root/autodl-tmp/data/datasets/ch_sims/label.csv#video_0031/0029,0.00,8.57,zh,medium,high,high,true,true
EAQ000995,CH-SIMS,train,CH-SIMS/video_0031/0030,/root/autodl-tmp/data/datasets/ch_sims/Raw.zip::Raw/video_0031/0030.mp4,/root/autodl-tmp/data/datasets/ch_sims/Raw.zip::Raw/video_0031/0030.mp4,/root/autodl-tmp/data/datasets/ch_sims/label.csv#video_0031/0030,0.00,4.86,zh,medium,high,high,true,true
EAQ000996,CH-SIMS,train,CH-SIMS/video_0031/0031,/root/autodl-tmp/data/datasets/ch_sims/Raw.zip::Raw/video_0031/0031.mp4,/root/autodl-tmp/data/datasets/ch_sims/Raw.zip::Raw/video_0031/0031.mp4,/root/autodl-tmp/data/datasets/ch_sims/label.csv#video_0031/0031,0.00,5.43,zh,medium,high,high,true,true
EAQ000997,CH-SIMS,train,CH-SIMS/video_0031/0032,/root/autodl-tmp/data/datasets/ch_sims/Raw.zip::Raw/video_0031/0032.mp4,/root/autodl-tmp/data/datasets/ch_sims/Raw.zip::Raw/video_0031/0032.mp4,/root/autodl-tmp/data/datasets/ch_sims/label.csv#video_0031/0032,0.00,2.57,zh,medium,high,high,true,true
EAQ000998,CH-SIMS,validation,CH-SIMS/video_0031/0033,/root/autodl-tmp/data/datasets/ch_sims/Raw.zip::Raw/video_0031/0033.mp4,/root/autodl-tmp/data/datasets/ch_sims/Raw.zip::Raw/video_0031/0033.mp4,/root/autodl-tmp/data/datasets/ch_sims/label.csv#video_0031/0033,0.00,6.00,zh,medium,high,high,true,true
EAQ000999,CH-SIMS,train,CH-SIMS/video_0031/0034,/root/autodl-tmp/data/datasets/ch_sims/Raw.zip::Raw/video_0031/0034.mp4,/root/autodl-tmp/data/datasets/ch_sims/Raw.zip::Raw/video_0031/0034.mp4,/root/autodl-tmp/data/datasets/ch_sims/label.csv#video_0031/0034,0.00,3.43,zh,medium,high,high,true,true
EAQ001000,CH-SIMS,train,CH-SIMS/video_0031/0035,/root/autodl-tmp/data/datasets/ch_sims/Raw.zip::Raw/video_0031/0035.mp4,/root/autodl-tmp/data/datasets/ch_sims/Raw.zip::Raw/video_0031/0035.mp4,/root/autodl-tmp/data/datasets/ch_sims/label.csv#video_0031/0035,0.00,4.86,zh,medium,high,high,true,true
EAQ001001,CH-SIMS,train,CH-SIMS/video_0032/0001,/root/autodl-tmp/data/datasets/ch_sims/Raw.zip::Raw/video_0032/0001.mp4,/root/autodl-tmp/data/datasets/ch_sims/Raw.zip::Raw/video_0032/0001.mp4,/root/autodl-tmp/data/datasets/ch_sims/label.csv#video_0032/0001,0.00,5.43,zh,medium,high,high,true,true
EAQ001002,CH-SIMS,test,CH-SIMS/video_0032/0002,/root/autodl-tmp/data/datasets/ch_sims/Raw.zip::Raw/video_0032/0002.mp4,/root/autodl-tmp/data/datasets/ch_sims/Raw.zip::Raw/video_0032/0002.mp4,/root/autodl-tmp/data/datasets/ch_sims/label.csv#video_0032/0002,0.00,6.00,zh,medium,high,high,true,true
EAQ001003,CH-SIMS,train,CH-SIMS/video_0032/0003,/root/autodl-tmp/data/datasets/ch_sims/Raw.zip::Raw/video_0032/0003.mp4,/root/autodl-tmp/data/datasets/ch_sims/Raw.zip::Raw/video_0032/0003.mp4,/root/autodl-tmp/data/datasets/ch_sims/label.csv#video_0032/0003,0.00,2.57,zh,medium,high,high,true,true
EAQ001004,CH-SIMS,train,CH-SIMS/video_0032/0004,/root/autodl-tmp/data/datasets/ch_sims/Raw.zip::Raw/video_0032/0004.mp4,/root/autodl-tmp/data/datasets/ch_sims/Raw.zip::Raw/video_0032/0004.mp4,/root/autodl-tmp/data/datasets/ch_sims/label.csv#video_0032/0004,0.00,9.14,zh,medium,high,high,true,true
EAQ001005,CH-SIMS,train,CH-SIMS/video_0032/0005,/root/autodl-tmp/data/datasets/ch_sims/Raw.zip::Raw/video_0032/0005.mp4,/root/autodl-tmp/data/datasets/ch_sims/Raw.zip::Raw/video_0032/0005.mp4,/root/autodl-tmp/data/datasets/ch_sims/label.csv#video_0032/0005,0.00,5.71,zh,medium,high,high,true,true
EAQ001006,CH-SIMS,train,CH-SIMS/video_0032/0006,/root/autodl-tmp/data/datasets/ch_sims/Raw.zip::Raw/video_0032/0006.mp4,/root/autodl-tmp/data/datasets/ch_sims/Raw.zip::Raw/video_0032/0006.mp4,/root/autodl-tmp/data/datasets/ch_sims/label.csv#video_0032/0006,0.00,4.86,zh,medium,high,high,true,true
EAQ001007,CH-SIMS,test,CH-SIMS/video_0032/0007,/root/autodl-tmp/data/datasets/ch_sims/Raw.zip::Raw/video_0032/0007.mp4,/root/autodl-tmp/data/datasets/ch_sims/Raw.zip::Raw/video_0032/0007.mp4,/root/autodl-tmp/data/datasets/ch_sims/label.csv#video_0032/0007,0.00,2.86,zh,medium,high,high,true,true
EAQ001008,CH-SIMS,train,CH-SIMS/video_0032/0008,/root/autodl-tmp/data/datasets/ch_sims/Raw.zip::Raw/video_0032/0008.mp4,/root/autodl-tmp/data/datasets/ch_sims/Raw.zip::Raw/video_0032/0008.mp4,/root/autodl-tmp/data/datasets/ch_sims/label.csv#video_0032/0008,0.00,4.00,zh,medium,high,high,true,true
EAQ001009,CH-SIMS,validation,CH-SIMS/video_0032/0009,/root/autodl-tmp/data/datasets/ch_sims/Raw.zip::Raw/video_0032/0009.mp4,/root/autodl-tmp/data/datasets/ch_sims/Raw.zip::Raw/video_0032/0009.mp4,/root/autodl-tmp/data/datasets/ch_sims/label.csv#video_0032/0009,0.00,5.14,zh,medium,high,high,true,true
EAQ001010,CH-SIMS,train,CH-SIMS/video_0032/0010,/root/autodl-tmp/data/datasets/ch_sims/Raw.zip::Raw/video_0032/0010.mp4,/root/autodl-tmp/data/datasets/ch_sims/Raw.zip::Raw/video_0032/0010.mp4,/root/autodl-tmp/data/datasets/ch_sims/label.csv#video_0032/0010,0.00,2.86,zh,medium,high,high,true,true
EAQ001011,CH-SIMS,train,CH-SIMS/video_0032/0011,/root/autodl-tmp/data/datasets/ch_sims/Raw.zip::Raw/video_0032/0011.mp4,/root/autodl-tmp/data/datasets/ch_sims/Raw.zip::Raw/video_0032/0011.mp4,/root/autodl-tmp/data/datasets/ch_sims/label.csv#video_0032/0011,0.00,2.86,zh,medium,high,high,true,true
EAQ001012,CH-SIMS,train,CH-SIMS/video_0032/0012,/root/autodl-tmp/data/datasets/ch_sims/Raw.zip::Raw/video_0032/0012.mp4,/root/autodl-tmp/data/datasets/ch_sims/Raw.zip::Raw/video_0032/0012.mp4,/root/autodl-tmp/data/datasets/ch_sims/label.csv#video_0032/0012,0.00,4.00,zh,medium,high,high,true,true
EAQ001013,CH-SIMS,test,CH-SIMS/video_0032/0013,/root/autodl-tmp/data/datasets/ch_sims/Raw.zip::Raw/video_0032/0013.mp4,/root/autodl-tmp/data/datasets/ch_sims/Raw.zip::Raw/video_0032/0013.mp4,/root/autodl-tmp/data/datasets/ch_sims/label.csv#video_0032/0013,0.00,5.14,zh,medium,high,high,true,true
EAQ001014,CH-SIMS,train,CH-SIMS/video_0032/0014,/root/autodl-tmp/data/datasets/ch_sims/Raw.zip::Raw/video_0032/0014.mp4,/root/autodl-tmp/data/datasets/ch_sims/Raw.zip::Raw/video_0032/0014.mp4,/root/autodl-tmp/data/datasets/ch_sims/label.csv#video_0032/0014,0.00,10.00,zh,medium,high,high,true,true
EAQ001015,CH-SIMS,validation,CH-SIMS/video_0032/0015,/root/autodl-tmp/data/datasets/ch_sims/Raw.zip::Raw/video_0032/0015.mp4,/root/autodl-tmp/data/datasets/ch_sims/Raw.zip::Raw/video_0032/0015.mp4,/root/autodl-tmp/data/datasets/ch_sims/label.csv#video_0032/0015,0.00,6.29,zh,medium,high,high,true,true
EAQ001016,CH-SIMS,test,CH-SIMS/video_0032/0016,/root/autodl-tmp/data/datasets/ch_sims/Raw.zip::Raw/video_0032/0016.mp4,/root/autodl-tmp/data/datasets/ch_sims/Raw.zip::Raw/video_0032/0016.mp4,/root/autodl-tmp/data/datasets/ch_sims/label.csv#video_0032/0016,0.00,2.86,zh,medium,high,high,true,true
EAQ001017,CH-SIMS,train,CH-SIMS/video_0032/0017,/root/autodl-tmp/data/datasets/ch_sims/Raw.zip::Raw/video_0032/0017.mp4,/root/autodl-tmp/data/datasets/ch_sims/Raw.zip::Raw/video_0032/0017.mp4,/root/autodl-tmp/data/datasets/ch_sims/label.csv#video_0032/0017,0.00,6.29,zh,medium,high,high,true,true
EAQ001018,CH-SIMS,train,CH-SIMS/video_0032/0018,/root/autodl-tmp/data/datasets/ch_sims/Raw.zip::Raw/video_0032/0018.mp4,/root/autodl-tmp/data/datasets/ch_sims/Raw.zip::Raw/video_0032/0018.mp4,/root/autodl-tmp/data/datasets/ch_sims/label.csv#video_0032/0018,0.00,1.14,zh,medium,high,high,true,true
EAQ001019,CH-SIMS,train,CH-SIMS/video_0032/0019,/root/autodl-tmp/data/datasets/ch_sims/Raw.zip::Raw/video_0032/0019.mp4,/root/autodl-tmp/data/datasets/ch_sims/Raw.zip::Raw/video_0032/0019.mp4,/root/autodl-tmp/data/datasets/ch_sims/label.csv#video_0032/0019,0.00,4.86,zh,medium,high,high,true,true
EAQ001020,CH-SIMS,train,CH-SIMS/video_0032/0020,/root/autodl-tmp/data/datasets/ch_sims/Raw.zip::Raw/video_0032/0020.mp4,/root/autodl-tmp/data/datasets/ch_sims/Raw.zip::Raw/video_0032/0020.mp4,/root/autodl-tmp/data/datasets/ch_sims/label.csv#video_0032/0020,0.00,4.86,zh,medium,high,high,true,true
EAQ001021,CH-SIMS,train,CH-SIMS/video_0032/0021,/root/autodl-tmp/data/datasets/ch_sims/Raw.zip::Raw/video_0032/0021.mp4,/root/autodl-tmp/data/datasets/ch_sims/Raw.zip::Raw/video_0032/0021.mp4,/root/autodl-tmp/data/datasets/ch_sims/label.csv#video_0032/0021,0.00,4.57,zh,medium,high,high,true,true
EAQ001022,CH-SIMS,train,CH-SIMS/video_0032/0022,/root/autodl-tmp/data/datasets/ch_sims/Raw.zip::Raw/video_0032/0022.mp4,/root/autodl-tmp/data/datasets/ch_sims/Raw.zip::Raw/video_0032/0022.mp4,/root/autodl-tmp/data/datasets/ch_sims/label.csv#video_0032/0022,0.00,4.57,zh,medium,high,high,true,true
EAQ001023,CH-SIMS,train,CH-SIMS/video_0032/0023,/root/autodl-tmp/data/datasets/ch_sims/Raw.zip::Raw/video_0032/0023.mp4,/root/autodl-tmp/data/datasets/ch_sims/Raw.zip::Raw/video_0032/0023.mp4,/root/autodl-tmp/data/datasets/ch_sims/label.csv#video_0032/0023,0.00,2.57,zh,medium,high,high,true,true
EAQ001024,CH-SIMS,train,CH-SIMS/video_0033/0001,/root/autodl-tmp/data/datasets/ch_sims/Raw.zip::Raw/video_0033/0001.mp4,/root/autodl-tmp/data/datasets/ch_sims/Raw.zip::Raw/video_0033/0001.mp4,/root/autodl-tmp/data/datasets/ch_sims/label.csv#video_0033/0001,0.00,4.29,zh,medium,high,high,true,true
EAQ001025,CH-SIMS,validation,CH-SIMS/video_0033/0002,/root/autodl-tmp/data/datasets/ch_sims/Raw.zip::Raw/video_0033/0002.mp4,/root/autodl-tmp/data/datasets/ch_sims/Raw.zip::Raw/video_0033/0002.mp4,/root/autodl-tmp/data/datasets/ch_sims/label.csv#video_0033/0002,0.00,2.57,zh,medium,high,high,true,true
EAQ001026,CH-SIMS,train,CH-SIMS/video_0033/0003,/root/autodl-tmp/data/datasets/ch_sims/Raw.zip::Raw/video_0033/0003.mp4,/root/autodl-tmp/data/datasets/ch_sims/Raw.zip::Raw/video_0033/0003.mp4,/root/autodl-tmp/data/datasets/ch_sims/label.csv#video_0033/0003,0.00,5.43,zh,medium,high,high,true,true
EAQ001027,CH-SIMS,train,CH-SIMS/video_0033/0004,/root/autodl-tmp/data/datasets/ch_sims/Raw.zip::Raw/video_0033/0004.mp4,/root/autodl-tmp/data/datasets/ch_sims/Raw.zip::Raw/video_0033/0004.mp4,/root/autodl-tmp/data/datasets/ch_sims/label.csv#video_0033/0004,0.00,12.57,zh,medium,high,high,true,true
EAQ001028,CH-SIMS,train,CH-SIMS/video_0033/0005,/root/autodl-tmp/data/datasets/ch_sims/Raw.zip::Raw/video_0033/0005.mp4,/root/autodl-tmp/data/datasets/ch_sims/Raw.zip::Raw/video_0033/0005.mp4,/root/autodl-tmp/data/datasets/ch_sims/label.csv#video_0033/0005,0.00,4.86,zh,medium,high,high,true,true
EAQ001029,CH-SIMS,validation,CH-SIMS/video_0033/0006,/root/autodl-tmp/data/datasets/ch_sims/Raw.zip::Raw/video_0033/0006.mp4,/root/autodl-tmp/data/datasets/ch_sims/Raw.zip::Raw/video_0033/0006.mp4,/root/autodl-tmp/data/datasets/ch_sims/label.csv#video_0033/0006,0.00,2.57,zh,medium,high,high,true,true
EAQ001030,CH-SIMS,train,CH-SIMS/video_0033/0007,/root/autodl-tmp/data/datasets/ch_sims/Raw.zip::Raw/video_0033/0007.mp4,/root/autodl-tmp/data/datasets/ch_sims/Raw.zip::Raw/video_0033/0007.mp4,/root/autodl-tmp/data/datasets/ch_sims/label.csv#video_0033/0007,0.00,4.29,zh,medium,high,high,true,true
EAQ001031,CH-SIMS,train,CH-SIMS/video_0033/0008,/root/autodl-tmp/data/datasets/ch_sims/Raw.zip::Raw/video_0033/0008.mp4,/root/autodl-tmp/data/datasets/ch_sims/Raw.zip::Raw/video_0033/0008.mp4,/root/autodl-tmp/data/datasets/ch_sims/label.csv#video_0033/0008,0.00,2.00,zh,medium,high,high,true,true
EAQ001032,CH-SIMS,train,CH-SIMS/video_0033/0009,/root/autodl-tmp/data/datasets/ch_sims/Raw.zip::Raw/video_0033/0009.mp4,/root/autodl-tmp/data/datasets/ch_sims/Raw.zip::Raw/video_0033/0009.mp4,/root/autodl-tmp/data/datasets/ch_sims/label.csv#video_0033/0009,0.00,5.43,zh,medium,high,high,true,true
EAQ001033,CH-SIMS,test,CH-SIMS/video_0033/0010,/root/autodl-tmp/data/datasets/ch_sims/Raw.zip::Raw/video_0033/0010.mp4,/root/autodl-tmp/data/datasets/ch_sims/Raw.zip::Raw/video_0033/0010.mp4,/root/autodl-tmp/data/datasets/ch_sims/label.csv#video_0033/0010,0.00,5.43,zh,medium,high,high,true,true
EAQ001034,CH-SIMS,validation,CH-SIMS/video_0033/0011,/root/autodl-tmp/data/datasets/ch_sims/Raw.zip::Raw/video_0033/0011.mp4,/root/autodl-tmp/data/datasets/ch_sims/Raw.zip::Raw/video_0033/0011.mp4,/root/autodl-tmp/data/datasets/ch_sims/label.csv#video_0033/0011,0.00,4.86,zh,medium,high,high,true,true
EAQ001035,CH-SIMS,train,CH-SIMS/video_0033/0012,/root/autodl-tmp/data/datasets/ch_sims/Raw.zip::Raw/video_0033/0012.mp4,/root/autodl-tmp/data/datasets/ch_sims/Raw.zip::Raw/video_0033/0012.mp4,/root/autodl-tmp/data/datasets/ch_sims/label.csv#video_0033/0012,0.00,5.14,zh,medium,high,high,true,true
EAQ001036,CH-SIMS,validation,CH-SIMS/video_0033/0013,/root/autodl-tmp/data/datasets/ch_sims/Raw.zip::Raw/video_0033/0013.mp4,/root/autodl-tmp/data/datasets/ch_sims/Raw.zip::Raw/video_0033/0013.mp4,/root/autodl-tmp/data/datasets/ch_sims/label.csv#video_0033/0013,0.00,9.43,zh,medium,high,high,true,true
EAQ001037,CH-SIMS,validation,CH-SIMS/video_0034/0001,/root/autodl-tmp/data/datasets/ch_sims/Raw.zip::Raw/video_0034/0001.mp4,/root/autodl-tmp/data/datasets/ch_sims/Raw.zip::Raw/video_0034/0001.mp4,/root/autodl-tmp/data/datasets/ch_sims/label.csv#video_0034/0001,0.00,1.71,zh,medium,high,high,true,true
EAQ001038,CH-SIMS,validation,CH-SIMS/video_0034/0002,/root/autodl-tmp/data/datasets/ch_sims/Raw.zip::Raw/video_0034/0002.mp4,/root/autodl-tmp/data/datasets/ch_sims/Raw.zip::Raw/video_0034/0002.mp4,/root/autodl-tmp/data/datasets/ch_sims/label.csv#video_0034/0002,0.00,3.71,zh,medium,high,high,true,true
EAQ001039,CH-SIMS,test,CH-SIMS/video_0034/0003,/root/autodl-tmp/data/datasets/ch_sims/Raw.zip::Raw/video_0034/0003.mp4,/root/autodl-tmp/data/datasets/ch_sims/Raw.zip::Raw/video_0034/0003.mp4,/root/autodl-tmp/data/datasets/ch_sims/label.csv#video_0034/0003,0.00,2.29,zh,medium,high,high,true,true
EAQ001040,CH-SIMS,test,CH-SIMS/video_0034/0004,/root/autodl-tmp/data/datasets/ch_sims/Raw.zip::Raw/video_0034/0004.mp4,/root/autodl-tmp/data/datasets/ch_sims/Raw.zip::Raw/video_0034/0004.mp4,/root/autodl-tmp/data/datasets/ch_sims/label.csv#video_0034/0004,0.00,6.86,zh,medium,high,high,true,true
EAQ001041,CH-SIMS,train,CH-SIMS/video_0034/0005,/root/autodl-tmp/data/datasets/ch_sims/Raw.zip::Raw/video_0034/0005.mp4,/root/autodl-tmp/data/datasets/ch_sims/Raw.zip::Raw/video_0034/0005.mp4,/root/autodl-tmp/data/datasets/ch_sims/label.csv#video_0034/0005,0.00,8.57,zh,medium,high,high,true,true
EAQ001042,CH-SIMS,test,CH-SIMS/video_0034/0006,/root/autodl-tmp/data/datasets/ch_sims/Raw.zip::Raw/video_0034/0006.mp4,/root/autodl-tmp/data/datasets/ch_sims/Raw.zip::Raw/video_0034/0006.mp4,/root/autodl-tmp/data/datasets/ch_sims/label.csv#video_0034/0006,0.00,6.29,zh,medium,high,high,true,true
EAQ001043,CH-SIMS,train,CH-SIMS/video_0034/0007,/root/autodl-tmp/data/datasets/ch_sims/Raw.zip::Raw/video_0034/0007.mp4,/root/autodl-tmp/data/datasets/ch_sims/Raw.zip::Raw/video_0034/0007.mp4,/root/autodl-tmp/data/datasets/ch_sims/label.csv#video_0034/0007,0.00,7.71,zh,medium,high,high,true,true
EAQ001044,CH-SIMS,train,CH-SIMS/video_0034/0008,/root/autodl-tmp/data/datasets/ch_sims/Raw.zip::Raw/video_0034/0008.mp4,/root/autodl-tmp/data/datasets/ch_sims/Raw.zip::Raw/video_0034/0008.mp4,/root/autodl-tmp/data/datasets/ch_sims/label.csv#video_0034/0008,0.00,3.43,zh,medium,high,high,true,true
EAQ001045,CH-SIMS,train,CH-SIMS/video_0034/0009,/root/autodl-tmp/data/datasets/ch_sims/Raw.zip::Raw/video_0034/0009.mp4,/root/autodl-tmp/data/datasets/ch_sims/Raw.zip::Raw/video_0034/0009.mp4,/root/autodl-tmp/data/datasets/ch_sims/label.csv#video_0034/0009,0.00,7.43,zh,medium,high,high,true,true
EAQ001046,CH-SIMS,train,CH-SIMS/video_0034/0010,/root/autodl-tmp/data/datasets/ch_sims/Raw.zip::Raw/video_0034/0010.mp4,/root/autodl-tmp/data/datasets/ch_sims/Raw.zip::Raw/video_0034/0010.mp4,/root/autodl-tmp/data/datasets/ch_sims/label.csv#video_0034/0010,0.00,3.43,zh,medium,high,high,true,true
EAQ001047,CH-SIMS,train,CH-SIMS/video_0034/0011,/root/autodl-tmp/data/datasets/ch_sims/Raw.zip::Raw/video_0034/0011.mp4,/root/autodl-tmp/data/datasets/ch_sims/Raw.zip::Raw/video_0034/0011.mp4,/root/autodl-tmp/data/datasets/ch_sims/label.csv#video_0034/0011,0.00,4.29,zh,medium,high,high,true,true
EAQ001048,CH-SIMS,train,CH-SIMS/video_0034/0012,/root/autodl-tmp/data/datasets/ch_sims/Raw.zip::Raw/video_0034/0012.mp4,/root/autodl-tmp/data/datasets/ch_sims/Raw.zip::Raw/video_0034/0012.mp4,/root/autodl-tmp/data/datasets/ch_sims/label.csv#video_0034/0012,0.00,11.71,zh,medium,high,high,true,true
EAQ001049,CH-SIMS,test,CH-SIMS/video_0034/0013,/root/autodl-tmp/data/datasets/ch_sims/Raw.zip::Raw/video_0034/0013.mp4,/root/autodl-tmp/data/datasets/ch_sims/Raw.zip::Raw/video_0034/0013.mp4,/root/autodl-tmp/data/datasets/ch_sims/label.csv#video_0034/0013,0.00,7.43,zh,medium,high,high,true,true
EAQ001050,CH-SIMS,train,CH-SIMS/video_0034/0014,/root/autodl-tmp/data/datasets/ch_sims/Raw.zip::Raw/video_0034/0014.mp4,/root/autodl-tmp/data/datasets/ch_sims/Raw.zip::Raw/video_0034/0014.mp4,/root/autodl-tmp/data/datasets/ch_sims/label.csv#video_0034/0014,0.00,7.14,zh,medium,high,high,true,true
EAQ001051,CH-SIMS,test,CH-SIMS/video_0034/0015,/root/autodl-tmp/data/datasets/ch_sims/Raw.zip::Raw/video_0034/0015.mp4,/root/autodl-tmp/data/datasets/ch_sims/Raw.zip::Raw/video_0034/0015.mp4,/root/autodl-tmp/data/datasets/ch_sims/label.csv#video_0034/0015,0.00,5.43,zh,medium,high,high,true,true
EAQ001052,CH-SIMS,train,CH-SIMS/video_0034/0016,/root/autodl-tmp/data/datasets/ch_sims/Raw.zip::Raw/video_0034/0016.mp4,/root/autodl-tmp/data/datasets/ch_sims/Raw.zip::Raw/video_0034/0016.mp4,/root/autodl-tmp/data/datasets/ch_sims/label.csv#video_0034/0016,0.00,4.29,zh,medium,high,high,true,true
EAQ001053,CH-SIMS,validation,CH-SIMS/video_0034/0017,/root/autodl-tmp/data/datasets/ch_sims/Raw.zip::Raw/video_0034/0017.mp4,/root/autodl-tmp/data/datasets/ch_sims/Raw.zip::Raw/video_0034/0017.mp4,/root/autodl-tmp/data/datasets/ch_sims/label.csv#video_0034/0017,0.00,2.29,zh,medium,high,high,true,true
EAQ001054,CH-SIMS,train,CH-SIMS/video_0034/0018,/root/autodl-tmp/data/datasets/ch_sims/Raw.zip::Raw/video_0034/0018.mp4,/root/autodl-tmp/data/datasets/ch_sims/Raw.zip::Raw/video_0034/0018.mp4,/root/autodl-tmp/data/datasets/ch_sims/label.csv#video_0034/0018,0.00,3.14,zh,medium,high,high,true,true
EAQ001055,CH-SIMS,test,CH-SIMS/video_0034/0019,/root/autodl-tmp/data/datasets/ch_sims/Raw.zip::Raw/video_0034/0019.mp4,/root/autodl-tmp/data/datasets/ch_sims/Raw.zip::Raw/video_0034/0019.mp4,/root/autodl-tmp/data/datasets/ch_sims/label.csv#video_0034/0019,0.00,6.86,zh,medium,high,high,true,true
EAQ001056,CH-SIMS,validation,CH-SIMS/video_0034/0020,/root/autodl-tmp/data/datasets/ch_sims/Raw.zip::Raw/video_0034/0020.mp4,/root/autodl-tmp/data/datasets/ch_sims/Raw.zip::Raw/video_0034/0020.mp4,/root/autodl-tmp/data/datasets/ch_sims/label.csv#video_0034/0020,0.00,4.86,zh,medium,high,high,true,true
EAQ001057,CH-SIMS,train,CH-SIMS/video_0034/0021,/root/autodl-tmp/data/datasets/ch_sims/Raw.zip::Raw/video_0034/0021.mp4,/root/autodl-tmp/data/datasets/ch_sims/Raw.zip::Raw/video_0034/0021.mp4,/root/autodl-tmp/data/datasets/ch_sims/label.csv#video_0034/0021,0.00,3.43,zh,medium,high,high,true,true
EAQ001058,CH-SIMS,train,CH-SIMS/video_0034/0022,/root/autodl-tmp/data/datasets/ch_sims/Raw.zip::Raw/video_0034/0022.mp4,/root/autodl-tmp/data/datasets/ch_sims/Raw.zip::Raw/video_0034/0022.mp4,/root/autodl-tmp/data/datasets/ch_sims/label.csv#video_0034/0022,0.00,2.00,zh,medium,high,high,true,true
EAQ001059,CH-SIMS,train,CH-SIMS/video_0034/0023,/root/autodl-tmp/data/datasets/ch_sims/Raw.zip::Raw/video_0034/0023.mp4,/root/autodl-tmp/data/datasets/ch_sims/Raw.zip::Raw/video_0034/0023.mp4,/root/autodl-tmp/data/datasets/ch_sims/label.csv#video_0034/0023,0.00,2.29,zh,medium,high,high,true,true
EAQ001060,CH-SIMS,test,CH-SIMS/video_0034/0024,/root/autodl-tmp/data/datasets/ch_sims/Raw.zip::Raw/video_0034/0024.mp4,/root/autodl-tmp/data/datasets/ch_sims/Raw.zip::Raw/video_0034/0024.mp4,/root/autodl-tmp/data/datasets/ch_sims/label.csv#video_0034/0024,0.00,4.86,zh,medium,high,high,true,true
EAQ001061,CH-SIMS,test,CH-SIMS/video_0035/0001,/root/autodl-tmp/data/datasets/ch_sims/Raw.zip::Raw/video_0035/0001.mp4,/root/autodl-tmp/data/datasets/ch_sims/Raw.zip::Raw/video_0035/0001.mp4,/root/autodl-tmp/data/datasets/ch_sims/label.csv#video_0035/0001,0.00,2.86,zh,medium,high,high,true,true
EAQ001062,CH-SIMS,train,CH-SIMS/video_0035/0002,/root/autodl-tmp/data/datasets/ch_sims/Raw.zip::Raw/video_0035/0002.mp4,/root/autodl-tmp/data/datasets/ch_sims/Raw.zip::Raw/video_0035/0002.mp4,/root/autodl-tmp/data/datasets/ch_sims/label.csv#video_0035/0002,0.00,4.57,zh,medium,high,high,true,true
EAQ001063,CH-SIMS,validation,CH-SIMS/video_0035/0003,/root/autodl-tmp/data/datasets/ch_sims/Raw.zip::Raw/video_0035/0003.mp4,/root/autodl-tmp/data/datasets/ch_sims/Raw.zip::Raw/video_0035/0003.mp4,/root/autodl-tmp/data/datasets/ch_sims/label.csv#video_0035/0003,0.00,2.29,zh,medium,high,high,true,true
EAQ001064,CH-SIMS,train,CH-SIMS/video_0035/0004,/root/autodl-tmp/data/datasets/ch_sims/Raw.zip::Raw/video_0035/0004.mp4,/root/autodl-tmp/data/datasets/ch_sims/Raw.zip::Raw/video_0035/0004.mp4,/root/autodl-tmp/data/datasets/ch_sims/label.csv#video_0035/0004,0.00,5.14,zh,medium,high,high,true,true
EAQ001065,CH-SIMS,train,CH-SIMS/video_0035/0005,/root/autodl-tmp/data/datasets/ch_sims/Raw.zip::Raw/video_0035/0005.mp4,/root/autodl-tmp/data/datasets/ch_sims/Raw.zip::Raw/video_0035/0005.mp4,/root/autodl-tmp/data/datasets/ch_sims/label.csv#video_0035/0005,0.00,4.86,zh,medium,high,high,true,true
EAQ001066,CH-SIMS,train,CH-SIMS/video_0035/0006,/root/autodl-tmp/data/datasets/ch_sims/Raw.zip::Raw/video_0035/0006.mp4,/root/autodl-tmp/data/datasets/ch_sims/Raw.zip::Raw/video_0035/0006.mp4,/root/autodl-tmp/data/datasets/ch_sims/label.csv#video_0035/0006,0.00,1.43,zh,medium,high,high,true,true
EAQ001067,CH-SIMS,train,CH-SIMS/video_0035/0007,/root/autodl-tmp/data/datasets/ch_sims/Raw.zip::Raw/video_0035/0007.mp4,/root/autodl-tmp/data/datasets/ch_sims/Raw.zip::Raw/video_0035/0007.mp4,/root/autodl-tmp/data/datasets/ch_sims/label.csv#video_0035/0007,0.00,3.14,zh,medium,high,high,true,true
EAQ001068,CH-SIMS,train,CH-SIMS/video_0035/0008,/root/autodl-tmp/data/datasets/ch_sims/Raw.zip::Raw/video_0035/0008.mp4,/root/autodl-tmp/data/datasets/ch_sims/Raw.zip::Raw/video_0035/0008.mp4,/root/autodl-tmp/data/datasets/ch_sims/label.csv#video_0035/0008,0.00,2.86,zh,medium,high,high,true,true
EAQ001069,CH-SIMS,train,CH-SIMS/video_0035/0009,/root/autodl-tmp/data/datasets/ch_sims/Raw.zip::Raw/video_0035/0009.mp4,/root/autodl-tmp/data/datasets/ch_sims/Raw.zip::Raw/video_0035/0009.mp4,/root/autodl-tmp/data/datasets/ch_sims/label.csv#video_0035/0009,0.00,2.29,zh,medium,high,high,true,true
EAQ001070,CH-SIMS,train,CH-SIMS/video_0035/0010,/root/autodl-tmp/data/datasets/ch_sims/Raw.zip::Raw/video_0035/0010.mp4,/root/autodl-tmp/data/datasets/ch_sims/Raw.zip::Raw/video_0035/0010.mp4,/root/autodl-tmp/data/datasets/ch_sims/label.csv#video_0035/0010,0.00,4.29,zh,medium,high,high,true,true
EAQ001071,CH-SIMS,test,CH-SIMS/video_0035/0011,/root/autodl-tmp/data/datasets/ch_sims/Raw.zip::Raw/video_0035/0011.mp4,/root/autodl-tmp/data/datasets/ch_sims/Raw.zip::Raw/video_0035/0011.mp4,/root/autodl-tmp/data/datasets/ch_sims/label.csv#video_0035/0011,0.00,2.57,zh,medium,high,high,true,true
EAQ001072,CH-SIMS,test,CH-SIMS/video_0035/0012,/root/autodl-tmp/data/datasets/ch_sims/Raw.zip::Raw/video_0035/0012.mp4,/root/autodl-tmp/data/datasets/ch_sims/Raw.zip::Raw/video_0035/0012.mp4,/root/autodl-tmp/data/datasets/ch_sims/label.csv#video_0035/0012,0.00,7.43,zh,medium,high,high,true,true
EAQ001073,CH-SIMS,train,CH-SIMS/video_0035/0013,/root/autodl-tmp/data/datasets/ch_sims/Raw.zip::Raw/video_0035/0013.mp4,/root/autodl-tmp/data/datasets/ch_sims/Raw.zip::Raw/video_0035/0013.mp4,/root/autodl-tmp/data/datasets/ch_sims/label.csv#video_0035/0013,0.00,3.14,zh,medium,high,high,true,true
EAQ001074,CH-SIMS,train,CH-SIMS/video_0035/0014,/root/autodl-tmp/data/datasets/ch_sims/Raw.zip::Raw/video_0035/0014.mp4,/root/autodl-tmp/data/datasets/ch_sims/Raw.zip::Raw/video_0035/0014.mp4,/root/autodl-tmp/data/datasets/ch_sims/label.csv#video_0035/0014,0.00,2.57,zh,medium,high,high,true,true
EAQ001075,CH-SIMS,train,CH-SIMS/video_0035/0015,/root/autodl-tmp/data/datasets/ch_sims/Raw.zip::Raw/video_0035/0015.mp4,/root/autodl-tmp/data/datasets/ch_sims/Raw.zip::Raw/video_0035/0015.mp4,/root/autodl-tmp/data/datasets/ch_sims/label.csv#video_0035/0015,0.00,3.71,zh,medium,high,high,true,true
EAQ001076,CH-SIMS,train,CH-SIMS/video_0035/0016,/root/autodl-tmp/data/datasets/ch_sims/Raw.zip::Raw/video_0035/0016.mp4,/root/autodl-tmp/data/datasets/ch_sims/Raw.zip::Raw/video_0035/0016.mp4,/root/autodl-tmp/data/datasets/ch_sims/label.csv#video_0035/0016,0.00,4.29,zh,medium,high,high,true,true
EAQ001077,CH-SIMS,train,CH-SIMS/video_0035/0017,/root/autodl-tmp/data/datasets/ch_sims/Raw.zip::Raw/video_0035/0017.mp4,/root/autodl-tmp/data/datasets/ch_sims/Raw.zip::Raw/video_0035/0017.mp4,/root/autodl-tmp/data/datasets/ch_sims/label.csv#video_0035/0017,0.00,2.00,zh,medium,high,high,true,true
EAQ001078,CH-SIMS,validation,CH-SIMS/video_0035/0018,/root/autodl-tmp/data/datasets/ch_sims/Raw.zip::Raw/video_0035/0018.mp4,/root/autodl-tmp/data/datasets/ch_sims/Raw.zip::Raw/video_0035/0018.mp4,/root/autodl-tmp/data/datasets/ch_sims/label.csv#video_0035/0018,0.00,4.00,zh,medium,high,high,true,true
EAQ001079,CH-SIMS,train,CH-SIMS/video_0035/0019,/root/autodl-tmp/data/datasets/ch_sims/Raw.zip::Raw/video_0035/0019.mp4,/root/autodl-tmp/data/datasets/ch_sims/Raw.zip::Raw/video_0035/0019.mp4,/root/autodl-tmp/data/datasets/ch_sims/label.csv#video_0035/0019,0.00,4.57,zh,medium,high,high,true,true
EAQ001080,CH-SIMS,train,CH-SIMS/video_0035/0020,/root/autodl-tmp/data/datasets/ch_sims/Raw.zip::Raw/video_0035/0020.mp4,/root/autodl-tmp/data/datasets/ch_sims/Raw.zip::Raw/video_0035/0020.mp4,/root/autodl-tmp/data/datasets/ch_sims/label.csv#video_0035/0020,0.00,5.43,zh,medium,high,high,true,true
EAQ001081,CH-SIMS,train,CH-SIMS/video_0035/0021,/root/autodl-tmp/data/datasets/ch_sims/Raw.zip::Raw/video_0035/0021.mp4,/root/autodl-tmp/data/datasets/ch_sims/Raw.zip::Raw/video_0035/0021.mp4,/root/autodl-tmp/data/datasets/ch_sims/label.csv#video_0035/0021,0.00,2.57,zh,medium,high,high,true,true
EAQ001082,CH-SIMS,train,CH-SIMS/video_0035/0022,/root/autodl-tmp/data/datasets/ch_sims/Raw.zip::Raw/video_0035/0022.mp4,/root/autodl-tmp/data/datasets/ch_sims/Raw.zip::Raw/video_0035/0022.mp4,/root/autodl-tmp/data/datasets/ch_sims/label.csv#video_0035/0022,0.00,2.29,zh,medium,high,high,true,true
EAQ001083,CH-SIMS,train,CH-SIMS/video_0035/0023,/root/autodl-tmp/data/datasets/ch_sims/Raw.zip::Raw/video_0035/0023.mp4,/root/autodl-tmp/data/datasets/ch_sims/Raw.zip::Raw/video_0035/0023.mp4,/root/autodl-tmp/data/datasets/ch_sims/label.csv#video_0035/0023,0.00,2.00,zh,medium,high,high,true,true
EAQ001084,CH-SIMS,train,CH-SIMS/video_0035/0024,/root/autodl-tmp/data/datasets/ch_sims/Raw.zip::Raw/video_0035/0024.mp4,/root/autodl-tmp/data/datasets/ch_sims/Raw.zip::Raw/video_0035/0024.mp4,/root/autodl-tmp/data/datasets/ch_sims/label.csv#video_0035/0024,0.00,2.86,zh,medium,high,high,true,true
EAQ001085,CH-SIMS,test,CH-SIMS/video_0035/0025,/root/autodl-tmp/data/datasets/ch_sims/Raw.zip::Raw/video_0035/0025.mp4,/root/autodl-tmp/data/datasets/ch_sims/Raw.zip::Raw/video_0035/0025.mp4,/root/autodl-tmp/data/datasets/ch_sims/label.csv#video_0035/0025,0.00,3.43,zh,medium,high,high,true,true
EAQ001086,CH-SIMS,train,CH-SIMS/video_0035/0026,/root/autodl-tmp/data/datasets/ch_sims/Raw.zip::Raw/video_0035/0026.mp4,/root/autodl-tmp/data/datasets/ch_sims/Raw.zip::Raw/video_0035/0026.mp4,/root/autodl-tmp/data/datasets/ch_sims/label.csv#video_0035/0026,0.00,3.71,zh,medium,high,high,true,true
EAQ001087,CH-SIMS,test,CH-SIMS/video_0035/0027,/root/autodl-tmp/data/datasets/ch_sims/Raw.zip::Raw/video_0035/0027.mp4,/root/autodl-tmp/data/datasets/ch_sims/Raw.zip::Raw/video_0035/0027.mp4,/root/autodl-tmp/data/datasets/ch_sims/label.csv#video_0035/0027,0.00,5.71,zh,medium,high,high,true,true
EAQ001088,CH-SIMS,train,CH-SIMS/video_0035/0028,/root/autodl-tmp/data/datasets/ch_sims/Raw.zip::Raw/video_0035/0028.mp4,/root/autodl-tmp/data/datasets/ch_sims/Raw.zip::Raw/video_0035/0028.mp4,/root/autodl-tmp/data/datasets/ch_sims/label.csv#video_0035/0028,0.00,2.57,zh,medium,high,high,true,true
EAQ001089,CH-SIMS,train,CH-SIMS/video_0035/0029,/root/autodl-tmp/data/datasets/ch_sims/Raw.zip::Raw/video_0035/0029.mp4,/root/autodl-tmp/data/datasets/ch_sims/Raw.zip::Raw/video_0035/0029.mp4,/root/autodl-tmp/data/datasets/ch_sims/label.csv#video_0035/0029,0.00,2.00,zh,medium,high,high,true,true
EAQ001090,CH-SIMS,validation,CH-SIMS/video_0035/0030,/root/autodl-tmp/data/datasets/ch_sims/Raw.zip::Raw/video_0035/0030.mp4,/root/autodl-tmp/data/datasets/ch_sims/Raw.zip::Raw/video_0035/0030.mp4,/root/autodl-tmp/data/datasets/ch_sims/label.csv#video_0035/0030,0.00,3.71,zh,medium,high,high,true,true
EAQ001091,CH-SIMS,validation,CH-SIMS/video_0035/0031,/root/autodl-tmp/data/datasets/ch_sims/Raw.zip::Raw/video_0035/0031.mp4,/root/autodl-tmp/data/datasets/ch_sims/Raw.zip::Raw/video_0035/0031.mp4,/root/autodl-tmp/data/datasets/ch_sims/label.csv#video_0035/0031,0.00,2.57,zh,medium,high,high,true,true
EAQ001092,CH-SIMS,train,CH-SIMS/video_0035/0032,/root/autodl-tmp/data/datasets/ch_sims/Raw.zip::Raw/video_0035/0032.mp4,/root/autodl-tmp/data/datasets/ch_sims/Raw.zip::Raw/video_0035/0032.mp4,/root/autodl-tmp/data/datasets/ch_sims/label.csv#video_0035/0032,0.00,8.00,zh,medium,high,high,true,true
EAQ001093,CH-SIMS,validation,CH-SIMS/video_0035/0033,/root/autodl-tmp/data/datasets/ch_sims/Raw.zip::Raw/video_0035/0033.mp4,/root/autodl-tmp/data/datasets/ch_sims/Raw.zip::Raw/video_0035/0033.mp4,/root/autodl-tmp/data/datasets/ch_sims/label.csv#video_0035/0033,0.00,4.00,zh,medium,high,high,true,true
EAQ001094,CH-SIMS,train,CH-SIMS/video_0035/0034,/root/autodl-tmp/data/datasets/ch_sims/Raw.zip::Raw/video_0035/0034.mp4,/root/autodl-tmp/data/datasets/ch_sims/Raw.zip::Raw/video_0035/0034.mp4,/root/autodl-tmp/data/datasets/ch_sims/label.csv#video_0035/0034,0.00,2.00,zh,medium,high,high,true,true
EAQ001095,CH-SIMS,test,CH-SIMS/video_0035/0035,/root/autodl-tmp/data/datasets/ch_sims/Raw.zip::Raw/video_0035/0035.mp4,/root/autodl-tmp/data/datasets/ch_sims/Raw.zip::Raw/video_0035/0035.mp4,/root/autodl-tmp/data/datasets/ch_sims/label.csv#video_0035/0035,0.00,5.14,zh,medium,high,high,true,true
EAQ001096,CH-SIMS,train,CH-SIMS/video_0036/0001,/root/autodl-tmp/data/datasets/ch_sims/Raw.zip::Raw/video_0036/0001.mp4,/root/autodl-tmp/data/datasets/ch_sims/Raw.zip::Raw/video_0036/0001.mp4,/root/autodl-tmp/data/datasets/ch_sims/label.csv#video_0036/0001,0.00,4.00,zh,medium,high,high,true,true
EAQ001097,CH-SIMS,train,CH-SIMS/video_0036/0002,/root/autodl-tmp/data/datasets/ch_sims/Raw.zip::Raw/video_0036/0002.mp4,/root/autodl-tmp/data/datasets/ch_sims/Raw.zip::Raw/video_0036/0002.mp4,/root/autodl-tmp/data/datasets/ch_sims/label.csv#video_0036/0002,0.00,4.57,zh,medium,high,high,true,true
EAQ001098,CH-SIMS,train,CH-SIMS/video_0036/0003,/root/autodl-tmp/data/datasets/ch_sims/Raw.zip::Raw/video_0036/0003.mp4,/root/autodl-tmp/data/datasets/ch_sims/Raw.zip::Raw/video_0036/0003.mp4,/root/autodl-tmp/data/datasets/ch_sims/label.csv#video_0036/0003,0.00,2.29,zh,medium,high,high,true,true
EAQ001099,CH-SIMS,test,CH-SIMS/video_0036/0004,/root/autodl-tmp/data/datasets/ch_sims/Raw.zip::Raw/video_0036/0004.mp4,/root/autodl-tmp/data/datasets/ch_sims/Raw.zip::Raw/video_0036/0004.mp4,/root/autodl-tmp/data/datasets/ch_sims/label.csv#video_0036/0004,0.00,2.29,zh,medium,high,high,true,true
EAQ001100,CH-SIMS,test,CH-SIMS/video_0036/0005,/root/autodl-tmp/data/datasets/ch_sims/Raw.zip::Raw/video_0036/0005.mp4,/root/autodl-tmp/data/datasets/ch_sims/Raw.zip::Raw/video_0036/0005.mp4,/root/autodl-tmp/data/datasets/ch_sims/label.csv#video_0036/0005,0.00,2.00,zh,medium,high,high,true,true
EAQ001101,CH-SIMS,validation,CH-SIMS/video_0036/0006,/root/autodl-tmp/data/datasets/ch_sims/Raw.zip::Raw/video_0036/0006.mp4,/root/autodl-tmp/data/datasets/ch_sims/Raw.zip::Raw/video_0036/0006.mp4,/root/autodl-tmp/data/datasets/ch_sims/label.csv#video_0036/0006,0.00,7.14,zh,medium,high,high,true,true
EAQ001102,CH-SIMS,validation,CH-SIMS/video_0036/0007,/root/autodl-tmp/data/datasets/ch_sims/Raw.zip::Raw/video_0036/0007.mp4,/root/autodl-tmp/data/datasets/ch_sims/Raw.zip::Raw/video_0036/0007.mp4,/root/autodl-tmp/data/datasets/ch_sims/label.csv#video_0036/0007,0.00,7.71,zh,medium,high,high,true,true
EAQ001103,CH-SIMS,validation,CH-SIMS/video_0036/0008,/root/autodl-tmp/data/datasets/ch_sims/Raw.zip::Raw/video_0036/0008.mp4,/root/autodl-tmp/data/datasets/ch_sims/Raw.zip::Raw/video_0036/0008.mp4,/root/autodl-tmp/data/datasets/ch_sims/label.csv#video_0036/0008,0.00,2.29,zh,medium,high,high,true,true
EAQ001104,CH-SIMS,validation,CH-SIMS/video_0036/0009,/root/autodl-tmp/data/datasets/ch_sims/Raw.zip::Raw/video_0036/0009.mp4,/root/autodl-tmp/data/datasets/ch_sims/Raw.zip::Raw/video_0036/0009.mp4,/root/autodl-tmp/data/datasets/ch_sims/label.csv#video_0036/0009,0.00,4.86,zh,medium,high,high,true,true
EAQ001105,CH-SIMS,train,CH-SIMS/video_0036/0010,/root/autodl-tmp/data/datasets/ch_sims/Raw.zip::Raw/video_0036/0010.mp4,/root/autodl-tmp/data/datasets/ch_sims/Raw.zip::Raw/video_0036/0010.mp4,/root/autodl-tmp/data/datasets/ch_sims/label.csv#video_0036/0010,0.00,3.43,zh,medium,high,high,true,true
EAQ001106,CH-SIMS,validation,CH-SIMS/video_0036/0011,/root/autodl-tmp/data/datasets/ch_sims/Raw.zip::Raw/video_0036/0011.mp4,/root/autodl-tmp/data/datasets/ch_sims/Raw.zip::Raw/video_0036/0011.mp4,/root/autodl-tmp/data/datasets/ch_sims/label.csv#video_0036/0011,0.00,2.00,zh,medium,high,high,true,true
EAQ001107,CH-SIMS,train,CH-SIMS/video_0036/0012,/root/autodl-tmp/data/datasets/ch_sims/Raw.zip::Raw/video_0036/0012.mp4,/root/autodl-tmp/data/datasets/ch_sims/Raw.zip::Raw/video_0036/0012.mp4,/root/autodl-tmp/data/datasets/ch_sims/label.csv#video_0036/0012,0.00,4.00,zh,medium,high,high,true,true
EAQ001108,CH-SIMS,train,CH-SIMS/video_0036/0013,/root/autodl-tmp/data/datasets/ch_sims/Raw.zip::Raw/video_0036/0013.mp4,/root/autodl-tmp/data/datasets/ch_sims/Raw.zip::Raw/video_0036/0013.mp4,/root/autodl-tmp/data/datasets/ch_sims/label.csv#video_0036/0013,0.00,2.86,zh,medium,high,high,true,true
EAQ001109,CH-SIMS,test,CH-SIMS/video_0036/0014,/root/autodl-tmp/data/datasets/ch_sims/Raw.zip::Raw/video_0036/0014.mp4,/root/autodl-tmp/data/datasets/ch_sims/Raw.zip::Raw/video_0036/0014.mp4,/root/autodl-tmp/data/datasets/ch_sims/label.csv#video_0036/0014,0.00,6.29,zh,medium,high,high,true,true
EAQ001110,CH-SIMS,test,CH-SIMS/video_0036/0015,/root/autodl-tmp/data/datasets/ch_sims/Raw.zip::Raw/video_0036/0015.mp4,/root/autodl-tmp/data/datasets/ch_sims/Raw.zip::Raw/video_0036/0015.mp4,/root/autodl-tmp/data/datasets/ch_sims/label.csv#video_0036/0015,0.00,4.86,zh,medium,high,high,true,true
EAQ001111,CH-SIMS,train,CH-SIMS/video_0036/0016,/root/autodl-tmp/data/datasets/ch_sims/Raw.zip::Raw/video_0036/0016.mp4,/root/autodl-tmp/data/datasets/ch_sims/Raw.zip::Raw/video_0036/0016.mp4,/root/autodl-tmp/data/datasets/ch_sims/label.csv#video_0036/0016,0.00,2.57,zh,medium,high,high,true,true
EAQ001112,CH-SIMS,train,CH-SIMS/video_0036/0017,/root/autodl-tmp/data/datasets/ch_sims/Raw.zip::Raw/video_0036/0017.mp4,/root/autodl-tmp/data/datasets/ch_sims/Raw.zip::Raw/video_0036/0017.mp4,/root/autodl-tmp/data/datasets/ch_sims/label.csv#video_0036/0017,0.00,5.43,zh,medium,high,high,true,true
EAQ001113,CH-SIMS,train,CH-SIMS/video_0036/0018,/root/autodl-tmp/data/datasets/ch_sims/Raw.zip::Raw/video_0036/0018.mp4,/root/autodl-tmp/data/datasets/ch_sims/Raw.zip::Raw/video_0036/0018.mp4,/root/autodl-tmp/data/datasets/ch_sims/label.csv#video_0036/0018,0.00,4.86,zh,medium,high,high,true,true
EAQ001114,CH-SIMS,train,CH-SIMS/video_0036/0019,/root/autodl-tmp/data/datasets/ch_sims/Raw.zip::Raw/video_0036/0019.mp4,/root/autodl-tmp/data/datasets/ch_sims/Raw.zip::Raw/video_0036/0019.mp4,/root/autodl-tmp/data/datasets/ch_sims/label.csv#video_0036/0019,0.00,2.29,zh,medium,high,high,true,true
EAQ001115,CH-SIMS,validation,CH-SIMS/video_0036/0020,/root/autodl-tmp/data/datasets/ch_sims/Raw.zip::Raw/video_0036/0020.mp4,/root/autodl-tmp/data/datasets/ch_sims/Raw.zip::Raw/video_0036/0020.mp4,/root/autodl-tmp/data/datasets/ch_sims/label.csv#video_0036/0020,0.00,2.00,zh,medium,high,high,true,true
EAQ001116,CH-SIMS,train,CH-SIMS/video_0036/0021,/root/autodl-tmp/data/datasets/ch_sims/Raw.zip::Raw/video_0036/0021.mp4,/root/autodl-tmp/data/datasets/ch_sims/Raw.zip::Raw/video_0036/0021.mp4,/root/autodl-tmp/data/datasets/ch_sims/label.csv#video_0036/0021,0.00,4.29,zh,medium,high,high,true,true
EAQ001117,CH-SIMS,train,CH-SIMS/video_0036/0022,/root/autodl-tmp/data/datasets/ch_sims/Raw.zip::Raw/video_0036/0022.mp4,/root/autodl-tmp/data/datasets/ch_sims/Raw.zip::Raw/video_0036/0022.mp4,/root/autodl-tmp/data/datasets/ch_sims/label.csv#video_0036/0022,0.00,6.57,zh,medium,high,high,true,true
EAQ001118,CH-SIMS,test,CH-SIMS/video_0036/0023,/root/autodl-tmp/data/datasets/ch_sims/Raw.zip::Raw/video_0036/0023.mp4,/root/autodl-tmp/data/datasets/ch_sims/Raw.zip::Raw/video_0036/0023.mp4,/root/autodl-tmp/data/datasets/ch_sims/label.csv#video_0036/0023,0.00,5.14,zh,medium,high,high,true,true
EAQ001119,CH-SIMS,train,CH-SIMS/video_0036/0024,/root/autodl-tmp/data/datasets/ch_sims/Raw.zip::Raw/video_0036/0024.mp4,/root/autodl-tmp/data/datasets/ch_sims/Raw.zip::Raw/video_0036/0024.mp4,/root/autodl-tmp/data/datasets/ch_sims/label.csv#video_0036/0024,0.00,4.00,zh,medium,high,high,true,true
EAQ001120,CH-SIMS,validation,CH-SIMS/video_0036/0025,/root/autodl-tmp/data/datasets/ch_sims/Raw.zip::Raw/video_0036/0025.mp4,/root/autodl-tmp/data/datasets/ch_sims/Raw.zip::Raw/video_0036/0025.mp4,/root/autodl-tmp/data/datasets/ch_sims/label.csv#video_0036/0025,0.00,4.86,zh,medium,high,high,true,true
EAQ001121,CH-SIMS,train,CH-SIMS/video_0036/0026,/root/autodl-tmp/data/datasets/ch_sims/Raw.zip::Raw/video_0036/0026.mp4,/root/autodl-tmp/data/datasets/ch_sims/Raw.zip::Raw/video_0036/0026.mp4,/root/autodl-tmp/data/datasets/ch_sims/label.csv#video_0036/0026,0.00,5.71,zh,medium,high,high,true,true
EAQ001122,CH-SIMS,validation,CH-SIMS/video_0036/0027,/root/autodl-tmp/data/datasets/ch_sims/Raw.zip::Raw/video_0036/0027.mp4,/root/autodl-tmp/data/datasets/ch_sims/Raw.zip::Raw/video_0036/0027.mp4,/root/autodl-tmp/data/datasets/ch_sims/label.csv#video_0036/0027,0.00,4.00,zh,medium,high,high,true,true
EAQ001123,CH-SIMS,train,CH-SIMS/video_0036/0028,/root/autodl-tmp/data/datasets/ch_sims/Raw.zip::Raw/video_0036/0028.mp4,/root/autodl-tmp/data/datasets/ch_sims/Raw.zip::Raw/video_0036/0028.mp4,/root/autodl-tmp/data/datasets/ch_sims/label.csv#video_0036/0028,0.00,5.71,zh,medium,high,high,true,true
EAQ001124,CH-SIMS,train,CH-SIMS/video_0036/0029,/root/autodl-tmp/data/datasets/ch_sims/Raw.zip::Raw/video_0036/0029.mp4,/root/autodl-tmp/data/datasets/ch_sims/Raw.zip::Raw/video_0036/0029.mp4,/root/autodl-tmp/data/datasets/ch_sims/label.csv#video_0036/0029,0.00,5.43,zh,medium,high,high,true,true
EAQ001125,CH-SIMS,test,CH-SIMS/video_0036/0030,/root/autodl-tmp/data/datasets/ch_sims/Raw.zip::Raw/video_0036/0030.mp4,/root/autodl-tmp/data/datasets/ch_sims/Raw.zip::Raw/video_0036/0030.mp4,/root/autodl-tmp/data/datasets/ch_sims/label.csv#video_0036/0030,0.00,2.29,zh,medium,high,high,true,true
EAQ001126,CH-SIMS,train,CH-SIMS/video_0036/0031,/root/autodl-tmp/data/datasets/ch_sims/Raw.zip::Raw/video_0036/0031.mp4,/root/autodl-tmp/data/datasets/ch_sims/Raw.zip::Raw/video_0036/0031.mp4,/root/autodl-tmp/data/datasets/ch_sims/label.csv#video_0036/0031,0.00,2.57,zh,medium,high,high,true,true
EAQ001127,CH-SIMS,train,CH-SIMS/video_0036/0032,/root/autodl-tmp/data/datasets/ch_sims/Raw.zip::Raw/video_0036/0032.mp4,/root/autodl-tmp/data/datasets/ch_sims/Raw.zip::Raw/video_0036/0032.mp4,/root/autodl-tmp/data/datasets/ch_sims/label.csv#video_0036/0032,0.00,5.71,zh,medium,high,high,true,true
EAQ001128,CH-SIMS,train,CH-SIMS/video_0037/0001,/root/autodl-tmp/data/datasets/ch_sims/Raw.zip::Raw/video_0037/0001.mp4,/root/autodl-tmp/data/datasets/ch_sims/Raw.zip::Raw/video_0037/0001.mp4,/root/autodl-tmp/data/datasets/ch_sims/label.csv#video_0037/0001,0.00,2.86,zh,medium,high,high,true,true
EAQ001129,CH-SIMS,train,CH-SIMS/video_0037/0002,/root/autodl-tmp/data/datasets/ch_sims/Raw.zip::Raw/video_0037/0002.mp4,/root/autodl-tmp/data/datasets/ch_sims/Raw.zip::Raw/video_0037/0002.mp4,/root/autodl-tmp/data/datasets/ch_sims/label.csv#video_0037/0002,0.00,2.57,zh,medium,high,high,true,true
EAQ001130,CH-SIMS,train,CH-SIMS/video_0037/0003,/root/autodl-tmp/data/datasets/ch_sims/Raw.zip::Raw/video_0037/0003.mp4,/root/autodl-tmp/data/datasets/ch_sims/Raw.zip::Raw/video_0037/0003.mp4,/root/autodl-tmp/data/datasets/ch_sims/label.csv#video_0037/0003,0.00,1.43,zh,medium,high,high,true,true
EAQ001131,CH-SIMS,train,CH-SIMS/video_0037/0004,/root/autodl-tmp/data/datasets/ch_sims/Raw.zip::Raw/video_0037/0004.mp4,/root/autodl-tmp/data/datasets/ch_sims/Raw.zip::Raw/video_0037/0004.mp4,/root/autodl-tmp/data/datasets/ch_sims/label.csv#video_0037/0004,0.00,5.43,zh,medium,high,high,true,true
EAQ001132,CH-SIMS,test,CH-SIMS/video_0037/0005,/root/autodl-tmp/data/datasets/ch_sims/Raw.zip::Raw/video_0037/0005.mp4,/root/autodl-tmp/data/datasets/ch_sims/Raw.zip::Raw/video_0037/0005.mp4,/root/autodl-tmp/data/datasets/ch_sims/label.csv#video_0037/0005,0.00,3.71,zh,medium,high,high,true,true
EAQ001133,CH-SIMS,test,CH-SIMS/video_0037/0006,/root/autodl-tmp/data/datasets/ch_sims/Raw.zip::Raw/video_0037/0006.mp4,/root/autodl-tmp/data/datasets/ch_sims/Raw.zip::Raw/video_0037/0006.mp4,/root/autodl-tmp/data/datasets/ch_sims/label.csv#video_0037/0006,0.00,1.00,zh,medium,high,medium,true,true
EAQ001134,CH-SIMS,validation,CH-SIMS/video_0037/0007,/root/autodl-tmp/data/datasets/ch_sims/Raw.zip::Raw/video_0037/0007.mp4,/root/autodl-tmp/data/datasets/ch_sims/Raw.zip::Raw/video_0037/0007.mp4,/root/autodl-tmp/data/datasets/ch_sims/label.csv#video_0037/0007,0.00,4.29,zh,medium,high,high,true,true
EAQ001135,CH-SIMS,train,CH-SIMS/video_0037/0008,/root/autodl-tmp/data/datasets/ch_sims/Raw.zip::Raw/video_0037/0008.mp4,/root/autodl-tmp/data/datasets/ch_sims/Raw.zip::Raw/video_0037/0008.mp4,/root/autodl-tmp/data/datasets/ch_sims/label.csv#video_0037/0008,0.00,3.14,zh,medium,high,high,true,true
EAQ001136,CH-SIMS,train,CH-SIMS/video_0037/0009,/root/autodl-tmp/data/datasets/ch_sims/Raw.zip::Raw/video_0037/0009.mp4,/root/autodl-tmp/data/datasets/ch_sims/Raw.zip::Raw/video_0037/0009.mp4,/root/autodl-tmp/data/datasets/ch_sims/label.csv#video_0037/0009,0.00,4.57,zh,medium,high,high,true,true
EAQ001137,CH-SIMS,train,CH-SIMS/video_0037/0010,/root/autodl-tmp/data/datasets/ch_sims/Raw.zip::Raw/video_0037/0010.mp4,/root/autodl-tmp/data/datasets/ch_sims/Raw.zip::Raw/video_0037/0010.mp4,/root/autodl-tmp/data/datasets/ch_sims/label.csv#video_0037/0010,0.00,1.14,zh,medium,high,high,true,true
EAQ001138,CH-SIMS,train,CH-SIMS/video_0037/0011,/root/autodl-tmp/data/datasets/ch_sims/Raw.zip::Raw/video_0037/0011.mp4,/root/autodl-tmp/data/datasets/ch_sims/Raw.zip::Raw/video_0037/0011.mp4,/root/autodl-tmp/data/datasets/ch_sims/label.csv#video_0037/0011,0.00,7.71,zh,medium,high,high,true,true
EAQ001139,CH-SIMS,train,CH-SIMS/video_0037/0012,/root/autodl-tmp/data/datasets/ch_sims/Raw.zip::Raw/video_0037/0012.mp4,/root/autodl-tmp/data/datasets/ch_sims/Raw.zip::Raw/video_0037/0012.mp4,/root/autodl-tmp/data/datasets/ch_sims/label.csv#video_0037/0012,0.00,2.86,zh,medium,high,high,true,true
EAQ001140,CH-SIMS,train,CH-SIMS/video_0037/0013,/root/autodl-tmp/data/datasets/ch_sims/Raw.zip::Raw/video_0037/0013.mp4,/root/autodl-tmp/data/datasets/ch_sims/Raw.zip::Raw/video_0037/0013.mp4,/root/autodl-tmp/data/datasets/ch_sims/label.csv#video_0037/0013,0.00,6.57,zh,medium,high,high,true,true
EAQ001141,CH-SIMS,train,CH-SIMS/video_0037/0014,/root/autodl-tmp/data/datasets/ch_sims/Raw.zip::Raw/video_0037/0014.mp4,/root/autodl-tmp/data/datasets/ch_sims/Raw.zip::Raw/video_0037/0014.mp4,/root/autodl-tmp/data/datasets/ch_sims/label.csv#video_0037/0014,0.00,4.86,zh,medium,high,high,true,true
EAQ001142,CH-SIMS,test,CH-SIMS/video_0037/0015,/root/autodl-tmp/data/datasets/ch_sims/Raw.zip::Raw/video_0037/0015.mp4,/root/autodl-tmp/data/datasets/ch_sims/Raw.zip::Raw/video_0037/0015.mp4,/root/autodl-tmp/data/datasets/ch_sims/label.csv#video_0037/0015,0.00,1.71,zh,medium,high,high,true,true
EAQ001143,CH-SIMS,validation,CH-SIMS/video_0037/0016,/root/autodl-tmp/data/datasets/ch_sims/Raw.zip::Raw/video_0037/0016.mp4,/root/autodl-tmp/data/datasets/ch_sims/Raw.zip::Raw/video_0037/0016.mp4,/root/autodl-tmp/data/datasets/ch_sims/label.csv#video_0037/0016,0.00,1.71,zh,medium,high,high,true,true
EAQ001144,CH-SIMS,test,CH-SIMS/video_0037/0017,/root/autodl-tmp/data/datasets/ch_sims/Raw.zip::Raw/video_0037/0017.mp4,/root/autodl-tmp/data/datasets/ch_sims/Raw.zip::Raw/video_0037/0017.mp4,/root/autodl-tmp/data/datasets/ch_sims/label.csv#video_0037/0017,0.00,2.57,zh,medium,high,high,true,true
EAQ001145,CH-SIMS,validation,CH-SIMS/video_0037/0018,/root/autodl-tmp/data/datasets/ch_sims/Raw.zip::Raw/video_0037/0018.mp4,/root/autodl-tmp/data/datasets/ch_sims/Raw.zip::Raw/video_0037/0018.mp4,/root/autodl-tmp/data/datasets/ch_sims/label.csv#video_0037/0018,0.00,4.00,zh,medium,high,high,true,true
EAQ001146,CH-SIMS,validation,CH-SIMS/video_0037/0019,/root/autodl-tmp/data/datasets/ch_sims/Raw.zip::Raw/video_0037/0019.mp4,/root/autodl-tmp/data/datasets/ch_sims/Raw.zip::Raw/video_0037/0019.mp4,/root/autodl-tmp/data/datasets/ch_sims/label.csv#video_0037/0019,0.00,2.57,zh,medium,high,high,true,true
EAQ001147,CH-SIMS,train,CH-SIMS/video_0037/0020,/root/autodl-tmp/data/datasets/ch_sims/Raw.zip::Raw/video_0037/0020.mp4,/root/autodl-tmp/data/datasets/ch_sims/Raw.zip::Raw/video_0037/0020.mp4,/root/autodl-tmp/data/datasets/ch_sims/label.csv#video_0037/0020,0.00,1.71,zh,medium,high,high,true,true
EAQ001148,CH-SIMS,validation,CH-SIMS/video_0037/0021,/root/autodl-tmp/data/datasets/ch_sims/Raw.zip::Raw/video_0037/0021.mp4,/root/autodl-tmp/data/datasets/ch_sims/Raw.zip::Raw/video_0037/0021.mp4,/root/autodl-tmp/data/datasets/ch_sims/label.csv#video_0037/0021,0.00,5.71,zh,medium,high,high,true,true
EAQ001149,CH-SIMS,train,CH-SIMS/video_0037/0022,/root/autodl-tmp/data/datasets/ch_sims/Raw.zip::Raw/video_0037/0022.mp4,/root/autodl-tmp/data/datasets/ch_sims/Raw.zip::Raw/video_0037/0022.mp4,/root/autodl-tmp/data/datasets/ch_sims/label.csv#video_0037/0022,0.00,2.29,zh,medium,high,high,true,true
EAQ001150,CH-SIMS,train,CH-SIMS/video_0037/0023,/root/autodl-tmp/data/datasets/ch_sims/Raw.zip::Raw/video_0037/0023.mp4,/root/autodl-tmp/data/datasets/ch_sims/Raw.zip::Raw/video_0037/0023.mp4,/root/autodl-tmp/data/datasets/ch_sims/label.csv#video_0037/0023,0.00,4.00,zh,medium,high,high,true,true
EAQ001151,CH-SIMS,train,CH-SIMS/video_0037/0024,/root/autodl-tmp/data/datasets/ch_sims/Raw.zip::Raw/video_0037/0024.mp4,/root/autodl-tmp/data/datasets/ch_sims/Raw.zip::Raw/video_0037/0024.mp4,/root/autodl-tmp/data/datasets/ch_sims/label.csv#video_0037/0024,0.00,4.29,zh,medium,high,high,true,true
EAQ001152,CH-SIMS,test,CH-SIMS/video_0037/0025,/root/autodl-tmp/data/datasets/ch_sims/Raw.zip::Raw/video_0037/0025.mp4,/root/autodl-tmp/data/datasets/ch_sims/Raw.zip::Raw/video_0037/0025.mp4,/root/autodl-tmp/data/datasets/ch_sims/label.csv#video_0037/0025,0.00,3.14,zh,medium,high,high,true,true
EAQ001153,CH-SIMS,train,CH-SIMS/video_0038/0001,/root/autodl-tmp/data/datasets/ch_sims/Raw.zip::Raw/video_0038/0001.mp4,/root/autodl-tmp/data/datasets/ch_sims/Raw.zip::Raw/video_0038/0001.mp4,/root/autodl-tmp/data/datasets/ch_sims/label.csv#video_0038/0001,0.00,4.86,zh,medium,high,high,true,true
EAQ001154,CH-SIMS,validation,CH-SIMS/video_0038/0002,/root/autodl-tmp/data/datasets/ch_sims/Raw.zip::Raw/video_0038/0002.mp4,/root/autodl-tmp/data/datasets/ch_sims/Raw.zip::Raw/video_0038/0002.mp4,/root/autodl-tmp/data/datasets/ch_sims/label.csv#video_0038/0002,0.00,4.29,zh,medium,high,high,true,true
EAQ001155,CH-SIMS,train,CH-SIMS/video_0038/0003,/root/autodl-tmp/data/datasets/ch_sims/Raw.zip::Raw/video_0038/0003.mp4,/root/autodl-tmp/data/datasets/ch_sims/Raw.zip::Raw/video_0038/0003.mp4,/root/autodl-tmp/data/datasets/ch_sims/label.csv#video_0038/0003,0.00,4.29,zh,medium,high,high,true,true
EAQ001156,CH-SIMS,train,CH-SIMS/video_0038/0004,/root/autodl-tmp/data/datasets/ch_sims/Raw.zip::Raw/video_0038/0004.mp4,/root/autodl-tmp/data/datasets/ch_sims/Raw.zip::Raw/video_0038/0004.mp4,/root/autodl-tmp/data/datasets/ch_sims/label.csv#video_0038/0004,0.00,4.86,zh,medium,high,high,true,true
EAQ001157,CH-SIMS,validation,CH-SIMS/video_0038/0005,/root/autodl-tmp/data/datasets/ch_sims/Raw.zip::Raw/video_0038/0005.mp4,/root/autodl-tmp/data/datasets/ch_sims/Raw.zip::Raw/video_0038/0005.mp4,/root/autodl-tmp/data/datasets/ch_sims/label.csv#video_0038/0005,0.00,4.86,zh,medium,high,high,true,true
EAQ001158,CH-SIMS,validation,CH-SIMS/video_0038/0006,/root/autodl-tmp/data/datasets/ch_sims/Raw.zip::Raw/video_0038/0006.mp4,/root/autodl-tmp/data/datasets/ch_sims/Raw.zip::Raw/video_0038/0006.mp4,/root/autodl-tmp/data/datasets/ch_sims/label.csv#video_0038/0006,0.00,3.14,zh,medium,high,high,true,true
EAQ001159,CH-SIMS,train,CH-SIMS/video_0038/0007,/root/autodl-tmp/data/datasets/ch_sims/Raw.zip::Raw/video_0038/0007.mp4,/root/autodl-tmp/data/datasets/ch_sims/Raw.zip::Raw/video_0038/0007.mp4,/root/autodl-tmp/data/datasets/ch_sims/label.csv#video_0038/0007,0.00,3.71,zh,medium,high,high,true,true
EAQ001160,CH-SIMS,train,CH-SIMS/video_0038/0008,/root/autodl-tmp/data/datasets/ch_sims/Raw.zip::Raw/video_0038/0008.mp4,/root/autodl-tmp/data/datasets/ch_sims/Raw.zip::Raw/video_0038/0008.mp4,/root/autodl-tmp/data/datasets/ch_sims/label.csv#video_0038/0008,0.00,4.00,zh,medium,high,high,true,true
EAQ001161,CH-SIMS,test,CH-SIMS/video_0038/0009,/root/autodl-tmp/data/datasets/ch_sims/Raw.zip::Raw/video_0038/0009.mp4,/root/autodl-tmp/data/datasets/ch_sims/Raw.zip::Raw/video_0038/0009.mp4,/root/autodl-tmp/data/datasets/ch_sims/label.csv#video_0038/0009,0.00,3.14,zh,medium,high,high,true,true
EAQ001162,CH-SIMS,validation,CH-SIMS/video_0038/0010,/root/autodl-tmp/data/datasets/ch_sims/Raw.zip::Raw/video_0038/0010.mp4,/root/autodl-tmp/data/datasets/ch_sims/Raw.zip::Raw/video_0038/0010.mp4,/root/autodl-tmp/data/datasets/ch_sims/label.csv#video_0038/0010,0.00,4.00,zh,medium,high,high,true,true
EAQ001163,CH-SIMS,validation,CH-SIMS/video_0038/0011,/root/autodl-tmp/data/datasets/ch_sims/Raw.zip::Raw/video_0038/0011.mp4,/root/autodl-tmp/data/datasets/ch_sims/Raw.zip::Raw/video_0038/0011.mp4,/root/autodl-tmp/data/datasets/ch_sims/label.csv#video_0038/0011,0.00,3.14,zh,medium,high,high,true,true
EAQ001164,CH-SIMS,test,CH-SIMS/video_0038/0012,/root/autodl-tmp/data/datasets/ch_sims/Raw.zip::Raw/video_0038/0012.mp4,/root/autodl-tmp/data/datasets/ch_sims/Raw.zip::Raw/video_0038/0012.mp4,/root/autodl-tmp/data/datasets/ch_sims/label.csv#video_0038/0012,0.00,4.29,zh,medium,high,high,true,true
EAQ001165,CH-SIMS,train,CH-SIMS/video_0038/0013,/root/autodl-tmp/data/datasets/ch_sims/Raw.zip::Raw/video_0038/0013.mp4,/root/autodl-tmp/data/datasets/ch_sims/Raw.zip::Raw/video_0038/0013.mp4,/root/autodl-tmp/data/datasets/ch_sims/label.csv#video_0038/0013,0.00,3.43,zh,medium,high,high,true,true
EAQ001166,CH-SIMS,train,CH-SIMS/video_0038/0014,/root/autodl-tmp/data/datasets/ch_sims/Raw.zip::Raw/video_0038/0014.mp4,/root/autodl-tmp/data/datasets/ch_sims/Raw.zip::Raw/video_0038/0014.mp4,/root/autodl-tmp/data/datasets/ch_sims/label.csv#video_0038/0014,0.00,5.14,zh,medium,high,high,true,true
EAQ001167,CH-SIMS,test,CH-SIMS/video_0038/0015,/root/autodl-tmp/data/datasets/ch_sims/Raw.zip::Raw/video_0038/0015.mp4,/root/autodl-tmp/data/datasets/ch_sims/Raw.zip::Raw/video_0038/0015.mp4,/root/autodl-tmp/data/datasets/ch_sims/label.csv#video_0038/0015,0.00,6.00,zh,medium,high,high,true,true
EAQ001168,CH-SIMS,train,CH-SIMS/video_0038/0016,/root/autodl-tmp/data/datasets/ch_sims/Raw.zip::Raw/video_0038/0016.mp4,/root/autodl-tmp/data/datasets/ch_sims/Raw.zip::Raw/video_0038/0016.mp4,/root/autodl-tmp/data/datasets/ch_sims/label.csv#video_0038/0016,0.00,2.57,zh,medium,high,high,true,true
EAQ001169,CH-SIMS,train,CH-SIMS/video_0038/0017,/root/autodl-tmp/data/datasets/ch_sims/Raw.zip::Raw/video_0038/0017.mp4,/root/autodl-tmp/data/datasets/ch_sims/Raw.zip::Raw/video_0038/0017.mp4,/root/autodl-tmp/data/datasets/ch_sims/label.csv#video_0038/0017,0.00,4.00,zh,medium,high,high,true,true
EAQ001170,CH-SIMS,validation,CH-SIMS/video_0038/0018,/root/autodl-tmp/data/datasets/ch_sims/Raw.zip::Raw/video_0038/0018.mp4,/root/autodl-tmp/data/datasets/ch_sims/Raw.zip::Raw/video_0038/0018.mp4,/root/autodl-tmp/data/datasets/ch_sims/label.csv#video_0038/0018,0.00,2.00,zh,medium,high,high,true,true
EAQ001171,CH-SIMS,train,CH-SIMS/video_0038/0019,/root/autodl-tmp/data/datasets/ch_sims/Raw.zip::Raw/video_0038/0019.mp4,/root/autodl-tmp/data/datasets/ch_sims/Raw.zip::Raw/video_0038/0019.mp4,/root/autodl-tmp/data/datasets/ch_sims/label.csv#video_0038/0019,0.00,2.29,zh,medium,high,high,true,true
EAQ001172,CH-SIMS,test,CH-SIMS/video_0038/0020,/root/autodl-tmp/data/datasets/ch_sims/Raw.zip::Raw/video_0038/0020.mp4,/root/autodl-tmp/data/datasets/ch_sims/Raw.zip::Raw/video_0038/0020.mp4,/root/autodl-tmp/data/datasets/ch_sims/label.csv#video_0038/0020,0.00,4.57,zh,medium,high,high,true,true
EAQ001173,CH-SIMS,train,CH-SIMS/video_0038/0021,/root/autodl-tmp/data/datasets/ch_sims/Raw.zip::Raw/video_0038/0021.mp4,/root/autodl-tmp/data/datasets/ch_sims/Raw.zip::Raw/video_0038/0021.mp4,/root/autodl-tmp/data/datasets/ch_sims/label.csv#video_0038/0021,0.00,4.86,zh,medium,high,high,true,true
EAQ001174,CH-SIMS,test,CH-SIMS/video_0038/0022,/root/autodl-tmp/data/datasets/ch_sims/Raw.zip::Raw/video_0038/0022.mp4,/root/autodl-tmp/data/datasets/ch_sims/Raw.zip::Raw/video_0038/0022.mp4,/root/autodl-tmp/data/datasets/ch_sims/label.csv#video_0038/0022,0.00,3.71,zh,medium,high,high,true,true
EAQ001175,CH-SIMS,train,CH-SIMS/video_0038/0023,/root/autodl-tmp/data/datasets/ch_sims/Raw.zip::Raw/video_0038/0023.mp4,/root/autodl-tmp/data/datasets/ch_sims/Raw.zip::Raw/video_0038/0023.mp4,/root/autodl-tmp/data/datasets/ch_sims/label.csv#video_0038/0023,0.00,1.71,zh,medium,high,high,true,true
EAQ001176,CH-SIMS,train,CH-SIMS/video_0038/0024,/root/autodl-tmp/data/datasets/ch_sims/Raw.zip::Raw/video_0038/0024.mp4,/root/autodl-tmp/data/datasets/ch_sims/Raw.zip::Raw/video_0038/0024.mp4,/root/autodl-tmp/data/datasets/ch_sims/label.csv#video_0038/0024,0.00,6.57,zh,medium,high,high,true,true
EAQ001177,CH-SIMS,train,CH-SIMS/video_0038/0025,/root/autodl-tmp/data/datasets/ch_sims/Raw.zip::Raw/video_0038/0025.mp4,/root/autodl-tmp/data/datasets/ch_sims/Raw.zip::Raw/video_0038/0025.mp4,/root/autodl-tmp/data/datasets/ch_sims/label.csv#video_0038/0025,0.00,3.71,zh,medium,high,high,true,true
EAQ001178,CH-SIMS,train,CH-SIMS/video_0038/0026,/root/autodl-tmp/data/datasets/ch_sims/Raw.zip::Raw/video_0038/0026.mp4,/root/autodl-tmp/data/datasets/ch_sims/Raw.zip::Raw/video_0038/0026.mp4,/root/autodl-tmp/data/datasets/ch_sims/label.csv#video_0038/0026,0.00,2.29,zh,medium,high,high,true,true
EAQ001179,CH-SIMS,train,CH-SIMS/video_0038/0027,/root/autodl-tmp/data/datasets/ch_sims/Raw.zip::Raw/video_0038/0027.mp4,/root/autodl-tmp/data/datasets/ch_sims/Raw.zip::Raw/video_0038/0027.mp4,/root/autodl-tmp/data/datasets/ch_sims/label.csv#video_0038/0027,0.00,3.71,zh,medium,high,high,true,true
EAQ001180,CH-SIMS,validation,CH-SIMS/video_0038/0028,/root/autodl-tmp/data/datasets/ch_sims/Raw.zip::Raw/video_0038/0028.mp4,/root/autodl-tmp/data/datasets/ch_sims/Raw.zip::Raw/video_0038/0028.mp4,/root/autodl-tmp/data/datasets/ch_sims/label.csv#video_0038/0028,0.00,3.71,zh,medium,high,high,true,true
EAQ001181,CH-SIMS,train,CH-SIMS/video_0038/0029,/root/autodl-tmp/data/datasets/ch_sims/Raw.zip::Raw/video_0038/0029.mp4,/root/autodl-tmp/data/datasets/ch_sims/Raw.zip::Raw/video_0038/0029.mp4,/root/autodl-tmp/data/datasets/ch_sims/label.csv#video_0038/0029,0.00,3.14,zh,medium,high,high,true,true
EAQ001182,CH-SIMS,validation,CH-SIMS/video_0038/0030,/root/autodl-tmp/data/datasets/ch_sims/Raw.zip::Raw/video_0038/0030.mp4,/root/autodl-tmp/data/datasets/ch_sims/Raw.zip::Raw/video_0038/0030.mp4,/root/autodl-tmp/data/datasets/ch_sims/label.csv#video_0038/0030,0.00,4.29,zh,medium,high,high,true,true
EAQ001183,CH-SIMS,train,CH-SIMS/video_0038/0031,/root/autodl-tmp/data/datasets/ch_sims/Raw.zip::Raw/video_0038/0031.mp4,/root/autodl-tmp/data/datasets/ch_sims/Raw.zip::Raw/video_0038/0031.mp4,/root/autodl-tmp/data/datasets/ch_sims/label.csv#video_0038/0031,0.00,1.71,zh,medium,high,high,true,true
EAQ001184,CH-SIMS,test,CH-SIMS/video_0038/0032,/root/autodl-tmp/data/datasets/ch_sims/Raw.zip::Raw/video_0038/0032.mp4,/root/autodl-tmp/data/datasets/ch_sims/Raw.zip::Raw/video_0038/0032.mp4,/root/autodl-tmp/data/datasets/ch_sims/label.csv#video_0038/0032,0.00,5.14,zh,medium,high,high,true,true
EAQ001185,CH-SIMS,validation,CH-SIMS/video_0038/0033,/root/autodl-tmp/data/datasets/ch_sims/Raw.zip::Raw/video_0038/0033.mp4,/root/autodl-tmp/data/datasets/ch_sims/Raw.zip::Raw/video_0038/0033.mp4,/root/autodl-tmp/data/datasets/ch_sims/label.csv#video_0038/0033,0.00,2.00,zh,medium,high,high,true,true
EAQ001186,CH-SIMS,train,CH-SIMS/video_0038/0034,/root/autodl-tmp/data/datasets/ch_sims/Raw.zip::Raw/video_0038/0034.mp4,/root/autodl-tmp/data/datasets/ch_sims/Raw.zip::Raw/video_0038/0034.mp4,/root/autodl-tmp/data/datasets/ch_sims/label.csv#video_0038/0034,0.00,2.86,zh,medium,high,high,true,true
EAQ001187,CH-SIMS,validation,CH-SIMS/video_0038/0035,/root/autodl-tmp/data/datasets/ch_sims/Raw.zip::Raw/video_0038/0035.mp4,/root/autodl-tmp/data/datasets/ch_sims/Raw.zip::Raw/video_0038/0035.mp4,/root/autodl-tmp/data/datasets/ch_sims/label.csv#video_0038/0035,0.00,3.14,zh,medium,high,high,true,true
EAQ001188,CH-SIMS,validation,CH-SIMS/video_0038/0036,/root/autodl-tmp/data/datasets/ch_sims/Raw.zip::Raw/video_0038/0036.mp4,/root/autodl-tmp/data/datasets/ch_sims/Raw.zip::Raw/video_0038/0036.mp4,/root/autodl-tmp/data/datasets/ch_sims/label.csv#video_0038/0036,0.00,2.29,zh,medium,high,high,true,true
EAQ001189,CH-SIMS,train,CH-SIMS/video_0038/0037,/root/autodl-tmp/data/datasets/ch_sims/Raw.zip::Raw/video_0038/0037.mp4,/root/autodl-tmp/data/datasets/ch_sims/Raw.zip::Raw/video_0038/0037.mp4,/root/autodl-tmp/data/datasets/ch_sims/label.csv#video_0038/0037,0.00,3.14,zh,medium,high,high,true,true
EAQ001190,CH-SIMS,train,CH-SIMS/video_0038/0038,/root/autodl-tmp/data/datasets/ch_sims/Raw.zip::Raw/video_0038/0038.mp4,/root/autodl-tmp/data/datasets/ch_sims/Raw.zip::Raw/video_0038/0038.mp4,/root/autodl-tmp/data/datasets/ch_sims/label.csv#video_0038/0038,0.00,2.29,zh,medium,high,high,true,true
EAQ001191,CH-SIMS,train,CH-SIMS/video_0038/0039,/root/autodl-tmp/data/datasets/ch_sims/Raw.zip::Raw/video_0038/0039.mp4,/root/autodl-tmp/data/datasets/ch_sims/Raw.zip::Raw/video_0038/0039.mp4,/root/autodl-tmp/data/datasets/ch_sims/label.csv#video_0038/0039,0.00,2.00,zh,medium,high,high,true,true
EAQ001192,CH-SIMS,train,CH-SIMS/video_0038/0040,/root/autodl-tmp/data/datasets/ch_sims/Raw.zip::Raw/video_0038/0040.mp4,/root/autodl-tmp/data/datasets/ch_sims/Raw.zip::Raw/video_0038/0040.mp4,/root/autodl-tmp/data/datasets/ch_sims/label.csv#video_0038/0040,0.00,1.71,zh,medium,high,high,true,true
EAQ001193,CH-SIMS,validation,CH-SIMS/video_0038/0041,/root/autodl-tmp/data/datasets/ch_sims/Raw.zip::Raw/video_0038/0041.mp4,/root/autodl-tmp/data/datasets/ch_sims/Raw.zip::Raw/video_0038/0041.mp4,/root/autodl-tmp/data/datasets/ch_sims/label.csv#video_0038/0041,0.00,3.14,zh,medium,high,high,true,true
EAQ001194,CH-SIMS,test,CH-SIMS/video_0038/0042,/root/autodl-tmp/data/datasets/ch_sims/Raw.zip::Raw/video_0038/0042.mp4,/root/autodl-tmp/data/datasets/ch_sims/Raw.zip::Raw/video_0038/0042.mp4,/root/autodl-tmp/data/datasets/ch_sims/label.csv#video_0038/0042,0.00,3.71,zh,medium,high,high,true,true
EAQ001195,CH-SIMS,validation,CH-SIMS/video_0038/0043,/root/autodl-tmp/data/datasets/ch_sims/Raw.zip::Raw/video_0038/0043.mp4,/root/autodl-tmp/data/datasets/ch_sims/Raw.zip::Raw/video_0038/0043.mp4,/root/autodl-tmp/data/datasets/ch_sims/label.csv#video_0038/0043,0.00,1.71,zh,medium,high,high,true,true
EAQ001196,CH-SIMS,train,CH-SIMS/video_0038/0044,/root/autodl-tmp/data/datasets/ch_sims/Raw.zip::Raw/video_0038/0044.mp4,/root/autodl-tmp/data/datasets/ch_sims/Raw.zip::Raw/video_0038/0044.mp4,/root/autodl-tmp/data/datasets/ch_sims/label.csv#video_0038/0044,0.00,1.14,zh,medium,high,high,true,true
EAQ001197,CH-SIMS,train,CH-SIMS/video_0038/0045,/root/autodl-tmp/data/datasets/ch_sims/Raw.zip::Raw/video_0038/0045.mp4,/root/autodl-tmp/data/datasets/ch_sims/Raw.zip::Raw/video_0038/0045.mp4,/root/autodl-tmp/data/datasets/ch_sims/label.csv#video_0038/0045,0.00,1.71,zh,medium,high,high,true,true
EAQ001198,CH-SIMS,train,CH-SIMS/video_0038/0046,/root/autodl-tmp/data/datasets/ch_sims/Raw.zip::Raw/video_0038/0046.mp4,/root/autodl-tmp/data/datasets/ch_sims/Raw.zip::Raw/video_0038/0046.mp4,/root/autodl-tmp/data/datasets/ch_sims/label.csv#video_0038/0046,0.00,3.14,zh,medium,high,high,true,true
EAQ001199,CH-SIMS,train,CH-SIMS/video_0038/0047,/root/autodl-tmp/data/datasets/ch_sims/Raw.zip::Raw/video_0038/0047.mp4,/root/autodl-tmp/data/datasets/ch_sims/Raw.zip::Raw/video_0038/0047.mp4,/root/autodl-tmp/data/datasets/ch_sims/label.csv#video_0038/0047,0.00,5.14,zh,medium,high,high,true,true
EAQ001200,CH-SIMS,train,CH-SIMS/video_0038/0048,/root/autodl-tmp/data/datasets/ch_sims/Raw.zip::Raw/video_0038/0048.mp4,/root/autodl-tmp/data/datasets/ch_sims/Raw.zip::Raw/video_0038/0048.mp4,/root/autodl-tmp/data/datasets/ch_sims/label.csv#video_0038/0048,0.00,2.29,zh,medium,high,high,true,true
EAQ001201,CH-SIMS,train,CH-SIMS/video_0039/0001,/root/autodl-tmp/data/datasets/ch_sims/Raw.zip::Raw/video_0039/0001.mp4,/root/autodl-tmp/data/datasets/ch_sims/Raw.zip::Raw/video_0039/0001.mp4,/root/autodl-tmp/data/datasets/ch_sims/label.csv#video_0039/0001,0.00,7.71,zh,medium,high,high,true,true
EAQ001202,CH-SIMS,train,CH-SIMS/video_0039/0002,/root/autodl-tmp/data/datasets/ch_sims/Raw.zip::Raw/video_0039/0002.mp4,/root/autodl-tmp/data/datasets/ch_sims/Raw.zip::Raw/video_0039/0002.mp4,/root/autodl-tmp/data/datasets/ch_sims/label.csv#video_0039/0002,0.00,3.71,zh,medium,high,high,true,true
EAQ001203,CH-SIMS,train,CH-SIMS/video_0039/0003,/root/autodl-tmp/data/datasets/ch_sims/Raw.zip::Raw/video_0039/0003.mp4,/root/autodl-tmp/data/datasets/ch_sims/Raw.zip::Raw/video_0039/0003.mp4,/root/autodl-tmp/data/datasets/ch_sims/label.csv#video_0039/0003,0.00,8.86,zh,medium,high,high,true,true
EAQ001204,CH-SIMS,validation,CH-SIMS/video_0039/0004,/root/autodl-tmp/data/datasets/ch_sims/Raw.zip::Raw/video_0039/0004.mp4,/root/autodl-tmp/data/datasets/ch_sims/Raw.zip::Raw/video_0039/0004.mp4,/root/autodl-tmp/data/datasets/ch_sims/label.csv#video_0039/0004,0.00,2.57,zh,medium,high,high,true,true
EAQ001205,CH-SIMS,test,CH-SIMS/video_0039/0005,/root/autodl-tmp/data/datasets/ch_sims/Raw.zip::Raw/video_0039/0005.mp4,/root/autodl-tmp/data/datasets/ch_sims/Raw.zip::Raw/video_0039/0005.mp4,/root/autodl-tmp/data/datasets/ch_sims/label.csv#video_0039/0005,0.00,2.86,zh,medium,high,high,true,true
EAQ001206,CH-SIMS,test,CH-SIMS/video_0039/0006,/root/autodl-tmp/data/datasets/ch_sims/Raw.zip::Raw/video_0039/0006.mp4,/root/autodl-tmp/data/datasets/ch_sims/Raw.zip::Raw/video_0039/0006.mp4,/root/autodl-tmp/data/datasets/ch_sims/label.csv#video_0039/0006,0.00,5.43,zh,medium,high,high,true,true
EAQ001207,CH-SIMS,train,CH-SIMS/video_0039/0007,/root/autodl-tmp/data/datasets/ch_sims/Raw.zip::Raw/video_0039/0007.mp4,/root/autodl-tmp/data/datasets/ch_sims/Raw.zip::Raw/video_0039/0007.mp4,/root/autodl-tmp/data/datasets/ch_sims/label.csv#video_0039/0007,0.00,6.86,zh,medium,high,high,true,true
EAQ001208,CH-SIMS,train,CH-SIMS/video_0039/0008,/root/autodl-tmp/data/datasets/ch_sims/Raw.zip::Raw/video_0039/0008.mp4,/root/autodl-tmp/data/datasets/ch_sims/Raw.zip::Raw/video_0039/0008.mp4,/root/autodl-tmp/data/datasets/ch_sims/label.csv#video_0039/0008,0.00,2.29,zh,medium,high,high,true,true
EAQ001209,CH-SIMS,train,CH-SIMS/video_0040/0001,/root/autodl-tmp/data/datasets/ch_sims/Raw.zip::Raw/video_0040/0001.mp4,/root/autodl-tmp/data/datasets/ch_sims/Raw.zip::Raw/video_0040/0001.mp4,/root/autodl-tmp/data/datasets/ch_sims/label.csv#video_0040/0001,0.00,6.00,zh,medium,high,high,true,true
EAQ001210,CH-SIMS,validation,CH-SIMS/video_0040/0002,/root/autodl-tmp/data/datasets/ch_sims/Raw.zip::Raw/video_0040/0002.mp4,/root/autodl-tmp/data/datasets/ch_sims/Raw.zip::Raw/video_0040/0002.mp4,/root/autodl-tmp/data/datasets/ch_sims/label.csv#video_0040/0002,0.00,2.29,zh,medium,high,high,true,true
EAQ001211,CH-SIMS,validation,CH-SIMS/video_0040/0003,/root/autodl-tmp/data/datasets/ch_sims/Raw.zip::Raw/video_0040/0003.mp4,/root/autodl-tmp/data/datasets/ch_sims/Raw.zip::Raw/video_0040/0003.mp4,/root/autodl-tmp/data/datasets/ch_sims/label.csv#video_0040/0003,0.00,3.43,zh,medium,high,high,true,true
EAQ001212,CH-SIMS,train,CH-SIMS/video_0040/0004,/root/autodl-tmp/data/datasets/ch_sims/Raw.zip::Raw/video_0040/0004.mp4,/root/autodl-tmp/data/datasets/ch_sims/Raw.zip::Raw/video_0040/0004.mp4,/root/autodl-tmp/data/datasets/ch_sims/label.csv#video_0040/0004,0.00,1.71,zh,medium,high,high,true,true
EAQ001213,CH-SIMS,train,CH-SIMS/video_0040/0005,/root/autodl-tmp/data/datasets/ch_sims/Raw.zip::Raw/video_0040/0005.mp4,/root/autodl-tmp/data/datasets/ch_sims/Raw.zip::Raw/video_0040/0005.mp4,/root/autodl-tmp/data/datasets/ch_sims/label.csv#video_0040/0005,0.00,2.57,zh,medium,high,high,true,true
EAQ001214,CH-SIMS,train,CH-SIMS/video_0040/0006,/root/autodl-tmp/data/datasets/ch_sims/Raw.zip::Raw/video_0040/0006.mp4,/root/autodl-tmp/data/datasets/ch_sims/Raw.zip::Raw/video_0040/0006.mp4,/root/autodl-tmp/data/datasets/ch_sims/label.csv#video_0040/0006,0.00,4.57,zh,medium,high,high,true,true
EAQ001215,CH-SIMS,train,CH-SIMS/video_0040/0007,/root/autodl-tmp/data/datasets/ch_sims/Raw.zip::Raw/video_0040/0007.mp4,/root/autodl-tmp/data/datasets/ch_sims/Raw.zip::Raw/video_0040/0007.mp4,/root/autodl-tmp/data/datasets/ch_sims/label.csv#video_0040/0007,0.00,4.00,zh,medium,high,high,true,true
EAQ001216,CH-SIMS,train,CH-SIMS/video_0040/0008,/root/autodl-tmp/data/datasets/ch_sims/Raw.zip::Raw/video_0040/0008.mp4,/root/autodl-tmp/data/datasets/ch_sims/Raw.zip::Raw/video_0040/0008.mp4,/root/autodl-tmp/data/datasets/ch_sims/label.csv#video_0040/0008,0.00,2.86,zh,medium,high,high,true,true
EAQ001217,CH-SIMS,train,CH-SIMS/video_0040/0009,/root/autodl-tmp/data/datasets/ch_sims/Raw.zip::Raw/video_0040/0009.mp4,/root/autodl-tmp/data/datasets/ch_sims/Raw.zip::Raw/video_0040/0009.mp4,/root/autodl-tmp/data/datasets/ch_sims/label.csv#video_0040/0009,0.00,2.00,zh,medium,high,high,true,true
EAQ001218,CH-SIMS,train,CH-SIMS/video_0040/0010,/root/autodl-tmp/data/datasets/ch_sims/Raw.zip::Raw/video_0040/0010.mp4,/root/autodl-tmp/data/datasets/ch_sims/Raw.zip::Raw/video_0040/0010.mp4,/root/autodl-tmp/data/datasets/ch_sims/label.csv#video_0040/0010,0.00,2.57,zh,medium,high,high,true,true
EAQ001219,CH-SIMS,test,CH-SIMS/video_0040/0011,/root/autodl-tmp/data/datasets/ch_sims/Raw.zip::Raw/video_0040/0011.mp4,/root/autodl-tmp/data/datasets/ch_sims/Raw.zip::Raw/video_0040/0011.mp4,/root/autodl-tmp/data/datasets/ch_sims/label.csv#video_0040/0011,0.00,2.86,zh,medium,high,high,true,true
EAQ001220,CH-SIMS,train,CH-SIMS/video_0040/0012,/root/autodl-tmp/data/datasets/ch_sims/Raw.zip::Raw/video_0040/0012.mp4,/root/autodl-tmp/data/datasets/ch_sims/Raw.zip::Raw/video_0040/0012.mp4,/root/autodl-tmp/data/datasets/ch_sims/label.csv#video_0040/0012,0.00,1.14,zh,medium,high,high,true,true
EAQ001221,CH-SIMS,train,CH-SIMS/video_0040/0013,/root/autodl-tmp/data/datasets/ch_sims/Raw.zip::Raw/video_0040/0013.mp4,/root/autodl-tmp/data/datasets/ch_sims/Raw.zip::Raw/video_0040/0013.mp4,/root/autodl-tmp/data/datasets/ch_sims/label.csv#video_0040/0013,0.00,4.57,zh,medium,high,high,true,true
EAQ001222,CH-SIMS,validation,CH-SIMS/video_0040/0014,/root/autodl-tmp/data/datasets/ch_sims/Raw.zip::Raw/video_0040/0014.mp4,/root/autodl-tmp/data/datasets/ch_sims/Raw.zip::Raw/video_0040/0014.mp4,/root/autodl-tmp/data/datasets/ch_sims/label.csv#video_0040/0014,0.00,2.57,zh,medium,high,high,true,true
EAQ001223,CH-SIMS,train,CH-SIMS/video_0040/0015,/root/autodl-tmp/data/datasets/ch_sims/Raw.zip::Raw/video_0040/0015.mp4,/root/autodl-tmp/data/datasets/ch_sims/Raw.zip::Raw/video_0040/0015.mp4,/root/autodl-tmp/data/datasets/ch_sims/label.csv#video_0040/0015,0.00,2.29,zh,medium,high,high,true,true
EAQ001224,CH-SIMS,train,CH-SIMS/video_0040/0016,/root/autodl-tmp/data/datasets/ch_sims/Raw.zip::Raw/video_0040/0016.mp4,/root/autodl-tmp/data/datasets/ch_sims/Raw.zip::Raw/video_0040/0016.mp4,/root/autodl-tmp/data/datasets/ch_sims/label.csv#video_0040/0016,0.00,1.71,zh,medium,high,high,true,true
EAQ001225,CH-SIMS,validation,CH-SIMS/video_0040/0017,/root/autodl-tmp/data/datasets/ch_sims/Raw.zip::Raw/video_0040/0017.mp4,/root/autodl-tmp/data/datasets/ch_sims/Raw.zip::Raw/video_0040/0017.mp4,/root/autodl-tmp/data/datasets/ch_sims/label.csv#video_0040/0017,0.00,3.14,zh,medium,high,high,true,true
EAQ001226,CH-SIMS,test,CH-SIMS/video_0040/0018,/root/autodl-tmp/data/datasets/ch_sims/Raw.zip::Raw/video_0040/0018.mp4,/root/autodl-tmp/data/datasets/ch_sims/Raw.zip::Raw/video_0040/0018.mp4,/root/autodl-tmp/data/datasets/ch_sims/label.csv#video_0040/0018,0.00,2.00,zh,medium,high,high,true,true
EAQ001227,CH-SIMS,test,CH-SIMS/video_0040/0019,/root/autodl-tmp/data/datasets/ch_sims/Raw.zip::Raw/video_0040/0019.mp4,/root/autodl-tmp/data/datasets/ch_sims/Raw.zip::Raw/video_0040/0019.mp4,/root/autodl-tmp/data/datasets/ch_sims/label.csv#video_0040/0019,0.00,4.00,zh,medium,high,high,true,true
EAQ001228,CH-SIMS,train,CH-SIMS/video_0040/0020,/root/autodl-tmp/data/datasets/ch_sims/Raw.zip::Raw/video_0040/0020.mp4,/root/autodl-tmp/data/datasets/ch_sims/Raw.zip::Raw/video_0040/0020.mp4,/root/autodl-tmp/data/datasets/ch_sims/label.csv#video_0040/0020,0.00,5.14,zh,medium,high,high,true,true
EAQ001229,CH-SIMS,validation,CH-SIMS/video_0040/0021,/root/autodl-tmp/data/datasets/ch_sims/Raw.zip::Raw/video_0040/0021.mp4,/root/autodl-tmp/data/datasets/ch_sims/Raw.zip::Raw/video_0040/0021.mp4,/root/autodl-tmp/data/datasets/ch_sims/label.csv#video_0040/0021,0.00,2.57,zh,medium,high,high,true,true
EAQ001230,CH-SIMS,test,CH-SIMS/video_0040/0022,/root/autodl-tmp/data/datasets/ch_sims/Raw.zip::Raw/video_0040/0022.mp4,/root/autodl-tmp/data/datasets/ch_sims/Raw.zip::Raw/video_0040/0022.mp4,/root/autodl-tmp/data/datasets/ch_sims/label.csv#video_0040/0022,0.00,4.29,zh,medium,high,high,true,true
EAQ001231,CH-SIMS,validation,CH-SIMS/video_0040/0023,/root/autodl-tmp/data/datasets/ch_sims/Raw.zip::Raw/video_0040/0023.mp4,/root/autodl-tmp/data/datasets/ch_sims/Raw.zip::Raw/video_0040/0023.mp4,/root/autodl-tmp/data/datasets/ch_sims/label.csv#video_0040/0023,0.00,1.71,zh,medium,high,high,true,true
EAQ001232,CH-SIMS,train,CH-SIMS/video_0040/0024,/root/autodl-tmp/data/datasets/ch_sims/Raw.zip::Raw/video_0040/0024.mp4,/root/autodl-tmp/data/datasets/ch_sims/Raw.zip::Raw/video_0040/0024.mp4,/root/autodl-tmp/data/datasets/ch_sims/label.csv#video_0040/0024,0.00,3.14,zh,medium,high,high,true,true
EAQ001233,CH-SIMS,test,CH-SIMS/video_0040/0025,/root/autodl-tmp/data/datasets/ch_sims/Raw.zip::Raw/video_0040/0025.mp4,/root/autodl-tmp/data/datasets/ch_sims/Raw.zip::Raw/video_0040/0025.mp4,/root/autodl-tmp/data/datasets/ch_sims/label.csv#video_0040/0025,0.00,7.14,zh,medium,high,high,true,true
EAQ001234,CH-SIMS,train,CH-SIMS/video_0040/0026,/root/autodl-tmp/data/datasets/ch_sims/Raw.zip::Raw/video_0040/0026.mp4,/root/autodl-tmp/data/datasets/ch_sims/Raw.zip::Raw/video_0040/0026.mp4,/root/autodl-tmp/data/datasets/ch_sims/label.csv#video_0040/0026,0.00,2.57,zh,medium,high,high,true,true
EAQ001235,CH-SIMS,validation,CH-SIMS/video_0040/0027,/root/autodl-tmp/data/datasets/ch_sims/Raw.zip::Raw/video_0040/0027.mp4,/root/autodl-tmp/data/datasets/ch_sims/Raw.zip::Raw/video_0040/0027.mp4,/root/autodl-tmp/data/datasets/ch_sims/label.csv#video_0040/0027,0.00,1.43,zh,medium,high,high,true,true
EAQ001236,CH-SIMS,train,CH-SIMS/video_0040/0028,/root/autodl-tmp/data/datasets/ch_sims/Raw.zip::Raw/video_0040/0028.mp4,/root/autodl-tmp/data/datasets/ch_sims/Raw.zip::Raw/video_0040/0028.mp4,/root/autodl-tmp/data/datasets/ch_sims/label.csv#video_0040/0028,0.00,8.29,zh,medium,high,high,true,true
EAQ001237,CH-SIMS,train,CH-SIMS/video_0040/0029,/root/autodl-tmp/data/datasets/ch_sims/Raw.zip::Raw/video_0040/0029.mp4,/root/autodl-tmp/data/datasets/ch_sims/Raw.zip::Raw/video_0040/0029.mp4,/root/autodl-tmp/data/datasets/ch_sims/label.csv#video_0040/0029,0.00,5.71,zh,medium,high,high,true,true
EAQ001238,CH-SIMS,validation,CH-SIMS/video_0040/0030,/root/autodl-tmp/data/datasets/ch_sims/Raw.zip::Raw/video_0040/0030.mp4,/root/autodl-tmp/data/datasets/ch_sims/Raw.zip::Raw/video_0040/0030.mp4,/root/autodl-tmp/data/datasets/ch_sims/label.csv#video_0040/0030,0.00,6.00,zh,medium,high,high,true,true
EAQ001239,CH-SIMS,train,CH-SIMS/video_0040/0031,/root/autodl-tmp/data/datasets/ch_sims/Raw.zip::Raw/video_0040/0031.mp4,/root/autodl-tmp/data/datasets/ch_sims/Raw.zip::Raw/video_0040/0031.mp4,/root/autodl-tmp/data/datasets/ch_sims/label.csv#video_0040/0031,0.00,4.57,zh,medium,high,high,true,true
EAQ001240,CH-SIMS,train,CH-SIMS/video_0040/0032,/root/autodl-tmp/data/datasets/ch_sims/Raw.zip::Raw/video_0040/0032.mp4,/root/autodl-tmp/data/datasets/ch_sims/Raw.zip::Raw/video_0040/0032.mp4,/root/autodl-tmp/data/datasets/ch_sims/label.csv#video_0040/0032,0.00,3.43,zh,medium,high,high,true,true
EAQ001241,CH-SIMS,train,CH-SIMS/video_0040/0033,/root/autodl-tmp/data/datasets/ch_sims/Raw.zip::Raw/video_0040/0033.mp4,/root/autodl-tmp/data/datasets/ch_sims/Raw.zip::Raw/video_0040/0033.mp4,/root/autodl-tmp/data/datasets/ch_sims/label.csv#video_0040/0033,0.00,4.29,zh,medium,high,high,true,true
EAQ001242,CH-SIMS,train,CH-SIMS/video_0040/0034,/root/autodl-tmp/data/datasets/ch_sims/Raw.zip::Raw/video_0040/0034.mp4,/root/autodl-tmp/data/datasets/ch_sims/Raw.zip::Raw/video_0040/0034.mp4,/root/autodl-tmp/data/datasets/ch_sims/label.csv#video_0040/0034,0.00,8.29,zh,medium,high,high,true,true
EAQ001243,CH-SIMS,train,CH-SIMS/video_0040/0035,/root/autodl-tmp/data/datasets/ch_sims/Raw.zip::Raw/video_0040/0035.mp4,/root/autodl-tmp/data/datasets/ch_sims/Raw.zip::Raw/video_0040/0035.mp4,/root/autodl-tmp/data/datasets/ch_sims/label.csv#video_0040/0035,0.00,4.00,zh,medium,high,high,true,true
EAQ001244,CH-SIMS,train,CH-SIMS/video_0040/0036,/root/autodl-tmp/data/datasets/ch_sims/Raw.zip::Raw/video_0040/0036.mp4,/root/autodl-tmp/data/datasets/ch_sims/Raw.zip::Raw/video_0040/0036.mp4,/root/autodl-tmp/data/datasets/ch_sims/label.csv#video_0040/0036,0.00,2.86,zh,medium,high,high,true,true
EAQ001245,CH-SIMS,train,CH-SIMS/video_0040/0037,/root/autodl-tmp/data/datasets/ch_sims/Raw.zip::Raw/video_0040/0037.mp4,/root/autodl-tmp/data/datasets/ch_sims/Raw.zip::Raw/video_0040/0037.mp4,/root/autodl-tmp/data/datasets/ch_sims/label.csv#video_0040/0037,0.00,3.43,zh,medium,high,high,true,true
EAQ001246,CH-SIMS,train,CH-SIMS/video_0040/0038,/root/autodl-tmp/data/datasets/ch_sims/Raw.zip::Raw/video_0040/0038.mp4,/root/autodl-tmp/data/datasets/ch_sims/Raw.zip::Raw/video_0040/0038.mp4,/root/autodl-tmp/data/datasets/ch_sims/label.csv#video_0040/0038,0.00,2.57,zh,medium,high,high,true,true
EAQ001247,CH-SIMS,train,CH-SIMS/video_0040/0039,/root/autodl-tmp/data/datasets/ch_sims/Raw.zip::Raw/video_0040/0039.mp4,/root/autodl-tmp/data/datasets/ch_sims/Raw.zip::Raw/video_0040/0039.mp4,/root/autodl-tmp/data/datasets/ch_sims/label.csv#video_0040/0039,0.00,1.43,zh,medium,high,high,true,true
EAQ001248,CH-SIMS,train,CH-SIMS/video_0040/0040,/root/autodl-tmp/data/datasets/ch_sims/Raw.zip::Raw/video_0040/0040.mp4,/root/autodl-tmp/data/datasets/ch_sims/Raw.zip::Raw/video_0040/0040.mp4,/root/autodl-tmp/data/datasets/ch_sims/label.csv#video_0040/0040,0.00,5.43,zh,medium,high,high,true,true
EAQ001249,CH-SIMS,test,CH-SIMS/video_0040/0041,/root/autodl-tmp/data/datasets/ch_sims/Raw.zip::Raw/video_0040/0041.mp4,/root/autodl-tmp/data/datasets/ch_sims/Raw.zip::Raw/video_0040/0041.mp4,/root/autodl-tmp/data/datasets/ch_sims/label.csv#video_0040/0041,0.00,5.14,zh,medium,high,high,true,true
EAQ001250,CH-SIMS,train,CH-SIMS/video_0040/0042,/root/autodl-tmp/data/datasets/ch_sims/Raw.zip::Raw/video_0040/0042.mp4,/root/autodl-tmp/data/datasets/ch_sims/Raw.zip::Raw/video_0040/0042.mp4,/root/autodl-tmp/data/datasets/ch_sims/label.csv#video_0040/0042,0.00,3.43,zh,medium,high,high,true,true
EAQ001251,CH-SIMS,train,CH-SIMS/video_0040/0043,/root/autodl-tmp/data/datasets/ch_sims/Raw.zip::Raw/video_0040/0043.mp4,/root/autodl-tmp/data/datasets/ch_sims/Raw.zip::Raw/video_0040/0043.mp4,/root/autodl-tmp/data/datasets/ch_sims/label.csv#video_0040/0043,0.00,1.71,zh,medium,high,high,true,true
EAQ001252,CH-SIMS,train,CH-SIMS/video_0040/0044,/root/autodl-tmp/data/datasets/ch_sims/Raw.zip::Raw/video_0040/0044.mp4,/root/autodl-tmp/data/datasets/ch_sims/Raw.zip::Raw/video_0040/0044.mp4,/root/autodl-tmp/data/datasets/ch_sims/label.csv#video_0040/0044,0.00,2.57,zh,medium,high,high,true,true
EAQ001253,CH-SIMS,train,CH-SIMS/video_0040/0045,/root/autodl-tmp/data/datasets/ch_sims/Raw.zip::Raw/video_0040/0045.mp4,/root/autodl-tmp/data/datasets/ch_sims/Raw.zip::Raw/video_0040/0045.mp4,/root/autodl-tmp/data/datasets/ch_sims/label.csv#video_0040/0045,0.00,3.14,zh,medium,high,high,true,true
EAQ001254,CH-SIMS,test,CH-SIMS/video_0040/0046,/root/autodl-tmp/data/datasets/ch_sims/Raw.zip::Raw/video_0040/0046.mp4,/root/autodl-tmp/data/datasets/ch_sims/Raw.zip::Raw/video_0040/0046.mp4,/root/autodl-tmp/data/datasets/ch_sims/label.csv#video_0040/0046,0.00,2.57,zh,medium,high,high,true,true
EAQ001255,CH-SIMS,train,CH-SIMS/video_0040/0047,/root/autodl-tmp/data/datasets/ch_sims/Raw.zip::Raw/video_0040/0047.mp4,/root/autodl-tmp/data/datasets/ch_sims/Raw.zip::Raw/video_0040/0047.mp4,/root/autodl-tmp/data/datasets/ch_sims/label.csv#video_0040/0047,0.00,4.86,zh,medium,high,high,true,true
EAQ001256,CH-SIMS,train,CH-SIMS/video_0040/0048,/root/autodl-tmp/data/datasets/ch_sims/Raw.zip::Raw/video_0040/0048.mp4,/root/autodl-tmp/data/datasets/ch_sims/Raw.zip::Raw/video_0040/0048.mp4,/root/autodl-tmp/data/datasets/ch_sims/label.csv#video_0040/0048,0.00,2.00,zh,medium,high,high,true,true
EAQ001257,CH-SIMS,train,CH-SIMS/video_0040/0049,/root/autodl-tmp/data/datasets/ch_sims/Raw.zip::Raw/video_0040/0049.mp4,/root/autodl-tmp/data/datasets/ch_sims/Raw.zip::Raw/video_0040/0049.mp4,/root/autodl-tmp/data/datasets/ch_sims/label.csv#video_0040/0049,0.00,5.71,zh,medium,high,high,true,true
EAQ001258,CH-SIMS,validation,CH-SIMS/video_0040/0050,/root/autodl-tmp/data/datasets/ch_sims/Raw.zip::Raw/video_0040/0050.mp4,/root/autodl-tmp/data/datasets/ch_sims/Raw.zip::Raw/video_0040/0050.mp4,/root/autodl-tmp/data/datasets/ch_sims/label.csv#video_0040/0050,0.00,4.29,zh,medium,high,high,true,true
EAQ001259,CH-SIMS,test,CH-SIMS/video_0040/0051,/root/autodl-tmp/data/datasets/ch_sims/Raw.zip::Raw/video_0040/0051.mp4,/root/autodl-tmp/data/datasets/ch_sims/Raw.zip::Raw/video_0040/0051.mp4,/root/autodl-tmp/data/datasets/ch_sims/label.csv#video_0040/0051,0.00,3.71,zh,medium,high,high,true,true
EAQ001260,CH-SIMS,train,CH-SIMS/video_0040/0052,/root/autodl-tmp/data/datasets/ch_sims/Raw.zip::Raw/video_0040/0052.mp4,/root/autodl-tmp/data/datasets/ch_sims/Raw.zip::Raw/video_0040/0052.mp4,/root/autodl-tmp/data/datasets/ch_sims/label.csv#video_0040/0052,0.00,5.43,zh,medium,high,high,true,true
EAQ001261,CH-SIMS,train,CH-SIMS/video_0040/0053,/root/autodl-tmp/data/datasets/ch_sims/Raw.zip::Raw/video_0040/0053.mp4,/root/autodl-tmp/data/datasets/ch_sims/Raw.zip::Raw/video_0040/0053.mp4,/root/autodl-tmp/data/datasets/ch_sims/label.csv#video_0040/0053,0.00,3.14,zh,medium,high,high,true,true
EAQ001262,CH-SIMS,validation,CH-SIMS/video_0040/0054,/root/autodl-tmp/data/datasets/ch_sims/Raw.zip::Raw/video_0040/0054.mp4,/root/autodl-tmp/data/datasets/ch_sims/Raw.zip::Raw/video_0040/0054.mp4,/root/autodl-tmp/data/datasets/ch_sims/label.csv#video_0040/0054,0.00,4.00,zh,medium,high,high,true,true
EAQ001263,CH-SIMS,train,CH-SIMS/video_0041/0001,/root/autodl-tmp/data/datasets/ch_sims/Raw.zip::Raw/video_0041/0001.mp4,/root/autodl-tmp/data/datasets/ch_sims/Raw.zip::Raw/video_0041/0001.mp4,/root/autodl-tmp/data/datasets/ch_sims/label.csv#video_0041/0001,0.00,7.71,zh,medium,high,high,true,true
EAQ001264,CH-SIMS,validation,CH-SIMS/video_0041/0002,/root/autodl-tmp/data/datasets/ch_sims/Raw.zip::Raw/video_0041/0002.mp4,/root/autodl-tmp/data/datasets/ch_sims/Raw.zip::Raw/video_0041/0002.mp4,/root/autodl-tmp/data/datasets/ch_sims/label.csv#video_0041/0002,0.00,2.00,zh,medium,high,high,true,true
EAQ001265,CH-SIMS,train,CH-SIMS/video_0041/0003,/root/autodl-tmp/data/datasets/ch_sims/Raw.zip::Raw/video_0041/0003.mp4,/root/autodl-tmp/data/datasets/ch_sims/Raw.zip::Raw/video_0041/0003.mp4,/root/autodl-tmp/data/datasets/ch_sims/label.csv#video_0041/0003,0.00,7.71,zh,medium,high,high,true,true
EAQ001266,CH-SIMS,test,CH-SIMS/video_0041/0004,/root/autodl-tmp/data/datasets/ch_sims/Raw.zip::Raw/video_0041/0004.mp4,/root/autodl-tmp/data/datasets/ch_sims/Raw.zip::Raw/video_0041/0004.mp4,/root/autodl-tmp/data/datasets/ch_sims/label.csv#video_0041/0004,0.00,7.43,zh,medium,high,high,true,true
EAQ001267,CH-SIMS,test,CH-SIMS/video_0041/0005,/root/autodl-tmp/data/datasets/ch_sims/Raw.zip::Raw/video_0041/0005.mp4,/root/autodl-tmp/data/datasets/ch_sims/Raw.zip::Raw/video_0041/0005.mp4,/root/autodl-tmp/data/datasets/ch_sims/label.csv#video_0041/0005,0.00,2.86,zh,medium,high,high,true,true
EAQ001268,CH-SIMS,validation,CH-SIMS/video_0041/0006,/root/autodl-tmp/data/datasets/ch_sims/Raw.zip::Raw/video_0041/0006.mp4,/root/autodl-tmp/data/datasets/ch_sims/Raw.zip::Raw/video_0041/0006.mp4,/root/autodl-tmp/data/datasets/ch_sims/label.csv#video_0041/0006,0.00,8.29,zh,medium,high,high,true,true
EAQ001269,CH-SIMS,validation,CH-SIMS/video_0041/0007,/root/autodl-tmp/data/datasets/ch_sims/Raw.zip::Raw/video_0041/0007.mp4,/root/autodl-tmp/data/datasets/ch_sims/Raw.zip::Raw/video_0041/0007.mp4,/root/autodl-tmp/data/datasets/ch_sims/label.csv#video_0041/0007,0.00,8.86,zh,medium,high,high,true,true
EAQ001270,CH-SIMS,validation,CH-SIMS/video_0041/0008,/root/autodl-tmp/data/datasets/ch_sims/Raw.zip::Raw/video_0041/0008.mp4,/root/autodl-tmp/data/datasets/ch_sims/Raw.zip::Raw/video_0041/0008.mp4,/root/autodl-tmp/data/datasets/ch_sims/label.csv#video_0041/0008,0.00,8.00,zh,medium,high,high,true,true
EAQ001271,CH-SIMS,train,CH-SIMS/video_0041/0009,/root/autodl-tmp/data/datasets/ch_sims/Raw.zip::Raw/video_0041/0009.mp4,/root/autodl-tmp/data/datasets/ch_sims/Raw.zip::Raw/video_0041/0009.mp4,/root/autodl-tmp/data/datasets/ch_sims/label.csv#video_0041/0009,0.00,5.71,zh,medium,high,high,true,true
EAQ001272,CH-SIMS,train,CH-SIMS/video_0041/0010,/root/autodl-tmp/data/datasets/ch_sims/Raw.zip::Raw/video_0041/0010.mp4,/root/autodl-tmp/data/datasets/ch_sims/Raw.zip::Raw/video_0041/0010.mp4,/root/autodl-tmp/data/datasets/ch_sims/label.csv#video_0041/0010,0.00,2.86,zh,medium,high,high,true,true
EAQ001273,CH-SIMS,test,CH-SIMS/video_0041/0011,/root/autodl-tmp/data/datasets/ch_sims/Raw.zip::Raw/video_0041/0011.mp4,/root/autodl-tmp/data/datasets/ch_sims/Raw.zip::Raw/video_0041/0011.mp4,/root/autodl-tmp/data/datasets/ch_sims/label.csv#video_0041/0011,0.00,8.00,zh,medium,high,high,true,true
EAQ001274,CH-SIMS,train,CH-SIMS/video_0041/0012,/root/autodl-tmp/data/datasets/ch_sims/Raw.zip::Raw/video_0041/0012.mp4,/root/autodl-tmp/data/datasets/ch_sims/Raw.zip::Raw/video_0041/0012.mp4,/root/autodl-tmp/data/datasets/ch_sims/label.csv#video_0041/0012,0.00,8.57,zh,medium,high,high,true,true
EAQ001275,CH-SIMS,train,CH-SIMS/video_0041/0013,/root/autodl-tmp/data/datasets/ch_sims/Raw.zip::Raw/video_0041/0013.mp4,/root/autodl-tmp/data/datasets/ch_sims/Raw.zip::Raw/video_0041/0013.mp4,/root/autodl-tmp/data/datasets/ch_sims/label.csv#video_0041/0013,0.00,8.86,zh,medium,high,high,true,true
EAQ001276,CH-SIMS,validation,CH-SIMS/video_0041/0014,/root/autodl-tmp/data/datasets/ch_sims/Raw.zip::Raw/video_0041/0014.mp4,/root/autodl-tmp/data/datasets/ch_sims/Raw.zip::Raw/video_0041/0014.mp4,/root/autodl-tmp/data/datasets/ch_sims/label.csv#video_0041/0014,0.00,3.43,zh,medium,high,high,true,true
EAQ001277,CH-SIMS,train,CH-SIMS/video_0041/0015,/root/autodl-tmp/data/datasets/ch_sims/Raw.zip::Raw/video_0041/0015.mp4,/root/autodl-tmp/data/datasets/ch_sims/Raw.zip::Raw/video_0041/0015.mp4,/root/autodl-tmp/data/datasets/ch_sims/label.csv#video_0041/0015,0.00,6.29,zh,medium,high,high,true,true
EAQ001278,CH-SIMS,validation,CH-SIMS/video_0041/0016,/root/autodl-tmp/data/datasets/ch_sims/Raw.zip::Raw/video_0041/0016.mp4,/root/autodl-tmp/data/datasets/ch_sims/Raw.zip::Raw/video_0041/0016.mp4,/root/autodl-tmp/data/datasets/ch_sims/label.csv#video_0041/0016,0.00,2.86,zh,medium,high,high,true,true
EAQ001279,CH-SIMS,test,CH-SIMS/video_0041/0017,/root/autodl-tmp/data/datasets/ch_sims/Raw.zip::Raw/video_0041/0017.mp4,/root/autodl-tmp/data/datasets/ch_sims/Raw.zip::Raw/video_0041/0017.mp4,/root/autodl-tmp/data/datasets/ch_sims/label.csv#video_0041/0017,0.00,2.00,zh,medium,high,high,true,true
EAQ001280,CH-SIMS,train,CH-SIMS/video_0041/0018,/root/autodl-tmp/data/datasets/ch_sims/Raw.zip::Raw/video_0041/0018.mp4,/root/autodl-tmp/data/datasets/ch_sims/Raw.zip::Raw/video_0041/0018.mp4,/root/autodl-tmp/data/datasets/ch_sims/label.csv#video_0041/0018,0.00,3.14,zh,medium,high,high,true,true
EAQ001281,CH-SIMS,train,CH-SIMS/video_0041/0019,/root/autodl-tmp/data/datasets/ch_sims/Raw.zip::Raw/video_0041/0019.mp4,/root/autodl-tmp/data/datasets/ch_sims/Raw.zip::Raw/video_0041/0019.mp4,/root/autodl-tmp/data/datasets/ch_sims/label.csv#video_0041/0019,0.00,3.71,zh,medium,high,high,true,true
EAQ001282,CH-SIMS,train,CH-SIMS/video_0041/0020,/root/autodl-tmp/data/datasets/ch_sims/Raw.zip::Raw/video_0041/0020.mp4,/root/autodl-tmp/data/datasets/ch_sims/Raw.zip::Raw/video_0041/0020.mp4,/root/autodl-tmp/data/datasets/ch_sims/label.csv#video_0041/0020,0.00,4.29,zh,medium,high,high,true,true
EAQ001283,CH-SIMS,test,CH-SIMS/video_0041/0021,/root/autodl-tmp/data/datasets/ch_sims/Raw.zip::Raw/video_0041/0021.mp4,/root/autodl-tmp/data/datasets/ch_sims/Raw.zip::Raw/video_0041/0021.mp4,/root/autodl-tmp/data/datasets/ch_sims/label.csv#video_0041/0021,0.00,3.43,zh,medium,high,high,true,true
EAQ001284,CH-SIMS,train,CH-SIMS/video_0041/0022,/root/autodl-tmp/data/datasets/ch_sims/Raw.zip::Raw/video_0041/0022.mp4,/root/autodl-tmp/data/datasets/ch_sims/Raw.zip::Raw/video_0041/0022.mp4,/root/autodl-tmp/data/datasets/ch_sims/label.csv#video_0041/0022,0.00,2.86,zh,medium,high,high,true,true
EAQ001285,CH-SIMS,train,CH-SIMS/video_0041/0023,/root/autodl-tmp/data/datasets/ch_sims/Raw.zip::Raw/video_0041/0023.mp4,/root/autodl-tmp/data/datasets/ch_sims/Raw.zip::Raw/video_0041/0023.mp4,/root/autodl-tmp/data/datasets/ch_sims/label.csv#video_0041/0023,0.00,8.00,zh,medium,high,high,true,true
EAQ001286,CH-SIMS,test,CH-SIMS/video_0041/0024,/root/autodl-tmp/data/datasets/ch_sims/Raw.zip::Raw/video_0041/0024.mp4,/root/autodl-tmp/data/datasets/ch_sims/Raw.zip::Raw/video_0041/0024.mp4,/root/autodl-tmp/data/datasets/ch_sims/label.csv#video_0041/0024,0.00,5.71,zh,medium,high,high,true,true
EAQ001287,CH-SIMS,train,CH-SIMS/video_0041/0025,/root/autodl-tmp/data/datasets/ch_sims/Raw.zip::Raw/video_0041/0025.mp4,/root/autodl-tmp/data/datasets/ch_sims/Raw.zip::Raw/video_0041/0025.mp4,/root/autodl-tmp/data/datasets/ch_sims/label.csv#video_0041/0025,0.00,7.43,zh,medium,high,high,true,true
EAQ001288,CH-SIMS,validation,CH-SIMS/video_0041/0026,/root/autodl-tmp/data/datasets/ch_sims/Raw.zip::Raw/video_0041/0026.mp4,/root/autodl-tmp/data/datasets/ch_sims/Raw.zip::Raw/video_0041/0026.mp4,/root/autodl-tmp/data/datasets/ch_sims/label.csv#video_0041/0026,0.00,2.57,zh,medium,high,high,true,true
EAQ001289,CH-SIMS,train,CH-SIMS/video_0041/0027,/root/autodl-tmp/data/datasets/ch_sims/Raw.zip::Raw/video_0041/0027.mp4,/root/autodl-tmp/data/datasets/ch_sims/Raw.zip::Raw/video_0041/0027.mp4,/root/autodl-tmp/data/datasets/ch_sims/label.csv#video_0041/0027,0.00,4.57,zh,medium,high,high,true,true
EAQ001290,CH-SIMS,train,CH-SIMS/video_0041/0028,/root/autodl-tmp/data/datasets/ch_sims/Raw.zip::Raw/video_0041/0028.mp4,/root/autodl-tmp/data/datasets/ch_sims/Raw.zip::Raw/video_0041/0028.mp4,/root/autodl-tmp/data/datasets/ch_sims/label.csv#video_0041/0028,0.00,2.57,zh,medium,high,high,true,true
EAQ001291,CH-SIMS,train,CH-SIMS/video_0041/0029,/root/autodl-tmp/data/datasets/ch_sims/Raw.zip::Raw/video_0041/0029.mp4,/root/autodl-tmp/data/datasets/ch_sims/Raw.zip::Raw/video_0041/0029.mp4,/root/autodl-tmp/data/datasets/ch_sims/label.csv#video_0041/0029,0.00,5.71,zh,medium,high,high,true,true
EAQ001292,CH-SIMS,validation,CH-SIMS/video_0041/0030,/root/autodl-tmp/data/datasets/ch_sims/Raw.zip::Raw/video_0041/0030.mp4,/root/autodl-tmp/data/datasets/ch_sims/Raw.zip::Raw/video_0041/0030.mp4,/root/autodl-tmp/data/datasets/ch_sims/label.csv#video_0041/0030,0.00,3.14,zh,medium,high,high,true,true
EAQ001293,CH-SIMS,test,CH-SIMS/video_0041/0031,/root/autodl-tmp/data/datasets/ch_sims/Raw.zip::Raw/video_0041/0031.mp4,/root/autodl-tmp/data/datasets/ch_sims/Raw.zip::Raw/video_0041/0031.mp4,/root/autodl-tmp/data/datasets/ch_sims/label.csv#video_0041/0031,0.00,2.86,zh,medium,high,high,true,true
EAQ001294,CH-SIMS,train,CH-SIMS/video_0041/0032,/root/autodl-tmp/data/datasets/ch_sims/Raw.zip::Raw/video_0041/0032.mp4,/root/autodl-tmp/data/datasets/ch_sims/Raw.zip::Raw/video_0041/0032.mp4,/root/autodl-tmp/data/datasets/ch_sims/label.csv#video_0041/0032,0.00,4.00,zh,medium,high,high,true,true
EAQ001295,CH-SIMS,validation,CH-SIMS/video_0042/0001,/root/autodl-tmp/data/datasets/ch_sims/Raw.zip::Raw/video_0042/0001.mp4,/root/autodl-tmp/data/datasets/ch_sims/Raw.zip::Raw/video_0042/0001.mp4,/root/autodl-tmp/data/datasets/ch_sims/label.csv#video_0042/0001,0.00,5.14,zh,medium,high,high,true,true
EAQ001296,CH-SIMS,validation,CH-SIMS/video_0042/0002,/root/autodl-tmp/data/datasets/ch_sims/Raw.zip::Raw/video_0042/0002.mp4,/root/autodl-tmp/data/datasets/ch_sims/Raw.zip::Raw/video_0042/0002.mp4,/root/autodl-tmp/data/datasets/ch_sims/label.csv#video_0042/0002,0.00,3.71,zh,medium,high,high,true,true
EAQ001297,CH-SIMS,train,CH-SIMS/video_0042/0003,/root/autodl-tmp/data/datasets/ch_sims/Raw.zip::Raw/video_0042/0003.mp4,/root/autodl-tmp/data/datasets/ch_sims/Raw.zip::Raw/video_0042/0003.mp4,/root/autodl-tmp/data/datasets/ch_sims/label.csv#video_0042/0003,0.00,6.57,zh,medium,high,high,true,true
EAQ001298,CH-SIMS,train,CH-SIMS/video_0042/0004,/root/autodl-tmp/data/datasets/ch_sims/Raw.zip::Raw/video_0042/0004.mp4,/root/autodl-tmp/data/datasets/ch_sims/Raw.zip::Raw/video_0042/0004.mp4,/root/autodl-tmp/data/datasets/ch_sims/label.csv#video_0042/0004,0.00,4.86,zh,medium,high,high,true,true
EAQ001299,CH-SIMS,train,CH-SIMS/video_0042/0005,/root/autodl-tmp/data/datasets/ch_sims/Raw.zip::Raw/video_0042/0005.mp4,/root/autodl-tmp/data/datasets/ch_sims/Raw.zip::Raw/video_0042/0005.mp4,/root/autodl-tmp/data/datasets/ch_sims/label.csv#video_0042/0005,0.00,2.29,zh,medium,high,high,true,true
EAQ001300,CH-SIMS,test,CH-SIMS/video_0042/0006,/root/autodl-tmp/data/datasets/ch_sims/Raw.zip::Raw/video_0042/0006.mp4,/root/autodl-tmp/data/datasets/ch_sims/Raw.zip::Raw/video_0042/0006.mp4,/root/autodl-tmp/data/datasets/ch_sims/label.csv#video_0042/0006,0.00,6.86,zh,medium,high,high,true,true
EAQ001301,CH-SIMS,train,CH-SIMS/video_0042/0007,/root/autodl-tmp/data/datasets/ch_sims/Raw.zip::Raw/video_0042/0007.mp4,/root/autodl-tmp/data/datasets/ch_sims/Raw.zip::Raw/video_0042/0007.mp4,/root/autodl-tmp/data/datasets/ch_sims/label.csv#video_0042/0007,0.00,1.14,zh,medium,high,high,true,true
EAQ001302,CH-SIMS,train,CH-SIMS/video_0042/0008,/root/autodl-tmp/data/datasets/ch_sims/Raw.zip::Raw/video_0042/0008.mp4,/root/autodl-tmp/data/datasets/ch_sims/Raw.zip::Raw/video_0042/0008.mp4,/root/autodl-tmp/data/datasets/ch_sims/label.csv#video_0042/0008,0.00,2.00,zh,medium,high,high,true,true
EAQ001303,CH-SIMS,train,CH-SIMS/video_0042/0009,/root/autodl-tmp/data/datasets/ch_sims/Raw.zip::Raw/video_0042/0009.mp4,/root/autodl-tmp/data/datasets/ch_sims/Raw.zip::Raw/video_0042/0009.mp4,/root/autodl-tmp/data/datasets/ch_sims/label.csv#video_0042/0009,0.00,2.00,zh,medium,high,high,true,true
EAQ001304,CH-SIMS,train,CH-SIMS/video_0042/0010,/root/autodl-tmp/data/datasets/ch_sims/Raw.zip::Raw/video_0042/0010.mp4,/root/autodl-tmp/data/datasets/ch_sims/Raw.zip::Raw/video_0042/0010.mp4,/root/autodl-tmp/data/datasets/ch_sims/label.csv#video_0042/0010,0.00,2.29,zh,medium,high,high,true,true
EAQ001305,CH-SIMS,test,CH-SIMS/video_0042/0011,/root/autodl-tmp/data/datasets/ch_sims/Raw.zip::Raw/video_0042/0011.mp4,/root/autodl-tmp/data/datasets/ch_sims/Raw.zip::Raw/video_0042/0011.mp4,/root/autodl-tmp/data/datasets/ch_sims/label.csv#video_0042/0011,0.00,6.00,zh,medium,high,high,true,true
EAQ001306,CH-SIMS,train,CH-SIMS/video_0042/0012,/root/autodl-tmp/data/datasets/ch_sims/Raw.zip::Raw/video_0042/0012.mp4,/root/autodl-tmp/data/datasets/ch_sims/Raw.zip::Raw/video_0042/0012.mp4,/root/autodl-tmp/data/datasets/ch_sims/label.csv#video_0042/0012,0.00,4.00,zh,medium,high,high,true,true
EAQ001307,CH-SIMS,validation,CH-SIMS/video_0042/0013,/root/autodl-tmp/data/datasets/ch_sims/Raw.zip::Raw/video_0042/0013.mp4,/root/autodl-tmp/data/datasets/ch_sims/Raw.zip::Raw/video_0042/0013.mp4,/root/autodl-tmp/data/datasets/ch_sims/label.csv#video_0042/0013,0.00,4.57,zh,medium,high,high,true,true
EAQ001308,CH-SIMS,train,CH-SIMS/video_0042/0014,/root/autodl-tmp/data/datasets/ch_sims/Raw.zip::Raw/video_0042/0014.mp4,/root/autodl-tmp/data/datasets/ch_sims/Raw.zip::Raw/video_0042/0014.mp4,/root/autodl-tmp/data/datasets/ch_sims/label.csv#video_0042/0014,0.00,2.57,zh,medium,high,high,true,true
EAQ001309,CH-SIMS,train,CH-SIMS/video_0042/0015,/root/autodl-tmp/data/datasets/ch_sims/Raw.zip::Raw/video_0042/0015.mp4,/root/autodl-tmp/data/datasets/ch_sims/Raw.zip::Raw/video_0042/0015.mp4,/root/autodl-tmp/data/datasets/ch_sims/label.csv#video_0042/0015,0.00,5.14,zh,medium,high,high,true,true
EAQ001310,CH-SIMS,validation,CH-SIMS/video_0042/0016,/root/autodl-tmp/data/datasets/ch_sims/Raw.zip::Raw/video_0042/0016.mp4,/root/autodl-tmp/data/datasets/ch_sims/Raw.zip::Raw/video_0042/0016.mp4,/root/autodl-tmp/data/datasets/ch_sims/label.csv#video_0042/0016,0.00,3.71,zh,medium,high,high,true,true
EAQ001311,CH-SIMS,train,CH-SIMS/video_0042/0017,/root/autodl-tmp/data/datasets/ch_sims/Raw.zip::Raw/video_0042/0017.mp4,/root/autodl-tmp/data/datasets/ch_sims/Raw.zip::Raw/video_0042/0017.mp4,/root/autodl-tmp/data/datasets/ch_sims/label.csv#video_0042/0017,0.00,3.14,zh,medium,high,high,true,true
EAQ001312,CH-SIMS,test,CH-SIMS/video_0042/0018,/root/autodl-tmp/data/datasets/ch_sims/Raw.zip::Raw/video_0042/0018.mp4,/root/autodl-tmp/data/datasets/ch_sims/Raw.zip::Raw/video_0042/0018.mp4,/root/autodl-tmp/data/datasets/ch_sims/label.csv#video_0042/0018,0.00,7.14,zh,medium,high,high,true,true
EAQ001313,CH-SIMS,validation,CH-SIMS/video_0042/0019,/root/autodl-tmp/data/datasets/ch_sims/Raw.zip::Raw/video_0042/0019.mp4,/root/autodl-tmp/data/datasets/ch_sims/Raw.zip::Raw/video_0042/0019.mp4,/root/autodl-tmp/data/datasets/ch_sims/label.csv#video_0042/0019,0.00,6.86,zh,medium,high,high,true,true
EAQ001314,CH-SIMS,train,CH-SIMS/video_0042/0020,/root/autodl-tmp/data/datasets/ch_sims/Raw.zip::Raw/video_0042/0020.mp4,/root/autodl-tmp/data/datasets/ch_sims/Raw.zip::Raw/video_0042/0020.mp4,/root/autodl-tmp/data/datasets/ch_sims/label.csv#video_0042/0020,0.00,4.29,zh,medium,high,high,true,true
EAQ001315,CH-SIMS,train,CH-SIMS/video_0043/0001,/root/autodl-tmp/data/datasets/ch_sims/Raw.zip::Raw/video_0043/0001.mp4,/root/autodl-tmp/data/datasets/ch_sims/Raw.zip::Raw/video_0043/0001.mp4,/root/autodl-tmp/data/datasets/ch_sims/label.csv#video_0043/0001,0.00,6.86,zh,medium,high,high,true,true
EAQ001316,CH-SIMS,train,CH-SIMS/video_0043/0002,/root/autodl-tmp/data/datasets/ch_sims/Raw.zip::Raw/video_0043/0002.mp4,/root/autodl-tmp/data/datasets/ch_sims/Raw.zip::Raw/video_0043/0002.mp4,/root/autodl-tmp/data/datasets/ch_sims/label.csv#video_0043/0002,0.00,8.57,zh,medium,high,high,true,true
EAQ001317,CH-SIMS,train,CH-SIMS/video_0043/0003,/root/autodl-tmp/data/datasets/ch_sims/Raw.zip::Raw/video_0043/0003.mp4,/root/autodl-tmp/data/datasets/ch_sims/Raw.zip::Raw/video_0043/0003.mp4,/root/autodl-tmp/data/datasets/ch_sims/label.csv#video_0043/0003,0.00,8.57,zh,medium,high,high,true,true
EAQ001318,CH-SIMS,test,CH-SIMS/video_0043/0004,/root/autodl-tmp/data/datasets/ch_sims/Raw.zip::Raw/video_0043/0004.mp4,/root/autodl-tmp/data/datasets/ch_sims/Raw.zip::Raw/video_0043/0004.mp4,/root/autodl-tmp/data/datasets/ch_sims/label.csv#video_0043/0004,0.00,6.57,zh,medium,high,high,true,true
EAQ001319,CH-SIMS,train,CH-SIMS/video_0043/0005,/root/autodl-tmp/data/datasets/ch_sims/Raw.zip::Raw/video_0043/0005.mp4,/root/autodl-tmp/data/datasets/ch_sims/Raw.zip::Raw/video_0043/0005.mp4,/root/autodl-tmp/data/datasets/ch_sims/label.csv#video_0043/0005,0.00,8.00,zh,medium,high,high,true,true
EAQ001320,CH-SIMS,train,CH-SIMS/video_0043/0006,/root/autodl-tmp/data/datasets/ch_sims/Raw.zip::Raw/video_0043/0006.mp4,/root/autodl-tmp/data/datasets/ch_sims/Raw.zip::Raw/video_0043/0006.mp4,/root/autodl-tmp/data/datasets/ch_sims/label.csv#video_0043/0006,0.00,8.00,zh,medium,high,high,true,true
EAQ001321,CH-SIMS,train,CH-SIMS/video_0043/0007,/root/autodl-tmp/data/datasets/ch_sims/Raw.zip::Raw/video_0043/0007.mp4,/root/autodl-tmp/data/datasets/ch_sims/Raw.zip::Raw/video_0043/0007.mp4,/root/autodl-tmp/data/datasets/ch_sims/label.csv#video_0043/0007,0.00,10.86,zh,medium,high,high,true,true
EAQ001322,CH-SIMS,train,CH-SIMS/video_0043/0008,/root/autodl-tmp/data/datasets/ch_sims/Raw.zip::Raw/video_0043/0008.mp4,/root/autodl-tmp/data/datasets/ch_sims/Raw.zip::Raw/video_0043/0008.mp4,/root/autodl-tmp/data/datasets/ch_sims/label.csv#video_0043/0008,0.00,7.71,zh,medium,high,high,true,true
EAQ001323,CH-SIMS,test,CH-SIMS/video_0043/0009,/root/autodl-tmp/data/datasets/ch_sims/Raw.zip::Raw/video_0043/0009.mp4,/root/autodl-tmp/data/datasets/ch_sims/Raw.zip::Raw/video_0043/0009.mp4,/root/autodl-tmp/data/datasets/ch_sims/label.csv#video_0043/0009,0.00,6.57,zh,medium,high,high,true,true
EAQ001324,CH-SIMS,test,CH-SIMS/video_0043/0010,/root/autodl-tmp/data/datasets/ch_sims/Raw.zip::Raw/video_0043/0010.mp4,/root/autodl-tmp/data/datasets/ch_sims/Raw.zip::Raw/video_0043/0010.mp4,/root/autodl-tmp/data/datasets/ch_sims/label.csv#video_0043/0010,0.00,7.71,zh,medium,high,high,true,true
EAQ001325,CH-SIMS,train,CH-SIMS/video_0043/0011,/root/autodl-tmp/data/datasets/ch_sims/Raw.zip::Raw/video_0043/0011.mp4,/root/autodl-tmp/data/datasets/ch_sims/Raw.zip::Raw/video_0043/0011.mp4,/root/autodl-tmp/data/datasets/ch_sims/label.csv#video_0043/0011,0.00,7.71,zh,medium,high,high,true,true
EAQ001326,CH-SIMS,train,CH-SIMS/video_0043/0012,/root/autodl-tmp/data/datasets/ch_sims/Raw.zip::Raw/video_0043/0012.mp4,/root/autodl-tmp/data/datasets/ch_sims/Raw.zip::Raw/video_0043/0012.mp4,/root/autodl-tmp/data/datasets/ch_sims/label.csv#video_0043/0012,0.00,1.71,zh,medium,high,high,true,true
EAQ001327,CH-SIMS,train,CH-SIMS/video_0043/0013,/root/autodl-tmp/data/datasets/ch_sims/Raw.zip::Raw/video_0043/0013.mp4,/root/autodl-tmp/data/datasets/ch_sims/Raw.zip::Raw/video_0043/0013.mp4,/root/autodl-tmp/data/datasets/ch_sims/label.csv#video_0043/0013,0.00,6.00,zh,medium,high,high,true,true
EAQ001328,CH-SIMS,train,CH-SIMS/video_0043/0014,/root/autodl-tmp/data/datasets/ch_sims/Raw.zip::Raw/video_0043/0014.mp4,/root/autodl-tmp/data/datasets/ch_sims/Raw.zip::Raw/video_0043/0014.mp4,/root/autodl-tmp/data/datasets/ch_sims/label.csv#video_0043/0014,0.00,4.86,zh,medium,high,high,true,true
EAQ001329,CH-SIMS,test,CH-SIMS/video_0043/0015,/root/autodl-tmp/data/datasets/ch_sims/Raw.zip::Raw/video_0043/0015.mp4,/root/autodl-tmp/data/datasets/ch_sims/Raw.zip::Raw/video_0043/0015.mp4,/root/autodl-tmp/data/datasets/ch_sims/label.csv#video_0043/0015,0.00,3.14,zh,medium,high,high,true,true
EAQ001330,CH-SIMS,train,CH-SIMS/video_0043/0016,/root/autodl-tmp/data/datasets/ch_sims/Raw.zip::Raw/video_0043/0016.mp4,/root/autodl-tmp/data/datasets/ch_sims/Raw.zip::Raw/video_0043/0016.mp4,/root/autodl-tmp/data/datasets/ch_sims/label.csv#video_0043/0016,0.00,6.57,zh,medium,high,high,true,true
EAQ001331,CH-SIMS,train,CH-SIMS/video_0043/0017,/root/autodl-tmp/data/datasets/ch_sims/Raw.zip::Raw/video_0043/0017.mp4,/root/autodl-tmp/data/datasets/ch_sims/Raw.zip::Raw/video_0043/0017.mp4,/root/autodl-tmp/data/datasets/ch_sims/label.csv#video_0043/0017,0.00,3.71,zh,medium,high,high,true,true
EAQ001332,CH-SIMS,train,CH-SIMS/video_0043/0018,/root/autodl-tmp/data/datasets/ch_sims/Raw.zip::Raw/video_0043/0018.mp4,/root/autodl-tmp/data/datasets/ch_sims/Raw.zip::Raw/video_0043/0018.mp4,/root/autodl-tmp/data/datasets/ch_sims/label.csv#video_0043/0018,0.00,10.57,zh,medium,high,high,true,true
EAQ001333,CH-SIMS,train,CH-SIMS/video_0043/0019,/root/autodl-tmp/data/datasets/ch_sims/Raw.zip::Raw/video_0043/0019.mp4,/root/autodl-tmp/data/datasets/ch_sims/Raw.zip::Raw/video_0043/0019.mp4,/root/autodl-tmp/data/datasets/ch_sims/label.csv#video_0043/0019,0.00,4.86,zh,medium,high,high,true,true
EAQ001334,CH-SIMS,train,CH-SIMS/video_0043/0020,/root/autodl-tmp/data/datasets/ch_sims/Raw.zip::Raw/video_0043/0020.mp4,/root/autodl-tmp/data/datasets/ch_sims/Raw.zip::Raw/video_0043/0020.mp4,/root/autodl-tmp/data/datasets/ch_sims/label.csv#video_0043/0020,0.00,3.14,zh,medium,high,high,true,true
EAQ001335,CH-SIMS,validation,CH-SIMS/video_0043/0021,/root/autodl-tmp/data/datasets/ch_sims/Raw.zip::Raw/video_0043/0021.mp4,/root/autodl-tmp/data/datasets/ch_sims/Raw.zip::Raw/video_0043/0021.mp4,/root/autodl-tmp/data/datasets/ch_sims/label.csv#video_0043/0021,0.00,3.14,zh,medium,high,high,true,true
EAQ001336,CH-SIMS,train,CH-SIMS/video_0043/0022,/root/autodl-tmp/data/datasets/ch_sims/Raw.zip::Raw/video_0043/0022.mp4,/root/autodl-tmp/data/datasets/ch_sims/Raw.zip::Raw/video_0043/0022.mp4,/root/autodl-tmp/data/datasets/ch_sims/label.csv#video_0043/0022,0.00,4.86,zh,medium,high,high,true,true
EAQ001337,CH-SIMS,validation,CH-SIMS/video_0043/0023,/root/autodl-tmp/data/datasets/ch_sims/Raw.zip::Raw/video_0043/0023.mp4,/root/autodl-tmp/data/datasets/ch_sims/Raw.zip::Raw/video_0043/0023.mp4,/root/autodl-tmp/data/datasets/ch_sims/label.csv#video_0043/0023,0.00,4.00,zh,medium,high,high,true,true
EAQ001338,CH-SIMS,train,CH-SIMS/video_0043/0024,/root/autodl-tmp/data/datasets/ch_sims/Raw.zip::Raw/video_0043/0024.mp4,/root/autodl-tmp/data/datasets/ch_sims/Raw.zip::Raw/video_0043/0024.mp4,/root/autodl-tmp/data/datasets/ch_sims/label.csv#video_0043/0024,0.00,6.57,zh,medium,high,high,true,true
EAQ001339,CH-SIMS,train,CH-SIMS/video_0043/0025,/root/autodl-tmp/data/datasets/ch_sims/Raw.zip::Raw/video_0043/0025.mp4,/root/autodl-tmp/data/datasets/ch_sims/Raw.zip::Raw/video_0043/0025.mp4,/root/autodl-tmp/data/datasets/ch_sims/label.csv#video_0043/0025,0.00,7.43,zh,medium,high,high,true,true
EAQ001340,CH-SIMS,test,CH-SIMS/video_0043/0026,/root/autodl-tmp/data/datasets/ch_sims/Raw.zip::Raw/video_0043/0026.mp4,/root/autodl-tmp/data/datasets/ch_sims/Raw.zip::Raw/video_0043/0026.mp4,/root/autodl-tmp/data/datasets/ch_sims/label.csv#video_0043/0026,0.00,2.86,zh,medium,high,high,true,true
EAQ001341,CH-SIMS,train,CH-SIMS/video_0043/0027,/root/autodl-tmp/data/datasets/ch_sims/Raw.zip::Raw/video_0043/0027.mp4,/root/autodl-tmp/data/datasets/ch_sims/Raw.zip::Raw/video_0043/0027.mp4,/root/autodl-tmp/data/datasets/ch_sims/label.csv#video_0043/0027,0.00,6.29,zh,medium,high,high,true,true
EAQ001342,CH-SIMS,test,CH-SIMS/video_0043/0028,/root/autodl-tmp/data/datasets/ch_sims/Raw.zip::Raw/video_0043/0028.mp4,/root/autodl-tmp/data/datasets/ch_sims/Raw.zip::Raw/video_0043/0028.mp4,/root/autodl-tmp/data/datasets/ch_sims/label.csv#video_0043/0028,0.00,4.00,zh,medium,high,high,true,true
EAQ001343,CH-SIMS,train,CH-SIMS/video_0043/0029,/root/autodl-tmp/data/datasets/ch_sims/Raw.zip::Raw/video_0043/0029.mp4,/root/autodl-tmp/data/datasets/ch_sims/Raw.zip::Raw/video_0043/0029.mp4,/root/autodl-tmp/data/datasets/ch_sims/label.csv#video_0043/0029,0.00,3.71,zh,medium,high,high,true,true
EAQ001344,CH-SIMS,test,CH-SIMS/video_0043/0030,/root/autodl-tmp/data/datasets/ch_sims/Raw.zip::Raw/video_0043/0030.mp4,/root/autodl-tmp/data/datasets/ch_sims/Raw.zip::Raw/video_0043/0030.mp4,/root/autodl-tmp/data/datasets/ch_sims/label.csv#video_0043/0030,0.00,8.00,zh,medium,high,high,true,true
EAQ001345,CH-SIMS,validation,CH-SIMS/video_0043/0031,/root/autodl-tmp/data/datasets/ch_sims/Raw.zip::Raw/video_0043/0031.mp4,/root/autodl-tmp/data/datasets/ch_sims/Raw.zip::Raw/video_0043/0031.mp4,/root/autodl-tmp/data/datasets/ch_sims/label.csv#video_0043/0031,0.00,4.86,zh,medium,high,high,true,true
EAQ001346,CH-SIMS,train,CH-SIMS/video_0043/0032,/root/autodl-tmp/data/datasets/ch_sims/Raw.zip::Raw/video_0043/0032.mp4,/root/autodl-tmp/data/datasets/ch_sims/Raw.zip::Raw/video_0043/0032.mp4,/root/autodl-tmp/data/datasets/ch_sims/label.csv#video_0043/0032,0.00,6.57,zh,medium,high,high,true,true
EAQ001347,CH-SIMS,test,CH-SIMS/video_0043/0033,/root/autodl-tmp/data/datasets/ch_sims/Raw.zip::Raw/video_0043/0033.mp4,/root/autodl-tmp/data/datasets/ch_sims/Raw.zip::Raw/video_0043/0033.mp4,/root/autodl-tmp/data/datasets/ch_sims/label.csv#video_0043/0033,0.00,7.43,zh,medium,high,high,true,true
EAQ001348,CH-SIMS,train,CH-SIMS/video_0043/0034,/root/autodl-tmp/data/datasets/ch_sims/Raw.zip::Raw/video_0043/0034.mp4,/root/autodl-tmp/data/datasets/ch_sims/Raw.zip::Raw/video_0043/0034.mp4,/root/autodl-tmp/data/datasets/ch_sims/label.csv#video_0043/0034,0.00,3.14,zh,medium,high,high,true,true
EAQ001349,CH-SIMS,train,CH-SIMS/video_0043/0035,/root/autodl-tmp/data/datasets/ch_sims/Raw.zip::Raw/video_0043/0035.mp4,/root/autodl-tmp/data/datasets/ch_sims/Raw.zip::Raw/video_0043/0035.mp4,/root/autodl-tmp/data/datasets/ch_sims/label.csv#video_0043/0035,0.00,8.29,zh,medium,high,high,true,true
EAQ001350,CH-SIMS,train,CH-SIMS/video_0043/0036,/root/autodl-tmp/data/datasets/ch_sims/Raw.zip::Raw/video_0043/0036.mp4,/root/autodl-tmp/data/datasets/ch_sims/Raw.zip::Raw/video_0043/0036.mp4,/root/autodl-tmp/data/datasets/ch_sims/label.csv#video_0043/0036,0.00,1.00,zh,medium,high,medium,true,true
EAQ001351,CH-SIMS,train,CH-SIMS/video_0043/0037,/root/autodl-tmp/data/datasets/ch_sims/Raw.zip::Raw/video_0043/0037.mp4,/root/autodl-tmp/data/datasets/ch_sims/Raw.zip::Raw/video_0043/0037.mp4,/root/autodl-tmp/data/datasets/ch_sims/label.csv#video_0043/0037,0.00,2.00,zh,medium,high,high,true,true
EAQ001352,CH-SIMS,train,CH-SIMS/video_0043/0038,/root/autodl-tmp/data/datasets/ch_sims/Raw.zip::Raw/video_0043/0038.mp4,/root/autodl-tmp/data/datasets/ch_sims/Raw.zip::Raw/video_0043/0038.mp4,/root/autodl-tmp/data/datasets/ch_sims/label.csv#video_0043/0038,0.00,4.00,zh,medium,high,high,true,true
EAQ001353,CH-SIMS,train,CH-SIMS/video_0043/0039,/root/autodl-tmp/data/datasets/ch_sims/Raw.zip::Raw/video_0043/0039.mp4,/root/autodl-tmp/data/datasets/ch_sims/Raw.zip::Raw/video_0043/0039.mp4,/root/autodl-tmp/data/datasets/ch_sims/label.csv#video_0043/0039,0.00,1.43,zh,medium,high,high,true,true
EAQ001354,CH-SIMS,train,CH-SIMS/video_0043/0040,/root/autodl-tmp/data/datasets/ch_sims/Raw.zip::Raw/video_0043/0040.mp4,/root/autodl-tmp/data/datasets/ch_sims/Raw.zip::Raw/video_0043/0040.mp4,/root/autodl-tmp/data/datasets/ch_sims/label.csv#video_0043/0040,0.00,3.14,zh,medium,high,high,true,true
EAQ001355,CH-SIMS,test,CH-SIMS/video_0043/0041,/root/autodl-tmp/data/datasets/ch_sims/Raw.zip::Raw/video_0043/0041.mp4,/root/autodl-tmp/data/datasets/ch_sims/Raw.zip::Raw/video_0043/0041.mp4,/root/autodl-tmp/data/datasets/ch_sims/label.csv#video_0043/0041,0.00,4.57,zh,medium,high,high,true,true
EAQ001356,CH-SIMS,train,CH-SIMS/video_0043/0042,/root/autodl-tmp/data/datasets/ch_sims/Raw.zip::Raw/video_0043/0042.mp4,/root/autodl-tmp/data/datasets/ch_sims/Raw.zip::Raw/video_0043/0042.mp4,/root/autodl-tmp/data/datasets/ch_sims/label.csv#video_0043/0042,0.00,6.00,zh,medium,high,high,true,true
EAQ001357,CH-SIMS,test,CH-SIMS/video_0043/0043,/root/autodl-tmp/data/datasets/ch_sims/Raw.zip::Raw/video_0043/0043.mp4,/root/autodl-tmp/data/datasets/ch_sims/Raw.zip::Raw/video_0043/0043.mp4,/root/autodl-tmp/data/datasets/ch_sims/label.csv#video_0043/0043,0.00,4.57,zh,medium,high,high,true,true
EAQ001358,CH-SIMS,validation,CH-SIMS/video_0043/0044,/root/autodl-tmp/data/datasets/ch_sims/Raw.zip::Raw/video_0043/0044.mp4,/root/autodl-tmp/data/datasets/ch_sims/Raw.zip::Raw/video_0043/0044.mp4,/root/autodl-tmp/data/datasets/ch_sims/label.csv#video_0043/0044,0.00,4.86,zh,medium,high,high,true,true
EAQ001359,CH-SIMS,train,CH-SIMS/video_0043/0045,/root/autodl-tmp/data/datasets/ch_sims/Raw.zip::Raw/video_0043/0045.mp4,/root/autodl-tmp/data/datasets/ch_sims/Raw.zip::Raw/video_0043/0045.mp4,/root/autodl-tmp/data/datasets/ch_sims/label.csv#video_0043/0045,0.00,6.29,zh,medium,high,high,true,true
EAQ001360,CH-SIMS,train,CH-SIMS/video_0043/0046,/root/autodl-tmp/data/datasets/ch_sims/Raw.zip::Raw/video_0043/0046.mp4,/root/autodl-tmp/data/datasets/ch_sims/Raw.zip::Raw/video_0043/0046.mp4,/root/autodl-tmp/data/datasets/ch_sims/label.csv#video_0043/0046,0.00,7.71,zh,medium,high,high,true,true
EAQ001361,CH-SIMS,validation,CH-SIMS/video_0043/0047,/root/autodl-tmp/data/datasets/ch_sims/Raw.zip::Raw/video_0043/0047.mp4,/root/autodl-tmp/data/datasets/ch_sims/Raw.zip::Raw/video_0043/0047.mp4,/root/autodl-tmp/data/datasets/ch_sims/label.csv#video_0043/0047,0.00,7.71,zh,medium,high,high,true,true
EAQ001362,CH-SIMS,test,CH-SIMS/video_0043/0048,/root/autodl-tmp/data/datasets/ch_sims/Raw.zip::Raw/video_0043/0048.mp4,/root/autodl-tmp/data/datasets/ch_sims/Raw.zip::Raw/video_0043/0048.mp4,/root/autodl-tmp/data/datasets/ch_sims/label.csv#video_0043/0048,0.00,3.71,zh,medium,high,high,true,true
EAQ001363,CH-SIMS,train,CH-SIMS/video_0043/0049,/root/autodl-tmp/data/datasets/ch_sims/Raw.zip::Raw/video_0043/0049.mp4,/root/autodl-tmp/data/datasets/ch_sims/Raw.zip::Raw/video_0043/0049.mp4,/root/autodl-tmp/data/datasets/ch_sims/label.csv#video_0043/0049,0.00,2.57,zh,medium,high,high,true,true
EAQ001364,CH-SIMS,train,CH-SIMS/video_0043/0050,/root/autodl-tmp/data/datasets/ch_sims/Raw.zip::Raw/video_0043/0050.mp4,/root/autodl-tmp/data/datasets/ch_sims/Raw.zip::Raw/video_0043/0050.mp4,/root/autodl-tmp/data/datasets/ch_sims/label.csv#video_0043/0050,0.00,9.71,zh,medium,high,high,true,true
EAQ001365,CH-SIMS,train,CH-SIMS/video_0043/0051,/root/autodl-tmp/data/datasets/ch_sims/Raw.zip::Raw/video_0043/0051.mp4,/root/autodl-tmp/data/datasets/ch_sims/Raw.zip::Raw/video_0043/0051.mp4,/root/autodl-tmp/data/datasets/ch_sims/label.csv#video_0043/0051,0.00,7.71,zh,medium,high,high,true,true
EAQ001366,CH-SIMS,test,CH-SIMS/video_0043/0052,/root/autodl-tmp/data/datasets/ch_sims/Raw.zip::Raw/video_0043/0052.mp4,/root/autodl-tmp/data/datasets/ch_sims/Raw.zip::Raw/video_0043/0052.mp4,/root/autodl-tmp/data/datasets/ch_sims/label.csv#video_0043/0052,0.00,7.14,zh,medium,high,high,true,true
EAQ001367,CH-SIMS,train,CH-SIMS/video_0043/0053,/root/autodl-tmp/data/datasets/ch_sims/Raw.zip::Raw/video_0043/0053.mp4,/root/autodl-tmp/data/datasets/ch_sims/Raw.zip::Raw/video_0043/0053.mp4,/root/autodl-tmp/data/datasets/ch_sims/label.csv#video_0043/0053,0.00,3.14,zh,medium,high,high,true,true
EAQ001368,CH-SIMS,validation,CH-SIMS/video_0043/0054,/root/autodl-tmp/data/datasets/ch_sims/Raw.zip::Raw/video_0043/0054.mp4,/root/autodl-tmp/data/datasets/ch_sims/Raw.zip::Raw/video_0043/0054.mp4,/root/autodl-tmp/data/datasets/ch_sims/label.csv#video_0043/0054,0.00,10.29,zh,medium,high,high,true,true
EAQ001369,CH-SIMS,test,CH-SIMS/video_0043/0055,/root/autodl-tmp/data/datasets/ch_sims/Raw.zip::Raw/video_0043/0055.mp4,/root/autodl-tmp/data/datasets/ch_sims/Raw.zip::Raw/video_0043/0055.mp4,/root/autodl-tmp/data/datasets/ch_sims/label.csv#video_0043/0055,0.00,3.14,zh,medium,high,high,true,true
EAQ001370,CH-SIMS,train,CH-SIMS/video_0043/0056,/root/autodl-tmp/data/datasets/ch_sims/Raw.zip::Raw/video_0043/0056.mp4,/root/autodl-tmp/data/datasets/ch_sims/Raw.zip::Raw/video_0043/0056.mp4,/root/autodl-tmp/data/datasets/ch_sims/label.csv#video_0043/0056,0.00,4.86,zh,medium,high,high,true,true
EAQ001371,CH-SIMS,test,CH-SIMS/video_0043/0057,/root/autodl-tmp/data/datasets/ch_sims/Raw.zip::Raw/video_0043/0057.mp4,/root/autodl-tmp/data/datasets/ch_sims/Raw.zip::Raw/video_0043/0057.mp4,/root/autodl-tmp/data/datasets/ch_sims/label.csv#video_0043/0057,0.00,4.29,zh,medium,high,high,true,true
EAQ001372,CH-SIMS,test,CH-SIMS/video_0043/0058,/root/autodl-tmp/data/datasets/ch_sims/Raw.zip::Raw/video_0043/0058.mp4,/root/autodl-tmp/data/datasets/ch_sims/Raw.zip::Raw/video_0043/0058.mp4,/root/autodl-tmp/data/datasets/ch_sims/label.csv#video_0043/0058,0.00,2.86,zh,medium,high,high,true,true
EAQ001373,CH-SIMS,train,CH-SIMS/video_0043/0059,/root/autodl-tmp/data/datasets/ch_sims/Raw.zip::Raw/video_0043/0059.mp4,/root/autodl-tmp/data/datasets/ch_sims/Raw.zip::Raw/video_0043/0059.mp4,/root/autodl-tmp/data/datasets/ch_sims/label.csv#video_0043/0059,0.00,2.00,zh,medium,high,high,true,true
EAQ001374,CH-SIMS,train,CH-SIMS/video_0043/0060,/root/autodl-tmp/data/datasets/ch_sims/Raw.zip::Raw/video_0043/0060.mp4,/root/autodl-tmp/data/datasets/ch_sims/Raw.zip::Raw/video_0043/0060.mp4,/root/autodl-tmp/data/datasets/ch_sims/label.csv#video_0043/0060,0.00,6.00,zh,medium,high,high,true,true
EAQ001375,CH-SIMS,train,CH-SIMS/video_0043/0061,/root/autodl-tmp/data/datasets/ch_sims/Raw.zip::Raw/video_0043/0061.mp4,/root/autodl-tmp/data/datasets/ch_sims/Raw.zip::Raw/video_0043/0061.mp4,/root/autodl-tmp/data/datasets/ch_sims/label.csv#video_0043/0061,0.00,5.14,zh,medium,high,high,true,true
EAQ001376,CH-SIMS,train,CH-SIMS/video_0043/0062,/root/autodl-tmp/data/datasets/ch_sims/Raw.zip::Raw/video_0043/0062.mp4,/root/autodl-tmp/data/datasets/ch_sims/Raw.zip::Raw/video_0043/0062.mp4,/root/autodl-tmp/data/datasets/ch_sims/label.csv#video_0043/0062,0.00,4.57,zh,medium,high,high,true,true
EAQ001377,CH-SIMS,train,CH-SIMS/video_0043/0063,/root/autodl-tmp/data/datasets/ch_sims/Raw.zip::Raw/video_0043/0063.mp4,/root/autodl-tmp/data/datasets/ch_sims/Raw.zip::Raw/video_0043/0063.mp4,/root/autodl-tmp/data/datasets/ch_sims/label.csv#video_0043/0063,0.00,3.14,zh,medium,high,high,true,true
EAQ001378,CH-SIMS,validation,CH-SIMS/video_0043/0064,/root/autodl-tmp/data/datasets/ch_sims/Raw.zip::Raw/video_0043/0064.mp4,/root/autodl-tmp/data/datasets/ch_sims/Raw.zip::Raw/video_0043/0064.mp4,/root/autodl-tmp/data/datasets/ch_sims/label.csv#video_0043/0064,0.00,5.43,zh,medium,high,high,true,true
EAQ001379,CH-SIMS,train,CH-SIMS/video_0044/0001,/root/autodl-tmp/data/datasets/ch_sims/Raw.zip::Raw/video_0044/0001.mp4,/root/autodl-tmp/data/datasets/ch_sims/Raw.zip::Raw/video_0044/0001.mp4,/root/autodl-tmp/data/datasets/ch_sims/label.csv#video_0044/0001,0.00,7.43,zh,medium,high,high,true,true
EAQ001380,CH-SIMS,train,CH-SIMS/video_0044/0002,/root/autodl-tmp/data/datasets/ch_sims/Raw.zip::Raw/video_0044/0002.mp4,/root/autodl-tmp/data/datasets/ch_sims/Raw.zip::Raw/video_0044/0002.mp4,/root/autodl-tmp/data/datasets/ch_sims/label.csv#video_0044/0002,0.00,5.43,zh,medium,high,high,true,true
EAQ001381,CH-SIMS,test,CH-SIMS/video_0044/0003,/root/autodl-tmp/data/datasets/ch_sims/Raw.zip::Raw/video_0044/0003.mp4,/root/autodl-tmp/data/datasets/ch_sims/Raw.zip::Raw/video_0044/0003.mp4,/root/autodl-tmp/data/datasets/ch_sims/label.csv#video_0044/0003,0.00,2.86,zh,medium,high,high,true,true
EAQ001382,CH-SIMS,validation,CH-SIMS/video_0044/0004,/root/autodl-tmp/data/datasets/ch_sims/Raw.zip::Raw/video_0044/0004.mp4,/root/autodl-tmp/data/datasets/ch_sims/Raw.zip::Raw/video_0044/0004.mp4,/root/autodl-tmp/data/datasets/ch_sims/label.csv#video_0044/0004,0.00,4.00,zh,medium,high,high,true,true
EAQ001383,CH-SIMS,train,CH-SIMS/video_0044/0005,/root/autodl-tmp/data/datasets/ch_sims/Raw.zip::Raw/video_0044/0005.mp4,/root/autodl-tmp/data/datasets/ch_sims/Raw.zip::Raw/video_0044/0005.mp4,/root/autodl-tmp/data/datasets/ch_sims/label.csv#video_0044/0005,0.00,6.86,zh,medium,high,high,true,true
EAQ001384,CH-SIMS,test,CH-SIMS/video_0044/0006,/root/autodl-tmp/data/datasets/ch_sims/Raw.zip::Raw/video_0044/0006.mp4,/root/autodl-tmp/data/datasets/ch_sims/Raw.zip::Raw/video_0044/0006.mp4,/root/autodl-tmp/data/datasets/ch_sims/label.csv#video_0044/0006,0.00,3.43,zh,medium,high,high,true,true
EAQ001385,CH-SIMS,train,CH-SIMS/video_0044/0007,/root/autodl-tmp/data/datasets/ch_sims/Raw.zip::Raw/video_0044/0007.mp4,/root/autodl-tmp/data/datasets/ch_sims/Raw.zip::Raw/video_0044/0007.mp4,/root/autodl-tmp/data/datasets/ch_sims/label.csv#video_0044/0007,0.00,8.29,zh,medium,high,high,true,true
EAQ001386,CH-SIMS,train,CH-SIMS/video_0044/0008,/root/autodl-tmp/data/datasets/ch_sims/Raw.zip::Raw/video_0044/0008.mp4,/root/autodl-tmp/data/datasets/ch_sims/Raw.zip::Raw/video_0044/0008.mp4,/root/autodl-tmp/data/datasets/ch_sims/label.csv#video_0044/0008,0.00,6.29,zh,medium,high,high,true,true
EAQ001387,CH-SIMS,train,CH-SIMS/video_0044/0009,/root/autodl-tmp/data/datasets/ch_sims/Raw.zip::Raw/video_0044/0009.mp4,/root/autodl-tmp/data/datasets/ch_sims/Raw.zip::Raw/video_0044/0009.mp4,/root/autodl-tmp/data/datasets/ch_sims/label.csv#video_0044/0009,0.00,3.71,zh,medium,high,high,true,true
EAQ001388,CH-SIMS,train,CH-SIMS/video_0044/0010,/root/autodl-tmp/data/datasets/ch_sims/Raw.zip::Raw/video_0044/0010.mp4,/root/autodl-tmp/data/datasets/ch_sims/Raw.zip::Raw/video_0044/0010.mp4,/root/autodl-tmp/data/datasets/ch_sims/label.csv#video_0044/0010,0.00,2.29,zh,medium,high,high,true,true
EAQ001389,CH-SIMS,test,CH-SIMS/video_0045/0001,/root/autodl-tmp/data/datasets/ch_sims/Raw.zip::Raw/video_0045/0001.mp4,/root/autodl-tmp/data/datasets/ch_sims/Raw.zip::Raw/video_0045/0001.mp4,/root/autodl-tmp/data/datasets/ch_sims/label.csv#video_0045/0001,0.00,4.57,zh,medium,high,high,true,true
EAQ001390,CH-SIMS,train,CH-SIMS/video_0045/0002,/root/autodl-tmp/data/datasets/ch_sims/Raw.zip::Raw/video_0045/0002.mp4,/root/autodl-tmp/data/datasets/ch_sims/Raw.zip::Raw/video_0045/0002.mp4,/root/autodl-tmp/data/datasets/ch_sims/label.csv#video_0045/0002,0.00,5.43,zh,medium,high,high,true,true
EAQ001391,CH-SIMS,train,CH-SIMS/video_0045/0003,/root/autodl-tmp/data/datasets/ch_sims/Raw.zip::Raw/video_0045/0003.mp4,/root/autodl-tmp/data/datasets/ch_sims/Raw.zip::Raw/video_0045/0003.mp4,/root/autodl-tmp/data/datasets/ch_sims/label.csv#video_0045/0003,0.00,5.43,zh,medium,high,high,true,true
EAQ001392,CH-SIMS,test,CH-SIMS/video_0045/0004,/root/autodl-tmp/data/datasets/ch_sims/Raw.zip::Raw/video_0045/0004.mp4,/root/autodl-tmp/data/datasets/ch_sims/Raw.zip::Raw/video_0045/0004.mp4,/root/autodl-tmp/data/datasets/ch_sims/label.csv#video_0045/0004,0.00,3.14,zh,medium,high,high,true,true
EAQ001393,CH-SIMS,train,CH-SIMS/video_0045/0005,/root/autodl-tmp/data/datasets/ch_sims/Raw.zip::Raw/video_0045/0005.mp4,/root/autodl-tmp/data/datasets/ch_sims/Raw.zip::Raw/video_0045/0005.mp4,/root/autodl-tmp/data/datasets/ch_sims/label.csv#video_0045/0005,0.00,1.71,zh,medium,high,high,true,true
EAQ001394,CH-SIMS,validation,CH-SIMS/video_0045/0006,/root/autodl-tmp/data/datasets/ch_sims/Raw.zip::Raw/video_0045/0006.mp4,/root/autodl-tmp/data/datasets/ch_sims/Raw.zip::Raw/video_0045/0006.mp4,/root/autodl-tmp/data/datasets/ch_sims/label.csv#video_0045/0006,0.00,3.43,zh,medium,high,high,true,true
EAQ001395,CH-SIMS,train,CH-SIMS/video_0045/0007,/root/autodl-tmp/data/datasets/ch_sims/Raw.zip::Raw/video_0045/0007.mp4,/root/autodl-tmp/data/datasets/ch_sims/Raw.zip::Raw/video_0045/0007.mp4,/root/autodl-tmp/data/datasets/ch_sims/label.csv#video_0045/0007,0.00,2.86,zh,medium,high,high,true,true
EAQ001396,CH-SIMS,train,CH-SIMS/video_0045/0008,/root/autodl-tmp/data/datasets/ch_sims/Raw.zip::Raw/video_0045/0008.mp4,/root/autodl-tmp/data/datasets/ch_sims/Raw.zip::Raw/video_0045/0008.mp4,/root/autodl-tmp/data/datasets/ch_sims/label.csv#video_0045/0008,0.00,1.71,zh,medium,high,high,true,true
EAQ001397,CH-SIMS,test,CH-SIMS/video_0045/0009,/root/autodl-tmp/data/datasets/ch_sims/Raw.zip::Raw/video_0045/0009.mp4,/root/autodl-tmp/data/datasets/ch_sims/Raw.zip::Raw/video_0045/0009.mp4,/root/autodl-tmp/data/datasets/ch_sims/label.csv#video_0045/0009,0.00,5.43,zh,medium,high,high,true,true
EAQ001398,CH-SIMS,train,CH-SIMS/video_0045/0010,/root/autodl-tmp/data/datasets/ch_sims/Raw.zip::Raw/video_0045/0010.mp4,/root/autodl-tmp/data/datasets/ch_sims/Raw.zip::Raw/video_0045/0010.mp4,/root/autodl-tmp/data/datasets/ch_sims/label.csv#video_0045/0010,0.00,6.29,zh,medium,high,high,true,true
EAQ001399,CH-SIMS,test,CH-SIMS/video_0045/0011,/root/autodl-tmp/data/datasets/ch_sims/Raw.zip::Raw/video_0045/0011.mp4,/root/autodl-tmp/data/datasets/ch_sims/Raw.zip::Raw/video_0045/0011.mp4,/root/autodl-tmp/data/datasets/ch_sims/label.csv#video_0045/0011,0.00,2.86,zh,medium,high,high,true,true
EAQ001400,CH-SIMS,train,CH-SIMS/video_0045/0012,/root/autodl-tmp/data/datasets/ch_sims/Raw.zip::Raw/video_0045/0012.mp4,/root/autodl-tmp/data/datasets/ch_sims/Raw.zip::Raw/video_0045/0012.mp4,/root/autodl-tmp/data/datasets/ch_sims/label.csv#video_0045/0012,0.00,5.43,zh,medium,high,high,true,true
EAQ001401,CH-SIMS,validation,CH-SIMS/video_0045/0013,/root/autodl-tmp/data/datasets/ch_sims/Raw.zip::Raw/video_0045/0013.mp4,/root/autodl-tmp/data/datasets/ch_sims/Raw.zip::Raw/video_0045/0013.mp4,/root/autodl-tmp/data/datasets/ch_sims/label.csv#video_0045/0013,0.00,3.71,zh,medium,high,high,true,true
EAQ001402,CH-SIMS,validation,CH-SIMS/video_0045/0014,/root/autodl-tmp/data/datasets/ch_sims/Raw.zip::Raw/video_0045/0014.mp4,/root/autodl-tmp/data/datasets/ch_sims/Raw.zip::Raw/video_0045/0014.mp4,/root/autodl-tmp/data/datasets/ch_sims/label.csv#video_0045/0014,0.00,8.29,zh,medium,high,high,true,true
EAQ001403,CH-SIMS,train,CH-SIMS/video_0045/0015,/root/autodl-tmp/data/datasets/ch_sims/Raw.zip::Raw/video_0045/0015.mp4,/root/autodl-tmp/data/datasets/ch_sims/Raw.zip::Raw/video_0045/0015.mp4,/root/autodl-tmp/data/datasets/ch_sims/label.csv#video_0045/0015,0.00,2.29,zh,medium,high,high,true,true
EAQ001404,CH-SIMS,train,CH-SIMS/video_0045/0016,/root/autodl-tmp/data/datasets/ch_sims/Raw.zip::Raw/video_0045/0016.mp4,/root/autodl-tmp/data/datasets/ch_sims/Raw.zip::Raw/video_0045/0016.mp4,/root/autodl-tmp/data/datasets/ch_sims/label.csv#video_0045/0016,0.00,7.71,zh,medium,high,high,true,true
EAQ001405,CH-SIMS,train,CH-SIMS/video_0045/0017,/root/autodl-tmp/data/datasets/ch_sims/Raw.zip::Raw/video_0045/0017.mp4,/root/autodl-tmp/data/datasets/ch_sims/Raw.zip::Raw/video_0045/0017.mp4,/root/autodl-tmp/data/datasets/ch_sims/label.csv#video_0045/0017,0.00,6.29,zh,medium,high,high,true,true
EAQ001406,CH-SIMS,train,CH-SIMS/video_0045/0018,/root/autodl-tmp/data/datasets/ch_sims/Raw.zip::Raw/video_0045/0018.mp4,/root/autodl-tmp/data/datasets/ch_sims/Raw.zip::Raw/video_0045/0018.mp4,/root/autodl-tmp/data/datasets/ch_sims/label.csv#video_0045/0018,0.00,9.14,zh,medium,high,high,true,true
EAQ001407,CH-SIMS,test,CH-SIMS/video_0045/0019,/root/autodl-tmp/data/datasets/ch_sims/Raw.zip::Raw/video_0045/0019.mp4,/root/autodl-tmp/data/datasets/ch_sims/Raw.zip::Raw/video_0045/0019.mp4,/root/autodl-tmp/data/datasets/ch_sims/label.csv#video_0045/0019,0.00,4.57,zh,medium,high,high,true,true
EAQ001408,CH-SIMS,train,CH-SIMS/video_0045/0020,/root/autodl-tmp/data/datasets/ch_sims/Raw.zip::Raw/video_0045/0020.mp4,/root/autodl-tmp/data/datasets/ch_sims/Raw.zip::Raw/video_0045/0020.mp4,/root/autodl-tmp/data/datasets/ch_sims/label.csv#video_0045/0020,0.00,7.14,zh,medium,high,high,true,true
EAQ001409,CH-SIMS,train,CH-SIMS/video_0045/0021,/root/autodl-tmp/data/datasets/ch_sims/Raw.zip::Raw/video_0045/0021.mp4,/root/autodl-tmp/data/datasets/ch_sims/Raw.zip::Raw/video_0045/0021.mp4,/root/autodl-tmp/data/datasets/ch_sims/label.csv#video_0045/0021,0.00,7.14,zh,medium,high,high,true,true
EAQ001410,CH-SIMS,test,CH-SIMS/video_0045/0022,/root/autodl-tmp/data/datasets/ch_sims/Raw.zip::Raw/video_0045/0022.mp4,/root/autodl-tmp/data/datasets/ch_sims/Raw.zip::Raw/video_0045/0022.mp4,/root/autodl-tmp/data/datasets/ch_sims/label.csv#video_0045/0022,0.00,7.71,zh,medium,high,high,true,true
EAQ001411,CH-SIMS,test,CH-SIMS/video_0045/0023,/root/autodl-tmp/data/datasets/ch_sims/Raw.zip::Raw/video_0045/0023.mp4,/root/autodl-tmp/data/datasets/ch_sims/Raw.zip::Raw/video_0045/0023.mp4,/root/autodl-tmp/data/datasets/ch_sims/label.csv#video_0045/0023,0.00,4.29,zh,medium,high,high,true,true
EAQ001412,CH-SIMS,train,CH-SIMS/video_0045/0024,/root/autodl-tmp/data/datasets/ch_sims/Raw.zip::Raw/video_0045/0024.mp4,/root/autodl-tmp/data/datasets/ch_sims/Raw.zip::Raw/video_0045/0024.mp4,/root/autodl-tmp/data/datasets/ch_sims/label.csv#video_0045/0024,0.00,3.14,zh,medium,high,high,true,true
EAQ001413,CH-SIMS,train,CH-SIMS/video_0045/0025,/root/autodl-tmp/data/datasets/ch_sims/Raw.zip::Raw/video_0045/0025.mp4,/root/autodl-tmp/data/datasets/ch_sims/Raw.zip::Raw/video_0045/0025.mp4,/root/autodl-tmp/data/datasets/ch_sims/label.csv#video_0045/0025,0.00,4.86,zh,medium,high,high,true,true
EAQ001414,CH-SIMS,train,CH-SIMS/video_0045/0026,/root/autodl-tmp/data/datasets/ch_sims/Raw.zip::Raw/video_0045/0026.mp4,/root/autodl-tmp/data/datasets/ch_sims/Raw.zip::Raw/video_0045/0026.mp4,/root/autodl-tmp/data/datasets/ch_sims/label.csv#video_0045/0026,0.00,4.29,zh,medium,high,high,true,true
EAQ001415,CH-SIMS,train,CH-SIMS/video_0045/0027,/root/autodl-tmp/data/datasets/ch_sims/Raw.zip::Raw/video_0045/0027.mp4,/root/autodl-tmp/data/datasets/ch_sims/Raw.zip::Raw/video_0045/0027.mp4,/root/autodl-tmp/data/datasets/ch_sims/label.csv#video_0045/0027,0.00,3.43,zh,medium,high,high,true,true
EAQ001416,CH-SIMS,validation,CH-SIMS/video_0045/0028,/root/autodl-tmp/data/datasets/ch_sims/Raw.zip::Raw/video_0045/0028.mp4,/root/autodl-tmp/data/datasets/ch_sims/Raw.zip::Raw/video_0045/0028.mp4,/root/autodl-tmp/data/datasets/ch_sims/label.csv#video_0045/0028,0.00,6.57,zh,medium,high,high,true,true
EAQ001417,CH-SIMS,validation,CH-SIMS/video_0045/0029,/root/autodl-tmp/data/datasets/ch_sims/Raw.zip::Raw/video_0045/0029.mp4,/root/autodl-tmp/data/datasets/ch_sims/Raw.zip::Raw/video_0045/0029.mp4,/root/autodl-tmp/data/datasets/ch_sims/label.csv#video_0045/0029,0.00,1.14,zh,medium,high,high,true,true
EAQ001418,CH-SIMS,train,CH-SIMS/video_0045/0030,/root/autodl-tmp/data/datasets/ch_sims/Raw.zip::Raw/video_0045/0030.mp4,/root/autodl-tmp/data/datasets/ch_sims/Raw.zip::Raw/video_0045/0030.mp4,/root/autodl-tmp/data/datasets/ch_sims/label.csv#video_0045/0030,0.00,6.57,zh,medium,high,high,true,true
EAQ001419,CH-SIMS,validation,CH-SIMS/video_0045/0031,/root/autodl-tmp/data/datasets/ch_sims/Raw.zip::Raw/video_0045/0031.mp4,/root/autodl-tmp/data/datasets/ch_sims/Raw.zip::Raw/video_0045/0031.mp4,/root/autodl-tmp/data/datasets/ch_sims/label.csv#video_0045/0031,0.00,5.14,zh,medium,high,high,true,true
EAQ001420,CH-SIMS,validation,CH-SIMS/video_0045/0032,/root/autodl-tmp/data/datasets/ch_sims/Raw.zip::Raw/video_0045/0032.mp4,/root/autodl-tmp/data/datasets/ch_sims/Raw.zip::Raw/video_0045/0032.mp4,/root/autodl-tmp/data/datasets/ch_sims/label.csv#video_0045/0032,0.00,6.86,zh,medium,high,high,true,true
EAQ001421,CH-SIMS,train,CH-SIMS/video_0045/0033,/root/autodl-tmp/data/datasets/ch_sims/Raw.zip::Raw/video_0045/0033.mp4,/root/autodl-tmp/data/datasets/ch_sims/Raw.zip::Raw/video_0045/0033.mp4,/root/autodl-tmp/data/datasets/ch_sims/label.csv#video_0045/0033,0.00,4.29,zh,medium,high,high,true,true
EAQ001422,CH-SIMS,train,CH-SIMS/video_0045/0034,/root/autodl-tmp/data/datasets/ch_sims/Raw.zip::Raw/video_0045/0034.mp4,/root/autodl-tmp/data/datasets/ch_sims/Raw.zip::Raw/video_0045/0034.mp4,/root/autodl-tmp/data/datasets/ch_sims/label.csv#video_0045/0034,0.00,7.14,zh,medium,high,high,true,true
EAQ001423,CH-SIMS,train,CH-SIMS/video_0045/0035,/root/autodl-tmp/data/datasets/ch_sims/Raw.zip::Raw/video_0045/0035.mp4,/root/autodl-tmp/data/datasets/ch_sims/Raw.zip::Raw/video_0045/0035.mp4,/root/autodl-tmp/data/datasets/ch_sims/label.csv#video_0045/0035,0.00,3.14,zh,medium,high,high,true,true
EAQ001424,CH-SIMS,train,CH-SIMS/video_0045/0036,/root/autodl-tmp/data/datasets/ch_sims/Raw.zip::Raw/video_0045/0036.mp4,/root/autodl-tmp/data/datasets/ch_sims/Raw.zip::Raw/video_0045/0036.mp4,/root/autodl-tmp/data/datasets/ch_sims/label.csv#video_0045/0036,0.00,6.29,zh,medium,high,high,true,true
EAQ001425,CH-SIMS,validation,CH-SIMS/video_0045/0037,/root/autodl-tmp/data/datasets/ch_sims/Raw.zip::Raw/video_0045/0037.mp4,/root/autodl-tmp/data/datasets/ch_sims/Raw.zip::Raw/video_0045/0037.mp4,/root/autodl-tmp/data/datasets/ch_sims/label.csv#video_0045/0037,0.00,4.57,zh,medium,high,high,true,true
EAQ001426,CH-SIMS,validation,CH-SIMS/video_0045/0038,/root/autodl-tmp/data/datasets/ch_sims/Raw.zip::Raw/video_0045/0038.mp4,/root/autodl-tmp/data/datasets/ch_sims/Raw.zip::Raw/video_0045/0038.mp4,/root/autodl-tmp/data/datasets/ch_sims/label.csv#video_0045/0038,0.00,2.86,zh,medium,high,high,true,true
EAQ001427,CH-SIMS,train,CH-SIMS/video_0045/0039,/root/autodl-tmp/data/datasets/ch_sims/Raw.zip::Raw/video_0045/0039.mp4,/root/autodl-tmp/data/datasets/ch_sims/Raw.zip::Raw/video_0045/0039.mp4,/root/autodl-tmp/data/datasets/ch_sims/label.csv#video_0045/0039,0.00,9.43,zh,medium,high,high,true,true
EAQ001428,CH-SIMS,test,CH-SIMS/video_0045/0040,/root/autodl-tmp/data/datasets/ch_sims/Raw.zip::Raw/video_0045/0040.mp4,/root/autodl-tmp/data/datasets/ch_sims/Raw.zip::Raw/video_0045/0040.mp4,/root/autodl-tmp/data/datasets/ch_sims/label.csv#video_0045/0040,0.00,2.29,zh,medium,high,high,true,true
EAQ001429,CH-SIMS,test,CH-SIMS/video_0045/0041,/root/autodl-tmp/data/datasets/ch_sims/Raw.zip::Raw/video_0045/0041.mp4,/root/autodl-tmp/data/datasets/ch_sims/Raw.zip::Raw/video_0045/0041.mp4,/root/autodl-tmp/data/datasets/ch_sims/label.csv#video_0045/0041,0.00,5.14,zh,medium,high,high,true,true
EAQ001430,CH-SIMS,train,CH-SIMS/video_0045/0042,/root/autodl-tmp/data/datasets/ch_sims/Raw.zip::Raw/video_0045/0042.mp4,/root/autodl-tmp/data/datasets/ch_sims/Raw.zip::Raw/video_0045/0042.mp4,/root/autodl-tmp/data/datasets/ch_sims/label.csv#video_0045/0042,0.00,7.71,zh,medium,high,high,true,true
EAQ001431,CH-SIMS,train,CH-SIMS/video_0045/0043,/root/autodl-tmp/data/datasets/ch_sims/Raw.zip::Raw/video_0045/0043.mp4,/root/autodl-tmp/data/datasets/ch_sims/Raw.zip::Raw/video_0045/0043.mp4,/root/autodl-tmp/data/datasets/ch_sims/label.csv#video_0045/0043,0.00,8.29,zh,medium,high,high,true,true
EAQ001432,CH-SIMS,test,CH-SIMS/video_0045/0044,/root/autodl-tmp/data/datasets/ch_sims/Raw.zip::Raw/video_0045/0044.mp4,/root/autodl-tmp/data/datasets/ch_sims/Raw.zip::Raw/video_0045/0044.mp4,/root/autodl-tmp/data/datasets/ch_sims/label.csv#video_0045/0044,0.00,3.71,zh,medium,high,high,true,true
EAQ001433,CH-SIMS,test,CH-SIMS/video_0045/0045,/root/autodl-tmp/data/datasets/ch_sims/Raw.zip::Raw/video_0045/0045.mp4,/root/autodl-tmp/data/datasets/ch_sims/Raw.zip::Raw/video_0045/0045.mp4,/root/autodl-tmp/data/datasets/ch_sims/label.csv#video_0045/0045,0.00,8.86,zh,medium,high,high,true,true
EAQ001434,CH-SIMS,validation,CH-SIMS/video_0045/0046,/root/autodl-tmp/data/datasets/ch_sims/Raw.zip::Raw/video_0045/0046.mp4,/root/autodl-tmp/data/datasets/ch_sims/Raw.zip::Raw/video_0045/0046.mp4,/root/autodl-tmp/data/datasets/ch_sims/label.csv#video_0045/0046,0.00,10.57,zh,medium,high,high,true,true
EAQ001435,CH-SIMS,test,CH-SIMS/video_0045/0047,/root/autodl-tmp/data/datasets/ch_sims/Raw.zip::Raw/video_0045/0047.mp4,/root/autodl-tmp/data/datasets/ch_sims/Raw.zip::Raw/video_0045/0047.mp4,/root/autodl-tmp/data/datasets/ch_sims/label.csv#video_0045/0047,0.00,7.71,zh,medium,high,high,true,true
EAQ001436,CH-SIMS,train,CH-SIMS/video_0045/0048,/root/autodl-tmp/data/datasets/ch_sims/Raw.zip::Raw/video_0045/0048.mp4,/root/autodl-tmp/data/datasets/ch_sims/Raw.zip::Raw/video_0045/0048.mp4,/root/autodl-tmp/data/datasets/ch_sims/label.csv#video_0045/0048,0.00,4.57,zh,medium,high,high,true,true
EAQ001437,CH-SIMS,train,CH-SIMS/video_0045/0049,/root/autodl-tmp/data/datasets/ch_sims/Raw.zip::Raw/video_0045/0049.mp4,/root/autodl-tmp/data/datasets/ch_sims/Raw.zip::Raw/video_0045/0049.mp4,/root/autodl-tmp/data/datasets/ch_sims/label.csv#video_0045/0049,0.00,4.86,zh,medium,high,high,true,true
EAQ001438,CH-SIMS,train,CH-SIMS/video_0045/0050,/root/autodl-tmp/data/datasets/ch_sims/Raw.zip::Raw/video_0045/0050.mp4,/root/autodl-tmp/data/datasets/ch_sims/Raw.zip::Raw/video_0045/0050.mp4,/root/autodl-tmp/data/datasets/ch_sims/label.csv#video_0045/0050,0.00,6.57,zh,medium,high,high,true,true
EAQ001439,CH-SIMS,test,CH-SIMS/video_0045/0051,/root/autodl-tmp/data/datasets/ch_sims/Raw.zip::Raw/video_0045/0051.mp4,/root/autodl-tmp/data/datasets/ch_sims/Raw.zip::Raw/video_0045/0051.mp4,/root/autodl-tmp/data/datasets/ch_sims/label.csv#video_0045/0051,0.00,2.57,zh,medium,high,high,true,true
EAQ001440,CH-SIMS,train,CH-SIMS/video_0045/0052,/root/autodl-tmp/data/datasets/ch_sims/Raw.zip::Raw/video_0045/0052.mp4,/root/autodl-tmp/data/datasets/ch_sims/Raw.zip::Raw/video_0045/0052.mp4,/root/autodl-tmp/data/datasets/ch_sims/label.csv#video_0045/0052,0.00,9.43,zh,medium,high,high,true,true
EAQ001441,CH-SIMS,train,CH-SIMS/video_0045/0053,/root/autodl-tmp/data/datasets/ch_sims/Raw.zip::Raw/video_0045/0053.mp4,/root/autodl-tmp/data/datasets/ch_sims/Raw.zip::Raw/video_0045/0053.mp4,/root/autodl-tmp/data/datasets/ch_sims/label.csv#video_0045/0053,0.00,4.57,zh,medium,high,high,true,true
EAQ001442,CH-SIMS,train,CH-SIMS/video_0045/0054,/root/autodl-tmp/data/datasets/ch_sims/Raw.zip::Raw/video_0045/0054.mp4,/root/autodl-tmp/data/datasets/ch_sims/Raw.zip::Raw/video_0045/0054.mp4,/root/autodl-tmp/data/datasets/ch_sims/label.csv#video_0045/0054,0.00,6.86,zh,medium,high,high,true,true
EAQ001443,CH-SIMS,train,CH-SIMS/video_0045/0055,/root/autodl-tmp/data/datasets/ch_sims/Raw.zip::Raw/video_0045/0055.mp4,/root/autodl-tmp/data/datasets/ch_sims/Raw.zip::Raw/video_0045/0055.mp4,/root/autodl-tmp/data/datasets/ch_sims/label.csv#video_0045/0055,0.00,6.29,zh,medium,high,high,true,true
EAQ001444,CH-SIMS,train,CH-SIMS/video_0045/0056,/root/autodl-tmp/data/datasets/ch_sims/Raw.zip::Raw/video_0045/0056.mp4,/root/autodl-tmp/data/datasets/ch_sims/Raw.zip::Raw/video_0045/0056.mp4,/root/autodl-tmp/data/datasets/ch_sims/label.csv#video_0045/0056,0.00,4.29,zh,medium,high,high,true,true
EAQ001445,CH-SIMS,test,CH-SIMS/video_0045/0057,/root/autodl-tmp/data/datasets/ch_sims/Raw.zip::Raw/video_0045/0057.mp4,/root/autodl-tmp/data/datasets/ch_sims/Raw.zip::Raw/video_0045/0057.mp4,/root/autodl-tmp/data/datasets/ch_sims/label.csv#video_0045/0057,0.00,4.29,zh,medium,high,high,true,true
EAQ001446,CH-SIMS,train,CH-SIMS/video_0045/0058,/root/autodl-tmp/data/datasets/ch_sims/Raw.zip::Raw/video_0045/0058.mp4,/root/autodl-tmp/data/datasets/ch_sims/Raw.zip::Raw/video_0045/0058.mp4,/root/autodl-tmp/data/datasets/ch_sims/label.csv#video_0045/0058,0.00,9.71,zh,medium,high,high,true,true
EAQ001447,CH-SIMS,test,CH-SIMS/video_0045/0059,/root/autodl-tmp/data/datasets/ch_sims/Raw.zip::Raw/video_0045/0059.mp4,/root/autodl-tmp/data/datasets/ch_sims/Raw.zip::Raw/video_0045/0059.mp4,/root/autodl-tmp/data/datasets/ch_sims/label.csv#video_0045/0059,0.00,2.57,zh,medium,high,high,true,true
EAQ001448,CH-SIMS,train,CH-SIMS/video_0045/0060,/root/autodl-tmp/data/datasets/ch_sims/Raw.zip::Raw/video_0045/0060.mp4,/root/autodl-tmp/data/datasets/ch_sims/Raw.zip::Raw/video_0045/0060.mp4,/root/autodl-tmp/data/datasets/ch_sims/label.csv#video_0045/0060,0.00,5.71,zh,medium,high,high,true,true
EAQ001449,CH-SIMS,test,CH-SIMS/video_0045/0061,/root/autodl-tmp/data/datasets/ch_sims/Raw.zip::Raw/video_0045/0061.mp4,/root/autodl-tmp/data/datasets/ch_sims/Raw.zip::Raw/video_0045/0061.mp4,/root/autodl-tmp/data/datasets/ch_sims/label.csv#video_0045/0061,0.00,8.86,zh,medium,high,high,true,true
EAQ001450,CH-SIMS,train,CH-SIMS/video_0045/0062,/root/autodl-tmp/data/datasets/ch_sims/Raw.zip::Raw/video_0045/0062.mp4,/root/autodl-tmp/data/datasets/ch_sims/Raw.zip::Raw/video_0045/0062.mp4,/root/autodl-tmp/data/datasets/ch_sims/label.csv#video_0045/0062,0.00,2.57,zh,medium,high,high,true,true
EAQ001451,CH-SIMS,train,CH-SIMS/video_0045/0063,/root/autodl-tmp/data/datasets/ch_sims/Raw.zip::Raw/video_0045/0063.mp4,/root/autodl-tmp/data/datasets/ch_sims/Raw.zip::Raw/video_0045/0063.mp4,/root/autodl-tmp/data/datasets/ch_sims/label.csv#video_0045/0063,0.00,4.86,zh,medium,high,high,true,true
EAQ001452,CH-SIMS,validation,CH-SIMS/video_0045/0064,/root/autodl-tmp/data/datasets/ch_sims/Raw.zip::Raw/video_0045/0064.mp4,/root/autodl-tmp/data/datasets/ch_sims/Raw.zip::Raw/video_0045/0064.mp4,/root/autodl-tmp/data/datasets/ch_sims/label.csv#video_0045/0064,0.00,8.29,zh,medium,high,high,true,true
EAQ001453,CH-SIMS,train,CH-SIMS/video_0045/0065,/root/autodl-tmp/data/datasets/ch_sims/Raw.zip::Raw/video_0045/0065.mp4,/root/autodl-tmp/data/datasets/ch_sims/Raw.zip::Raw/video_0045/0065.mp4,/root/autodl-tmp/data/datasets/ch_sims/label.csv#video_0045/0065,0.00,3.71,zh,medium,high,high,true,true
EAQ001454,CH-SIMS,validation,CH-SIMS/video_0045/0066,/root/autodl-tmp/data/datasets/ch_sims/Raw.zip::Raw/video_0045/0066.mp4,/root/autodl-tmp/data/datasets/ch_sims/Raw.zip::Raw/video_0045/0066.mp4,/root/autodl-tmp/data/datasets/ch_sims/label.csv#video_0045/0066,0.00,9.14,zh,medium,high,high,true,true
EAQ001455,CH-SIMS,train,CH-SIMS/video_0045/0067,/root/autodl-tmp/data/datasets/ch_sims/Raw.zip::Raw/video_0045/0067.mp4,/root/autodl-tmp/data/datasets/ch_sims/Raw.zip::Raw/video_0045/0067.mp4,/root/autodl-tmp/data/datasets/ch_sims/label.csv#video_0045/0067,0.00,7.14,zh,medium,high,high,true,true
EAQ001456,CH-SIMS,test,CH-SIMS/video_0045/0068,/root/autodl-tmp/data/datasets/ch_sims/Raw.zip::Raw/video_0045/0068.mp4,/root/autodl-tmp/data/datasets/ch_sims/Raw.zip::Raw/video_0045/0068.mp4,/root/autodl-tmp/data/datasets/ch_sims/label.csv#video_0045/0068,0.00,6.00,zh,medium,high,high,true,true
EAQ001457,CH-SIMS,train,CH-SIMS/video_0045/0069,/root/autodl-tmp/data/datasets/ch_sims/Raw.zip::Raw/video_0045/0069.mp4,/root/autodl-tmp/data/datasets/ch_sims/Raw.zip::Raw/video_0045/0069.mp4,/root/autodl-tmp/data/datasets/ch_sims/label.csv#video_0045/0069,0.00,3.14,zh,medium,high,high,true,true
EAQ001458,CH-SIMS,validation,CH-SIMS/video_0045/0070,/root/autodl-tmp/data/datasets/ch_sims/Raw.zip::Raw/video_0045/0070.mp4,/root/autodl-tmp/data/datasets/ch_sims/Raw.zip::Raw/video_0045/0070.mp4,/root/autodl-tmp/data/datasets/ch_sims/label.csv#video_0045/0070,0.00,8.29,zh,medium,high,high,true,true
EAQ001459,CH-SIMS,train,CH-SIMS/video_0045/0071,/root/autodl-tmp/data/datasets/ch_sims/Raw.zip::Raw/video_0045/0071.mp4,/root/autodl-tmp/data/datasets/ch_sims/Raw.zip::Raw/video_0045/0071.mp4,/root/autodl-tmp/data/datasets/ch_sims/label.csv#video_0045/0071,0.00,8.29,zh,medium,high,high,true,true
EAQ001460,CH-SIMS,train,CH-SIMS/video_0045/0072,/root/autodl-tmp/data/datasets/ch_sims/Raw.zip::Raw/video_0045/0072.mp4,/root/autodl-tmp/data/datasets/ch_sims/Raw.zip::Raw/video_0045/0072.mp4,/root/autodl-tmp/data/datasets/ch_sims/label.csv#video_0045/0072,0.00,8.29,zh,medium,high,high,true,true
EAQ001461,CH-SIMS,train,CH-SIMS/video_0045/0073,/root/autodl-tmp/data/datasets/ch_sims/Raw.zip::Raw/video_0045/0073.mp4,/root/autodl-tmp/data/datasets/ch_sims/Raw.zip::Raw/video_0045/0073.mp4,/root/autodl-tmp/data/datasets/ch_sims/label.csv#video_0045/0073,0.00,4.86,zh,medium,high,high,true,true
EAQ001462,CH-SIMS,test,CH-SIMS/video_0045/0074,/root/autodl-tmp/data/datasets/ch_sims/Raw.zip::Raw/video_0045/0074.mp4,/root/autodl-tmp/data/datasets/ch_sims/Raw.zip::Raw/video_0045/0074.mp4,/root/autodl-tmp/data/datasets/ch_sims/label.csv#video_0045/0074,0.00,8.29,zh,medium,high,high,true,true
EAQ001463,CH-SIMS,train,CH-SIMS/video_0045/0075,/root/autodl-tmp/data/datasets/ch_sims/Raw.zip::Raw/video_0045/0075.mp4,/root/autodl-tmp/data/datasets/ch_sims/Raw.zip::Raw/video_0045/0075.mp4,/root/autodl-tmp/data/datasets/ch_sims/label.csv#video_0045/0075,0.00,6.00,zh,medium,high,high,true,true
EAQ001464,CH-SIMS,test,CH-SIMS/video_0045/0076,/root/autodl-tmp/data/datasets/ch_sims/Raw.zip::Raw/video_0045/0076.mp4,/root/autodl-tmp/data/datasets/ch_sims/Raw.zip::Raw/video_0045/0076.mp4,/root/autodl-tmp/data/datasets/ch_sims/label.csv#video_0045/0076,0.00,9.14,zh,medium,high,high,true,true
EAQ001465,CH-SIMS,train,CH-SIMS/video_0045/0077,/root/autodl-tmp/data/datasets/ch_sims/Raw.zip::Raw/video_0045/0077.mp4,/root/autodl-tmp/data/datasets/ch_sims/Raw.zip::Raw/video_0045/0077.mp4,/root/autodl-tmp/data/datasets/ch_sims/label.csv#video_0045/0077,0.00,3.43,zh,medium,high,high,true,true
EAQ001466,CH-SIMS,validation,CH-SIMS/video_0045/0078,/root/autodl-tmp/data/datasets/ch_sims/Raw.zip::Raw/video_0045/0078.mp4,/root/autodl-tmp/data/datasets/ch_sims/Raw.zip::Raw/video_0045/0078.mp4,/root/autodl-tmp/data/datasets/ch_sims/label.csv#video_0045/0078,0.00,7.14,zh,medium,high,high,true,true
EAQ001467,CH-SIMS,train,CH-SIMS/video_0045/0079,/root/autodl-tmp/data/datasets/ch_sims/Raw.zip::Raw/video_0045/0079.mp4,/root/autodl-tmp/data/datasets/ch_sims/Raw.zip::Raw/video_0045/0079.mp4,/root/autodl-tmp/data/datasets/ch_sims/label.csv#video_0045/0079,0.00,11.14,zh,medium,high,high,true,true
EAQ001468,CH-SIMS,test,CH-SIMS/video_0045/0080,/root/autodl-tmp/data/datasets/ch_sims/Raw.zip::Raw/video_0045/0080.mp4,/root/autodl-tmp/data/datasets/ch_sims/Raw.zip::Raw/video_0045/0080.mp4,/root/autodl-tmp/data/datasets/ch_sims/label.csv#video_0045/0080,0.00,7.14,zh,medium,high,high,true,true
EAQ001469,CH-SIMS,train,CH-SIMS/video_0045/0081,/root/autodl-tmp/data/datasets/ch_sims/Raw.zip::Raw/video_0045/0081.mp4,/root/autodl-tmp/data/datasets/ch_sims/Raw.zip::Raw/video_0045/0081.mp4,/root/autodl-tmp/data/datasets/ch_sims/label.csv#video_0045/0081,0.00,4.57,zh,medium,high,high,true,true
EAQ001470,CH-SIMS,validation,CH-SIMS/video_0045/0082,/root/autodl-tmp/data/datasets/ch_sims/Raw.zip::Raw/video_0045/0082.mp4,/root/autodl-tmp/data/datasets/ch_sims/Raw.zip::Raw/video_0045/0082.mp4,/root/autodl-tmp/data/datasets/ch_sims/label.csv#video_0045/0082,0.00,4.00,zh,medium,high,high,true,true
EAQ001471,CH-SIMS,train,CH-SIMS/video_0045/0083,/root/autodl-tmp/data/datasets/ch_sims/Raw.zip::Raw/video_0045/0083.mp4,/root/autodl-tmp/data/datasets/ch_sims/Raw.zip::Raw/video_0045/0083.mp4,/root/autodl-tmp/data/datasets/ch_sims/label.csv#video_0045/0083,0.00,3.14,zh,medium,high,high,true,true
EAQ001472,CH-SIMS,train,CH-SIMS/video_0045/0084,/root/autodl-tmp/data/datasets/ch_sims/Raw.zip::Raw/video_0045/0084.mp4,/root/autodl-tmp/data/datasets/ch_sims/Raw.zip::Raw/video_0045/0084.mp4,/root/autodl-tmp/data/datasets/ch_sims/label.csv#video_0045/0084,0.00,9.14,zh,medium,high,high,true,true
EAQ001473,CH-SIMS,train,CH-SIMS/video_0045/0085,/root/autodl-tmp/data/datasets/ch_sims/Raw.zip::Raw/video_0045/0085.mp4,/root/autodl-tmp/data/datasets/ch_sims/Raw.zip::Raw/video_0045/0085.mp4,/root/autodl-tmp/data/datasets/ch_sims/label.csv#video_0045/0085,0.00,2.00,zh,medium,high,high,true,true
EAQ001474,CH-SIMS,train,CH-SIMS/video_0045/0086,/root/autodl-tmp/data/datasets/ch_sims/Raw.zip::Raw/video_0045/0086.mp4,/root/autodl-tmp/data/datasets/ch_sims/Raw.zip::Raw/video_0045/0086.mp4,/root/autodl-tmp/data/datasets/ch_sims/label.csv#video_0045/0086,0.00,6.57,zh,medium,high,high,true,true
EAQ001475,CH-SIMS,train,CH-SIMS/video_0045/0087,/root/autodl-tmp/data/datasets/ch_sims/Raw.zip::Raw/video_0045/0087.mp4,/root/autodl-tmp/data/datasets/ch_sims/Raw.zip::Raw/video_0045/0087.mp4,/root/autodl-tmp/data/datasets/ch_sims/label.csv#video_0045/0087,0.00,2.57,zh,medium,high,high,true,true
EAQ001476,CH-SIMS,test,CH-SIMS/video_0045/0088,/root/autodl-tmp/data/datasets/ch_sims/Raw.zip::Raw/video_0045/0088.mp4,/root/autodl-tmp/data/datasets/ch_sims/Raw.zip::Raw/video_0045/0088.mp4,/root/autodl-tmp/data/datasets/ch_sims/label.csv#video_0045/0088,0.00,10.57,zh,medium,high,high,true,true
EAQ001477,CH-SIMS,test,CH-SIMS/video_0045/0089,/root/autodl-tmp/data/datasets/ch_sims/Raw.zip::Raw/video_0045/0089.mp4,/root/autodl-tmp/data/datasets/ch_sims/Raw.zip::Raw/video_0045/0089.mp4,/root/autodl-tmp/data/datasets/ch_sims/label.csv#video_0045/0089,0.00,4.29,zh,medium,high,high,true,true
EAQ001478,CH-SIMS,test,CH-SIMS/video_0045/0090,/root/autodl-tmp/data/datasets/ch_sims/Raw.zip::Raw/video_0045/0090.mp4,/root/autodl-tmp/data/datasets/ch_sims/Raw.zip::Raw/video_0045/0090.mp4,/root/autodl-tmp/data/datasets/ch_sims/label.csv#video_0045/0090,0.00,12.57,zh,medium,high,high,true,true
EAQ001479,CH-SIMS,validation,CH-SIMS/video_0045/0091,/root/autodl-tmp/data/datasets/ch_sims/Raw.zip::Raw/video_0045/0091.mp4,/root/autodl-tmp/data/datasets/ch_sims/Raw.zip::Raw/video_0045/0091.mp4,/root/autodl-tmp/data/datasets/ch_sims/label.csv#video_0045/0091,0.00,9.43,zh,medium,high,high,true,true
EAQ001480,CH-SIMS,validation,CH-SIMS/video_0045/0092,/root/autodl-tmp/data/datasets/ch_sims/Raw.zip::Raw/video_0045/0092.mp4,/root/autodl-tmp/data/datasets/ch_sims/Raw.zip::Raw/video_0045/0092.mp4,/root/autodl-tmp/data/datasets/ch_sims/label.csv#video_0045/0092,0.00,7.71,zh,medium,high,high,true,true
EAQ001481,CH-SIMS,train,CH-SIMS/video_0045/0093,/root/autodl-tmp/data/datasets/ch_sims/Raw.zip::Raw/video_0045/0093.mp4,/root/autodl-tmp/data/datasets/ch_sims/Raw.zip::Raw/video_0045/0093.mp4,/root/autodl-tmp/data/datasets/ch_sims/label.csv#video_0045/0093,0.00,3.71,zh,medium,high,high,true,true
EAQ001482,CH-SIMS,validation,CH-SIMS/video_0045/0094,/root/autodl-tmp/data/datasets/ch_sims/Raw.zip::Raw/video_0045/0094.mp4,/root/autodl-tmp/data/datasets/ch_sims/Raw.zip::Raw/video_0045/0094.mp4,/root/autodl-tmp/data/datasets/ch_sims/label.csv#video_0045/0094,0.00,2.86,zh,medium,high,high,true,true
EAQ001483,CH-SIMS,train,CH-SIMS/video_0045/0095,/root/autodl-tmp/data/datasets/ch_sims/Raw.zip::Raw/video_0045/0095.mp4,/root/autodl-tmp/data/datasets/ch_sims/Raw.zip::Raw/video_0045/0095.mp4,/root/autodl-tmp/data/datasets/ch_sims/label.csv#video_0045/0095,0.00,8.57,zh,medium,high,high,true,true
EAQ001484,CH-SIMS,train,CH-SIMS/video_0045/0096,/root/autodl-tmp/data/datasets/ch_sims/Raw.zip::Raw/video_0045/0096.mp4,/root/autodl-tmp/data/datasets/ch_sims/Raw.zip::Raw/video_0045/0096.mp4,/root/autodl-tmp/data/datasets/ch_sims/label.csv#video_0045/0096,0.00,2.57,zh,medium,high,high,true,true
EAQ001485,CH-SIMS,train,CH-SIMS/video_0045/0097,/root/autodl-tmp/data/datasets/ch_sims/Raw.zip::Raw/video_0045/0097.mp4,/root/autodl-tmp/data/datasets/ch_sims/Raw.zip::Raw/video_0045/0097.mp4,/root/autodl-tmp/data/datasets/ch_sims/label.csv#video_0045/0097,0.00,4.00,zh,medium,high,high,true,true
EAQ001486,CH-SIMS,validation,CH-SIMS/video_0045/0098,/root/autodl-tmp/data/datasets/ch_sims/Raw.zip::Raw/video_0045/0098.mp4,/root/autodl-tmp/data/datasets/ch_sims/Raw.zip::Raw/video_0045/0098.mp4,/root/autodl-tmp/data/datasets/ch_sims/label.csv#video_0045/0098,0.00,6.00,zh,medium,high,high,true,true
EAQ001487,CH-SIMS,train,CH-SIMS/video_0045/0099,/root/autodl-tmp/data/datasets/ch_sims/Raw.zip::Raw/video_0045/0099.mp4,/root/autodl-tmp/data/datasets/ch_sims/Raw.zip::Raw/video_0045/0099.mp4,/root/autodl-tmp/data/datasets/ch_sims/label.csv#video_0045/0099,0.00,9.71,zh,medium,high,high,true,true
EAQ001488,CH-SIMS,test,CH-SIMS/video_0045/0100,/root/autodl-tmp/data/datasets/ch_sims/Raw.zip::Raw/video_0045/0100.mp4,/root/autodl-tmp/data/datasets/ch_sims/Raw.zip::Raw/video_0045/0100.mp4,/root/autodl-tmp/data/datasets/ch_sims/label.csv#video_0045/0100,0.00,5.71,zh,medium,high,high,true,true
EAQ001489,CH-SIMS,train,CH-SIMS/video_0045/0101,/root/autodl-tmp/data/datasets/ch_sims/Raw.zip::Raw/video_0045/0101.mp4,/root/autodl-tmp/data/datasets/ch_sims/Raw.zip::Raw/video_0045/0101.mp4,/root/autodl-tmp/data/datasets/ch_sims/label.csv#video_0045/0101,0.00,5.14,zh,medium,high,high,true,true
EAQ001490,CH-SIMS,train,CH-SIMS/video_0045/0102,/root/autodl-tmp/data/datasets/ch_sims/Raw.zip::Raw/video_0045/0102.mp4,/root/autodl-tmp/data/datasets/ch_sims/Raw.zip::Raw/video_0045/0102.mp4,/root/autodl-tmp/data/datasets/ch_sims/label.csv#video_0045/0102,0.00,4.00,zh,medium,high,high,true,true
EAQ001491,CH-SIMS,train,CH-SIMS/video_0045/0103,/root/autodl-tmp/data/datasets/ch_sims/Raw.zip::Raw/video_0045/0103.mp4,/root/autodl-tmp/data/datasets/ch_sims/Raw.zip::Raw/video_0045/0103.mp4,/root/autodl-tmp/data/datasets/ch_sims/label.csv#video_0045/0103,0.00,6.57,zh,medium,high,high,true,true
EAQ001492,CH-SIMS,train,CH-SIMS/video_0045/0104,/root/autodl-tmp/data/datasets/ch_sims/Raw.zip::Raw/video_0045/0104.mp4,/root/autodl-tmp/data/datasets/ch_sims/Raw.zip::Raw/video_0045/0104.mp4,/root/autodl-tmp/data/datasets/ch_sims/label.csv#video_0045/0104,0.00,8.29,zh,medium,high,high,true,true
EAQ001493,CH-SIMS,train,CH-SIMS/video_0045/0105,/root/autodl-tmp/data/datasets/ch_sims/Raw.zip::Raw/video_0045/0105.mp4,/root/autodl-tmp/data/datasets/ch_sims/Raw.zip::Raw/video_0045/0105.mp4,/root/autodl-tmp/data/datasets/ch_sims/label.csv#video_0045/0105,0.00,1.43,zh,medium,high,high,true,true
EAQ001494,CH-SIMS,validation,CH-SIMS/video_0046/0001,/root/autodl-tmp/data/datasets/ch_sims/Raw.zip::Raw/video_0046/0001.mp4,/root/autodl-tmp/data/datasets/ch_sims/Raw.zip::Raw/video_0046/0001.mp4,/root/autodl-tmp/data/datasets/ch_sims/label.csv#video_0046/0001,0.00,6.00,zh,medium,high,high,true,true
EAQ001495,CH-SIMS,validation,CH-SIMS/video_0046/0002,/root/autodl-tmp/data/datasets/ch_sims/Raw.zip::Raw/video_0046/0002.mp4,/root/autodl-tmp/data/datasets/ch_sims/Raw.zip::Raw/video_0046/0002.mp4,/root/autodl-tmp/data/datasets/ch_sims/label.csv#video_0046/0002,0.00,8.29,zh,medium,high,high,true,true
EAQ001496,CH-SIMS,train,CH-SIMS/video_0046/0003,/root/autodl-tmp/data/datasets/ch_sims/Raw.zip::Raw/video_0046/0003.mp4,/root/autodl-tmp/data/datasets/ch_sims/Raw.zip::Raw/video_0046/0003.mp4,/root/autodl-tmp/data/datasets/ch_sims/label.csv#video_0046/0003,0.00,6.29,zh,medium,high,high,true,true
EAQ001497,CH-SIMS,train,CH-SIMS/video_0046/0004,/root/autodl-tmp/data/datasets/ch_sims/Raw.zip::Raw/video_0046/0004.mp4,/root/autodl-tmp/data/datasets/ch_sims/Raw.zip::Raw/video_0046/0004.mp4,/root/autodl-tmp/data/datasets/ch_sims/label.csv#video_0046/0004,0.00,8.86,zh,medium,high,high,true,true
EAQ001498,CH-SIMS,validation,CH-SIMS/video_0046/0005,/root/autodl-tmp/data/datasets/ch_sims/Raw.zip::Raw/video_0046/0005.mp4,/root/autodl-tmp/data/datasets/ch_sims/Raw.zip::Raw/video_0046/0005.mp4,/root/autodl-tmp/data/datasets/ch_sims/label.csv#video_0046/0005,0.00,6.86,zh,medium,high,high,true,true
EAQ001499,CH-SIMS,train,CH-SIMS/video_0046/0006,/root/autodl-tmp/data/datasets/ch_sims/Raw.zip::Raw/video_0046/0006.mp4,/root/autodl-tmp/data/datasets/ch_sims/Raw.zip::Raw/video_0046/0006.mp4,/root/autodl-tmp/data/datasets/ch_sims/label.csv#video_0046/0006,0.00,5.43,zh,medium,high,high,true,true
EAQ001500,CH-SIMS,validation,CH-SIMS/video_0046/0007,/root/autodl-tmp/data/datasets/ch_sims/Raw.zip::Raw/video_0046/0007.mp4,/root/autodl-tmp/data/datasets/ch_sims/Raw.zip::Raw/video_0046/0007.mp4,/root/autodl-tmp/data/datasets/ch_sims/label.csv#video_0046/0007,0.00,6.00,zh,medium,high,high,true,true
EAQ001501,CH-SIMS,train,CH-SIMS/video_0046/0008,/root/autodl-tmp/data/datasets/ch_sims/Raw.zip::Raw/video_0046/0008.mp4,/root/autodl-tmp/data/datasets/ch_sims/Raw.zip::Raw/video_0046/0008.mp4,/root/autodl-tmp/data/datasets/ch_sims/label.csv#video_0046/0008,0.00,2.00,zh,medium,high,high,true,true
EAQ001502,CH-SIMS,train,CH-SIMS/video_0046/0009,/root/autodl-tmp/data/datasets/ch_sims/Raw.zip::Raw/video_0046/0009.mp4,/root/autodl-tmp/data/datasets/ch_sims/Raw.zip::Raw/video_0046/0009.mp4,/root/autodl-tmp/data/datasets/ch_sims/label.csv#video_0046/0009,0.00,7.43,zh,medium,high,high,true,true
EAQ001503,CH-SIMS,test,CH-SIMS/video_0046/0010,/root/autodl-tmp/data/datasets/ch_sims/Raw.zip::Raw/video_0046/0010.mp4,/root/autodl-tmp/data/datasets/ch_sims/Raw.zip::Raw/video_0046/0010.mp4,/root/autodl-tmp/data/datasets/ch_sims/label.csv#video_0046/0010,0.00,4.29,zh,medium,high,high,true,true
EAQ001504,CH-SIMS,train,CH-SIMS/video_0046/0011,/root/autodl-tmp/data/datasets/ch_sims/Raw.zip::Raw/video_0046/0011.mp4,/root/autodl-tmp/data/datasets/ch_sims/Raw.zip::Raw/video_0046/0011.mp4,/root/autodl-tmp/data/datasets/ch_sims/label.csv#video_0046/0011,0.00,9.71,zh,medium,high,high,true,true
EAQ001505,CH-SIMS,validation,CH-SIMS/video_0046/0012,/root/autodl-tmp/data/datasets/ch_sims/Raw.zip::Raw/video_0046/0012.mp4,/root/autodl-tmp/data/datasets/ch_sims/Raw.zip::Raw/video_0046/0012.mp4,/root/autodl-tmp/data/datasets/ch_sims/label.csv#video_0046/0012,0.00,4.29,zh,medium,high,high,true,true
EAQ001506,CH-SIMS,train,CH-SIMS/video_0046/0013,/root/autodl-tmp/data/datasets/ch_sims/Raw.zip::Raw/video_0046/0013.mp4,/root/autodl-tmp/data/datasets/ch_sims/Raw.zip::Raw/video_0046/0013.mp4,/root/autodl-tmp/data/datasets/ch_sims/label.csv#video_0046/0013,0.00,5.14,zh,medium,high,high,true,true
EAQ001507,CH-SIMS,train,CH-SIMS/video_0046/0014,/root/autodl-tmp/data/datasets/ch_sims/Raw.zip::Raw/video_0046/0014.mp4,/root/autodl-tmp/data/datasets/ch_sims/Raw.zip::Raw/video_0046/0014.mp4,/root/autodl-tmp/data/datasets/ch_sims/label.csv#video_0046/0014,0.00,6.86,zh,medium,high,high,true,true
EAQ001508,CH-SIMS,train,CH-SIMS/video_0046/0015,/root/autodl-tmp/data/datasets/ch_sims/Raw.zip::Raw/video_0046/0015.mp4,/root/autodl-tmp/data/datasets/ch_sims/Raw.zip::Raw/video_0046/0015.mp4,/root/autodl-tmp/data/datasets/ch_sims/label.csv#video_0046/0015,0.00,4.57,zh,medium,high,high,true,true
EAQ001509,CH-SIMS,train,CH-SIMS/video_0046/0016,/root/autodl-tmp/data/datasets/ch_sims/Raw.zip::Raw/video_0046/0016.mp4,/root/autodl-tmp/data/datasets/ch_sims/Raw.zip::Raw/video_0046/0016.mp4,/root/autodl-tmp/data/datasets/ch_sims/label.csv#video_0046/0016,0.00,8.57,zh,medium,high,high,true,true
EAQ001510,CH-SIMS,validation,CH-SIMS/video_0046/0017,/root/autodl-tmp/data/datasets/ch_sims/Raw.zip::Raw/video_0046/0017.mp4,/root/autodl-tmp/data/datasets/ch_sims/Raw.zip::Raw/video_0046/0017.mp4,/root/autodl-tmp/data/datasets/ch_sims/label.csv#video_0046/0017,0.00,5.43,zh,medium,high,high,true,true
EAQ001511,CH-SIMS,train,CH-SIMS/video_0046/0018,/root/autodl-tmp/data/datasets/ch_sims/Raw.zip::Raw/video_0046/0018.mp4,/root/autodl-tmp/data/datasets/ch_sims/Raw.zip::Raw/video_0046/0018.mp4,/root/autodl-tmp/data/datasets/ch_sims/label.csv#video_0046/0018,0.00,7.14,zh,medium,high,high,true,true
EAQ001512,CH-SIMS,validation,CH-SIMS/video_0046/0019,/root/autodl-tmp/data/datasets/ch_sims/Raw.zip::Raw/video_0046/0019.mp4,/root/autodl-tmp/data/datasets/ch_sims/Raw.zip::Raw/video_0046/0019.mp4,/root/autodl-tmp/data/datasets/ch_sims/label.csv#video_0046/0019,0.00,10.86,zh,medium,high,high,true,true
EAQ001513,CH-SIMS,train,CH-SIMS/video_0046/0020,/root/autodl-tmp/data/datasets/ch_sims/Raw.zip::Raw/video_0046/0020.mp4,/root/autodl-tmp/data/datasets/ch_sims/Raw.zip::Raw/video_0046/0020.mp4,/root/autodl-tmp/data/datasets/ch_sims/label.csv#video_0046/0020,0.00,4.86,zh,medium,high,high,true,true
EAQ001514,CH-SIMS,train,CH-SIMS/video_0046/0021,/root/autodl-tmp/data/datasets/ch_sims/Raw.zip::Raw/video_0046/0021.mp4,/root/autodl-tmp/data/datasets/ch_sims/Raw.zip::Raw/video_0046/0021.mp4,/root/autodl-tmp/data/datasets/ch_sims/label.csv#video_0046/0021,0.00,4.29,zh,medium,high,high,true,true
EAQ001515,CH-SIMS,validation,CH-SIMS/video_0046/0022,/root/autodl-tmp/data/datasets/ch_sims/Raw.zip::Raw/video_0046/0022.mp4,/root/autodl-tmp/data/datasets/ch_sims/Raw.zip::Raw/video_0046/0022.mp4,/root/autodl-tmp/data/datasets/ch_sims/label.csv#video_0046/0022,0.00,9.71,zh,medium,high,high,true,true
EAQ001516,CH-SIMS,train,CH-SIMS/video_0046/0023,/root/autodl-tmp/data/datasets/ch_sims/Raw.zip::Raw/video_0046/0023.mp4,/root/autodl-tmp/data/datasets/ch_sims/Raw.zip::Raw/video_0046/0023.mp4,/root/autodl-tmp/data/datasets/ch_sims/label.csv#video_0046/0023,0.00,4.86,zh,medium,high,high,true,true
EAQ001517,CH-SIMS,train,CH-SIMS/video_0046/0024,/root/autodl-tmp/data/datasets/ch_sims/Raw.zip::Raw/video_0046/0024.mp4,/root/autodl-tmp/data/datasets/ch_sims/Raw.zip::Raw/video_0046/0024.mp4,/root/autodl-tmp/data/datasets/ch_sims/label.csv#video_0046/0024,0.00,11.43,zh,medium,high,high,true,true
EAQ001518,CH-SIMS,train,CH-SIMS/video_0046/0025,/root/autodl-tmp/data/datasets/ch_sims/Raw.zip::Raw/video_0046/0025.mp4,/root/autodl-tmp/data/datasets/ch_sims/Raw.zip::Raw/video_0046/0025.mp4,/root/autodl-tmp/data/datasets/ch_sims/label.csv#video_0046/0025,0.00,7.43,zh,medium,high,high,true,true
EAQ001519,CH-SIMS,validation,CH-SIMS/video_0046/0026,/root/autodl-tmp/data/datasets/ch_sims/Raw.zip::Raw/video_0046/0026.mp4,/root/autodl-tmp/data/datasets/ch_sims/Raw.zip::Raw/video_0046/0026.mp4,/root/autodl-tmp/data/datasets/ch_sims/label.csv#video_0046/0026,0.00,5.14,zh,medium,high,high,true,true
EAQ001520,CH-SIMS,train,CH-SIMS/video_0046/0027,/root/autodl-tmp/data/datasets/ch_sims/Raw.zip::Raw/video_0046/0027.mp4,/root/autodl-tmp/data/datasets/ch_sims/Raw.zip::Raw/video_0046/0027.mp4,/root/autodl-tmp/data/datasets/ch_sims/label.csv#video_0046/0027,0.00,2.00,zh,medium,high,high,true,true
EAQ001521,CH-SIMS,validation,CH-SIMS/video_0046/0028,/root/autodl-tmp/data/datasets/ch_sims/Raw.zip::Raw/video_0046/0028.mp4,/root/autodl-tmp/data/datasets/ch_sims/Raw.zip::Raw/video_0046/0028.mp4,/root/autodl-tmp/data/datasets/ch_sims/label.csv#video_0046/0028,0.00,4.29,zh,medium,high,high,true,true
EAQ001522,CH-SIMS,train,CH-SIMS/video_0046/0029,/root/autodl-tmp/data/datasets/ch_sims/Raw.zip::Raw/video_0046/0029.mp4,/root/autodl-tmp/data/datasets/ch_sims/Raw.zip::Raw/video_0046/0029.mp4,/root/autodl-tmp/data/datasets/ch_sims/label.csv#video_0046/0029,0.00,6.57,zh,medium,high,high,true,true
EAQ001523,CH-SIMS,train,CH-SIMS/video_0046/0030,/root/autodl-tmp/data/datasets/ch_sims/Raw.zip::Raw/video_0046/0030.mp4,/root/autodl-tmp/data/datasets/ch_sims/Raw.zip::Raw/video_0046/0030.mp4,/root/autodl-tmp/data/datasets/ch_sims/label.csv#video_0046/0030,0.00,2.86,zh,medium,high,high,true,true
EAQ001524,CH-SIMS,validation,CH-SIMS/video_0046/0031,/root/autodl-tmp/data/datasets/ch_sims/Raw.zip::Raw/video_0046/0031.mp4,/root/autodl-tmp/data/datasets/ch_sims/Raw.zip::Raw/video_0046/0031.mp4,/root/autodl-tmp/data/datasets/ch_sims/label.csv#video_0046/0031,0.00,9.71,zh,medium,high,high,true,true
EAQ001525,CH-SIMS,test,CH-SIMS/video_0046/0032,/root/autodl-tmp/data/datasets/ch_sims/Raw.zip::Raw/video_0046/0032.mp4,/root/autodl-tmp/data/datasets/ch_sims/Raw.zip::Raw/video_0046/0032.mp4,/root/autodl-tmp/data/datasets/ch_sims/label.csv#video_0046/0032,0.00,5.14,zh,medium,high,high,true,true
EAQ001526,CH-SIMS,train,CH-SIMS/video_0046/0033,/root/autodl-tmp/data/datasets/ch_sims/Raw.zip::Raw/video_0046/0033.mp4,/root/autodl-tmp/data/datasets/ch_sims/Raw.zip::Raw/video_0046/0033.mp4,/root/autodl-tmp/data/datasets/ch_sims/label.csv#video_0046/0033,0.00,10.86,zh,medium,high,high,true,true
EAQ001527,CH-SIMS,test,CH-SIMS/video_0046/0034,/root/autodl-tmp/data/datasets/ch_sims/Raw.zip::Raw/video_0046/0034.mp4,/root/autodl-tmp/data/datasets/ch_sims/Raw.zip::Raw/video_0046/0034.mp4,/root/autodl-tmp/data/datasets/ch_sims/label.csv#video_0046/0034,0.00,10.86,zh,medium,high,high,true,true
EAQ001528,CH-SIMS,train,CH-SIMS/video_0046/0035,/root/autodl-tmp/data/datasets/ch_sims/Raw.zip::Raw/video_0046/0035.mp4,/root/autodl-tmp/data/datasets/ch_sims/Raw.zip::Raw/video_0046/0035.mp4,/root/autodl-tmp/data/datasets/ch_sims/label.csv#video_0046/0035,0.00,6.00,zh,medium,high,high,true,true
EAQ001529,CH-SIMS,train,CH-SIMS/video_0046/0036,/root/autodl-tmp/data/datasets/ch_sims/Raw.zip::Raw/video_0046/0036.mp4,/root/autodl-tmp/data/datasets/ch_sims/Raw.zip::Raw/video_0046/0036.mp4,/root/autodl-tmp/data/datasets/ch_sims/label.csv#video_0046/0036,0.00,4.29,zh,medium,high,high,true,true
EAQ001530,CH-SIMS,test,CH-SIMS/video_0046/0037,/root/autodl-tmp/data/datasets/ch_sims/Raw.zip::Raw/video_0046/0037.mp4,/root/autodl-tmp/data/datasets/ch_sims/Raw.zip::Raw/video_0046/0037.mp4,/root/autodl-tmp/data/datasets/ch_sims/label.csv#video_0046/0037,0.00,9.14,zh,medium,high,high,true,true
EAQ001531,CH-SIMS,train,CH-SIMS/video_0046/0038,/root/autodl-tmp/data/datasets/ch_sims/Raw.zip::Raw/video_0046/0038.mp4,/root/autodl-tmp/data/datasets/ch_sims/Raw.zip::Raw/video_0046/0038.mp4,/root/autodl-tmp/data/datasets/ch_sims/label.csv#video_0046/0038,0.00,4.29,zh,medium,high,high,true,true
EAQ001532,CH-SIMS,test,CH-SIMS/video_0046/0039,/root/autodl-tmp/data/datasets/ch_sims/Raw.zip::Raw/video_0046/0039.mp4,/root/autodl-tmp/data/datasets/ch_sims/Raw.zip::Raw/video_0046/0039.mp4,/root/autodl-tmp/data/datasets/ch_sims/label.csv#video_0046/0039,0.00,8.00,zh,medium,high,high,true,true
EAQ001533,CH-SIMS,test,CH-SIMS/video_0046/0040,/root/autodl-tmp/data/datasets/ch_sims/Raw.zip::Raw/video_0046/0040.mp4,/root/autodl-tmp/data/datasets/ch_sims/Raw.zip::Raw/video_0046/0040.mp4,/root/autodl-tmp/data/datasets/ch_sims/label.csv#video_0046/0040,0.00,9.14,zh,medium,high,high,true,true
EAQ001534,CH-SIMS,train,CH-SIMS/video_0046/0041,/root/autodl-tmp/data/datasets/ch_sims/Raw.zip::Raw/video_0046/0041.mp4,/root/autodl-tmp/data/datasets/ch_sims/Raw.zip::Raw/video_0046/0041.mp4,/root/autodl-tmp/data/datasets/ch_sims/label.csv#video_0046/0041,0.00,7.71,zh,medium,high,high,true,true
EAQ001535,CH-SIMS,validation,CH-SIMS/video_0046/0042,/root/autodl-tmp/data/datasets/ch_sims/Raw.zip::Raw/video_0046/0042.mp4,/root/autodl-tmp/data/datasets/ch_sims/Raw.zip::Raw/video_0046/0042.mp4,/root/autodl-tmp/data/datasets/ch_sims/label.csv#video_0046/0042,0.00,5.71,zh,medium,high,high,true,true
EAQ001536,CH-SIMS,train,CH-SIMS/video_0046/0043,/root/autodl-tmp/data/datasets/ch_sims/Raw.zip::Raw/video_0046/0043.mp4,/root/autodl-tmp/data/datasets/ch_sims/Raw.zip::Raw/video_0046/0043.mp4,/root/autodl-tmp/data/datasets/ch_sims/label.csv#video_0046/0043,0.00,7.43,zh,medium,high,high,true,true
EAQ001537,CH-SIMS,validation,CH-SIMS/video_0046/0044,/root/autodl-tmp/data/datasets/ch_sims/Raw.zip::Raw/video_0046/0044.mp4,/root/autodl-tmp/data/datasets/ch_sims/Raw.zip::Raw/video_0046/0044.mp4,/root/autodl-tmp/data/datasets/ch_sims/label.csv#video_0046/0044,0.00,3.14,zh,medium,high,high,true,true
EAQ001538,CH-SIMS,validation,CH-SIMS/video_0046/0045,/root/autodl-tmp/data/datasets/ch_sims/Raw.zip::Raw/video_0046/0045.mp4,/root/autodl-tmp/data/datasets/ch_sims/Raw.zip::Raw/video_0046/0045.mp4,/root/autodl-tmp/data/datasets/ch_sims/label.csv#video_0046/0045,0.00,4.29,zh,medium,high,high,true,true
EAQ001539,CH-SIMS,train,CH-SIMS/video_0046/0046,/root/autodl-tmp/data/datasets/ch_sims/Raw.zip::Raw/video_0046/0046.mp4,/root/autodl-tmp/data/datasets/ch_sims/Raw.zip::Raw/video_0046/0046.mp4,/root/autodl-tmp/data/datasets/ch_sims/label.csv#video_0046/0046,0.00,9.71,zh,medium,high,high,true,true
EAQ001540,CH-SIMS,test,CH-SIMS/video_0046/0047,/root/autodl-tmp/data/datasets/ch_sims/Raw.zip::Raw/video_0046/0047.mp4,/root/autodl-tmp/data/datasets/ch_sims/Raw.zip::Raw/video_0046/0047.mp4,/root/autodl-tmp/data/datasets/ch_sims/label.csv#video_0046/0047,0.00,3.43,zh,medium,high,high,true,true
EAQ001541,CH-SIMS,validation,CH-SIMS/video_0046/0048,/root/autodl-tmp/data/datasets/ch_sims/Raw.zip::Raw/video_0046/0048.mp4,/root/autodl-tmp/data/datasets/ch_sims/Raw.zip::Raw/video_0046/0048.mp4,/root/autodl-tmp/data/datasets/ch_sims/label.csv#video_0046/0048,0.00,6.29,zh,medium,high,high,true,true
EAQ001542,CH-SIMS,train,CH-SIMS/video_0046/0049,/root/autodl-tmp/data/datasets/ch_sims/Raw.zip::Raw/video_0046/0049.mp4,/root/autodl-tmp/data/datasets/ch_sims/Raw.zip::Raw/video_0046/0049.mp4,/root/autodl-tmp/data/datasets/ch_sims/label.csv#video_0046/0049,0.00,6.57,zh,medium,high,high,true,true
EAQ001543,CH-SIMS,validation,CH-SIMS/video_0046/0050,/root/autodl-tmp/data/datasets/ch_sims/Raw.zip::Raw/video_0046/0050.mp4,/root/autodl-tmp/data/datasets/ch_sims/Raw.zip::Raw/video_0046/0050.mp4,/root/autodl-tmp/data/datasets/ch_sims/label.csv#video_0046/0050,0.00,6.29,zh,medium,high,high,true,true
EAQ001544,CH-SIMS,train,CH-SIMS/video_0046/0051,/root/autodl-tmp/data/datasets/ch_sims/Raw.zip::Raw/video_0046/0051.mp4,/root/autodl-tmp/data/datasets/ch_sims/Raw.zip::Raw/video_0046/0051.mp4,/root/autodl-tmp/data/datasets/ch_sims/label.csv#video_0046/0051,0.00,5.71,zh,medium,high,high,true,true
EAQ001545,CH-SIMS,train,CH-SIMS/video_0046/0052,/root/autodl-tmp/data/datasets/ch_sims/Raw.zip::Raw/video_0046/0052.mp4,/root/autodl-tmp/data/datasets/ch_sims/Raw.zip::Raw/video_0046/0052.mp4,/root/autodl-tmp/data/datasets/ch_sims/label.csv#video_0046/0052,0.00,3.71,zh,medium,high,high,true,true
EAQ001546,CH-SIMS,test,CH-SIMS/video_0046/0053,/root/autodl-tmp/data/datasets/ch_sims/Raw.zip::Raw/video_0046/0053.mp4,/root/autodl-tmp/data/datasets/ch_sims/Raw.zip::Raw/video_0046/0053.mp4,/root/autodl-tmp/data/datasets/ch_sims/label.csv#video_0046/0053,0.00,8.29,zh,medium,high,high,true,true
EAQ001547,CH-SIMS,test,CH-SIMS/video_0046/0054,/root/autodl-tmp/data/datasets/ch_sims/Raw.zip::Raw/video_0046/0054.mp4,/root/autodl-tmp/data/datasets/ch_sims/Raw.zip::Raw/video_0046/0054.mp4,/root/autodl-tmp/data/datasets/ch_sims/label.csv#video_0046/0054,0.00,5.43,zh,medium,high,high,true,true
EAQ001548,CH-SIMS,test,CH-SIMS/video_0046/0055,/root/autodl-tmp/data/datasets/ch_sims/Raw.zip::Raw/video_0046/0055.mp4,/root/autodl-tmp/data/datasets/ch_sims/Raw.zip::Raw/video_0046/0055.mp4,/root/autodl-tmp/data/datasets/ch_sims/label.csv#video_0046/0055,0.00,7.71,zh,medium,high,high,true,true
EAQ001549,CH-SIMS,validation,CH-SIMS/video_0046/0056,/root/autodl-tmp/data/datasets/ch_sims/Raw.zip::Raw/video_0046/0056.mp4,/root/autodl-tmp/data/datasets/ch_sims/Raw.zip::Raw/video_0046/0056.mp4,/root/autodl-tmp/data/datasets/ch_sims/label.csv#video_0046/0056,0.00,4.29,zh,medium,high,high,true,true
EAQ001550,CH-SIMS,train,CH-SIMS/video_0046/0057,/root/autodl-tmp/data/datasets/ch_sims/Raw.zip::Raw/video_0046/0057.mp4,/root/autodl-tmp/data/datasets/ch_sims/Raw.zip::Raw/video_0046/0057.mp4,/root/autodl-tmp/data/datasets/ch_sims/label.csv#video_0046/0057,0.00,6.29,zh,medium,high,high,true,true
EAQ001551,CH-SIMS,train,CH-SIMS/video_0046/0058,/root/autodl-tmp/data/datasets/ch_sims/Raw.zip::Raw/video_0046/0058.mp4,/root/autodl-tmp/data/datasets/ch_sims/Raw.zip::Raw/video_0046/0058.mp4,/root/autodl-tmp/data/datasets/ch_sims/label.csv#video_0046/0058,0.00,13.43,zh,medium,high,high,true,true
EAQ001552,CH-SIMS,train,CH-SIMS/video_0046/0059,/root/autodl-tmp/data/datasets/ch_sims/Raw.zip::Raw/video_0046/0059.mp4,/root/autodl-tmp/data/datasets/ch_sims/Raw.zip::Raw/video_0046/0059.mp4,/root/autodl-tmp/data/datasets/ch_sims/label.csv#video_0046/0059,0.00,7.43,zh,medium,high,high,true,true
EAQ001553,CH-SIMS,train,CH-SIMS/video_0046/0060,/root/autodl-tmp/data/datasets/ch_sims/Raw.zip::Raw/video_0046/0060.mp4,/root/autodl-tmp/data/datasets/ch_sims/Raw.zip::Raw/video_0046/0060.mp4,/root/autodl-tmp/data/datasets/ch_sims/label.csv#video_0046/0060,0.00,9.71,zh,medium,high,high,true,true
EAQ001554,CH-SIMS,train,CH-SIMS/video_0046/0061,/root/autodl-tmp/data/datasets/ch_sims/Raw.zip::Raw/video_0046/0061.mp4,/root/autodl-tmp/data/datasets/ch_sims/Raw.zip::Raw/video_0046/0061.mp4,/root/autodl-tmp/data/datasets/ch_sims/label.csv#video_0046/0061,0.00,4.29,zh,medium,high,high,true,true
EAQ001555,CH-SIMS,train,CH-SIMS/video_0046/0062,/root/autodl-tmp/data/datasets/ch_sims/Raw.zip::Raw/video_0046/0062.mp4,/root/autodl-tmp/data/datasets/ch_sims/Raw.zip::Raw/video_0046/0062.mp4,/root/autodl-tmp/data/datasets/ch_sims/label.csv#video_0046/0062,0.00,8.29,zh,medium,high,high,true,true
EAQ001556,CH-SIMS,validation,CH-SIMS/video_0046/0063,/root/autodl-tmp/data/datasets/ch_sims/Raw.zip::Raw/video_0046/0063.mp4,/root/autodl-tmp/data/datasets/ch_sims/Raw.zip::Raw/video_0046/0063.mp4,/root/autodl-tmp/data/datasets/ch_sims/label.csv#video_0046/0063,0.00,7.71,zh,medium,high,high,true,true
EAQ001557,CH-SIMS,test,CH-SIMS/video_0046/0064,/root/autodl-tmp/data/datasets/ch_sims/Raw.zip::Raw/video_0046/0064.mp4,/root/autodl-tmp/data/datasets/ch_sims/Raw.zip::Raw/video_0046/0064.mp4,/root/autodl-tmp/data/datasets/ch_sims/label.csv#video_0046/0064,0.00,2.86,zh,medium,high,high,true,true
EAQ001558,CH-SIMS,train,CH-SIMS/video_0046/0065,/root/autodl-tmp/data/datasets/ch_sims/Raw.zip::Raw/video_0046/0065.mp4,/root/autodl-tmp/data/datasets/ch_sims/Raw.zip::Raw/video_0046/0065.mp4,/root/autodl-tmp/data/datasets/ch_sims/label.csv#video_0046/0065,0.00,3.43,zh,medium,high,high,true,true
EAQ001559,CH-SIMS,train,CH-SIMS/video_0047/0001,/root/autodl-tmp/data/datasets/ch_sims/Raw.zip::Raw/video_0047/0001.mp4,/root/autodl-tmp/data/datasets/ch_sims/Raw.zip::Raw/video_0047/0001.mp4,/root/autodl-tmp/data/datasets/ch_sims/label.csv#video_0047/0001,0.00,1.14,zh,medium,high,high,true,true
EAQ001560,CH-SIMS,train,CH-SIMS/video_0047/0002,/root/autodl-tmp/data/datasets/ch_sims/Raw.zip::Raw/video_0047/0002.mp4,/root/autodl-tmp/data/datasets/ch_sims/Raw.zip::Raw/video_0047/0002.mp4,/root/autodl-tmp/data/datasets/ch_sims/label.csv#video_0047/0002,0.00,6.86,zh,medium,high,high,true,true
EAQ001561,CH-SIMS,train,CH-SIMS/video_0047/0003,/root/autodl-tmp/data/datasets/ch_sims/Raw.zip::Raw/video_0047/0003.mp4,/root/autodl-tmp/data/datasets/ch_sims/Raw.zip::Raw/video_0047/0003.mp4,/root/autodl-tmp/data/datasets/ch_sims/label.csv#video_0047/0003,0.00,5.71,zh,medium,high,high,true,true
EAQ001562,CH-SIMS,validation,CH-SIMS/video_0047/0004,/root/autodl-tmp/data/datasets/ch_sims/Raw.zip::Raw/video_0047/0004.mp4,/root/autodl-tmp/data/datasets/ch_sims/Raw.zip::Raw/video_0047/0004.mp4,/root/autodl-tmp/data/datasets/ch_sims/label.csv#video_0047/0004,0.00,2.57,zh,medium,high,high,true,true
EAQ001563,CH-SIMS,test,CH-SIMS/video_0047/0005,/root/autodl-tmp/data/datasets/ch_sims/Raw.zip::Raw/video_0047/0005.mp4,/root/autodl-tmp/data/datasets/ch_sims/Raw.zip::Raw/video_0047/0005.mp4,/root/autodl-tmp/data/datasets/ch_sims/label.csv#video_0047/0005,0.00,7.71,zh,medium,high,high,true,true
EAQ001564,CH-SIMS,train,CH-SIMS/video_0047/0006,/root/autodl-tmp/data/datasets/ch_sims/Raw.zip::Raw/video_0047/0006.mp4,/root/autodl-tmp/data/datasets/ch_sims/Raw.zip::Raw/video_0047/0006.mp4,/root/autodl-tmp/data/datasets/ch_sims/label.csv#video_0047/0006,0.00,2.57,zh,medium,high,high,true,true
EAQ001565,CH-SIMS,train,CH-SIMS/video_0047/0007,/root/autodl-tmp/data/datasets/ch_sims/Raw.zip::Raw/video_0047/0007.mp4,/root/autodl-tmp/data/datasets/ch_sims/Raw.zip::Raw/video_0047/0007.mp4,/root/autodl-tmp/data/datasets/ch_sims/label.csv#video_0047/0007,0.00,3.14,zh,medium,high,high,true,true
EAQ001566,CH-SIMS,train,CH-SIMS/video_0047/0008,/root/autodl-tmp/data/datasets/ch_sims/Raw.zip::Raw/video_0047/0008.mp4,/root/autodl-tmp/data/datasets/ch_sims/Raw.zip::Raw/video_0047/0008.mp4,/root/autodl-tmp/data/datasets/ch_sims/label.csv#video_0047/0008,0.00,2.86,zh,medium,high,high,true,true
EAQ001567,CH-SIMS,train,CH-SIMS/video_0047/0009,/root/autodl-tmp/data/datasets/ch_sims/Raw.zip::Raw/video_0047/0009.mp4,/root/autodl-tmp/data/datasets/ch_sims/Raw.zip::Raw/video_0047/0009.mp4,/root/autodl-tmp/data/datasets/ch_sims/label.csv#video_0047/0009,0.00,2.29,zh,medium,high,high,true,true
EAQ001568,CH-SIMS,train,CH-SIMS/video_0047/0010,/root/autodl-tmp/data/datasets/ch_sims/Raw.zip::Raw/video_0047/0010.mp4,/root/autodl-tmp/data/datasets/ch_sims/Raw.zip::Raw/video_0047/0010.mp4,/root/autodl-tmp/data/datasets/ch_sims/label.csv#video_0047/0010,0.00,2.00,zh,medium,high,high,true,true
EAQ001569,CH-SIMS,validation,CH-SIMS/video_0047/0011,/root/autodl-tmp/data/datasets/ch_sims/Raw.zip::Raw/video_0047/0011.mp4,/root/autodl-tmp/data/datasets/ch_sims/Raw.zip::Raw/video_0047/0011.mp4,/root/autodl-tmp/data/datasets/ch_sims/label.csv#video_0047/0011,0.00,3.71,zh,medium,high,high,true,true
EAQ001570,CH-SIMS,train,CH-SIMS/video_0047/0012,/root/autodl-tmp/data/datasets/ch_sims/Raw.zip::Raw/video_0047/0012.mp4,/root/autodl-tmp/data/datasets/ch_sims/Raw.zip::Raw/video_0047/0012.mp4,/root/autodl-tmp/data/datasets/ch_sims/label.csv#video_0047/0012,0.00,7.14,zh,medium,high,high,true,true
EAQ001571,CH-SIMS,test,CH-SIMS/video_0047/0013,/root/autodl-tmp/data/datasets/ch_sims/Raw.zip::Raw/video_0047/0013.mp4,/root/autodl-tmp/data/datasets/ch_sims/Raw.zip::Raw/video_0047/0013.mp4,/root/autodl-tmp/data/datasets/ch_sims/label.csv#video_0047/0013,0.00,6.29,zh,medium,high,high,true,true
EAQ001572,CH-SIMS,test,CH-SIMS/video_0047/0014,/root/autodl-tmp/data/datasets/ch_sims/Raw.zip::Raw/video_0047/0014.mp4,/root/autodl-tmp/data/datasets/ch_sims/Raw.zip::Raw/video_0047/0014.mp4,/root/autodl-tmp/data/datasets/ch_sims/label.csv#video_0047/0014,0.00,5.71,zh,medium,high,high,true,true
EAQ001573,CH-SIMS,test,CH-SIMS/video_0047/0015,/root/autodl-tmp/data/datasets/ch_sims/Raw.zip::Raw/video_0047/0015.mp4,/root/autodl-tmp/data/datasets/ch_sims/Raw.zip::Raw/video_0047/0015.mp4,/root/autodl-tmp/data/datasets/ch_sims/label.csv#video_0047/0015,0.00,3.14,zh,medium,high,high,true,true
EAQ001574,CH-SIMS,test,CH-SIMS/video_0047/0016,/root/autodl-tmp/data/datasets/ch_sims/Raw.zip::Raw/video_0047/0016.mp4,/root/autodl-tmp/data/datasets/ch_sims/Raw.zip::Raw/video_0047/0016.mp4,/root/autodl-tmp/data/datasets/ch_sims/label.csv#video_0047/0016,0.00,5.14,zh,medium,high,high,true,true
EAQ001575,CH-SIMS,train,CH-SIMS/video_0047/0017,/root/autodl-tmp/data/datasets/ch_sims/Raw.zip::Raw/video_0047/0017.mp4,/root/autodl-tmp/data/datasets/ch_sims/Raw.zip::Raw/video_0047/0017.mp4,/root/autodl-tmp/data/datasets/ch_sims/label.csv#video_0047/0017,0.00,3.43,zh,medium,high,high,true,true
EAQ001576,CH-SIMS,test,CH-SIMS/video_0047/0018,/root/autodl-tmp/data/datasets/ch_sims/Raw.zip::Raw/video_0047/0018.mp4,/root/autodl-tmp/data/datasets/ch_sims/Raw.zip::Raw/video_0047/0018.mp4,/root/autodl-tmp/data/datasets/ch_sims/label.csv#video_0047/0018,0.00,2.86,zh,medium,high,high,true,true
EAQ001577,CH-SIMS,train,CH-SIMS/video_0047/0019,/root/autodl-tmp/data/datasets/ch_sims/Raw.zip::Raw/video_0047/0019.mp4,/root/autodl-tmp/data/datasets/ch_sims/Raw.zip::Raw/video_0047/0019.mp4,/root/autodl-tmp/data/datasets/ch_sims/label.csv#video_0047/0019,0.00,3.14,zh,medium,high,high,true,true
EAQ001578,CH-SIMS,validation,CH-SIMS/video_0047/0020,/root/autodl-tmp/data/datasets/ch_sims/Raw.zip::Raw/video_0047/0020.mp4,/root/autodl-tmp/data/datasets/ch_sims/Raw.zip::Raw/video_0047/0020.mp4,/root/autodl-tmp/data/datasets/ch_sims/label.csv#video_0047/0020,0.00,1.71,zh,medium,high,high,true,true
EAQ001579,CH-SIMS,test,CH-SIMS/video_0047/0021,/root/autodl-tmp/data/datasets/ch_sims/Raw.zip::Raw/video_0047/0021.mp4,/root/autodl-tmp/data/datasets/ch_sims/Raw.zip::Raw/video_0047/0021.mp4,/root/autodl-tmp/data/datasets/ch_sims/label.csv#video_0047/0021,0.00,3.43,zh,medium,high,high,true,true
EAQ001580,CH-SIMS,train,CH-SIMS/video_0047/0022,/root/autodl-tmp/data/datasets/ch_sims/Raw.zip::Raw/video_0047/0022.mp4,/root/autodl-tmp/data/datasets/ch_sims/Raw.zip::Raw/video_0047/0022.mp4,/root/autodl-tmp/data/datasets/ch_sims/label.csv#video_0047/0022,0.00,7.14,zh,medium,high,high,true,true
EAQ001581,CH-SIMS,train,CH-SIMS/video_0047/0023,/root/autodl-tmp/data/datasets/ch_sims/Raw.zip::Raw/video_0047/0023.mp4,/root/autodl-tmp/data/datasets/ch_sims/Raw.zip::Raw/video_0047/0023.mp4,/root/autodl-tmp/data/datasets/ch_sims/label.csv#video_0047/0023,0.00,2.57,zh,medium,high,high,true,true
EAQ001582,CH-SIMS,train,CH-SIMS/video_0047/0024,/root/autodl-tmp/data/datasets/ch_sims/Raw.zip::Raw/video_0047/0024.mp4,/root/autodl-tmp/data/datasets/ch_sims/Raw.zip::Raw/video_0047/0024.mp4,/root/autodl-tmp/data/datasets/ch_sims/label.csv#video_0047/0024,0.00,1.00,zh,medium,high,medium,true,true
EAQ001583,CH-SIMS,test,CH-SIMS/video_0047/0025,/root/autodl-tmp/data/datasets/ch_sims/Raw.zip::Raw/video_0047/0025.mp4,/root/autodl-tmp/data/datasets/ch_sims/Raw.zip::Raw/video_0047/0025.mp4,/root/autodl-tmp/data/datasets/ch_sims/label.csv#video_0047/0025,0.00,3.71,zh,medium,high,high,true,true
EAQ001584,CH-SIMS,train,CH-SIMS/video_0047/0026,/root/autodl-tmp/data/datasets/ch_sims/Raw.zip::Raw/video_0047/0026.mp4,/root/autodl-tmp/data/datasets/ch_sims/Raw.zip::Raw/video_0047/0026.mp4,/root/autodl-tmp/data/datasets/ch_sims/label.csv#video_0047/0026,0.00,1.00,zh,medium,high,medium,true,true
EAQ001585,CH-SIMS,train,CH-SIMS/video_0047/0027,/root/autodl-tmp/data/datasets/ch_sims/Raw.zip::Raw/video_0047/0027.mp4,/root/autodl-tmp/data/datasets/ch_sims/Raw.zip::Raw/video_0047/0027.mp4,/root/autodl-tmp/data/datasets/ch_sims/label.csv#video_0047/0027,0.00,6.57,zh,medium,high,high,true,true
EAQ001586,CH-SIMS,test,CH-SIMS/video_0047/0028,/root/autodl-tmp/data/datasets/ch_sims/Raw.zip::Raw/video_0047/0028.mp4,/root/autodl-tmp/data/datasets/ch_sims/Raw.zip::Raw/video_0047/0028.mp4,/root/autodl-tmp/data/datasets/ch_sims/label.csv#video_0047/0028,0.00,1.71,zh,medium,high,high,true,true
EAQ001587,CH-SIMS,train,CH-SIMS/video_0047/0029,/root/autodl-tmp/data/datasets/ch_sims/Raw.zip::Raw/video_0047/0029.mp4,/root/autodl-tmp/data/datasets/ch_sims/Raw.zip::Raw/video_0047/0029.mp4,/root/autodl-tmp/data/datasets/ch_sims/label.csv#video_0047/0029,0.00,4.00,zh,medium,high,high,true,true
EAQ001588,CH-SIMS,train,CH-SIMS/video_0047/0030,/root/autodl-tmp/data/datasets/ch_sims/Raw.zip::Raw/video_0047/0030.mp4,/root/autodl-tmp/data/datasets/ch_sims/Raw.zip::Raw/video_0047/0030.mp4,/root/autodl-tmp/data/datasets/ch_sims/label.csv#video_0047/0030,0.00,4.57,zh,medium,high,high,true,true
EAQ001589,CH-SIMS,test,CH-SIMS/video_0047/0031,/root/autodl-tmp/data/datasets/ch_sims/Raw.zip::Raw/video_0047/0031.mp4,/root/autodl-tmp/data/datasets/ch_sims/Raw.zip::Raw/video_0047/0031.mp4,/root/autodl-tmp/data/datasets/ch_sims/label.csv#video_0047/0031,0.00,4.86,zh,medium,high,high,true,true
EAQ001590,CH-SIMS,test,CH-SIMS/video_0047/0032,/root/autodl-tmp/data/datasets/ch_sims/Raw.zip::Raw/video_0047/0032.mp4,/root/autodl-tmp/data/datasets/ch_sims/Raw.zip::Raw/video_0047/0032.mp4,/root/autodl-tmp/data/datasets/ch_sims/label.csv#video_0047/0032,0.00,2.57,zh,medium,high,high,true,true
EAQ001591,CH-SIMS,validation,CH-SIMS/video_0047/0033,/root/autodl-tmp/data/datasets/ch_sims/Raw.zip::Raw/video_0047/0033.mp4,/root/autodl-tmp/data/datasets/ch_sims/Raw.zip::Raw/video_0047/0033.mp4,/root/autodl-tmp/data/datasets/ch_sims/label.csv#video_0047/0033,0.00,4.57,zh,medium,high,high,true,true
EAQ001592,CH-SIMS,train,CH-SIMS/video_0047/0034,/root/autodl-tmp/data/datasets/ch_sims/Raw.zip::Raw/video_0047/0034.mp4,/root/autodl-tmp/data/datasets/ch_sims/Raw.zip::Raw/video_0047/0034.mp4,/root/autodl-tmp/data/datasets/ch_sims/label.csv#video_0047/0034,0.00,3.71,zh,medium,high,high,true,true
EAQ001593,CH-SIMS,validation,CH-SIMS/video_0047/0035,/root/autodl-tmp/data/datasets/ch_sims/Raw.zip::Raw/video_0047/0035.mp4,/root/autodl-tmp/data/datasets/ch_sims/Raw.zip::Raw/video_0047/0035.mp4,/root/autodl-tmp/data/datasets/ch_sims/label.csv#video_0047/0035,0.00,3.71,zh,medium,high,high,true,true
EAQ001594,CH-SIMS,validation,CH-SIMS/video_0047/0036,/root/autodl-tmp/data/datasets/ch_sims/Raw.zip::Raw/video_0047/0036.mp4,/root/autodl-tmp/data/datasets/ch_sims/Raw.zip::Raw/video_0047/0036.mp4,/root/autodl-tmp/data/datasets/ch_sims/label.csv#video_0047/0036,0.00,4.57,zh,medium,high,high,true,true
EAQ001595,CH-SIMS,train,CH-SIMS/video_0047/0037,/root/autodl-tmp/data/datasets/ch_sims/Raw.zip::Raw/video_0047/0037.mp4,/root/autodl-tmp/data/datasets/ch_sims/Raw.zip::Raw/video_0047/0037.mp4,/root/autodl-tmp/data/datasets/ch_sims/label.csv#video_0047/0037,0.00,3.71,zh,medium,high,high,true,true
EAQ001596,CH-SIMS,train,CH-SIMS/video_0047/0038,/root/autodl-tmp/data/datasets/ch_sims/Raw.zip::Raw/video_0047/0038.mp4,/root/autodl-tmp/data/datasets/ch_sims/Raw.zip::Raw/video_0047/0038.mp4,/root/autodl-tmp/data/datasets/ch_sims/label.csv#video_0047/0038,0.00,5.14,zh,medium,high,high,true,true
EAQ001597,CH-SIMS,validation,CH-SIMS/video_0047/0039,/root/autodl-tmp/data/datasets/ch_sims/Raw.zip::Raw/video_0047/0039.mp4,/root/autodl-tmp/data/datasets/ch_sims/Raw.zip::Raw/video_0047/0039.mp4,/root/autodl-tmp/data/datasets/ch_sims/label.csv#video_0047/0039,0.00,2.57,zh,medium,high,high,true,true
EAQ001598,CH-SIMS,train,CH-SIMS/video_0047/0040,/root/autodl-tmp/data/datasets/ch_sims/Raw.zip::Raw/video_0047/0040.mp4,/root/autodl-tmp/data/datasets/ch_sims/Raw.zip::Raw/video_0047/0040.mp4,/root/autodl-tmp/data/datasets/ch_sims/label.csv#video_0047/0040,0.00,4.57,zh,medium,high,high,true,true
EAQ001599,CH-SIMS,validation,CH-SIMS/video_0047/0041,/root/autodl-tmp/data/datasets/ch_sims/Raw.zip::Raw/video_0047/0041.mp4,/root/autodl-tmp/data/datasets/ch_sims/Raw.zip::Raw/video_0047/0041.mp4,/root/autodl-tmp/data/datasets/ch_sims/label.csv#video_0047/0041,0.00,2.29,zh,medium,high,high,true,true
EAQ001600,CH-SIMS,test,CH-SIMS/video_0047/0042,/root/autodl-tmp/data/datasets/ch_sims/Raw.zip::Raw/video_0047/0042.mp4,/root/autodl-tmp/data/datasets/ch_sims/Raw.zip::Raw/video_0047/0042.mp4,/root/autodl-tmp/data/datasets/ch_sims/label.csv#video_0047/0042,0.00,4.86,zh,medium,high,high,true,true
EAQ001601,CH-SIMS,train,CH-SIMS/video_0047/0043,/root/autodl-tmp/data/datasets/ch_sims/Raw.zip::Raw/video_0047/0043.mp4,/root/autodl-tmp/data/datasets/ch_sims/Raw.zip::Raw/video_0047/0043.mp4,/root/autodl-tmp/data/datasets/ch_sims/label.csv#video_0047/0043,0.00,2.29,zh,medium,high,high,true,true
EAQ001602,CH-SIMS,test,CH-SIMS/video_0047/0044,/root/autodl-tmp/data/datasets/ch_sims/Raw.zip::Raw/video_0047/0044.mp4,/root/autodl-tmp/data/datasets/ch_sims/Raw.zip::Raw/video_0047/0044.mp4,/root/autodl-tmp/data/datasets/ch_sims/label.csv#video_0047/0044,0.00,1.71,zh,medium,high,high,true,true
EAQ001603,CH-SIMS,test,CH-SIMS/video_0047/0045,/root/autodl-tmp/data/datasets/ch_sims/Raw.zip::Raw/video_0047/0045.mp4,/root/autodl-tmp/data/datasets/ch_sims/Raw.zip::Raw/video_0047/0045.mp4,/root/autodl-tmp/data/datasets/ch_sims/label.csv#video_0047/0045,0.00,3.71,zh,medium,high,high,true,true
EAQ001604,CH-SIMS,test,CH-SIMS/video_0047/0046,/root/autodl-tmp/data/datasets/ch_sims/Raw.zip::Raw/video_0047/0046.mp4,/root/autodl-tmp/data/datasets/ch_sims/Raw.zip::Raw/video_0047/0046.mp4,/root/autodl-tmp/data/datasets/ch_sims/label.csv#video_0047/0046,0.00,3.14,zh,medium,high,high,true,true
EAQ001605,CH-SIMS,train,CH-SIMS/video_0047/0047,/root/autodl-tmp/data/datasets/ch_sims/Raw.zip::Raw/video_0047/0047.mp4,/root/autodl-tmp/data/datasets/ch_sims/Raw.zip::Raw/video_0047/0047.mp4,/root/autodl-tmp/data/datasets/ch_sims/label.csv#video_0047/0047,0.00,8.29,zh,medium,high,high,true,true
EAQ001606,CH-SIMS,train,CH-SIMS/video_0047/0048,/root/autodl-tmp/data/datasets/ch_sims/Raw.zip::Raw/video_0047/0048.mp4,/root/autodl-tmp/data/datasets/ch_sims/Raw.zip::Raw/video_0047/0048.mp4,/root/autodl-tmp/data/datasets/ch_sims/label.csv#video_0047/0048,0.00,10.00,zh,medium,high,high,true,true
EAQ001607,CH-SIMS,validation,CH-SIMS/video_0047/0049,/root/autodl-tmp/data/datasets/ch_sims/Raw.zip::Raw/video_0047/0049.mp4,/root/autodl-tmp/data/datasets/ch_sims/Raw.zip::Raw/video_0047/0049.mp4,/root/autodl-tmp/data/datasets/ch_sims/label.csv#video_0047/0049,0.00,6.86,zh,medium,high,high,true,true
EAQ001608,CH-SIMS,train,CH-SIMS/video_0047/0050,/root/autodl-tmp/data/datasets/ch_sims/Raw.zip::Raw/video_0047/0050.mp4,/root/autodl-tmp/data/datasets/ch_sims/Raw.zip::Raw/video_0047/0050.mp4,/root/autodl-tmp/data/datasets/ch_sims/label.csv#video_0047/0050,0.00,4.57,zh,medium,high,high,true,true
EAQ001609,CH-SIMS,test,CH-SIMS/video_0047/0051,/root/autodl-tmp/data/datasets/ch_sims/Raw.zip::Raw/video_0047/0051.mp4,/root/autodl-tmp/data/datasets/ch_sims/Raw.zip::Raw/video_0047/0051.mp4,/root/autodl-tmp/data/datasets/ch_sims/label.csv#video_0047/0051,0.00,1.43,zh,medium,high,high,true,true
EAQ001610,CH-SIMS,test,CH-SIMS/video_0047/0052,/root/autodl-tmp/data/datasets/ch_sims/Raw.zip::Raw/video_0047/0052.mp4,/root/autodl-tmp/data/datasets/ch_sims/Raw.zip::Raw/video_0047/0052.mp4,/root/autodl-tmp/data/datasets/ch_sims/label.csv#video_0047/0052,0.00,7.14,zh,medium,high,high,true,true
EAQ001611,CH-SIMS,train,CH-SIMS/video_0047/0053,/root/autodl-tmp/data/datasets/ch_sims/Raw.zip::Raw/video_0047/0053.mp4,/root/autodl-tmp/data/datasets/ch_sims/Raw.zip::Raw/video_0047/0053.mp4,/root/autodl-tmp/data/datasets/ch_sims/label.csv#video_0047/0053,0.00,3.71,zh,medium,high,high,true,true
EAQ001612,CH-SIMS,test,CH-SIMS/video_0047/0054,/root/autodl-tmp/data/datasets/ch_sims/Raw.zip::Raw/video_0047/0054.mp4,/root/autodl-tmp/data/datasets/ch_sims/Raw.zip::Raw/video_0047/0054.mp4,/root/autodl-tmp/data/datasets/ch_sims/label.csv#video_0047/0054,0.00,5.71,zh,medium,high,high,true,true
EAQ001613,CH-SIMS,train,CH-SIMS/video_0047/0055,/root/autodl-tmp/data/datasets/ch_sims/Raw.zip::Raw/video_0047/0055.mp4,/root/autodl-tmp/data/datasets/ch_sims/Raw.zip::Raw/video_0047/0055.mp4,/root/autodl-tmp/data/datasets/ch_sims/label.csv#video_0047/0055,0.00,4.57,zh,medium,high,high,true,true
EAQ001614,CH-SIMS,validation,CH-SIMS/video_0047/0056,/root/autodl-tmp/data/datasets/ch_sims/Raw.zip::Raw/video_0047/0056.mp4,/root/autodl-tmp/data/datasets/ch_sims/Raw.zip::Raw/video_0047/0056.mp4,/root/autodl-tmp/data/datasets/ch_sims/label.csv#video_0047/0056,0.00,8.57,zh,medium,high,high,true,true
EAQ001615,CH-SIMS,train,CH-SIMS/video_0047/0057,/root/autodl-tmp/data/datasets/ch_sims/Raw.zip::Raw/video_0047/0057.mp4,/root/autodl-tmp/data/datasets/ch_sims/Raw.zip::Raw/video_0047/0057.mp4,/root/autodl-tmp/data/datasets/ch_sims/label.csv#video_0047/0057,0.00,2.29,zh,medium,high,high,true,true
EAQ001616,CH-SIMS,train,CH-SIMS/video_0047/0058,/root/autodl-tmp/data/datasets/ch_sims/Raw.zip::Raw/video_0047/0058.mp4,/root/autodl-tmp/data/datasets/ch_sims/Raw.zip::Raw/video_0047/0058.mp4,/root/autodl-tmp/data/datasets/ch_sims/label.csv#video_0047/0058,0.00,3.43,zh,medium,high,high,true,true
EAQ001617,CH-SIMS,validation,CH-SIMS/video_0047/0059,/root/autodl-tmp/data/datasets/ch_sims/Raw.zip::Raw/video_0047/0059.mp4,/root/autodl-tmp/data/datasets/ch_sims/Raw.zip::Raw/video_0047/0059.mp4,/root/autodl-tmp/data/datasets/ch_sims/label.csv#video_0047/0059,0.00,3.43,zh,medium,high,high,true,true
EAQ001618,CH-SIMS,train,CH-SIMS/video_0047/0060,/root/autodl-tmp/data/datasets/ch_sims/Raw.zip::Raw/video_0047/0060.mp4,/root/autodl-tmp/data/datasets/ch_sims/Raw.zip::Raw/video_0047/0060.mp4,/root/autodl-tmp/data/datasets/ch_sims/label.csv#video_0047/0060,0.00,3.71,zh,medium,high,high,true,true
EAQ001619,CH-SIMS,train,CH-SIMS/video_0047/0061,/root/autodl-tmp/data/datasets/ch_sims/Raw.zip::Raw/video_0047/0061.mp4,/root/autodl-tmp/data/datasets/ch_sims/Raw.zip::Raw/video_0047/0061.mp4,/root/autodl-tmp/data/datasets/ch_sims/label.csv#video_0047/0061,0.00,4.29,zh,medium,high,high,true,true
EAQ001620,CH-SIMS,test,CH-SIMS/video_0047/0062,/root/autodl-tmp/data/datasets/ch_sims/Raw.zip::Raw/video_0047/0062.mp4,/root/autodl-tmp/data/datasets/ch_sims/Raw.zip::Raw/video_0047/0062.mp4,/root/autodl-tmp/data/datasets/ch_sims/label.csv#video_0047/0062,0.00,2.29,zh,medium,high,high,true,true
EAQ001621,CH-SIMS,train,CH-SIMS/video_0047/0063,/root/autodl-tmp/data/datasets/ch_sims/Raw.zip::Raw/video_0047/0063.mp4,/root/autodl-tmp/data/datasets/ch_sims/Raw.zip::Raw/video_0047/0063.mp4,/root/autodl-tmp/data/datasets/ch_sims/label.csv#video_0047/0063,0.00,3.43,zh,medium,high,high,true,true
EAQ001622,CH-SIMS,train,CH-SIMS/video_0047/0064,/root/autodl-tmp/data/datasets/ch_sims/Raw.zip::Raw/video_0047/0064.mp4,/root/autodl-tmp/data/datasets/ch_sims/Raw.zip::Raw/video_0047/0064.mp4,/root/autodl-tmp/data/datasets/ch_sims/label.csv#video_0047/0064,0.00,9.14,zh,medium,high,high,true,true
EAQ001623,CH-SIMS,validation,CH-SIMS/video_0047/0065,/root/autodl-tmp/data/datasets/ch_sims/Raw.zip::Raw/video_0047/0065.mp4,/root/autodl-tmp/data/datasets/ch_sims/Raw.zip::Raw/video_0047/0065.mp4,/root/autodl-tmp/data/datasets/ch_sims/label.csv#video_0047/0065,0.00,5.14,zh,medium,high,high,true,true
EAQ001624,CH-SIMS,test,CH-SIMS/video_0047/0066,/root/autodl-tmp/data/datasets/ch_sims/Raw.zip::Raw/video_0047/0066.mp4,/root/autodl-tmp/data/datasets/ch_sims/Raw.zip::Raw/video_0047/0066.mp4,/root/autodl-tmp/data/datasets/ch_sims/label.csv#video_0047/0066,0.00,2.86,zh,medium,high,high,true,true
EAQ001625,CH-SIMS,test,CH-SIMS/video_0047/0067,/root/autodl-tmp/data/datasets/ch_sims/Raw.zip::Raw/video_0047/0067.mp4,/root/autodl-tmp/data/datasets/ch_sims/Raw.zip::Raw/video_0047/0067.mp4,/root/autodl-tmp/data/datasets/ch_sims/label.csv#video_0047/0067,0.00,3.14,zh,medium,high,high,true,true
EAQ001626,CH-SIMS,train,CH-SIMS/video_0047/0068,/root/autodl-tmp/data/datasets/ch_sims/Raw.zip::Raw/video_0047/0068.mp4,/root/autodl-tmp/data/datasets/ch_sims/Raw.zip::Raw/video_0047/0068.mp4,/root/autodl-tmp/data/datasets/ch_sims/label.csv#video_0047/0068,0.00,5.14,zh,medium,high,high,true,true
EAQ001627,CH-SIMS,train,CH-SIMS/video_0047/0069,/root/autodl-tmp/data/datasets/ch_sims/Raw.zip::Raw/video_0047/0069.mp4,/root/autodl-tmp/data/datasets/ch_sims/Raw.zip::Raw/video_0047/0069.mp4,/root/autodl-tmp/data/datasets/ch_sims/label.csv#video_0047/0069,0.00,5.71,zh,medium,high,high,true,true
EAQ001628,CH-SIMS,test,CH-SIMS/video_0047/0070,/root/autodl-tmp/data/datasets/ch_sims/Raw.zip::Raw/video_0047/0070.mp4,/root/autodl-tmp/data/datasets/ch_sims/Raw.zip::Raw/video_0047/0070.mp4,/root/autodl-tmp/data/datasets/ch_sims/label.csv#video_0047/0070,0.00,3.43,zh,medium,high,high,true,true
EAQ001629,CH-SIMS,validation,CH-SIMS/video_0047/0071,/root/autodl-tmp/data/datasets/ch_sims/Raw.zip::Raw/video_0047/0071.mp4,/root/autodl-tmp/data/datasets/ch_sims/Raw.zip::Raw/video_0047/0071.mp4,/root/autodl-tmp/data/datasets/ch_sims/label.csv#video_0047/0071,0.00,6.57,zh,medium,high,high,true,true
EAQ001630,CH-SIMS,validation,CH-SIMS/video_0047/0072,/root/autodl-tmp/data/datasets/ch_sims/Raw.zip::Raw/video_0047/0072.mp4,/root/autodl-tmp/data/datasets/ch_sims/Raw.zip::Raw/video_0047/0072.mp4,/root/autodl-tmp/data/datasets/ch_sims/label.csv#video_0047/0072,0.00,4.00,zh,medium,high,high,true,true
EAQ001631,CH-SIMS,train,CH-SIMS/video_0047/0073,/root/autodl-tmp/data/datasets/ch_sims/Raw.zip::Raw/video_0047/0073.mp4,/root/autodl-tmp/data/datasets/ch_sims/Raw.zip::Raw/video_0047/0073.mp4,/root/autodl-tmp/data/datasets/ch_sims/label.csv#video_0047/0073,0.00,4.86,zh,medium,high,high,true,true
EAQ001632,CH-SIMS,validation,CH-SIMS/video_0047/0074,/root/autodl-tmp/data/datasets/ch_sims/Raw.zip::Raw/video_0047/0074.mp4,/root/autodl-tmp/data/datasets/ch_sims/Raw.zip::Raw/video_0047/0074.mp4,/root/autodl-tmp/data/datasets/ch_sims/label.csv#video_0047/0074,0.00,3.71,zh,medium,high,high,true,true
EAQ001633,CH-SIMS,train,CH-SIMS/video_0047/0075,/root/autodl-tmp/data/datasets/ch_sims/Raw.zip::Raw/video_0047/0075.mp4,/root/autodl-tmp/data/datasets/ch_sims/Raw.zip::Raw/video_0047/0075.mp4,/root/autodl-tmp/data/datasets/ch_sims/label.csv#video_0047/0075,0.00,5.71,zh,medium,high,high,true,true
EAQ001634,CH-SIMS,train,CH-SIMS/video_0047/0076,/root/autodl-tmp/data/datasets/ch_sims/Raw.zip::Raw/video_0047/0076.mp4,/root/autodl-tmp/data/datasets/ch_sims/Raw.zip::Raw/video_0047/0076.mp4,/root/autodl-tmp/data/datasets/ch_sims/label.csv#video_0047/0076,0.00,6.00,zh,medium,high,high,true,true
EAQ001635,CH-SIMS,train,CH-SIMS/video_0047/0077,/root/autodl-tmp/data/datasets/ch_sims/Raw.zip::Raw/video_0047/0077.mp4,/root/autodl-tmp/data/datasets/ch_sims/Raw.zip::Raw/video_0047/0077.mp4,/root/autodl-tmp/data/datasets/ch_sims/label.csv#video_0047/0077,0.00,5.14,zh,medium,high,high,true,true
EAQ001636,CH-SIMS,validation,CH-SIMS/video_0047/0078,/root/autodl-tmp/data/datasets/ch_sims/Raw.zip::Raw/video_0047/0078.mp4,/root/autodl-tmp/data/datasets/ch_sims/Raw.zip::Raw/video_0047/0078.mp4,/root/autodl-tmp/data/datasets/ch_sims/label.csv#video_0047/0078,0.00,2.57,zh,medium,high,high,true,true
EAQ001637,CH-SIMS,validation,CH-SIMS/video_0047/0079,/root/autodl-tmp/data/datasets/ch_sims/Raw.zip::Raw/video_0047/0079.mp4,/root/autodl-tmp/data/datasets/ch_sims/Raw.zip::Raw/video_0047/0079.mp4,/root/autodl-tmp/data/datasets/ch_sims/label.csv#video_0047/0079,0.00,2.29,zh,medium,high,high,true,true
EAQ001638,CH-SIMS,validation,CH-SIMS/video_0047/0080,/root/autodl-tmp/data/datasets/ch_sims/Raw.zip::Raw/video_0047/0080.mp4,/root/autodl-tmp/data/datasets/ch_sims/Raw.zip::Raw/video_0047/0080.mp4,/root/autodl-tmp/data/datasets/ch_sims/label.csv#video_0047/0080,0.00,4.57,zh,medium,high,high,true,true
EAQ001639,CH-SIMS,validation,CH-SIMS/video_0047/0081,/root/autodl-tmp/data/datasets/ch_sims/Raw.zip::Raw/video_0047/0081.mp4,/root/autodl-tmp/data/datasets/ch_sims/Raw.zip::Raw/video_0047/0081.mp4,/root/autodl-tmp/data/datasets/ch_sims/label.csv#video_0047/0081,0.00,5.43,zh,medium,high,high,true,true
EAQ001640,CH-SIMS,train,CH-SIMS/video_0047/0082,/root/autodl-tmp/data/datasets/ch_sims/Raw.zip::Raw/video_0047/0082.mp4,/root/autodl-tmp/data/datasets/ch_sims/Raw.zip::Raw/video_0047/0082.mp4,/root/autodl-tmp/data/datasets/ch_sims/label.csv#video_0047/0082,0.00,5.43,zh,medium,high,high,true,true
EAQ001641,CH-SIMS,train,CH-SIMS/video_0047/0083,/root/autodl-tmp/data/datasets/ch_sims/Raw.zip::Raw/video_0047/0083.mp4,/root/autodl-tmp/data/datasets/ch_sims/Raw.zip::Raw/video_0047/0083.mp4,/root/autodl-tmp/data/datasets/ch_sims/label.csv#video_0047/0083,0.00,4.29,zh,medium,high,high,true,true
EAQ001642,CH-SIMS,test,CH-SIMS/video_0047/0084,/root/autodl-tmp/data/datasets/ch_sims/Raw.zip::Raw/video_0047/0084.mp4,/root/autodl-tmp/data/datasets/ch_sims/Raw.zip::Raw/video_0047/0084.mp4,/root/autodl-tmp/data/datasets/ch_sims/label.csv#video_0047/0084,0.00,8.86,zh,medium,high,high,true,true
EAQ001643,CH-SIMS,train,CH-SIMS/video_0047/0085,/root/autodl-tmp/data/datasets/ch_sims/Raw.zip::Raw/video_0047/0085.mp4,/root/autodl-tmp/data/datasets/ch_sims/Raw.zip::Raw/video_0047/0085.mp4,/root/autodl-tmp/data/datasets/ch_sims/label.csv#video_0047/0085,0.00,2.86,zh,medium,high,high,true,true
EAQ001644,CH-SIMS,test,CH-SIMS/video_0047/0086,/root/autodl-tmp/data/datasets/ch_sims/Raw.zip::Raw/video_0047/0086.mp4,/root/autodl-tmp/data/datasets/ch_sims/Raw.zip::Raw/video_0047/0086.mp4,/root/autodl-tmp/data/datasets/ch_sims/label.csv#video_0047/0086,0.00,4.57,zh,medium,high,high,true,true
EAQ001645,CH-SIMS,validation,CH-SIMS/video_0047/0087,/root/autodl-tmp/data/datasets/ch_sims/Raw.zip::Raw/video_0047/0087.mp4,/root/autodl-tmp/data/datasets/ch_sims/Raw.zip::Raw/video_0047/0087.mp4,/root/autodl-tmp/data/datasets/ch_sims/label.csv#video_0047/0087,0.00,3.43,zh,medium,high,high,true,true
EAQ001646,CH-SIMS,validation,CH-SIMS/video_0047/0088,/root/autodl-tmp/data/datasets/ch_sims/Raw.zip::Raw/video_0047/0088.mp4,/root/autodl-tmp/data/datasets/ch_sims/Raw.zip::Raw/video_0047/0088.mp4,/root/autodl-tmp/data/datasets/ch_sims/label.csv#video_0047/0088,0.00,2.00,zh,medium,high,high,true,true
EAQ001647,CH-SIMS,validation,CH-SIMS/video_0047/0089,/root/autodl-tmp/data/datasets/ch_sims/Raw.zip::Raw/video_0047/0089.mp4,/root/autodl-tmp/data/datasets/ch_sims/Raw.zip::Raw/video_0047/0089.mp4,/root/autodl-tmp/data/datasets/ch_sims/label.csv#video_0047/0089,0.00,1.14,zh,medium,high,high,true,true
EAQ001648,CH-SIMS,validation,CH-SIMS/video_0048/0001,/root/autodl-tmp/data/datasets/ch_sims/Raw.zip::Raw/video_0048/0001.mp4,/root/autodl-tmp/data/datasets/ch_sims/Raw.zip::Raw/video_0048/0001.mp4,/root/autodl-tmp/data/datasets/ch_sims/label.csv#video_0048/0001,0.00,2.00,zh,medium,high,high,true,true
EAQ001649,CH-SIMS,train,CH-SIMS/video_0048/0002,/root/autodl-tmp/data/datasets/ch_sims/Raw.zip::Raw/video_0048/0002.mp4,/root/autodl-tmp/data/datasets/ch_sims/Raw.zip::Raw/video_0048/0002.mp4,/root/autodl-tmp/data/datasets/ch_sims/label.csv#video_0048/0002,0.00,2.86,zh,medium,high,high,true,true
EAQ001650,CH-SIMS,test,CH-SIMS/video_0048/0003,/root/autodl-tmp/data/datasets/ch_sims/Raw.zip::Raw/video_0048/0003.mp4,/root/autodl-tmp/data/datasets/ch_sims/Raw.zip::Raw/video_0048/0003.mp4,/root/autodl-tmp/data/datasets/ch_sims/label.csv#video_0048/0003,0.00,2.57,zh,medium,high,high,true,true
EAQ001651,CH-SIMS,test,CH-SIMS/video_0048/0004,/root/autodl-tmp/data/datasets/ch_sims/Raw.zip::Raw/video_0048/0004.mp4,/root/autodl-tmp/data/datasets/ch_sims/Raw.zip::Raw/video_0048/0004.mp4,/root/autodl-tmp/data/datasets/ch_sims/label.csv#video_0048/0004,0.00,2.86,zh,medium,high,high,true,true
EAQ001652,CH-SIMS,test,CH-SIMS/video_0048/0005,/root/autodl-tmp/data/datasets/ch_sims/Raw.zip::Raw/video_0048/0005.mp4,/root/autodl-tmp/data/datasets/ch_sims/Raw.zip::Raw/video_0048/0005.mp4,/root/autodl-tmp/data/datasets/ch_sims/label.csv#video_0048/0005,0.00,2.00,zh,medium,high,high,true,true
EAQ001653,CH-SIMS,validation,CH-SIMS/video_0048/0006,/root/autodl-tmp/data/datasets/ch_sims/Raw.zip::Raw/video_0048/0006.mp4,/root/autodl-tmp/data/datasets/ch_sims/Raw.zip::Raw/video_0048/0006.mp4,/root/autodl-tmp/data/datasets/ch_sims/label.csv#video_0048/0006,0.00,6.29,zh,medium,high,high,true,true
EAQ001654,CH-SIMS,train,CH-SIMS/video_0048/0007,/root/autodl-tmp/data/datasets/ch_sims/Raw.zip::Raw/video_0048/0007.mp4,/root/autodl-tmp/data/datasets/ch_sims/Raw.zip::Raw/video_0048/0007.mp4,/root/autodl-tmp/data/datasets/ch_sims/label.csv#video_0048/0007,0.00,6.29,zh,medium,high,high,true,true
EAQ001655,CH-SIMS,test,CH-SIMS/video_0048/0008,/root/autodl-tmp/data/datasets/ch_sims/Raw.zip::Raw/video_0048/0008.mp4,/root/autodl-tmp/data/datasets/ch_sims/Raw.zip::Raw/video_0048/0008.mp4,/root/autodl-tmp/data/datasets/ch_sims/label.csv#video_0048/0008,0.00,4.29,zh,medium,high,high,true,true
EAQ001656,CH-SIMS,train,CH-SIMS/video_0048/0009,/root/autodl-tmp/data/datasets/ch_sims/Raw.zip::Raw/video_0048/0009.mp4,/root/autodl-tmp/data/datasets/ch_sims/Raw.zip::Raw/video_0048/0009.mp4,/root/autodl-tmp/data/datasets/ch_sims/label.csv#video_0048/0009,0.00,6.57,zh,medium,high,high,true,true
EAQ001657,CH-SIMS,train,CH-SIMS/video_0048/0010,/root/autodl-tmp/data/datasets/ch_sims/Raw.zip::Raw/video_0048/0010.mp4,/root/autodl-tmp/data/datasets/ch_sims/Raw.zip::Raw/video_0048/0010.mp4,/root/autodl-tmp/data/datasets/ch_sims/label.csv#video_0048/0010,0.00,2.57,zh,medium,high,high,true,true
EAQ001658,CH-SIMS,validation,CH-SIMS/video_0048/0011,/root/autodl-tmp/data/datasets/ch_sims/Raw.zip::Raw/video_0048/0011.mp4,/root/autodl-tmp/data/datasets/ch_sims/Raw.zip::Raw/video_0048/0011.mp4,/root/autodl-tmp/data/datasets/ch_sims/label.csv#video_0048/0011,0.00,4.29,zh,medium,high,high,true,true
EAQ001659,CH-SIMS,test,CH-SIMS/video_0048/0012,/root/autodl-tmp/data/datasets/ch_sims/Raw.zip::Raw/video_0048/0012.mp4,/root/autodl-tmp/data/datasets/ch_sims/Raw.zip::Raw/video_0048/0012.mp4,/root/autodl-tmp/data/datasets/ch_sims/label.csv#video_0048/0012,0.00,3.43,zh,medium,high,high,true,true
EAQ001660,CH-SIMS,train,CH-SIMS/video_0048/0013,/root/autodl-tmp/data/datasets/ch_sims/Raw.zip::Raw/video_0048/0013.mp4,/root/autodl-tmp/data/datasets/ch_sims/Raw.zip::Raw/video_0048/0013.mp4,/root/autodl-tmp/data/datasets/ch_sims/label.csv#video_0048/0013,0.00,2.86,zh,medium,high,high,true,true
EAQ001661,CH-SIMS,test,CH-SIMS/video_0048/0014,/root/autodl-tmp/data/datasets/ch_sims/Raw.zip::Raw/video_0048/0014.mp4,/root/autodl-tmp/data/datasets/ch_sims/Raw.zip::Raw/video_0048/0014.mp4,/root/autodl-tmp/data/datasets/ch_sims/label.csv#video_0048/0014,0.00,1.43,zh,medium,high,high,true,true
EAQ001662,CH-SIMS,test,CH-SIMS/video_0048/0015,/root/autodl-tmp/data/datasets/ch_sims/Raw.zip::Raw/video_0048/0015.mp4,/root/autodl-tmp/data/datasets/ch_sims/Raw.zip::Raw/video_0048/0015.mp4,/root/autodl-tmp/data/datasets/ch_sims/label.csv#video_0048/0015,0.00,2.57,zh,medium,high,high,true,true
EAQ001663,CH-SIMS,train,CH-SIMS/video_0048/0016,/root/autodl-tmp/data/datasets/ch_sims/Raw.zip::Raw/video_0048/0016.mp4,/root/autodl-tmp/data/datasets/ch_sims/Raw.zip::Raw/video_0048/0016.mp4,/root/autodl-tmp/data/datasets/ch_sims/label.csv#video_0048/0016,0.00,4.86,zh,medium,high,high,true,true
EAQ001664,CH-SIMS,train,CH-SIMS/video_0048/0017,/root/autodl-tmp/data/datasets/ch_sims/Raw.zip::Raw/video_0048/0017.mp4,/root/autodl-tmp/data/datasets/ch_sims/Raw.zip::Raw/video_0048/0017.mp4,/root/autodl-tmp/data/datasets/ch_sims/label.csv#video_0048/0017,0.00,2.57,zh,medium,high,high,true,true
EAQ001665,CH-SIMS,train,CH-SIMS/video_0048/0018,/root/autodl-tmp/data/datasets/ch_sims/Raw.zip::Raw/video_0048/0018.mp4,/root/autodl-tmp/data/datasets/ch_sims/Raw.zip::Raw/video_0048/0018.mp4,/root/autodl-tmp/data/datasets/ch_sims/label.csv#video_0048/0018,0.00,2.86,zh,medium,high,high,true,true
EAQ001666,CH-SIMS,train,CH-SIMS/video_0048/0019,/root/autodl-tmp/data/datasets/ch_sims/Raw.zip::Raw/video_0048/0019.mp4,/root/autodl-tmp/data/datasets/ch_sims/Raw.zip::Raw/video_0048/0019.mp4,/root/autodl-tmp/data/datasets/ch_sims/label.csv#video_0048/0019,0.00,3.71,zh,medium,high,high,true,true
EAQ001667,CH-SIMS,train,CH-SIMS/video_0048/0020,/root/autodl-tmp/data/datasets/ch_sims/Raw.zip::Raw/video_0048/0020.mp4,/root/autodl-tmp/data/datasets/ch_sims/Raw.zip::Raw/video_0048/0020.mp4,/root/autodl-tmp/data/datasets/ch_sims/label.csv#video_0048/0020,0.00,2.00,zh,medium,high,high,true,true
EAQ001668,CH-SIMS,test,CH-SIMS/video_0048/0021,/root/autodl-tmp/data/datasets/ch_sims/Raw.zip::Raw/video_0048/0021.mp4,/root/autodl-tmp/data/datasets/ch_sims/Raw.zip::Raw/video_0048/0021.mp4,/root/autodl-tmp/data/datasets/ch_sims/label.csv#video_0048/0021,0.00,2.86,zh,medium,high,high,true,true
EAQ001669,CH-SIMS,test,CH-SIMS/video_0048/0022,/root/autodl-tmp/data/datasets/ch_sims/Raw.zip::Raw/video_0048/0022.mp4,/root/autodl-tmp/data/datasets/ch_sims/Raw.zip::Raw/video_0048/0022.mp4,/root/autodl-tmp/data/datasets/ch_sims/label.csv#video_0048/0022,0.00,7.71,zh,medium,high,high,true,true
EAQ001670,CH-SIMS,train,CH-SIMS/video_0048/0023,/root/autodl-tmp/data/datasets/ch_sims/Raw.zip::Raw/video_0048/0023.mp4,/root/autodl-tmp/data/datasets/ch_sims/Raw.zip::Raw/video_0048/0023.mp4,/root/autodl-tmp/data/datasets/ch_sims/label.csv#video_0048/0023,0.00,5.14,zh,medium,high,high,true,true
EAQ001671,CH-SIMS,train,CH-SIMS/video_0048/0024,/root/autodl-tmp/data/datasets/ch_sims/Raw.zip::Raw/video_0048/0024.mp4,/root/autodl-tmp/data/datasets/ch_sims/Raw.zip::Raw/video_0048/0024.mp4,/root/autodl-tmp/data/datasets/ch_sims/label.csv#video_0048/0024,0.00,3.43,zh,medium,high,high,true,true
EAQ001672,CH-SIMS,validation,CH-SIMS/video_0048/0025,/root/autodl-tmp/data/datasets/ch_sims/Raw.zip::Raw/video_0048/0025.mp4,/root/autodl-tmp/data/datasets/ch_sims/Raw.zip::Raw/video_0048/0025.mp4,/root/autodl-tmp/data/datasets/ch_sims/label.csv#video_0048/0025,0.00,4.00,zh,medium,high,high,true,true
EAQ001673,CH-SIMS,train,CH-SIMS/video_0048/0026,/root/autodl-tmp/data/datasets/ch_sims/Raw.zip::Raw/video_0048/0026.mp4,/root/autodl-tmp/data/datasets/ch_sims/Raw.zip::Raw/video_0048/0026.mp4,/root/autodl-tmp/data/datasets/ch_sims/label.csv#video_0048/0026,0.00,3.14,zh,medium,high,high,true,true
EAQ001674,CH-SIMS,validation,CH-SIMS/video_0048/0027,/root/autodl-tmp/data/datasets/ch_sims/Raw.zip::Raw/video_0048/0027.mp4,/root/autodl-tmp/data/datasets/ch_sims/Raw.zip::Raw/video_0048/0027.mp4,/root/autodl-tmp/data/datasets/ch_sims/label.csv#video_0048/0027,0.00,4.57,zh,medium,high,high,true,true
EAQ001675,CH-SIMS,validation,CH-SIMS/video_0048/0028,/root/autodl-tmp/data/datasets/ch_sims/Raw.zip::Raw/video_0048/0028.mp4,/root/autodl-tmp/data/datasets/ch_sims/Raw.zip::Raw/video_0048/0028.mp4,/root/autodl-tmp/data/datasets/ch_sims/label.csv#video_0048/0028,0.00,2.86,zh,medium,high,high,true,true
EAQ001676,CH-SIMS,test,CH-SIMS/video_0048/0029,/root/autodl-tmp/data/datasets/ch_sims/Raw.zip::Raw/video_0048/0029.mp4,/root/autodl-tmp/data/datasets/ch_sims/Raw.zip::Raw/video_0048/0029.mp4,/root/autodl-tmp/data/datasets/ch_sims/label.csv#video_0048/0029,0.00,4.86,zh,medium,high,high,true,true
EAQ001677,CH-SIMS,train,CH-SIMS/video_0048/0030,/root/autodl-tmp/data/datasets/ch_sims/Raw.zip::Raw/video_0048/0030.mp4,/root/autodl-tmp/data/datasets/ch_sims/Raw.zip::Raw/video_0048/0030.mp4,/root/autodl-tmp/data/datasets/ch_sims/label.csv#video_0048/0030,0.00,3.43,zh,medium,high,high,true,true
EAQ001678,CH-SIMS,train,CH-SIMS/video_0048/0031,/root/autodl-tmp/data/datasets/ch_sims/Raw.zip::Raw/video_0048/0031.mp4,/root/autodl-tmp/data/datasets/ch_sims/Raw.zip::Raw/video_0048/0031.mp4,/root/autodl-tmp/data/datasets/ch_sims/label.csv#video_0048/0031,0.00,3.14,zh,medium,high,high,true,true
EAQ001679,CH-SIMS,validation,CH-SIMS/video_0048/0032,/root/autodl-tmp/data/datasets/ch_sims/Raw.zip::Raw/video_0048/0032.mp4,/root/autodl-tmp/data/datasets/ch_sims/Raw.zip::Raw/video_0048/0032.mp4,/root/autodl-tmp/data/datasets/ch_sims/label.csv#video_0048/0032,0.00,2.57,zh,medium,high,high,true,true
EAQ001680,CH-SIMS,validation,CH-SIMS/video_0049/0001,/root/autodl-tmp/data/datasets/ch_sims/Raw.zip::Raw/video_0049/0001.mp4,/root/autodl-tmp/data/datasets/ch_sims/Raw.zip::Raw/video_0049/0001.mp4,/root/autodl-tmp/data/datasets/ch_sims/label.csv#video_0049/0001,0.00,3.14,zh,medium,high,high,true,true
EAQ001681,CH-SIMS,validation,CH-SIMS/video_0049/0002,/root/autodl-tmp/data/datasets/ch_sims/Raw.zip::Raw/video_0049/0002.mp4,/root/autodl-tmp/data/datasets/ch_sims/Raw.zip::Raw/video_0049/0002.mp4,/root/autodl-tmp/data/datasets/ch_sims/label.csv#video_0049/0002,0.00,2.57,zh,medium,high,high,true,true
EAQ001682,CH-SIMS,validation,CH-SIMS/video_0049/0003,/root/autodl-tmp/data/datasets/ch_sims/Raw.zip::Raw/video_0049/0003.mp4,/root/autodl-tmp/data/datasets/ch_sims/Raw.zip::Raw/video_0049/0003.mp4,/root/autodl-tmp/data/datasets/ch_sims/label.csv#video_0049/0003,0.00,6.29,zh,medium,high,high,true,true
EAQ001683,CH-SIMS,train,CH-SIMS/video_0049/0004,/root/autodl-tmp/data/datasets/ch_sims/Raw.zip::Raw/video_0049/0004.mp4,/root/autodl-tmp/data/datasets/ch_sims/Raw.zip::Raw/video_0049/0004.mp4,/root/autodl-tmp/data/datasets/ch_sims/label.csv#video_0049/0004,0.00,6.29,zh,medium,high,high,true,true
EAQ001684,CH-SIMS,test,CH-SIMS/video_0049/0005,/root/autodl-tmp/data/datasets/ch_sims/Raw.zip::Raw/video_0049/0005.mp4,/root/autodl-tmp/data/datasets/ch_sims/Raw.zip::Raw/video_0049/0005.mp4,/root/autodl-tmp/data/datasets/ch_sims/label.csv#video_0049/0005,0.00,3.71,zh,medium,high,high,true,true
EAQ001685,CH-SIMS,train,CH-SIMS/video_0049/0006,/root/autodl-tmp/data/datasets/ch_sims/Raw.zip::Raw/video_0049/0006.mp4,/root/autodl-tmp/data/datasets/ch_sims/Raw.zip::Raw/video_0049/0006.mp4,/root/autodl-tmp/data/datasets/ch_sims/label.csv#video_0049/0006,0.00,3.71,zh,medium,high,high,true,true
EAQ001686,CH-SIMS,test,CH-SIMS/video_0049/0007,/root/autodl-tmp/data/datasets/ch_sims/Raw.zip::Raw/video_0049/0007.mp4,/root/autodl-tmp/data/datasets/ch_sims/Raw.zip::Raw/video_0049/0007.mp4,/root/autodl-tmp/data/datasets/ch_sims/label.csv#video_0049/0007,0.00,4.57,zh,medium,high,high,true,true
EAQ001687,CH-SIMS,train,CH-SIMS/video_0049/0008,/root/autodl-tmp/data/datasets/ch_sims/Raw.zip::Raw/video_0049/0008.mp4,/root/autodl-tmp/data/datasets/ch_sims/Raw.zip::Raw/video_0049/0008.mp4,/root/autodl-tmp/data/datasets/ch_sims/label.csv#video_0049/0008,0.00,4.57,zh,medium,high,high,true,true
EAQ001688,CH-SIMS,train,CH-SIMS/video_0049/0009,/root/autodl-tmp/data/datasets/ch_sims/Raw.zip::Raw/video_0049/0009.mp4,/root/autodl-tmp/data/datasets/ch_sims/Raw.zip::Raw/video_0049/0009.mp4,/root/autodl-tmp/data/datasets/ch_sims/label.csv#video_0049/0009,0.00,4.57,zh,medium,high,high,true,true
EAQ001689,CH-SIMS,train,CH-SIMS/video_0049/0010,/root/autodl-tmp/data/datasets/ch_sims/Raw.zip::Raw/video_0049/0010.mp4,/root/autodl-tmp/data/datasets/ch_sims/Raw.zip::Raw/video_0049/0010.mp4,/root/autodl-tmp/data/datasets/ch_sims/label.csv#video_0049/0010,0.00,3.71,zh,medium,high,high,true,true
EAQ001690,CH-SIMS,train,CH-SIMS/video_0049/0011,/root/autodl-tmp/data/datasets/ch_sims/Raw.zip::Raw/video_0049/0011.mp4,/root/autodl-tmp/data/datasets/ch_sims/Raw.zip::Raw/video_0049/0011.mp4,/root/autodl-tmp/data/datasets/ch_sims/label.csv#video_0049/0011,0.00,5.14,zh,medium,high,high,true,true
EAQ001691,CH-SIMS,train,CH-SIMS/video_0049/0012,/root/autodl-tmp/data/datasets/ch_sims/Raw.zip::Raw/video_0049/0012.mp4,/root/autodl-tmp/data/datasets/ch_sims/Raw.zip::Raw/video_0049/0012.mp4,/root/autodl-tmp/data/datasets/ch_sims/label.csv#video_0049/0012,0.00,5.14,zh,medium,high,high,true,true
EAQ001692,CH-SIMS,validation,CH-SIMS/video_0049/0013,/root/autodl-tmp/data/datasets/ch_sims/Raw.zip::Raw/video_0049/0013.mp4,/root/autodl-tmp/data/datasets/ch_sims/Raw.zip::Raw/video_0049/0013.mp4,/root/autodl-tmp/data/datasets/ch_sims/label.csv#video_0049/0013,0.00,4.57,zh,medium,high,high,true,true
EAQ001693,CH-SIMS,validation,CH-SIMS/video_0049/0014,/root/autodl-tmp/data/datasets/ch_sims/Raw.zip::Raw/video_0049/0014.mp4,/root/autodl-tmp/data/datasets/ch_sims/Raw.zip::Raw/video_0049/0014.mp4,/root/autodl-tmp/data/datasets/ch_sims/label.csv#video_0049/0014,0.00,3.14,zh,medium,high,high,true,true
EAQ001694,CH-SIMS,train,CH-SIMS/video_0049/0015,/root/autodl-tmp/data/datasets/ch_sims/Raw.zip::Raw/video_0049/0015.mp4,/root/autodl-tmp/data/datasets/ch_sims/Raw.zip::Raw/video_0049/0015.mp4,/root/autodl-tmp/data/datasets/ch_sims/label.csv#video_0049/0015,0.00,3.43,zh,medium,high,high,true,true
EAQ001695,CH-SIMS,train,CH-SIMS/video_0049/0016,/root/autodl-tmp/data/datasets/ch_sims/Raw.zip::Raw/video_0049/0016.mp4,/root/autodl-tmp/data/datasets/ch_sims/Raw.zip::Raw/video_0049/0016.mp4,/root/autodl-tmp/data/datasets/ch_sims/label.csv#video_0049/0016,0.00,4.57,zh,medium,high,high,true,true
EAQ001696,CH-SIMS,validation,CH-SIMS/video_0049/0017,/root/autodl-tmp/data/datasets/ch_sims/Raw.zip::Raw/video_0049/0017.mp4,/root/autodl-tmp/data/datasets/ch_sims/Raw.zip::Raw/video_0049/0017.mp4,/root/autodl-tmp/data/datasets/ch_sims/label.csv#video_0049/0017,0.00,2.29,zh,medium,high,high,true,true
EAQ001697,CH-SIMS,train,CH-SIMS/video_0049/0018,/root/autodl-tmp/data/datasets/ch_sims/Raw.zip::Raw/video_0049/0018.mp4,/root/autodl-tmp/data/datasets/ch_sims/Raw.zip::Raw/video_0049/0018.mp4,/root/autodl-tmp/data/datasets/ch_sims/label.csv#video_0049/0018,0.00,4.00,zh,medium,high,high,true,true
EAQ001698,CH-SIMS,train,CH-SIMS/video_0049/0019,/root/autodl-tmp/data/datasets/ch_sims/Raw.zip::Raw/video_0049/0019.mp4,/root/autodl-tmp/data/datasets/ch_sims/Raw.zip::Raw/video_0049/0019.mp4,/root/autodl-tmp/data/datasets/ch_sims/label.csv#video_0049/0019,0.00,4.86,zh,medium,high,high,true,true
EAQ001699,CH-SIMS,test,CH-SIMS/video_0049/0020,/root/autodl-tmp/data/datasets/ch_sims/Raw.zip::Raw/video_0049/0020.mp4,/root/autodl-tmp/data/datasets/ch_sims/Raw.zip::Raw/video_0049/0020.mp4,/root/autodl-tmp/data/datasets/ch_sims/label.csv#video_0049/0020,0.00,2.86,zh,medium,high,high,true,true
EAQ001700,CH-SIMS,train,CH-SIMS/video_0049/0021,/root/autodl-tmp/data/datasets/ch_sims/Raw.zip::Raw/video_0049/0021.mp4,/root/autodl-tmp/data/datasets/ch_sims/Raw.zip::Raw/video_0049/0021.mp4,/root/autodl-tmp/data/datasets/ch_sims/label.csv#video_0049/0021,0.00,5.71,zh,medium,high,high,true,true
EAQ001701,CH-SIMS,train,CH-SIMS/video_0049/0022,/root/autodl-tmp/data/datasets/ch_sims/Raw.zip::Raw/video_0049/0022.mp4,/root/autodl-tmp/data/datasets/ch_sims/Raw.zip::Raw/video_0049/0022.mp4,/root/autodl-tmp/data/datasets/ch_sims/label.csv#video_0049/0022,0.00,4.29,zh,medium,high,high,true,true
EAQ001702,CH-SIMS,train,CH-SIMS/video_0050/0001,/root/autodl-tmp/data/datasets/ch_sims/Raw.zip::Raw/video_0050/0001.mp4,/root/autodl-tmp/data/datasets/ch_sims/Raw.zip::Raw/video_0050/0001.mp4,/root/autodl-tmp/data/datasets/ch_sims/label.csv#video_0050/0001,0.00,6.57,zh,medium,high,high,true,true
EAQ001703,CH-SIMS,test,CH-SIMS/video_0050/0002,/root/autodl-tmp/data/datasets/ch_sims/Raw.zip::Raw/video_0050/0002.mp4,/root/autodl-tmp/data/datasets/ch_sims/Raw.zip::Raw/video_0050/0002.mp4,/root/autodl-tmp/data/datasets/ch_sims/label.csv#video_0050/0002,0.00,2.57,zh,medium,high,high,true,true
EAQ001704,CH-SIMS,train,CH-SIMS/video_0050/0003,/root/autodl-tmp/data/datasets/ch_sims/Raw.zip::Raw/video_0050/0003.mp4,/root/autodl-tmp/data/datasets/ch_sims/Raw.zip::Raw/video_0050/0003.mp4,/root/autodl-tmp/data/datasets/ch_sims/label.csv#video_0050/0003,0.00,5.43,zh,medium,high,high,true,true
EAQ001705,CH-SIMS,validation,CH-SIMS/video_0050/0004,/root/autodl-tmp/data/datasets/ch_sims/Raw.zip::Raw/video_0050/0004.mp4,/root/autodl-tmp/data/datasets/ch_sims/Raw.zip::Raw/video_0050/0004.mp4,/root/autodl-tmp/data/datasets/ch_sims/label.csv#video_0050/0004,0.00,4.29,zh,medium,high,high,true,true
EAQ001706,CH-SIMS,train,CH-SIMS/video_0050/0005,/root/autodl-tmp/data/datasets/ch_sims/Raw.zip::Raw/video_0050/0005.mp4,/root/autodl-tmp/data/datasets/ch_sims/Raw.zip::Raw/video_0050/0005.mp4,/root/autodl-tmp/data/datasets/ch_sims/label.csv#video_0050/0005,0.00,2.57,zh,medium,high,high,true,true
EAQ001707,CH-SIMS,train,CH-SIMS/video_0050/0006,/root/autodl-tmp/data/datasets/ch_sims/Raw.zip::Raw/video_0050/0006.mp4,/root/autodl-tmp/data/datasets/ch_sims/Raw.zip::Raw/video_0050/0006.mp4,/root/autodl-tmp/data/datasets/ch_sims/label.csv#video_0050/0006,0.00,4.29,zh,medium,high,high,true,true
EAQ001708,CH-SIMS,test,CH-SIMS/video_0050/0007,/root/autodl-tmp/data/datasets/ch_sims/Raw.zip::Raw/video_0050/0007.mp4,/root/autodl-tmp/data/datasets/ch_sims/Raw.zip::Raw/video_0050/0007.mp4,/root/autodl-tmp/data/datasets/ch_sims/label.csv#video_0050/0007,0.00,2.00,zh,medium,high,high,true,true
EAQ001709,CH-SIMS,test,CH-SIMS/video_0050/0008,/root/autodl-tmp/data/datasets/ch_sims/Raw.zip::Raw/video_0050/0008.mp4,/root/autodl-tmp/data/datasets/ch_sims/Raw.zip::Raw/video_0050/0008.mp4,/root/autodl-tmp/data/datasets/ch_sims/label.csv#video_0050/0008,0.00,5.43,zh,medium,high,high,true,true
EAQ001710,CH-SIMS,validation,CH-SIMS/video_0050/0009,/root/autodl-tmp/data/datasets/ch_sims/Raw.zip::Raw/video_0050/0009.mp4,/root/autodl-tmp/data/datasets/ch_sims/Raw.zip::Raw/video_0050/0009.mp4,/root/autodl-tmp/data/datasets/ch_sims/label.csv#video_0050/0009,0.00,5.43,zh,medium,high,high,true,true
EAQ001711,CH-SIMS,test,CH-SIMS/video_0050/0010,/root/autodl-tmp/data/datasets/ch_sims/Raw.zip::Raw/video_0050/0010.mp4,/root/autodl-tmp/data/datasets/ch_sims/Raw.zip::Raw/video_0050/0010.mp4,/root/autodl-tmp/data/datasets/ch_sims/label.csv#video_0050/0010,0.00,6.86,zh,medium,high,high,true,true
EAQ001712,CH-SIMS,train,CH-SIMS/video_0050/0011,/root/autodl-tmp/data/datasets/ch_sims/Raw.zip::Raw/video_0050/0011.mp4,/root/autodl-tmp/data/datasets/ch_sims/Raw.zip::Raw/video_0050/0011.mp4,/root/autodl-tmp/data/datasets/ch_sims/label.csv#video_0050/0011,0.00,2.86,zh,medium,high,high,true,true
EAQ001713,CH-SIMS,train,CH-SIMS/video_0050/0012,/root/autodl-tmp/data/datasets/ch_sims/Raw.zip::Raw/video_0050/0012.mp4,/root/autodl-tmp/data/datasets/ch_sims/Raw.zip::Raw/video_0050/0012.mp4,/root/autodl-tmp/data/datasets/ch_sims/label.csv#video_0050/0012,0.00,5.43,zh,medium,high,high,true,true
EAQ001714,CH-SIMS,train,CH-SIMS/video_0050/0013,/root/autodl-tmp/data/datasets/ch_sims/Raw.zip::Raw/video_0050/0013.mp4,/root/autodl-tmp/data/datasets/ch_sims/Raw.zip::Raw/video_0050/0013.mp4,/root/autodl-tmp/data/datasets/ch_sims/label.csv#video_0050/0013,0.00,2.00,zh,medium,high,high,true,true
EAQ001715,CH-SIMS,test,CH-SIMS/video_0051/0001,/root/autodl-tmp/data/datasets/ch_sims/Raw.zip::Raw/video_0051/0001.mp4,/root/autodl-tmp/data/datasets/ch_sims/Raw.zip::Raw/video_0051/0001.mp4,/root/autodl-tmp/data/datasets/ch_sims/label.csv#video_0051/0001,0.00,5.71,zh,medium,high,high,true,true
EAQ001716,CH-SIMS,train,CH-SIMS/video_0051/0002,/root/autodl-tmp/data/datasets/ch_sims/Raw.zip::Raw/video_0051/0002.mp4,/root/autodl-tmp/data/datasets/ch_sims/Raw.zip::Raw/video_0051/0002.mp4,/root/autodl-tmp/data/datasets/ch_sims/label.csv#video_0051/0002,0.00,2.57,zh,medium,high,high,true,true
EAQ001717,CH-SIMS,validation,CH-SIMS/video_0051/0003,/root/autodl-tmp/data/datasets/ch_sims/Raw.zip::Raw/video_0051/0003.mp4,/root/autodl-tmp/data/datasets/ch_sims/Raw.zip::Raw/video_0051/0003.mp4,/root/autodl-tmp/data/datasets/ch_sims/label.csv#video_0051/0003,0.00,1.43,zh,medium,high,high,true,true
EAQ001718,CH-SIMS,validation,CH-SIMS/video_0051/0004,/root/autodl-tmp/data/datasets/ch_sims/Raw.zip::Raw/video_0051/0004.mp4,/root/autodl-tmp/data/datasets/ch_sims/Raw.zip::Raw/video_0051/0004.mp4,/root/autodl-tmp/data/datasets/ch_sims/label.csv#video_0051/0004,0.00,3.71,zh,medium,high,high,true,true
EAQ001719,CH-SIMS,train,CH-SIMS/video_0051/0005,/root/autodl-tmp/data/datasets/ch_sims/Raw.zip::Raw/video_0051/0005.mp4,/root/autodl-tmp/data/datasets/ch_sims/Raw.zip::Raw/video_0051/0005.mp4,/root/autodl-tmp/data/datasets/ch_sims/label.csv#video_0051/0005,0.00,2.00,zh,medium,high,high,true,true
EAQ001720,CH-SIMS,train,CH-SIMS/video_0051/0006,/root/autodl-tmp/data/datasets/ch_sims/Raw.zip::Raw/video_0051/0006.mp4,/root/autodl-tmp/data/datasets/ch_sims/Raw.zip::Raw/video_0051/0006.mp4,/root/autodl-tmp/data/datasets/ch_sims/label.csv#video_0051/0006,0.00,2.00,zh,medium,high,high,true,true
EAQ001721,CH-SIMS,train,CH-SIMS/video_0051/0007,/root/autodl-tmp/data/datasets/ch_sims/Raw.zip::Raw/video_0051/0007.mp4,/root/autodl-tmp/data/datasets/ch_sims/Raw.zip::Raw/video_0051/0007.mp4,/root/autodl-tmp/data/datasets/ch_sims/label.csv#video_0051/0007,0.00,5.14,zh,medium,high,high,true,true
EAQ001722,CH-SIMS,train,CH-SIMS/video_0051/0008,/root/autodl-tmp/data/datasets/ch_sims/Raw.zip::Raw/video_0051/0008.mp4,/root/autodl-tmp/data/datasets/ch_sims/Raw.zip::Raw/video_0051/0008.mp4,/root/autodl-tmp/data/datasets/ch_sims/label.csv#video_0051/0008,0.00,3.14,zh,medium,high,high,true,true
EAQ001723,CH-SIMS,train,CH-SIMS/video_0051/0009,/root/autodl-tmp/data/datasets/ch_sims/Raw.zip::Raw/video_0051/0009.mp4,/root/autodl-tmp/data/datasets/ch_sims/Raw.zip::Raw/video_0051/0009.mp4,/root/autodl-tmp/data/datasets/ch_sims/label.csv#video_0051/0009,0.00,4.00,zh,medium,high,high,true,true
EAQ001724,CH-SIMS,train,CH-SIMS/video_0051/0010,/root/autodl-tmp/data/datasets/ch_sims/Raw.zip::Raw/video_0051/0010.mp4,/root/autodl-tmp/data/datasets/ch_sims/Raw.zip::Raw/video_0051/0010.mp4,/root/autodl-tmp/data/datasets/ch_sims/label.csv#video_0051/0010,0.00,7.71,zh,medium,high,high,true,true
EAQ001725,CH-SIMS,train,CH-SIMS/video_0051/0011,/root/autodl-tmp/data/datasets/ch_sims/Raw.zip::Raw/video_0051/0011.mp4,/root/autodl-tmp/data/datasets/ch_sims/Raw.zip::Raw/video_0051/0011.mp4,/root/autodl-tmp/data/datasets/ch_sims/label.csv#video_0051/0011,0.00,4.86,zh,medium,high,high,true,true
EAQ001726,CH-SIMS,validation,CH-SIMS/video_0051/0012,/root/autodl-tmp/data/datasets/ch_sims/Raw.zip::Raw/video_0051/0012.mp4,/root/autodl-tmp/data/datasets/ch_sims/Raw.zip::Raw/video_0051/0012.mp4,/root/autodl-tmp/data/datasets/ch_sims/label.csv#video_0051/0012,0.00,2.86,zh,medium,high,high,true,true
EAQ001727,CH-SIMS,train,CH-SIMS/video_0051/0013,/root/autodl-tmp/data/datasets/ch_sims/Raw.zip::Raw/video_0051/0013.mp4,/root/autodl-tmp/data/datasets/ch_sims/Raw.zip::Raw/video_0051/0013.mp4,/root/autodl-tmp/data/datasets/ch_sims/label.csv#video_0051/0013,0.00,1.43,zh,medium,high,high,true,true
EAQ001728,CH-SIMS,train,CH-SIMS/video_0051/0014,/root/autodl-tmp/data/datasets/ch_sims/Raw.zip::Raw/video_0051/0014.mp4,/root/autodl-tmp/data/datasets/ch_sims/Raw.zip::Raw/video_0051/0014.mp4,/root/autodl-tmp/data/datasets/ch_sims/label.csv#video_0051/0014,0.00,7.43,zh,medium,high,high,true,true
EAQ001729,CH-SIMS,test,CH-SIMS/video_0051/0015,/root/autodl-tmp/data/datasets/ch_sims/Raw.zip::Raw/video_0051/0015.mp4,/root/autodl-tmp/data/datasets/ch_sims/Raw.zip::Raw/video_0051/0015.mp4,/root/autodl-tmp/data/datasets/ch_sims/label.csv#video_0051/0015,0.00,5.14,zh,medium,high,high,true,true
EAQ001730,CH-SIMS,validation,CH-SIMS/video_0051/0016,/root/autodl-tmp/data/datasets/ch_sims/Raw.zip::Raw/video_0051/0016.mp4,/root/autodl-tmp/data/datasets/ch_sims/Raw.zip::Raw/video_0051/0016.mp4,/root/autodl-tmp/data/datasets/ch_sims/label.csv#video_0051/0016,0.00,4.00,zh,medium,high,high,true,true
EAQ001731,CH-SIMS,validation,CH-SIMS/video_0051/0017,/root/autodl-tmp/data/datasets/ch_sims/Raw.zip::Raw/video_0051/0017.mp4,/root/autodl-tmp/data/datasets/ch_sims/Raw.zip::Raw/video_0051/0017.mp4,/root/autodl-tmp/data/datasets/ch_sims/label.csv#video_0051/0017,0.00,8.29,zh,medium,high,high,true,true
EAQ001732,CH-SIMS,test,CH-SIMS/video_0051/0018,/root/autodl-tmp/data/datasets/ch_sims/Raw.zip::Raw/video_0051/0018.mp4,/root/autodl-tmp/data/datasets/ch_sims/Raw.zip::Raw/video_0051/0018.mp4,/root/autodl-tmp/data/datasets/ch_sims/label.csv#video_0051/0018,0.00,4.86,zh,medium,high,high,true,true
EAQ001733,CH-SIMS,validation,CH-SIMS/video_0051/0019,/root/autodl-tmp/data/datasets/ch_sims/Raw.zip::Raw/video_0051/0019.mp4,/root/autodl-tmp/data/datasets/ch_sims/Raw.zip::Raw/video_0051/0019.mp4,/root/autodl-tmp/data/datasets/ch_sims/label.csv#video_0051/0019,0.00,2.29,zh,medium,high,high,true,true
EAQ001734,CH-SIMS,validation,CH-SIMS/video_0051/0020,/root/autodl-tmp/data/datasets/ch_sims/Raw.zip::Raw/video_0051/0020.mp4,/root/autodl-tmp/data/datasets/ch_sims/Raw.zip::Raw/video_0051/0020.mp4,/root/autodl-tmp/data/datasets/ch_sims/label.csv#video_0051/0020,0.00,3.14,zh,medium,high,high,true,true
EAQ001735,CH-SIMS,train,CH-SIMS/video_0051/0021,/root/autodl-tmp/data/datasets/ch_sims/Raw.zip::Raw/video_0051/0021.mp4,/root/autodl-tmp/data/datasets/ch_sims/Raw.zip::Raw/video_0051/0021.mp4,/root/autodl-tmp/data/datasets/ch_sims/label.csv#video_0051/0021,0.00,1.71,zh,medium,high,high,true,true
EAQ001736,CH-SIMS,train,CH-SIMS/video_0051/0022,/root/autodl-tmp/data/datasets/ch_sims/Raw.zip::Raw/video_0051/0022.mp4,/root/autodl-tmp/data/datasets/ch_sims/Raw.zip::Raw/video_0051/0022.mp4,/root/autodl-tmp/data/datasets/ch_sims/label.csv#video_0051/0022,0.00,4.29,zh,medium,high,high,true,true
EAQ001737,CH-SIMS,train,CH-SIMS/video_0051/0023,/root/autodl-tmp/data/datasets/ch_sims/Raw.zip::Raw/video_0051/0023.mp4,/root/autodl-tmp/data/datasets/ch_sims/Raw.zip::Raw/video_0051/0023.mp4,/root/autodl-tmp/data/datasets/ch_sims/label.csv#video_0051/0023,0.00,1.71,zh,medium,high,high,true,true
EAQ001738,CH-SIMS,test,CH-SIMS/video_0051/0024,/root/autodl-tmp/data/datasets/ch_sims/Raw.zip::Raw/video_0051/0024.mp4,/root/autodl-tmp/data/datasets/ch_sims/Raw.zip::Raw/video_0051/0024.mp4,/root/autodl-tmp/data/datasets/ch_sims/label.csv#video_0051/0024,0.00,4.00,zh,medium,high,high,true,true
EAQ001739,CH-SIMS,train,CH-SIMS/video_0051/0025,/root/autodl-tmp/data/datasets/ch_sims/Raw.zip::Raw/video_0051/0025.mp4,/root/autodl-tmp/data/datasets/ch_sims/Raw.zip::Raw/video_0051/0025.mp4,/root/autodl-tmp/data/datasets/ch_sims/label.csv#video_0051/0025,0.00,1.71,zh,medium,high,high,true,true
EAQ001740,CH-SIMS,train,CH-SIMS/video_0051/0026,/root/autodl-tmp/data/datasets/ch_sims/Raw.zip::Raw/video_0051/0026.mp4,/root/autodl-tmp/data/datasets/ch_sims/Raw.zip::Raw/video_0051/0026.mp4,/root/autodl-tmp/data/datasets/ch_sims/label.csv#video_0051/0026,0.00,1.71,zh,medium,high,high,true,true
EAQ001741,CH-SIMS,train,CH-SIMS/video_0051/0027,/root/autodl-tmp/data/datasets/ch_sims/Raw.zip::Raw/video_0051/0027.mp4,/root/autodl-tmp/data/datasets/ch_sims/Raw.zip::Raw/video_0051/0027.mp4,/root/autodl-tmp/data/datasets/ch_sims/label.csv#video_0051/0027,0.00,1.43,zh,medium,high,high,true,true
EAQ001742,CH-SIMS,validation,CH-SIMS/video_0051/0028,/root/autodl-tmp/data/datasets/ch_sims/Raw.zip::Raw/video_0051/0028.mp4,/root/autodl-tmp/data/datasets/ch_sims/Raw.zip::Raw/video_0051/0028.mp4,/root/autodl-tmp/data/datasets/ch_sims/label.csv#video_0051/0028,0.00,4.86,zh,medium,high,high,true,true
EAQ001743,CH-SIMS,train,CH-SIMS/video_0051/0029,/root/autodl-tmp/data/datasets/ch_sims/Raw.zip::Raw/video_0051/0029.mp4,/root/autodl-tmp/data/datasets/ch_sims/Raw.zip::Raw/video_0051/0029.mp4,/root/autodl-tmp/data/datasets/ch_sims/label.csv#video_0051/0029,0.00,6.00,zh,medium,high,high,true,true
EAQ001744,CH-SIMS,validation,CH-SIMS/video_0051/0030,/root/autodl-tmp/data/datasets/ch_sims/Raw.zip::Raw/video_0051/0030.mp4,/root/autodl-tmp/data/datasets/ch_sims/Raw.zip::Raw/video_0051/0030.mp4,/root/autodl-tmp/data/datasets/ch_sims/label.csv#video_0051/0030,0.00,4.57,zh,medium,high,high,true,true
EAQ001745,CH-SIMS,train,CH-SIMS/video_0051/0031,/root/autodl-tmp/data/datasets/ch_sims/Raw.zip::Raw/video_0051/0031.mp4,/root/autodl-tmp/data/datasets/ch_sims/Raw.zip::Raw/video_0051/0031.mp4,/root/autodl-tmp/data/datasets/ch_sims/label.csv#video_0051/0031,0.00,4.00,zh,medium,high,high,true,true
EAQ001746,CH-SIMS,test,CH-SIMS/video_0051/0032,/root/autodl-tmp/data/datasets/ch_sims/Raw.zip::Raw/video_0051/0032.mp4,/root/autodl-tmp/data/datasets/ch_sims/Raw.zip::Raw/video_0051/0032.mp4,/root/autodl-tmp/data/datasets/ch_sims/label.csv#video_0051/0032,0.00,6.00,zh,medium,high,high,true,true
EAQ001747,CH-SIMS,train,CH-SIMS/video_0051/0033,/root/autodl-tmp/data/datasets/ch_sims/Raw.zip::Raw/video_0051/0033.mp4,/root/autodl-tmp/data/datasets/ch_sims/Raw.zip::Raw/video_0051/0033.mp4,/root/autodl-tmp/data/datasets/ch_sims/label.csv#video_0051/0033,0.00,2.86,zh,medium,high,high,true,true
EAQ001748,CH-SIMS,test,CH-SIMS/video_0051/0034,/root/autodl-tmp/data/datasets/ch_sims/Raw.zip::Raw/video_0051/0034.mp4,/root/autodl-tmp/data/datasets/ch_sims/Raw.zip::Raw/video_0051/0034.mp4,/root/autodl-tmp/data/datasets/ch_sims/label.csv#video_0051/0034,0.00,1.00,zh,medium,high,medium,true,true
EAQ001749,CH-SIMS,train,CH-SIMS/video_0051/0035,/root/autodl-tmp/data/datasets/ch_sims/Raw.zip::Raw/video_0051/0035.mp4,/root/autodl-tmp/data/datasets/ch_sims/Raw.zip::Raw/video_0051/0035.mp4,/root/autodl-tmp/data/datasets/ch_sims/label.csv#video_0051/0035,0.00,2.86,zh,medium,high,high,true,true
EAQ001750,CH-SIMS,test,CH-SIMS/video_0051/0036,/root/autodl-tmp/data/datasets/ch_sims/Raw.zip::Raw/video_0051/0036.mp4,/root/autodl-tmp/data/datasets/ch_sims/Raw.zip::Raw/video_0051/0036.mp4,/root/autodl-tmp/data/datasets/ch_sims/label.csv#video_0051/0036,0.00,5.43,zh,medium,high,high,true,true
EAQ001751,CH-SIMS,train,CH-SIMS/video_0051/0037,/root/autodl-tmp/data/datasets/ch_sims/Raw.zip::Raw/video_0051/0037.mp4,/root/autodl-tmp/data/datasets/ch_sims/Raw.zip::Raw/video_0051/0037.mp4,/root/autodl-tmp/data/datasets/ch_sims/label.csv#video_0051/0037,0.00,6.29,zh,medium,high,high,true,true
EAQ001752,CH-SIMS,test,CH-SIMS/video_0051/0038,/root/autodl-tmp/data/datasets/ch_sims/Raw.zip::Raw/video_0051/0038.mp4,/root/autodl-tmp/data/datasets/ch_sims/Raw.zip::Raw/video_0051/0038.mp4,/root/autodl-tmp/data/datasets/ch_sims/label.csv#video_0051/0038,0.00,1.71,zh,medium,high,high,true,true
EAQ001753,CH-SIMS,train,CH-SIMS/video_0051/0039,/root/autodl-tmp/data/datasets/ch_sims/Raw.zip::Raw/video_0051/0039.mp4,/root/autodl-tmp/data/datasets/ch_sims/Raw.zip::Raw/video_0051/0039.mp4,/root/autodl-tmp/data/datasets/ch_sims/label.csv#video_0051/0039,0.00,2.57,zh,medium,high,high,true,true
EAQ001754,CH-SIMS,train,CH-SIMS/video_0051/0040,/root/autodl-tmp/data/datasets/ch_sims/Raw.zip::Raw/video_0051/0040.mp4,/root/autodl-tmp/data/datasets/ch_sims/Raw.zip::Raw/video_0051/0040.mp4,/root/autodl-tmp/data/datasets/ch_sims/label.csv#video_0051/0040,0.00,4.00,zh,medium,high,high,true,true
EAQ001755,CH-SIMS,test,CH-SIMS/video_0051/0041,/root/autodl-tmp/data/datasets/ch_sims/Raw.zip::Raw/video_0051/0041.mp4,/root/autodl-tmp/data/datasets/ch_sims/Raw.zip::Raw/video_0051/0041.mp4,/root/autodl-tmp/data/datasets/ch_sims/label.csv#video_0051/0041,0.00,5.43,zh,medium,high,high,true,true
EAQ001756,CH-SIMS,train,CH-SIMS/video_0051/0042,/root/autodl-tmp/data/datasets/ch_sims/Raw.zip::Raw/video_0051/0042.mp4,/root/autodl-tmp/data/datasets/ch_sims/Raw.zip::Raw/video_0051/0042.mp4,/root/autodl-tmp/data/datasets/ch_sims/label.csv#video_0051/0042,0.00,4.86,zh,medium,high,high,true,true
EAQ001757,CH-SIMS,train,CH-SIMS/video_0051/0043,/root/autodl-tmp/data/datasets/ch_sims/Raw.zip::Raw/video_0051/0043.mp4,/root/autodl-tmp/data/datasets/ch_sims/Raw.zip::Raw/video_0051/0043.mp4,/root/autodl-tmp/data/datasets/ch_sims/label.csv#video_0051/0043,0.00,6.86,zh,medium,high,high,true,true
EAQ001758,CH-SIMS,train,CH-SIMS/video_0051/0044,/root/autodl-tmp/data/datasets/ch_sims/Raw.zip::Raw/video_0051/0044.mp4,/root/autodl-tmp/data/datasets/ch_sims/Raw.zip::Raw/video_0051/0044.mp4,/root/autodl-tmp/data/datasets/ch_sims/label.csv#video_0051/0044,0.00,3.43,zh,medium,high,high,true,true
EAQ001759,CH-SIMS,train,CH-SIMS/video_0051/0045,/root/autodl-tmp/data/datasets/ch_sims/Raw.zip::Raw/video_0051/0045.mp4,/root/autodl-tmp/data/datasets/ch_sims/Raw.zip::Raw/video_0051/0045.mp4,/root/autodl-tmp/data/datasets/ch_sims/label.csv#video_0051/0045,0.00,4.29,zh,medium,high,high,true,true
EAQ001760,CH-SIMS,train,CH-SIMS/video_0051/0046,/root/autodl-tmp/data/datasets/ch_sims/Raw.zip::Raw/video_0051/0046.mp4,/root/autodl-tmp/data/datasets/ch_sims/Raw.zip::Raw/video_0051/0046.mp4,/root/autodl-tmp/data/datasets/ch_sims/label.csv#video_0051/0046,0.00,4.00,zh,medium,high,high,true,true
EAQ001761,CH-SIMS,train,CH-SIMS/video_0051/0047,/root/autodl-tmp/data/datasets/ch_sims/Raw.zip::Raw/video_0051/0047.mp4,/root/autodl-tmp/data/datasets/ch_sims/Raw.zip::Raw/video_0051/0047.mp4,/root/autodl-tmp/data/datasets/ch_sims/label.csv#video_0051/0047,0.00,2.29,zh,medium,high,high,true,true
EAQ001762,CH-SIMS,train,CH-SIMS/video_0051/0048,/root/autodl-tmp/data/datasets/ch_sims/Raw.zip::Raw/video_0051/0048.mp4,/root/autodl-tmp/data/datasets/ch_sims/Raw.zip::Raw/video_0051/0048.mp4,/root/autodl-tmp/data/datasets/ch_sims/label.csv#video_0051/0048,0.00,5.14,zh,medium,high,high,true,true
EAQ001763,CH-SIMS,train,CH-SIMS/video_0051/0049,/root/autodl-tmp/data/datasets/ch_sims/Raw.zip::Raw/video_0051/0049.mp4,/root/autodl-tmp/data/datasets/ch_sims/Raw.zip::Raw/video_0051/0049.mp4,/root/autodl-tmp/data/datasets/ch_sims/label.csv#video_0051/0049,0.00,4.29,zh,medium,high,high,true,true
EAQ001764,CH-SIMS,train,CH-SIMS/video_0051/0050,/root/autodl-tmp/data/datasets/ch_sims/Raw.zip::Raw/video_0051/0050.mp4,/root/autodl-tmp/data/datasets/ch_sims/Raw.zip::Raw/video_0051/0050.mp4,/root/autodl-tmp/data/datasets/ch_sims/label.csv#video_0051/0050,0.00,4.86,zh,medium,high,high,true,true
EAQ001765,CH-SIMS,test,CH-SIMS/video_0051/0051,/root/autodl-tmp/data/datasets/ch_sims/Raw.zip::Raw/video_0051/0051.mp4,/root/autodl-tmp/data/datasets/ch_sims/Raw.zip::Raw/video_0051/0051.mp4,/root/autodl-tmp/data/datasets/ch_sims/label.csv#video_0051/0051,0.00,4.29,zh,medium,high,high,true,true
EAQ001766,CH-SIMS,train,CH-SIMS/video_0051/0052,/root/autodl-tmp/data/datasets/ch_sims/Raw.zip::Raw/video_0051/0052.mp4,/root/autodl-tmp/data/datasets/ch_sims/Raw.zip::Raw/video_0051/0052.mp4,/root/autodl-tmp/data/datasets/ch_sims/label.csv#video_0051/0052,0.00,3.43,zh,medium,high,high,true,true
EAQ001767,CH-SIMS,test,CH-SIMS/video_0051/0053,/root/autodl-tmp/data/datasets/ch_sims/Raw.zip::Raw/video_0051/0053.mp4,/root/autodl-tmp/data/datasets/ch_sims/Raw.zip::Raw/video_0051/0053.mp4,/root/autodl-tmp/data/datasets/ch_sims/label.csv#video_0051/0053,0.00,5.14,zh,medium,high,high,true,true
EAQ001768,CH-SIMS,train,CH-SIMS/video_0051/0054,/root/autodl-tmp/data/datasets/ch_sims/Raw.zip::Raw/video_0051/0054.mp4,/root/autodl-tmp/data/datasets/ch_sims/Raw.zip::Raw/video_0051/0054.mp4,/root/autodl-tmp/data/datasets/ch_sims/label.csv#video_0051/0054,0.00,6.57,zh,medium,high,high,true,true
EAQ001769,CH-SIMS,test,CH-SIMS/video_0051/0055,/root/autodl-tmp/data/datasets/ch_sims/Raw.zip::Raw/video_0051/0055.mp4,/root/autodl-tmp/data/datasets/ch_sims/Raw.zip::Raw/video_0051/0055.mp4,/root/autodl-tmp/data/datasets/ch_sims/label.csv#video_0051/0055,0.00,2.86,zh,medium,high,high,true,true
EAQ001770,CH-SIMS,train,CH-SIMS/video_0051/0056,/root/autodl-tmp/data/datasets/ch_sims/Raw.zip::Raw/video_0051/0056.mp4,/root/autodl-tmp/data/datasets/ch_sims/Raw.zip::Raw/video_0051/0056.mp4,/root/autodl-tmp/data/datasets/ch_sims/label.csv#video_0051/0056,0.00,2.29,zh,medium,high,high,true,true
EAQ001771,CH-SIMS,train,CH-SIMS/video_0051/0057,/root/autodl-tmp/data/datasets/ch_sims/Raw.zip::Raw/video_0051/0057.mp4,/root/autodl-tmp/data/datasets/ch_sims/Raw.zip::Raw/video_0051/0057.mp4,/root/autodl-tmp/data/datasets/ch_sims/label.csv#video_0051/0057,0.00,4.57,zh,medium,high,high,true,true
EAQ001772,CH-SIMS,train,CH-SIMS/video_0051/0058,/root/autodl-tmp/data/datasets/ch_sims/Raw.zip::Raw/video_0051/0058.mp4,/root/autodl-tmp/data/datasets/ch_sims/Raw.zip::Raw/video_0051/0058.mp4,/root/autodl-tmp/data/datasets/ch_sims/label.csv#video_0051/0058,0.00,2.29,zh,medium,high,high,true,true
EAQ001773,CH-SIMS,validation,CH-SIMS/video_0051/0059,/root/autodl-tmp/data/datasets/ch_sims/Raw.zip::Raw/video_0051/0059.mp4,/root/autodl-tmp/data/datasets/ch_sims/Raw.zip::Raw/video_0051/0059.mp4,/root/autodl-tmp/data/datasets/ch_sims/label.csv#video_0051/0059,0.00,8.00,zh,medium,high,high,true,true
EAQ001774,CH-SIMS,test,CH-SIMS/video_0051/0060,/root/autodl-tmp/data/datasets/ch_sims/Raw.zip::Raw/video_0051/0060.mp4,/root/autodl-tmp/data/datasets/ch_sims/Raw.zip::Raw/video_0051/0060.mp4,/root/autodl-tmp/data/datasets/ch_sims/label.csv#video_0051/0060,0.00,6.00,zh,medium,high,high,true,true
EAQ001775,CH-SIMS,train,CH-SIMS/video_0051/0061,/root/autodl-tmp/data/datasets/ch_sims/Raw.zip::Raw/video_0051/0061.mp4,/root/autodl-tmp/data/datasets/ch_sims/Raw.zip::Raw/video_0051/0061.mp4,/root/autodl-tmp/data/datasets/ch_sims/label.csv#video_0051/0061,0.00,4.86,zh,medium,high,high,true,true
EAQ001776,CH-SIMS,train,CH-SIMS/video_0051/0062,/root/autodl-tmp/data/datasets/ch_sims/Raw.zip::Raw/video_0051/0062.mp4,/root/autodl-tmp/data/datasets/ch_sims/Raw.zip::Raw/video_0051/0062.mp4,/root/autodl-tmp/data/datasets/ch_sims/label.csv#video_0051/0062,0.00,4.29,zh,medium,high,high,true,true
EAQ001777,CH-SIMS,test,CH-SIMS/video_0051/0063,/root/autodl-tmp/data/datasets/ch_sims/Raw.zip::Raw/video_0051/0063.mp4,/root/autodl-tmp/data/datasets/ch_sims/Raw.zip::Raw/video_0051/0063.mp4,/root/autodl-tmp/data/datasets/ch_sims/label.csv#video_0051/0063,0.00,7.14,zh,medium,high,high,true,true
EAQ001778,CH-SIMS,validation,CH-SIMS/video_0051/0064,/root/autodl-tmp/data/datasets/ch_sims/Raw.zip::Raw/video_0051/0064.mp4,/root/autodl-tmp/data/datasets/ch_sims/Raw.zip::Raw/video_0051/0064.mp4,/root/autodl-tmp/data/datasets/ch_sims/label.csv#video_0051/0064,0.00,2.00,zh,medium,high,high,true,true
EAQ001779,CH-SIMS,validation,CH-SIMS/video_0051/0065,/root/autodl-tmp/data/datasets/ch_sims/Raw.zip::Raw/video_0051/0065.mp4,/root/autodl-tmp/data/datasets/ch_sims/Raw.zip::Raw/video_0051/0065.mp4,/root/autodl-tmp/data/datasets/ch_sims/label.csv#video_0051/0065,0.00,5.14,zh,medium,high,high,true,true
EAQ001780,CH-SIMS,train,CH-SIMS/video_0051/0066,/root/autodl-tmp/data/datasets/ch_sims/Raw.zip::Raw/video_0051/0066.mp4,/root/autodl-tmp/data/datasets/ch_sims/Raw.zip::Raw/video_0051/0066.mp4,/root/autodl-tmp/data/datasets/ch_sims/label.csv#video_0051/0066,0.00,4.00,zh,medium,high,high,true,true
EAQ001781,CH-SIMS,train,CH-SIMS/video_0051/0067,/root/autodl-tmp/data/datasets/ch_sims/Raw.zip::Raw/video_0051/0067.mp4,/root/autodl-tmp/data/datasets/ch_sims/Raw.zip::Raw/video_0051/0067.mp4,/root/autodl-tmp/data/datasets/ch_sims/label.csv#video_0051/0067,0.00,4.00,zh,medium,high,high,true,true
EAQ001782,CH-SIMS,validation,CH-SIMS/video_0051/0068,/root/autodl-tmp/data/datasets/ch_sims/Raw.zip::Raw/video_0051/0068.mp4,/root/autodl-tmp/data/datasets/ch_sims/Raw.zip::Raw/video_0051/0068.mp4,/root/autodl-tmp/data/datasets/ch_sims/label.csv#video_0051/0068,0.00,1.14,zh,medium,high,high,true,true
EAQ001783,CH-SIMS,train,CH-SIMS/video_0051/0069,/root/autodl-tmp/data/datasets/ch_sims/Raw.zip::Raw/video_0051/0069.mp4,/root/autodl-tmp/data/datasets/ch_sims/Raw.zip::Raw/video_0051/0069.mp4,/root/autodl-tmp/data/datasets/ch_sims/label.csv#video_0051/0069,0.00,4.86,zh,medium,high,high,true,true
EAQ001784,CH-SIMS,train,CH-SIMS/video_0051/0070,/root/autodl-tmp/data/datasets/ch_sims/Raw.zip::Raw/video_0051/0070.mp4,/root/autodl-tmp/data/datasets/ch_sims/Raw.zip::Raw/video_0051/0070.mp4,/root/autodl-tmp/data/datasets/ch_sims/label.csv#video_0051/0070,0.00,6.86,zh,medium,high,high,true,true
EAQ001785,CH-SIMS,train,CH-SIMS/video_0051/0071,/root/autodl-tmp/data/datasets/ch_sims/Raw.zip::Raw/video_0051/0071.mp4,/root/autodl-tmp/data/datasets/ch_sims/Raw.zip::Raw/video_0051/0071.mp4,/root/autodl-tmp/data/datasets/ch_sims/label.csv#video_0051/0071,0.00,5.43,zh,medium,high,high,true,true
EAQ001786,CH-SIMS,train,CH-SIMS/video_0052/0001,/root/autodl-tmp/data/datasets/ch_sims/Raw.zip::Raw/video_0052/0001.mp4,/root/autodl-tmp/data/datasets/ch_sims/Raw.zip::Raw/video_0052/0001.mp4,/root/autodl-tmp/data/datasets/ch_sims/label.csv#video_0052/0001,0.00,2.29,zh,medium,high,high,true,true
EAQ001787,CH-SIMS,test,CH-SIMS/video_0052/0002,/root/autodl-tmp/data/datasets/ch_sims/Raw.zip::Raw/video_0052/0002.mp4,/root/autodl-tmp/data/datasets/ch_sims/Raw.zip::Raw/video_0052/0002.mp4,/root/autodl-tmp/data/datasets/ch_sims/label.csv#video_0052/0002,0.00,5.43,zh,medium,high,high,true,true
EAQ001788,CH-SIMS,train,CH-SIMS/video_0052/0003,/root/autodl-tmp/data/datasets/ch_sims/Raw.zip::Raw/video_0052/0003.mp4,/root/autodl-tmp/data/datasets/ch_sims/Raw.zip::Raw/video_0052/0003.mp4,/root/autodl-tmp/data/datasets/ch_sims/label.csv#video_0052/0003,0.00,2.57,zh,medium,high,high,true,true
EAQ001789,CH-SIMS,test,CH-SIMS/video_0052/0004,/root/autodl-tmp/data/datasets/ch_sims/Raw.zip::Raw/video_0052/0004.mp4,/root/autodl-tmp/data/datasets/ch_sims/Raw.zip::Raw/video_0052/0004.mp4,/root/autodl-tmp/data/datasets/ch_sims/label.csv#video_0052/0004,0.00,3.43,zh,medium,high,high,true,true
EAQ001790,CH-SIMS,validation,CH-SIMS/video_0052/0005,/root/autodl-tmp/data/datasets/ch_sims/Raw.zip::Raw/video_0052/0005.mp4,/root/autodl-tmp/data/datasets/ch_sims/Raw.zip::Raw/video_0052/0005.mp4,/root/autodl-tmp/data/datasets/ch_sims/label.csv#video_0052/0005,0.00,3.71,zh,medium,high,high,true,true
EAQ001791,CH-SIMS,train,CH-SIMS/video_0052/0006,/root/autodl-tmp/data/datasets/ch_sims/Raw.zip::Raw/video_0052/0006.mp4,/root/autodl-tmp/data/datasets/ch_sims/Raw.zip::Raw/video_0052/0006.mp4,/root/autodl-tmp/data/datasets/ch_sims/label.csv#video_0052/0006,0.00,1.43,zh,medium,high,high,true,true
EAQ001792,CH-SIMS,validation,CH-SIMS/video_0052/0007,/root/autodl-tmp/data/datasets/ch_sims/Raw.zip::Raw/video_0052/0007.mp4,/root/autodl-tmp/data/datasets/ch_sims/Raw.zip::Raw/video_0052/0007.mp4,/root/autodl-tmp/data/datasets/ch_sims/label.csv#video_0052/0007,0.00,4.00,zh,medium,high,high,true,true
EAQ001793,CH-SIMS,train,CH-SIMS/video_0052/0008,/root/autodl-tmp/data/datasets/ch_sims/Raw.zip::Raw/video_0052/0008.mp4,/root/autodl-tmp/data/datasets/ch_sims/Raw.zip::Raw/video_0052/0008.mp4,/root/autodl-tmp/data/datasets/ch_sims/label.csv#video_0052/0008,0.00,4.29,zh,medium,high,high,true,true
EAQ001794,CH-SIMS,train,CH-SIMS/video_0052/0009,/root/autodl-tmp/data/datasets/ch_sims/Raw.zip::Raw/video_0052/0009.mp4,/root/autodl-tmp/data/datasets/ch_sims/Raw.zip::Raw/video_0052/0009.mp4,/root/autodl-tmp/data/datasets/ch_sims/label.csv#video_0052/0009,0.00,5.71,zh,medium,high,high,true,true
EAQ001795,CH-SIMS,train,CH-SIMS/video_0052/0010,/root/autodl-tmp/data/datasets/ch_sims/Raw.zip::Raw/video_0052/0010.mp4,/root/autodl-tmp/data/datasets/ch_sims/Raw.zip::Raw/video_0052/0010.mp4,/root/autodl-tmp/data/datasets/ch_sims/label.csv#video_0052/0010,0.00,5.14,zh,medium,high,high,true,true
EAQ001796,CH-SIMS,train,CH-SIMS/video_0052/0011,/root/autodl-tmp/data/datasets/ch_sims/Raw.zip::Raw/video_0052/0011.mp4,/root/autodl-tmp/data/datasets/ch_sims/Raw.zip::Raw/video_0052/0011.mp4,/root/autodl-tmp/data/datasets/ch_sims/label.csv#video_0052/0011,0.00,4.00,zh,medium,high,high,true,true
EAQ001797,CH-SIMS,validation,CH-SIMS/video_0052/0012,/root/autodl-tmp/data/datasets/ch_sims/Raw.zip::Raw/video_0052/0012.mp4,/root/autodl-tmp/data/datasets/ch_sims/Raw.zip::Raw/video_0052/0012.mp4,/root/autodl-tmp/data/datasets/ch_sims/label.csv#video_0052/0012,0.00,2.29,zh,medium,high,high,true,true
EAQ001798,CH-SIMS,validation,CH-SIMS/video_0052/0013,/root/autodl-tmp/data/datasets/ch_sims/Raw.zip::Raw/video_0052/0013.mp4,/root/autodl-tmp/data/datasets/ch_sims/Raw.zip::Raw/video_0052/0013.mp4,/root/autodl-tmp/data/datasets/ch_sims/label.csv#video_0052/0013,0.00,3.14,zh,medium,high,high,true,true
EAQ001799,CH-SIMS,train,CH-SIMS/video_0052/0014,/root/autodl-tmp/data/datasets/ch_sims/Raw.zip::Raw/video_0052/0014.mp4,/root/autodl-tmp/data/datasets/ch_sims/Raw.zip::Raw/video_0052/0014.mp4,/root/autodl-tmp/data/datasets/ch_sims/label.csv#video_0052/0014,0.00,3.14,zh,medium,high,high,true,true
EAQ001800,CH-SIMS,train,CH-SIMS/video_0052/0015,/root/autodl-tmp/data/datasets/ch_sims/Raw.zip::Raw/video_0052/0015.mp4,/root/autodl-tmp/data/datasets/ch_sims/Raw.zip::Raw/video_0052/0015.mp4,/root/autodl-tmp/data/datasets/ch_sims/label.csv#video_0052/0015,0.00,2.86,zh,medium,high,high,true,true
EAQ001801,CH-SIMS,train,CH-SIMS/video_0052/0016,/root/autodl-tmp/data/datasets/ch_sims/Raw.zip::Raw/video_0052/0016.mp4,/root/autodl-tmp/data/datasets/ch_sims/Raw.zip::Raw/video_0052/0016.mp4,/root/autodl-tmp/data/datasets/ch_sims/label.csv#video_0052/0016,0.00,4.86,zh,medium,high,high,true,true
EAQ001802,CH-SIMS,train,CH-SIMS/video_0052/0017,/root/autodl-tmp/data/datasets/ch_sims/Raw.zip::Raw/video_0052/0017.mp4,/root/autodl-tmp/data/datasets/ch_sims/Raw.zip::Raw/video_0052/0017.mp4,/root/autodl-tmp/data/datasets/ch_sims/label.csv#video_0052/0017,0.00,2.29,zh,medium,high,high,true,true
EAQ001803,CH-SIMS,test,CH-SIMS/video_0052/0018,/root/autodl-tmp/data/datasets/ch_sims/Raw.zip::Raw/video_0052/0018.mp4,/root/autodl-tmp/data/datasets/ch_sims/Raw.zip::Raw/video_0052/0018.mp4,/root/autodl-tmp/data/datasets/ch_sims/label.csv#video_0052/0018,0.00,4.86,zh,medium,high,high,true,true
EAQ001804,CH-SIMS,train,CH-SIMS/video_0052/0019,/root/autodl-tmp/data/datasets/ch_sims/Raw.zip::Raw/video_0052/0019.mp4,/root/autodl-tmp/data/datasets/ch_sims/Raw.zip::Raw/video_0052/0019.mp4,/root/autodl-tmp/data/datasets/ch_sims/label.csv#video_0052/0019,0.00,5.14,zh,medium,high,high,true,true
EAQ001805,CH-SIMS,train,CH-SIMS/video_0052/0020,/root/autodl-tmp/data/datasets/ch_sims/Raw.zip::Raw/video_0052/0020.mp4,/root/autodl-tmp/data/datasets/ch_sims/Raw.zip::Raw/video_0052/0020.mp4,/root/autodl-tmp/data/datasets/ch_sims/label.csv#video_0052/0020,0.00,7.43,zh,medium,high,high,true,true
EAQ001806,CH-SIMS,train,CH-SIMS/video_0052/0021,/root/autodl-tmp/data/datasets/ch_sims/Raw.zip::Raw/video_0052/0021.mp4,/root/autodl-tmp/data/datasets/ch_sims/Raw.zip::Raw/video_0052/0021.mp4,/root/autodl-tmp/data/datasets/ch_sims/label.csv#video_0052/0021,0.00,5.14,zh,medium,high,high,true,true
EAQ001807,CH-SIMS,train,CH-SIMS/video_0052/0022,/root/autodl-tmp/data/datasets/ch_sims/Raw.zip::Raw/video_0052/0022.mp4,/root/autodl-tmp/data/datasets/ch_sims/Raw.zip::Raw/video_0052/0022.mp4,/root/autodl-tmp/data/datasets/ch_sims/label.csv#video_0052/0022,0.00,6.29,zh,medium,high,high,true,true
EAQ001808,CH-SIMS,train,CH-SIMS/video_0052/0023,/root/autodl-tmp/data/datasets/ch_sims/Raw.zip::Raw/video_0052/0023.mp4,/root/autodl-tmp/data/datasets/ch_sims/Raw.zip::Raw/video_0052/0023.mp4,/root/autodl-tmp/data/datasets/ch_sims/label.csv#video_0052/0023,0.00,2.86,zh,medium,high,high,true,true
EAQ001809,CH-SIMS,train,CH-SIMS/video_0052/0024,/root/autodl-tmp/data/datasets/ch_sims/Raw.zip::Raw/video_0052/0024.mp4,/root/autodl-tmp/data/datasets/ch_sims/Raw.zip::Raw/video_0052/0024.mp4,/root/autodl-tmp/data/datasets/ch_sims/label.csv#video_0052/0024,0.00,5.43,zh,medium,high,high,true,true
EAQ001810,CH-SIMS,validation,CH-SIMS/video_0052/0025,/root/autodl-tmp/data/datasets/ch_sims/Raw.zip::Raw/video_0052/0025.mp4,/root/autodl-tmp/data/datasets/ch_sims/Raw.zip::Raw/video_0052/0025.mp4,/root/autodl-tmp/data/datasets/ch_sims/label.csv#video_0052/0025,0.00,4.57,zh,medium,high,high,true,true
EAQ001811,CH-SIMS,test,CH-SIMS/video_0052/0026,/root/autodl-tmp/data/datasets/ch_sims/Raw.zip::Raw/video_0052/0026.mp4,/root/autodl-tmp/data/datasets/ch_sims/Raw.zip::Raw/video_0052/0026.mp4,/root/autodl-tmp/data/datasets/ch_sims/label.csv#video_0052/0026,0.00,7.43,zh,medium,high,high,true,true
EAQ001812,CH-SIMS,train,CH-SIMS/video_0052/0027,/root/autodl-tmp/data/datasets/ch_sims/Raw.zip::Raw/video_0052/0027.mp4,/root/autodl-tmp/data/datasets/ch_sims/Raw.zip::Raw/video_0052/0027.mp4,/root/autodl-tmp/data/datasets/ch_sims/label.csv#video_0052/0027,0.00,3.43,zh,medium,high,high,true,true
EAQ001813,CH-SIMS,train,CH-SIMS/video_0052/0028,/root/autodl-tmp/data/datasets/ch_sims/Raw.zip::Raw/video_0052/0028.mp4,/root/autodl-tmp/data/datasets/ch_sims/Raw.zip::Raw/video_0052/0028.mp4,/root/autodl-tmp/data/datasets/ch_sims/label.csv#video_0052/0028,0.00,5.71,zh,medium,high,high,true,true
EAQ001814,CH-SIMS,test,CH-SIMS/video_0052/0029,/root/autodl-tmp/data/datasets/ch_sims/Raw.zip::Raw/video_0052/0029.mp4,/root/autodl-tmp/data/datasets/ch_sims/Raw.zip::Raw/video_0052/0029.mp4,/root/autodl-tmp/data/datasets/ch_sims/label.csv#video_0052/0029,0.00,4.29,zh,medium,high,high,true,true
EAQ001815,CH-SIMS,train,CH-SIMS/video_0052/0030,/root/autodl-tmp/data/datasets/ch_sims/Raw.zip::Raw/video_0052/0030.mp4,/root/autodl-tmp/data/datasets/ch_sims/Raw.zip::Raw/video_0052/0030.mp4,/root/autodl-tmp/data/datasets/ch_sims/label.csv#video_0052/0030,0.00,4.29,zh,medium,high,high,true,true
EAQ001816,CH-SIMS,train,CH-SIMS/video_0052/0031,/root/autodl-tmp/data/datasets/ch_sims/Raw.zip::Raw/video_0052/0031.mp4,/root/autodl-tmp/data/datasets/ch_sims/Raw.zip::Raw/video_0052/0031.mp4,/root/autodl-tmp/data/datasets/ch_sims/label.csv#video_0052/0031,0.00,3.14,zh,medium,high,high,true,true
EAQ001817,CH-SIMS,validation,CH-SIMS/video_0053/0001,/root/autodl-tmp/data/datasets/ch_sims/Raw.zip::Raw/video_0053/0001.mp4,/root/autodl-tmp/data/datasets/ch_sims/Raw.zip::Raw/video_0053/0001.mp4,/root/autodl-tmp/data/datasets/ch_sims/label.csv#video_0053/0001,0.00,3.14,zh,medium,high,high,true,true
EAQ001818,CH-SIMS,train,CH-SIMS/video_0053/0002,/root/autodl-tmp/data/datasets/ch_sims/Raw.zip::Raw/video_0053/0002.mp4,/root/autodl-tmp/data/datasets/ch_sims/Raw.zip::Raw/video_0053/0002.mp4,/root/autodl-tmp/data/datasets/ch_sims/label.csv#video_0053/0002,0.00,2.00,zh,medium,high,high,true,true
EAQ001819,CH-SIMS,train,CH-SIMS/video_0053/0003,/root/autodl-tmp/data/datasets/ch_sims/Raw.zip::Raw/video_0053/0003.mp4,/root/autodl-tmp/data/datasets/ch_sims/Raw.zip::Raw/video_0053/0003.mp4,/root/autodl-tmp/data/datasets/ch_sims/label.csv#video_0053/0003,0.00,3.71,zh,medium,high,high,true,true
EAQ001820,CH-SIMS,test,CH-SIMS/video_0053/0004,/root/autodl-tmp/data/datasets/ch_sims/Raw.zip::Raw/video_0053/0004.mp4,/root/autodl-tmp/data/datasets/ch_sims/Raw.zip::Raw/video_0053/0004.mp4,/root/autodl-tmp/data/datasets/ch_sims/label.csv#video_0053/0004,0.00,7.14,zh,medium,high,high,true,true
EAQ001821,CH-SIMS,train,CH-SIMS/video_0053/0005,/root/autodl-tmp/data/datasets/ch_sims/Raw.zip::Raw/video_0053/0005.mp4,/root/autodl-tmp/data/datasets/ch_sims/Raw.zip::Raw/video_0053/0005.mp4,/root/autodl-tmp/data/datasets/ch_sims/label.csv#video_0053/0005,0.00,6.29,zh,medium,high,high,true,true
EAQ001822,CH-SIMS,validation,CH-SIMS/video_0053/0006,/root/autodl-tmp/data/datasets/ch_sims/Raw.zip::Raw/video_0053/0006.mp4,/root/autodl-tmp/data/datasets/ch_sims/Raw.zip::Raw/video_0053/0006.mp4,/root/autodl-tmp/data/datasets/ch_sims/label.csv#video_0053/0006,0.00,4.86,zh,medium,high,high,true,true
EAQ001823,CH-SIMS,test,CH-SIMS/video_0053/0007,/root/autodl-tmp/data/datasets/ch_sims/Raw.zip::Raw/video_0053/0007.mp4,/root/autodl-tmp/data/datasets/ch_sims/Raw.zip::Raw/video_0053/0007.mp4,/root/autodl-tmp/data/datasets/ch_sims/label.csv#video_0053/0007,0.00,2.00,zh,medium,high,high,true,true
EAQ001824,CH-SIMS,train,CH-SIMS/video_0053/0008,/root/autodl-tmp/data/datasets/ch_sims/Raw.zip::Raw/video_0053/0008.mp4,/root/autodl-tmp/data/datasets/ch_sims/Raw.zip::Raw/video_0053/0008.mp4,/root/autodl-tmp/data/datasets/ch_sims/label.csv#video_0053/0008,0.00,4.29,zh,medium,high,high,true,true
EAQ001825,CH-SIMS,train,CH-SIMS/video_0053/0009,/root/autodl-tmp/data/datasets/ch_sims/Raw.zip::Raw/video_0053/0009.mp4,/root/autodl-tmp/data/datasets/ch_sims/Raw.zip::Raw/video_0053/0009.mp4,/root/autodl-tmp/data/datasets/ch_sims/label.csv#video_0053/0009,0.00,3.71,zh,medium,high,high,true,true
EAQ001826,CH-SIMS,test,CH-SIMS/video_0053/0010,/root/autodl-tmp/data/datasets/ch_sims/Raw.zip::Raw/video_0053/0010.mp4,/root/autodl-tmp/data/datasets/ch_sims/Raw.zip::Raw/video_0053/0010.mp4,/root/autodl-tmp/data/datasets/ch_sims/label.csv#video_0053/0010,0.00,2.86,zh,medium,high,high,true,true
EAQ001827,CH-SIMS,validation,CH-SIMS/video_0053/0011,/root/autodl-tmp/data/datasets/ch_sims/Raw.zip::Raw/video_0053/0011.mp4,/root/autodl-tmp/data/datasets/ch_sims/Raw.zip::Raw/video_0053/0011.mp4,/root/autodl-tmp/data/datasets/ch_sims/label.csv#video_0053/0011,0.00,1.14,zh,medium,high,high,true,true
EAQ001828,CH-SIMS,train,CH-SIMS/video_0053/0012,/root/autodl-tmp/data/datasets/ch_sims/Raw.zip::Raw/video_0053/0012.mp4,/root/autodl-tmp/data/datasets/ch_sims/Raw.zip::Raw/video_0053/0012.mp4,/root/autodl-tmp/data/datasets/ch_sims/label.csv#video_0053/0012,0.00,4.29,zh,medium,high,high,true,true
EAQ001829,CH-SIMS,train,CH-SIMS/video_0053/0013,/root/autodl-tmp/data/datasets/ch_sims/Raw.zip::Raw/video_0053/0013.mp4,/root/autodl-tmp/data/datasets/ch_sims/Raw.zip::Raw/video_0053/0013.mp4,/root/autodl-tmp/data/datasets/ch_sims/label.csv#video_0053/0013,0.00,6.00,zh,medium,high,high,true,true
EAQ001830,CH-SIMS,validation,CH-SIMS/video_0053/0014,/root/autodl-tmp/data/datasets/ch_sims/Raw.zip::Raw/video_0053/0014.mp4,/root/autodl-tmp/data/datasets/ch_sims/Raw.zip::Raw/video_0053/0014.mp4,/root/autodl-tmp/data/datasets/ch_sims/label.csv#video_0053/0014,0.00,7.14,zh,medium,high,high,true,true
EAQ001831,CH-SIMS,train,CH-SIMS/video_0053/0015,/root/autodl-tmp/data/datasets/ch_sims/Raw.zip::Raw/video_0053/0015.mp4,/root/autodl-tmp/data/datasets/ch_sims/Raw.zip::Raw/video_0053/0015.mp4,/root/autodl-tmp/data/datasets/ch_sims/label.csv#video_0053/0015,0.00,6.86,zh,medium,high,high,true,true
EAQ001832,CH-SIMS,train,CH-SIMS/video_0053/0016,/root/autodl-tmp/data/datasets/ch_sims/Raw.zip::Raw/video_0053/0016.mp4,/root/autodl-tmp/data/datasets/ch_sims/Raw.zip::Raw/video_0053/0016.mp4,/root/autodl-tmp/data/datasets/ch_sims/label.csv#video_0053/0016,0.00,4.00,zh,medium,high,high,true,true
EAQ001833,CH-SIMS,train,CH-SIMS/video_0053/0017,/root/autodl-tmp/data/datasets/ch_sims/Raw.zip::Raw/video_0053/0017.mp4,/root/autodl-tmp/data/datasets/ch_sims/Raw.zip::Raw/video_0053/0017.mp4,/root/autodl-tmp/data/datasets/ch_sims/label.csv#video_0053/0017,0.00,8.57,zh,medium,high,high,true,true
EAQ001834,CH-SIMS,validation,CH-SIMS/video_0053/0018,/root/autodl-tmp/data/datasets/ch_sims/Raw.zip::Raw/video_0053/0018.mp4,/root/autodl-tmp/data/datasets/ch_sims/Raw.zip::Raw/video_0053/0018.mp4,/root/autodl-tmp/data/datasets/ch_sims/label.csv#video_0053/0018,0.00,5.43,zh,medium,high,high,true,true
EAQ001835,CH-SIMS,train,CH-SIMS/video_0053/0019,/root/autodl-tmp/data/datasets/ch_sims/Raw.zip::Raw/video_0053/0019.mp4,/root/autodl-tmp/data/datasets/ch_sims/Raw.zip::Raw/video_0053/0019.mp4,/root/autodl-tmp/data/datasets/ch_sims/label.csv#video_0053/0019,0.00,3.43,zh,medium,high,high,true,true
EAQ001836,CH-SIMS,train,CH-SIMS/video_0053/0020,/root/autodl-tmp/data/datasets/ch_sims/Raw.zip::Raw/video_0053/0020.mp4,/root/autodl-tmp/data/datasets/ch_sims/Raw.zip::Raw/video_0053/0020.mp4,/root/autodl-tmp/data/datasets/ch_sims/label.csv#video_0053/0020,0.00,4.86,zh,medium,high,high,true,true
EAQ001837,CH-SIMS,train,CH-SIMS/video_0053/0021,/root/autodl-tmp/data/datasets/ch_sims/Raw.zip::Raw/video_0053/0021.mp4,/root/autodl-tmp/data/datasets/ch_sims/Raw.zip::Raw/video_0053/0021.mp4,/root/autodl-tmp/data/datasets/ch_sims/label.csv#video_0053/0021,0.00,5.71,zh,medium,high,high,true,true
EAQ001838,CH-SIMS,train,CH-SIMS/video_0053/0022,/root/autodl-tmp/data/datasets/ch_sims/Raw.zip::Raw/video_0053/0022.mp4,/root/autodl-tmp/data/datasets/ch_sims/Raw.zip::Raw/video_0053/0022.mp4,/root/autodl-tmp/data/datasets/ch_sims/label.csv#video_0053/0022,0.00,7.71,zh,medium,high,high,true,true
EAQ001839,CH-SIMS,train,CH-SIMS/video_0053/0023,/root/autodl-tmp/data/datasets/ch_sims/Raw.zip::Raw/video_0053/0023.mp4,/root/autodl-tmp/data/datasets/ch_sims/Raw.zip::Raw/video_0053/0023.mp4,/root/autodl-tmp/data/datasets/ch_sims/label.csv#video_0053/0023,0.00,12.29,zh,medium,high,high,true,true
EAQ001840,CH-SIMS,test,CH-SIMS/video_0053/0024,/root/autodl-tmp/data/datasets/ch_sims/Raw.zip::Raw/video_0053/0024.mp4,/root/autodl-tmp/data/datasets/ch_sims/Raw.zip::Raw/video_0053/0024.mp4,/root/autodl-tmp/data/datasets/ch_sims/label.csv#video_0053/0024,0.00,4.29,zh,medium,high,high,true,true
EAQ001841,CH-SIMS,validation,CH-SIMS/video_0053/0025,/root/autodl-tmp/data/datasets/ch_sims/Raw.zip::Raw/video_0053/0025.mp4,/root/autodl-tmp/data/datasets/ch_sims/Raw.zip::Raw/video_0053/0025.mp4,/root/autodl-tmp/data/datasets/ch_sims/label.csv#video_0053/0025,0.00,4.29,zh,medium,high,high,true,true
EAQ001842,CH-SIMS,train,CH-SIMS/video_0053/0026,/root/autodl-tmp/data/datasets/ch_sims/Raw.zip::Raw/video_0053/0026.mp4,/root/autodl-tmp/data/datasets/ch_sims/Raw.zip::Raw/video_0053/0026.mp4,/root/autodl-tmp/data/datasets/ch_sims/label.csv#video_0053/0026,0.00,8.00,zh,medium,high,high,true,true
EAQ001843,CH-SIMS,train,CH-SIMS/video_0053/0027,/root/autodl-tmp/data/datasets/ch_sims/Raw.zip::Raw/video_0053/0027.mp4,/root/autodl-tmp/data/datasets/ch_sims/Raw.zip::Raw/video_0053/0027.mp4,/root/autodl-tmp/data/datasets/ch_sims/label.csv#video_0053/0027,0.00,4.29,zh,medium,high,high,true,true
EAQ001844,CH-SIMS,train,CH-SIMS/video_0053/0028,/root/autodl-tmp/data/datasets/ch_sims/Raw.zip::Raw/video_0053/0028.mp4,/root/autodl-tmp/data/datasets/ch_sims/Raw.zip::Raw/video_0053/0028.mp4,/root/autodl-tmp/data/datasets/ch_sims/label.csv#video_0053/0028,0.00,6.57,zh,medium,high,high,true,true
EAQ001845,CH-SIMS,train,CH-SIMS/video_0053/0029,/root/autodl-tmp/data/datasets/ch_sims/Raw.zip::Raw/video_0053/0029.mp4,/root/autodl-tmp/data/datasets/ch_sims/Raw.zip::Raw/video_0053/0029.mp4,/root/autodl-tmp/data/datasets/ch_sims/label.csv#video_0053/0029,0.00,2.86,zh,medium,high,high,true,true
EAQ001846,CH-SIMS,train,CH-SIMS/video_0053/0030,/root/autodl-tmp/data/datasets/ch_sims/Raw.zip::Raw/video_0053/0030.mp4,/root/autodl-tmp/data/datasets/ch_sims/Raw.zip::Raw/video_0053/0030.mp4,/root/autodl-tmp/data/datasets/ch_sims/label.csv#video_0053/0030,0.00,1.43,zh,medium,high,high,true,true
EAQ001847,CH-SIMS,train,CH-SIMS/video_0053/0031,/root/autodl-tmp/data/datasets/ch_sims/Raw.zip::Raw/video_0053/0031.mp4,/root/autodl-tmp/data/datasets/ch_sims/Raw.zip::Raw/video_0053/0031.mp4,/root/autodl-tmp/data/datasets/ch_sims/label.csv#video_0053/0031,0.00,3.71,zh,medium,high,high,true,true
EAQ001848,CH-SIMS,train,CH-SIMS/video_0053/0032,/root/autodl-tmp/data/datasets/ch_sims/Raw.zip::Raw/video_0053/0032.mp4,/root/autodl-tmp/data/datasets/ch_sims/Raw.zip::Raw/video_0053/0032.mp4,/root/autodl-tmp/data/datasets/ch_sims/label.csv#video_0053/0032,0.00,8.00,zh,medium,high,high,true,true
EAQ001849,CH-SIMS,train,CH-SIMS/video_0053/0033,/root/autodl-tmp/data/datasets/ch_sims/Raw.zip::Raw/video_0053/0033.mp4,/root/autodl-tmp/data/datasets/ch_sims/Raw.zip::Raw/video_0053/0033.mp4,/root/autodl-tmp/data/datasets/ch_sims/label.csv#video_0053/0033,0.00,5.43,zh,medium,high,high,true,true
EAQ001850,CH-SIMS,train,CH-SIMS/video_0053/0034,/root/autodl-tmp/data/datasets/ch_sims/Raw.zip::Raw/video_0053/0034.mp4,/root/autodl-tmp/data/datasets/ch_sims/Raw.zip::Raw/video_0053/0034.mp4,/root/autodl-tmp/data/datasets/ch_sims/label.csv#video_0053/0034,0.00,4.57,zh,medium,high,high,true,true
EAQ001851,CH-SIMS,validation,CH-SIMS/video_0053/0035,/root/autodl-tmp/data/datasets/ch_sims/Raw.zip::Raw/video_0053/0035.mp4,/root/autodl-tmp/data/datasets/ch_sims/Raw.zip::Raw/video_0053/0035.mp4,/root/autodl-tmp/data/datasets/ch_sims/label.csv#video_0053/0035,0.00,7.43,zh,medium,high,high,true,true
EAQ001852,CH-SIMS,validation,CH-SIMS/video_0053/0036,/root/autodl-tmp/data/datasets/ch_sims/Raw.zip::Raw/video_0053/0036.mp4,/root/autodl-tmp/data/datasets/ch_sims/Raw.zip::Raw/video_0053/0036.mp4,/root/autodl-tmp/data/datasets/ch_sims/label.csv#video_0053/0036,0.00,10.57,zh,medium,high,high,true,true
EAQ001853,CH-SIMS,test,CH-SIMS/video_0053/0037,/root/autodl-tmp/data/datasets/ch_sims/Raw.zip::Raw/video_0053/0037.mp4,/root/autodl-tmp/data/datasets/ch_sims/Raw.zip::Raw/video_0053/0037.mp4,/root/autodl-tmp/data/datasets/ch_sims/label.csv#video_0053/0037,0.00,6.00,zh,medium,high,high,true,true
EAQ001854,CH-SIMS,test,CH-SIMS/video_0053/0038,/root/autodl-tmp/data/datasets/ch_sims/Raw.zip::Raw/video_0053/0038.mp4,/root/autodl-tmp/data/datasets/ch_sims/Raw.zip::Raw/video_0053/0038.mp4,/root/autodl-tmp/data/datasets/ch_sims/label.csv#video_0053/0038,0.00,2.86,zh,medium,high,high,true,true
EAQ001855,CH-SIMS,train,CH-SIMS/video_0053/0039,/root/autodl-tmp/data/datasets/ch_sims/Raw.zip::Raw/video_0053/0039.mp4,/root/autodl-tmp/data/datasets/ch_sims/Raw.zip::Raw/video_0053/0039.mp4,/root/autodl-tmp/data/datasets/ch_sims/label.csv#video_0053/0039,0.00,4.00,zh,medium,high,high,true,true
EAQ001856,CH-SIMS,train,CH-SIMS/video_0053/0040,/root/autodl-tmp/data/datasets/ch_sims/Raw.zip::Raw/video_0053/0040.mp4,/root/autodl-tmp/data/datasets/ch_sims/Raw.zip::Raw/video_0053/0040.mp4,/root/autodl-tmp/data/datasets/ch_sims/label.csv#video_0053/0040,0.00,4.57,zh,medium,high,high,true,true
EAQ001857,CH-SIMS,train,CH-SIMS/video_0053/0041,/root/autodl-tmp/data/datasets/ch_sims/Raw.zip::Raw/video_0053/0041.mp4,/root/autodl-tmp/data/datasets/ch_sims/Raw.zip::Raw/video_0053/0041.mp4,/root/autodl-tmp/data/datasets/ch_sims/label.csv#video_0053/0041,0.00,2.57,zh,medium,high,high,true,true
EAQ001858,CH-SIMS,test,CH-SIMS/video_0053/0042,/root/autodl-tmp/data/datasets/ch_sims/Raw.zip::Raw/video_0053/0042.mp4,/root/autodl-tmp/data/datasets/ch_sims/Raw.zip::Raw/video_0053/0042.mp4,/root/autodl-tmp/data/datasets/ch_sims/label.csv#video_0053/0042,0.00,3.14,zh,medium,high,high,true,true
EAQ001859,CH-SIMS,train,CH-SIMS/video_0053/0043,/root/autodl-tmp/data/datasets/ch_sims/Raw.zip::Raw/video_0053/0043.mp4,/root/autodl-tmp/data/datasets/ch_sims/Raw.zip::Raw/video_0053/0043.mp4,/root/autodl-tmp/data/datasets/ch_sims/label.csv#video_0053/0043,0.00,11.14,zh,medium,high,high,true,true
EAQ001860,CH-SIMS,validation,CH-SIMS/video_0053/0044,/root/autodl-tmp/data/datasets/ch_sims/Raw.zip::Raw/video_0053/0044.mp4,/root/autodl-tmp/data/datasets/ch_sims/Raw.zip::Raw/video_0053/0044.mp4,/root/autodl-tmp/data/datasets/ch_sims/label.csv#video_0053/0044,0.00,6.00,zh,medium,high,high,true,true
EAQ001861,CH-SIMS,train,CH-SIMS/video_0053/0045,/root/autodl-tmp/data/datasets/ch_sims/Raw.zip::Raw/video_0053/0045.mp4,/root/autodl-tmp/data/datasets/ch_sims/Raw.zip::Raw/video_0053/0045.mp4,/root/autodl-tmp/data/datasets/ch_sims/label.csv#video_0053/0045,0.00,9.43,zh,medium,high,high,true,true
EAQ001862,CH-SIMS,train,CH-SIMS/video_0053/0046,/root/autodl-tmp/data/datasets/ch_sims/Raw.zip::Raw/video_0053/0046.mp4,/root/autodl-tmp/data/datasets/ch_sims/Raw.zip::Raw/video_0053/0046.mp4,/root/autodl-tmp/data/datasets/ch_sims/label.csv#video_0053/0046,0.00,3.43,zh,medium,high,high,true,true
EAQ001863,CH-SIMS,test,CH-SIMS/video_0053/0047,/root/autodl-tmp/data/datasets/ch_sims/Raw.zip::Raw/video_0053/0047.mp4,/root/autodl-tmp/data/datasets/ch_sims/Raw.zip::Raw/video_0053/0047.mp4,/root/autodl-tmp/data/datasets/ch_sims/label.csv#video_0053/0047,0.00,7.71,zh,medium,high,high,true,true
EAQ001864,CH-SIMS,train,CH-SIMS/video_0053/0048,/root/autodl-tmp/data/datasets/ch_sims/Raw.zip::Raw/video_0053/0048.mp4,/root/autodl-tmp/data/datasets/ch_sims/Raw.zip::Raw/video_0053/0048.mp4,/root/autodl-tmp/data/datasets/ch_sims/label.csv#video_0053/0048,0.00,4.00,zh,medium,high,high,true,true
EAQ001865,CH-SIMS,test,CH-SIMS/video_0053/0049,/root/autodl-tmp/data/datasets/ch_sims/Raw.zip::Raw/video_0053/0049.mp4,/root/autodl-tmp/data/datasets/ch_sims/Raw.zip::Raw/video_0053/0049.mp4,/root/autodl-tmp/data/datasets/ch_sims/label.csv#video_0053/0049,0.00,8.00,zh,medium,high,high,true,true
EAQ001866,CH-SIMS,test,CH-SIMS/video_0053/0050,/root/autodl-tmp/data/datasets/ch_sims/Raw.zip::Raw/video_0053/0050.mp4,/root/autodl-tmp/data/datasets/ch_sims/Raw.zip::Raw/video_0053/0050.mp4,/root/autodl-tmp/data/datasets/ch_sims/label.csv#video_0053/0050,0.00,5.14,zh,medium,high,high,true,true
EAQ001867,CH-SIMS,validation,CH-SIMS/video_0053/0051,/root/autodl-tmp/data/datasets/ch_sims/Raw.zip::Raw/video_0053/0051.mp4,/root/autodl-tmp/data/datasets/ch_sims/Raw.zip::Raw/video_0053/0051.mp4,/root/autodl-tmp/data/datasets/ch_sims/label.csv#video_0053/0051,0.00,8.00,zh,medium,high,high,true,true
EAQ001868,CH-SIMS,test,CH-SIMS/video_0053/0052,/root/autodl-tmp/data/datasets/ch_sims/Raw.zip::Raw/video_0053/0052.mp4,/root/autodl-tmp/data/datasets/ch_sims/Raw.zip::Raw/video_0053/0052.mp4,/root/autodl-tmp/data/datasets/ch_sims/label.csv#video_0053/0052,0.00,2.29,zh,medium,high,high,true,true
EAQ001869,CH-SIMS,validation,CH-SIMS/video_0053/0053,/root/autodl-tmp/data/datasets/ch_sims/Raw.zip::Raw/video_0053/0053.mp4,/root/autodl-tmp/data/datasets/ch_sims/Raw.zip::Raw/video_0053/0053.mp4,/root/autodl-tmp/data/datasets/ch_sims/label.csv#video_0053/0053,0.00,5.71,zh,medium,high,high,true,true
EAQ001870,CH-SIMS,train,CH-SIMS/video_0053/0054,/root/autodl-tmp/data/datasets/ch_sims/Raw.zip::Raw/video_0053/0054.mp4,/root/autodl-tmp/data/datasets/ch_sims/Raw.zip::Raw/video_0053/0054.mp4,/root/autodl-tmp/data/datasets/ch_sims/label.csv#video_0053/0054,0.00,6.86,zh,medium,high,high,true,true
EAQ001871,CH-SIMS,train,CH-SIMS/video_0053/0055,/root/autodl-tmp/data/datasets/ch_sims/Raw.zip::Raw/video_0053/0055.mp4,/root/autodl-tmp/data/datasets/ch_sims/Raw.zip::Raw/video_0053/0055.mp4,/root/autodl-tmp/data/datasets/ch_sims/label.csv#video_0053/0055,0.00,3.14,zh,medium,high,high,true,true
EAQ001872,CH-SIMS,test,CH-SIMS/video_0053/0056,/root/autodl-tmp/data/datasets/ch_sims/Raw.zip::Raw/video_0053/0056.mp4,/root/autodl-tmp/data/datasets/ch_sims/Raw.zip::Raw/video_0053/0056.mp4,/root/autodl-tmp/data/datasets/ch_sims/label.csv#video_0053/0056,0.00,7.71,zh,medium,high,high,true,true
EAQ001873,CH-SIMS,test,CH-SIMS/video_0053/0057,/root/autodl-tmp/data/datasets/ch_sims/Raw.zip::Raw/video_0053/0057.mp4,/root/autodl-tmp/data/datasets/ch_sims/Raw.zip::Raw/video_0053/0057.mp4,/root/autodl-tmp/data/datasets/ch_sims/label.csv#video_0053/0057,0.00,6.00,zh,medium,high,high,true,true
EAQ001874,CH-SIMS,train,CH-SIMS/video_0053/0058,/root/autodl-tmp/data/datasets/ch_sims/Raw.zip::Raw/video_0053/0058.mp4,/root/autodl-tmp/data/datasets/ch_sims/Raw.zip::Raw/video_0053/0058.mp4,/root/autodl-tmp/data/datasets/ch_sims/label.csv#video_0053/0058,0.00,6.86,zh,medium,high,high,true,true
EAQ001875,CH-SIMS,train,CH-SIMS/video_0053/0059,/root/autodl-tmp/data/datasets/ch_sims/Raw.zip::Raw/video_0053/0059.mp4,/root/autodl-tmp/data/datasets/ch_sims/Raw.zip::Raw/video_0053/0059.mp4,/root/autodl-tmp/data/datasets/ch_sims/label.csv#video_0053/0059,0.00,2.86,zh,medium,high,high,true,true
EAQ001876,CH-SIMS,test,CH-SIMS/video_0053/0060,/root/autodl-tmp/data/datasets/ch_sims/Raw.zip::Raw/video_0053/0060.mp4,/root/autodl-tmp/data/datasets/ch_sims/Raw.zip::Raw/video_0053/0060.mp4,/root/autodl-tmp/data/datasets/ch_sims/label.csv#video_0053/0060,0.00,2.86,zh,medium,high,high,true,true
EAQ001877,CH-SIMS,train,CH-SIMS/video_0053/0061,/root/autodl-tmp/data/datasets/ch_sims/Raw.zip::Raw/video_0053/0061.mp4,/root/autodl-tmp/data/datasets/ch_sims/Raw.zip::Raw/video_0053/0061.mp4,/root/autodl-tmp/data/datasets/ch_sims/label.csv#video_0053/0061,0.00,7.43,zh,medium,high,high,true,true
EAQ001878,CH-SIMS,train,CH-SIMS/video_0054/0001,/root/autodl-tmp/data/datasets/ch_sims/Raw.zip::Raw/video_0054/0001.mp4,/root/autodl-tmp/data/datasets/ch_sims/Raw.zip::Raw/video_0054/0001.mp4,/root/autodl-tmp/data/datasets/ch_sims/label.csv#video_0054/0001,0.00,1.00,zh,medium,high,medium,true,true
EAQ001879,CH-SIMS,train,CH-SIMS/video_0054/0002,/root/autodl-tmp/data/datasets/ch_sims/Raw.zip::Raw/video_0054/0002.mp4,/root/autodl-tmp/data/datasets/ch_sims/Raw.zip::Raw/video_0054/0002.mp4,/root/autodl-tmp/data/datasets/ch_sims/label.csv#video_0054/0002,0.00,3.14,zh,medium,high,high,true,true
EAQ001880,CH-SIMS,train,CH-SIMS/video_0054/0003,/root/autodl-tmp/data/datasets/ch_sims/Raw.zip::Raw/video_0054/0003.mp4,/root/autodl-tmp/data/datasets/ch_sims/Raw.zip::Raw/video_0054/0003.mp4,/root/autodl-tmp/data/datasets/ch_sims/label.csv#video_0054/0003,0.00,1.43,zh,medium,high,high,true,true
EAQ001881,CH-SIMS,train,CH-SIMS/video_0054/0004,/root/autodl-tmp/data/datasets/ch_sims/Raw.zip::Raw/video_0054/0004.mp4,/root/autodl-tmp/data/datasets/ch_sims/Raw.zip::Raw/video_0054/0004.mp4,/root/autodl-tmp/data/datasets/ch_sims/label.csv#video_0054/0004,0.00,5.43,zh,medium,high,high,true,true
EAQ001882,CH-SIMS,train,CH-SIMS/video_0054/0005,/root/autodl-tmp/data/datasets/ch_sims/Raw.zip::Raw/video_0054/0005.mp4,/root/autodl-tmp/data/datasets/ch_sims/Raw.zip::Raw/video_0054/0005.mp4,/root/autodl-tmp/data/datasets/ch_sims/label.csv#video_0054/0005,0.00,4.00,zh,medium,high,high,true,true
EAQ001883,CH-SIMS,validation,CH-SIMS/video_0054/0006,/root/autodl-tmp/data/datasets/ch_sims/Raw.zip::Raw/video_0054/0006.mp4,/root/autodl-tmp/data/datasets/ch_sims/Raw.zip::Raw/video_0054/0006.mp4,/root/autodl-tmp/data/datasets/ch_sims/label.csv#video_0054/0006,0.00,3.71,zh,medium,high,high,true,true
EAQ001884,CH-SIMS,validation,CH-SIMS/video_0054/0007,/root/autodl-tmp/data/datasets/ch_sims/Raw.zip::Raw/video_0054/0007.mp4,/root/autodl-tmp/data/datasets/ch_sims/Raw.zip::Raw/video_0054/0007.mp4,/root/autodl-tmp/data/datasets/ch_sims/label.csv#video_0054/0007,0.00,2.57,zh,medium,high,high,true,true
EAQ001885,CH-SIMS,test,CH-SIMS/video_0054/0008,/root/autodl-tmp/data/datasets/ch_sims/Raw.zip::Raw/video_0054/0008.mp4,/root/autodl-tmp/data/datasets/ch_sims/Raw.zip::Raw/video_0054/0008.mp4,/root/autodl-tmp/data/datasets/ch_sims/label.csv#video_0054/0008,0.00,1.71,zh,medium,high,high,true,true
EAQ001886,CH-SIMS,train,CH-SIMS/video_0054/0009,/root/autodl-tmp/data/datasets/ch_sims/Raw.zip::Raw/video_0054/0009.mp4,/root/autodl-tmp/data/datasets/ch_sims/Raw.zip::Raw/video_0054/0009.mp4,/root/autodl-tmp/data/datasets/ch_sims/label.csv#video_0054/0009,0.00,2.00,zh,medium,high,high,true,true
EAQ001887,CH-SIMS,train,CH-SIMS/video_0054/0010,/root/autodl-tmp/data/datasets/ch_sims/Raw.zip::Raw/video_0054/0010.mp4,/root/autodl-tmp/data/datasets/ch_sims/Raw.zip::Raw/video_0054/0010.mp4,/root/autodl-tmp/data/datasets/ch_sims/label.csv#video_0054/0010,0.00,4.86,zh,medium,high,high,true,true
EAQ001888,CH-SIMS,test,CH-SIMS/video_0054/0011,/root/autodl-tmp/data/datasets/ch_sims/Raw.zip::Raw/video_0054/0011.mp4,/root/autodl-tmp/data/datasets/ch_sims/Raw.zip::Raw/video_0054/0011.mp4,/root/autodl-tmp/data/datasets/ch_sims/label.csv#video_0054/0011,0.00,4.57,zh,medium,high,high,true,true
EAQ001889,CH-SIMS,train,CH-SIMS/video_0054/0012,/root/autodl-tmp/data/datasets/ch_sims/Raw.zip::Raw/video_0054/0012.mp4,/root/autodl-tmp/data/datasets/ch_sims/Raw.zip::Raw/video_0054/0012.mp4,/root/autodl-tmp/data/datasets/ch_sims/label.csv#video_0054/0012,0.00,4.57,zh,medium,high,high,true,true
EAQ001890,CH-SIMS,train,CH-SIMS/video_0054/0013,/root/autodl-tmp/data/datasets/ch_sims/Raw.zip::Raw/video_0054/0013.mp4,/root/autodl-tmp/data/datasets/ch_sims/Raw.zip::Raw/video_0054/0013.mp4,/root/autodl-tmp/data/datasets/ch_sims/label.csv#video_0054/0013,0.00,5.43,zh,medium,high,high,true,true
EAQ001891,CH-SIMS,train,CH-SIMS/video_0054/0014,/root/autodl-tmp/data/datasets/ch_sims/Raw.zip::Raw/video_0054/0014.mp4,/root/autodl-tmp/data/datasets/ch_sims/Raw.zip::Raw/video_0054/0014.mp4,/root/autodl-tmp/data/datasets/ch_sims/label.csv#video_0054/0014,0.00,3.71,zh,medium,high,high,true,true
EAQ001892,CH-SIMS,train,CH-SIMS/video_0054/0015,/root/autodl-tmp/data/datasets/ch_sims/Raw.zip::Raw/video_0054/0015.mp4,/root/autodl-tmp/data/datasets/ch_sims/Raw.zip::Raw/video_0054/0015.mp4,/root/autodl-tmp/data/datasets/ch_sims/label.csv#video_0054/0015,0.00,2.57,zh,medium,high,high,true,true
EAQ001893,CH-SIMS,train,CH-SIMS/video_0054/0016,/root/autodl-tmp/data/datasets/ch_sims/Raw.zip::Raw/video_0054/0016.mp4,/root/autodl-tmp/data/datasets/ch_sims/Raw.zip::Raw/video_0054/0016.mp4,/root/autodl-tmp/data/datasets/ch_sims/label.csv#video_0054/0016,0.00,4.29,zh,medium,high,high,true,true
EAQ001894,CH-SIMS,train,CH-SIMS/video_0054/0017,/root/autodl-tmp/data/datasets/ch_sims/Raw.zip::Raw/video_0054/0017.mp4,/root/autodl-tmp/data/datasets/ch_sims/Raw.zip::Raw/video_0054/0017.mp4,/root/autodl-tmp/data/datasets/ch_sims/label.csv#video_0054/0017,0.00,4.29,zh,medium,high,high,true,true
EAQ001895,CH-SIMS,train,CH-SIMS/video_0054/0018,/root/autodl-tmp/data/datasets/ch_sims/Raw.zip::Raw/video_0054/0018.mp4,/root/autodl-tmp/data/datasets/ch_sims/Raw.zip::Raw/video_0054/0018.mp4,/root/autodl-tmp/data/datasets/ch_sims/label.csv#video_0054/0018,0.00,4.00,zh,medium,high,high,true,true
EAQ001896,CH-SIMS,test,CH-SIMS/video_0054/0019,/root/autodl-tmp/data/datasets/ch_sims/Raw.zip::Raw/video_0054/0019.mp4,/root/autodl-tmp/data/datasets/ch_sims/Raw.zip::Raw/video_0054/0019.mp4,/root/autodl-tmp/data/datasets/ch_sims/label.csv#video_0054/0019,0.00,3.43,zh,medium,high,high,true,true
EAQ001897,CH-SIMS,train,CH-SIMS/video_0054/0020,/root/autodl-tmp/data/datasets/ch_sims/Raw.zip::Raw/video_0054/0020.mp4,/root/autodl-tmp/data/datasets/ch_sims/Raw.zip::Raw/video_0054/0020.mp4,/root/autodl-tmp/data/datasets/ch_sims/label.csv#video_0054/0020,0.00,6.29,zh,medium,high,high,true,true
EAQ001898,CH-SIMS,train,CH-SIMS/video_0054/0021,/root/autodl-tmp/data/datasets/ch_sims/Raw.zip::Raw/video_0054/0021.mp4,/root/autodl-tmp/data/datasets/ch_sims/Raw.zip::Raw/video_0054/0021.mp4,/root/autodl-tmp/data/datasets/ch_sims/label.csv#video_0054/0021,0.00,5.14,zh,medium,high,high,true,true
EAQ001899,CH-SIMS,train,CH-SIMS/video_0054/0022,/root/autodl-tmp/data/datasets/ch_sims/Raw.zip::Raw/video_0054/0022.mp4,/root/autodl-tmp/data/datasets/ch_sims/Raw.zip::Raw/video_0054/0022.mp4,/root/autodl-tmp/data/datasets/ch_sims/label.csv#video_0054/0022,0.00,3.43,zh,medium,high,high,true,true
EAQ001900,CH-SIMS,train,CH-SIMS/video_0054/0023,/root/autodl-tmp/data/datasets/ch_sims/Raw.zip::Raw/video_0054/0023.mp4,/root/autodl-tmp/data/datasets/ch_sims/Raw.zip::Raw/video_0054/0023.mp4,/root/autodl-tmp/data/datasets/ch_sims/label.csv#video_0054/0023,0.00,3.14,zh,medium,high,high,true,true
EAQ001901,CH-SIMS,train,CH-SIMS/video_0054/0024,/root/autodl-tmp/data/datasets/ch_sims/Raw.zip::Raw/video_0054/0024.mp4,/root/autodl-tmp/data/datasets/ch_sims/Raw.zip::Raw/video_0054/0024.mp4,/root/autodl-tmp/data/datasets/ch_sims/label.csv#video_0054/0024,0.00,6.29,zh,medium,high,high,true,true
EAQ001902,CH-SIMS,validation,CH-SIMS/video_0054/0025,/root/autodl-tmp/data/datasets/ch_sims/Raw.zip::Raw/video_0054/0025.mp4,/root/autodl-tmp/data/datasets/ch_sims/Raw.zip::Raw/video_0054/0025.mp4,/root/autodl-tmp/data/datasets/ch_sims/label.csv#video_0054/0025,0.00,7.14,zh,medium,high,high,true,true
EAQ001903,CH-SIMS,test,CH-SIMS/video_0054/0026,/root/autodl-tmp/data/datasets/ch_sims/Raw.zip::Raw/video_0054/0026.mp4,/root/autodl-tmp/data/datasets/ch_sims/Raw.zip::Raw/video_0054/0026.mp4,/root/autodl-tmp/data/datasets/ch_sims/label.csv#video_0054/0026,0.00,4.86,zh,medium,high,high,true,true
EAQ001904,CH-SIMS,train,CH-SIMS/video_0054/0027,/root/autodl-tmp/data/datasets/ch_sims/Raw.zip::Raw/video_0054/0027.mp4,/root/autodl-tmp/data/datasets/ch_sims/Raw.zip::Raw/video_0054/0027.mp4,/root/autodl-tmp/data/datasets/ch_sims/label.csv#video_0054/0027,0.00,1.71,zh,medium,high,high,true,true
EAQ001905,CH-SIMS,test,CH-SIMS/video_0054/0028,/root/autodl-tmp/data/datasets/ch_sims/Raw.zip::Raw/video_0054/0028.mp4,/root/autodl-tmp/data/datasets/ch_sims/Raw.zip::Raw/video_0054/0028.mp4,/root/autodl-tmp/data/datasets/ch_sims/label.csv#video_0054/0028,0.00,3.43,zh,medium,high,high,true,true
EAQ001906,CH-SIMS,train,CH-SIMS/video_0054/0029,/root/autodl-tmp/data/datasets/ch_sims/Raw.zip::Raw/video_0054/0029.mp4,/root/autodl-tmp/data/datasets/ch_sims/Raw.zip::Raw/video_0054/0029.mp4,/root/autodl-tmp/data/datasets/ch_sims/label.csv#video_0054/0029,0.00,5.14,zh,medium,high,high,true,true
EAQ001907,CH-SIMS,train,CH-SIMS/video_0054/0030,/root/autodl-tmp/data/datasets/ch_sims/Raw.zip::Raw/video_0054/0030.mp4,/root/autodl-tmp/data/datasets/ch_sims/Raw.zip::Raw/video_0054/0030.mp4,/root/autodl-tmp/data/datasets/ch_sims/label.csv#video_0054/0030,0.00,3.14,zh,medium,high,high,true,true
EAQ001908,CH-SIMS,validation,CH-SIMS/video_0054/0031,/root/autodl-tmp/data/datasets/ch_sims/Raw.zip::Raw/video_0054/0031.mp4,/root/autodl-tmp/data/datasets/ch_sims/Raw.zip::Raw/video_0054/0031.mp4,/root/autodl-tmp/data/datasets/ch_sims/label.csv#video_0054/0031,0.00,6.57,zh,medium,high,high,true,true
EAQ001909,CH-SIMS,test,CH-SIMS/video_0054/0032,/root/autodl-tmp/data/datasets/ch_sims/Raw.zip::Raw/video_0054/0032.mp4,/root/autodl-tmp/data/datasets/ch_sims/Raw.zip::Raw/video_0054/0032.mp4,/root/autodl-tmp/data/datasets/ch_sims/label.csv#video_0054/0032,0.00,9.71,zh,medium,high,high,true,true
EAQ001910,CH-SIMS,train,CH-SIMS/video_0054/0033,/root/autodl-tmp/data/datasets/ch_sims/Raw.zip::Raw/video_0054/0033.mp4,/root/autodl-tmp/data/datasets/ch_sims/Raw.zip::Raw/video_0054/0033.mp4,/root/autodl-tmp/data/datasets/ch_sims/label.csv#video_0054/0033,0.00,6.57,zh,medium,high,high,true,true
EAQ001911,CH-SIMS,train,CH-SIMS/video_0054/0034,/root/autodl-tmp/data/datasets/ch_sims/Raw.zip::Raw/video_0054/0034.mp4,/root/autodl-tmp/data/datasets/ch_sims/Raw.zip::Raw/video_0054/0034.mp4,/root/autodl-tmp/data/datasets/ch_sims/label.csv#video_0054/0034,0.00,4.86,zh,medium,high,high,true,true
EAQ001912,CH-SIMS,train,CH-SIMS/video_0054/0035,/root/autodl-tmp/data/datasets/ch_sims/Raw.zip::Raw/video_0054/0035.mp4,/root/autodl-tmp/data/datasets/ch_sims/Raw.zip::Raw/video_0054/0035.mp4,/root/autodl-tmp/data/datasets/ch_sims/label.csv#video_0054/0035,0.00,5.43,zh,medium,high,high,true,true
EAQ001913,CH-SIMS,test,CH-SIMS/video_0054/0036,/root/autodl-tmp/data/datasets/ch_sims/Raw.zip::Raw/video_0054/0036.mp4,/root/autodl-tmp/data/datasets/ch_sims/Raw.zip::Raw/video_0054/0036.mp4,/root/autodl-tmp/data/datasets/ch_sims/label.csv#video_0054/0036,0.00,8.29,zh,medium,high,high,true,true
EAQ001914,CH-SIMS,test,CH-SIMS/video_0054/0037,/root/autodl-tmp/data/datasets/ch_sims/Raw.zip::Raw/video_0054/0037.mp4,/root/autodl-tmp/data/datasets/ch_sims/Raw.zip::Raw/video_0054/0037.mp4,/root/autodl-tmp/data/datasets/ch_sims/label.csv#video_0054/0037,0.00,3.43,zh,medium,high,high,true,true
EAQ001915,CH-SIMS,train,CH-SIMS/video_0054/0038,/root/autodl-tmp/data/datasets/ch_sims/Raw.zip::Raw/video_0054/0038.mp4,/root/autodl-tmp/data/datasets/ch_sims/Raw.zip::Raw/video_0054/0038.mp4,/root/autodl-tmp/data/datasets/ch_sims/label.csv#video_0054/0038,0.00,4.57,zh,medium,high,high,true,true
EAQ001916,CH-SIMS,test,CH-SIMS/video_0054/0039,/root/autodl-tmp/data/datasets/ch_sims/Raw.zip::Raw/video_0054/0039.mp4,/root/autodl-tmp/data/datasets/ch_sims/Raw.zip::Raw/video_0054/0039.mp4,/root/autodl-tmp/data/datasets/ch_sims/label.csv#video_0054/0039,0.00,6.00,zh,medium,high,high,true,true
EAQ001917,CH-SIMS,test,CH-SIMS/video_0054/0040,/root/autodl-tmp/data/datasets/ch_sims/Raw.zip::Raw/video_0054/0040.mp4,/root/autodl-tmp/data/datasets/ch_sims/Raw.zip::Raw/video_0054/0040.mp4,/root/autodl-tmp/data/datasets/ch_sims/label.csv#video_0054/0040,0.00,4.00,zh,medium,high,high,true,true
EAQ001918,CH-SIMS,test,CH-SIMS/video_0054/0041,/root/autodl-tmp/data/datasets/ch_sims/Raw.zip::Raw/video_0054/0041.mp4,/root/autodl-tmp/data/datasets/ch_sims/Raw.zip::Raw/video_0054/0041.mp4,/root/autodl-tmp/data/datasets/ch_sims/label.csv#video_0054/0041,0.00,6.00,zh,medium,high,high,true,true
EAQ001919,CH-SIMS,train,CH-SIMS/video_0054/0042,/root/autodl-tmp/data/datasets/ch_sims/Raw.zip::Raw/video_0054/0042.mp4,/root/autodl-tmp/data/datasets/ch_sims/Raw.zip::Raw/video_0054/0042.mp4,/root/autodl-tmp/data/datasets/ch_sims/label.csv#video_0054/0042,0.00,7.14,zh,medium,high,high,true,true
EAQ001920,CH-SIMS,train,CH-SIMS/video_0054/0043,/root/autodl-tmp/data/datasets/ch_sims/Raw.zip::Raw/video_0054/0043.mp4,/root/autodl-tmp/data/datasets/ch_sims/Raw.zip::Raw/video_0054/0043.mp4,/root/autodl-tmp/data/datasets/ch_sims/label.csv#video_0054/0043,0.00,5.71,zh,medium,high,high,true,true
EAQ001921,CH-SIMS,train,CH-SIMS/video_0054/0044,/root/autodl-tmp/data/datasets/ch_sims/Raw.zip::Raw/video_0054/0044.mp4,/root/autodl-tmp/data/datasets/ch_sims/Raw.zip::Raw/video_0054/0044.mp4,/root/autodl-tmp/data/datasets/ch_sims/label.csv#video_0054/0044,0.00,3.71,zh,medium,high,high,true,true
EAQ001922,CH-SIMS,train,CH-SIMS/video_0054/0045,/root/autodl-tmp/data/datasets/ch_sims/Raw.zip::Raw/video_0054/0045.mp4,/root/autodl-tmp/data/datasets/ch_sims/Raw.zip::Raw/video_0054/0045.mp4,/root/autodl-tmp/data/datasets/ch_sims/label.csv#video_0054/0045,0.00,5.14,zh,medium,high,high,true,true
EAQ001923,CH-SIMS,validation,CH-SIMS/video_0054/0046,/root/autodl-tmp/data/datasets/ch_sims/Raw.zip::Raw/video_0054/0046.mp4,/root/autodl-tmp/data/datasets/ch_sims/Raw.zip::Raw/video_0054/0046.mp4,/root/autodl-tmp/data/datasets/ch_sims/label.csv#video_0054/0046,0.00,4.00,zh,medium,high,high,true,true
EAQ001924,CH-SIMS,test,CH-SIMS/video_0054/0047,/root/autodl-tmp/data/datasets/ch_sims/Raw.zip::Raw/video_0054/0047.mp4,/root/autodl-tmp/data/datasets/ch_sims/Raw.zip::Raw/video_0054/0047.mp4,/root/autodl-tmp/data/datasets/ch_sims/label.csv#video_0054/0047,0.00,5.43,zh,medium,high,high,true,true
EAQ001925,CH-SIMS,test,CH-SIMS/video_0054/0048,/root/autodl-tmp/data/datasets/ch_sims/Raw.zip::Raw/video_0054/0048.mp4,/root/autodl-tmp/data/datasets/ch_sims/Raw.zip::Raw/video_0054/0048.mp4,/root/autodl-tmp/data/datasets/ch_sims/label.csv#video_0054/0048,0.00,4.00,zh,medium,high,high,true,true
EAQ001926,CH-SIMS,train,CH-SIMS/video_0054/0049,/root/autodl-tmp/data/datasets/ch_sims/Raw.zip::Raw/video_0054/0049.mp4,/root/autodl-tmp/data/datasets/ch_sims/Raw.zip::Raw/video_0054/0049.mp4,/root/autodl-tmp/data/datasets/ch_sims/label.csv#video_0054/0049,0.00,4.29,zh,medium,high,high,true,true
EAQ001927,CH-SIMS,test,CH-SIMS/video_0054/0050,/root/autodl-tmp/data/datasets/ch_sims/Raw.zip::Raw/video_0054/0050.mp4,/root/autodl-tmp/data/datasets/ch_sims/Raw.zip::Raw/video_0054/0050.mp4,/root/autodl-tmp/data/datasets/ch_sims/label.csv#video_0054/0050,0.00,6.29,zh,medium,high,high,true,true
EAQ001928,CH-SIMS,validation,CH-SIMS/video_0054/0051,/root/autodl-tmp/data/datasets/ch_sims/Raw.zip::Raw/video_0054/0051.mp4,/root/autodl-tmp/data/datasets/ch_sims/Raw.zip::Raw/video_0054/0051.mp4,/root/autodl-tmp/data/datasets/ch_sims/label.csv#video_0054/0051,0.00,5.14,zh,medium,high,high,true,true
EAQ001929,CH-SIMS,test,CH-SIMS/video_0054/0052,/root/autodl-tmp/data/datasets/ch_sims/Raw.zip::Raw/video_0054/0052.mp4,/root/autodl-tmp/data/datasets/ch_sims/Raw.zip::Raw/video_0054/0052.mp4,/root/autodl-tmp/data/datasets/ch_sims/label.csv#video_0054/0052,0.00,1.14,zh,medium,high,high,true,true
EAQ001930,CH-SIMS,train,CH-SIMS/video_0054/0053,/root/autodl-tmp/data/datasets/ch_sims/Raw.zip::Raw/video_0054/0053.mp4,/root/autodl-tmp/data/datasets/ch_sims/Raw.zip::Raw/video_0054/0053.mp4,/root/autodl-tmp/data/datasets/ch_sims/label.csv#video_0054/0053,0.00,6.00,zh,medium,high,high,true,true
EAQ001931,CH-SIMS,train,CH-SIMS/video_0054/0054,/root/autodl-tmp/data/datasets/ch_sims/Raw.zip::Raw/video_0054/0054.mp4,/root/autodl-tmp/data/datasets/ch_sims/Raw.zip::Raw/video_0054/0054.mp4,/root/autodl-tmp/data/datasets/ch_sims/label.csv#video_0054/0054,0.00,5.14,zh,medium,high,high,true,true
EAQ001932,CH-SIMS,train,CH-SIMS/video_0054/0055,/root/autodl-tmp/data/datasets/ch_sims/Raw.zip::Raw/video_0054/0055.mp4,/root/autodl-tmp/data/datasets/ch_sims/Raw.zip::Raw/video_0054/0055.mp4,/root/autodl-tmp/data/datasets/ch_sims/label.csv#video_0054/0055,0.00,4.29,zh,medium,high,high,true,true
EAQ001933,CH-SIMS,train,CH-SIMS/video_0054/0056,/root/autodl-tmp/data/datasets/ch_sims/Raw.zip::Raw/video_0054/0056.mp4,/root/autodl-tmp/data/datasets/ch_sims/Raw.zip::Raw/video_0054/0056.mp4,/root/autodl-tmp/data/datasets/ch_sims/label.csv#video_0054/0056,0.00,5.71,zh,medium,high,high,true,true
EAQ001934,CH-SIMS,test,CH-SIMS/video_0054/0057,/root/autodl-tmp/data/datasets/ch_sims/Raw.zip::Raw/video_0054/0057.mp4,/root/autodl-tmp/data/datasets/ch_sims/Raw.zip::Raw/video_0054/0057.mp4,/root/autodl-tmp/data/datasets/ch_sims/label.csv#video_0054/0057,0.00,6.00,zh,medium,high,high,true,true
EAQ001935,CH-SIMS,validation,CH-SIMS/video_0054/0058,/root/autodl-tmp/data/datasets/ch_sims/Raw.zip::Raw/video_0054/0058.mp4,/root/autodl-tmp/data/datasets/ch_sims/Raw.zip::Raw/video_0054/0058.mp4,/root/autodl-tmp/data/datasets/ch_sims/label.csv#video_0054/0058,0.00,5.71,zh,medium,high,high,true,true
EAQ001936,CH-SIMS,test,CH-SIMS/video_0054/0059,/root/autodl-tmp/data/datasets/ch_sims/Raw.zip::Raw/video_0054/0059.mp4,/root/autodl-tmp/data/datasets/ch_sims/Raw.zip::Raw/video_0054/0059.mp4,/root/autodl-tmp/data/datasets/ch_sims/label.csv#video_0054/0059,0.00,7.71,zh,medium,high,high,true,true
EAQ001937,CH-SIMS,validation,CH-SIMS/video_0054/0060,/root/autodl-tmp/data/datasets/ch_sims/Raw.zip::Raw/video_0054/0060.mp4,/root/autodl-tmp/data/datasets/ch_sims/Raw.zip::Raw/video_0054/0060.mp4,/root/autodl-tmp/data/datasets/ch_sims/label.csv#video_0054/0060,0.00,2.57,zh,medium,high,high,true,true
EAQ001938,CH-SIMS,train,CH-SIMS/video_0054/0061,/root/autodl-tmp/data/datasets/ch_sims/Raw.zip::Raw/video_0054/0061.mp4,/root/autodl-tmp/data/datasets/ch_sims/Raw.zip::Raw/video_0054/0061.mp4,/root/autodl-tmp/data/datasets/ch_sims/label.csv#video_0054/0061,0.00,3.14,zh,medium,high,high,true,true
EAQ001939,CH-SIMS,train,CH-SIMS/video_0054/0062,/root/autodl-tmp/data/datasets/ch_sims/Raw.zip::Raw/video_0054/0062.mp4,/root/autodl-tmp/data/datasets/ch_sims/Raw.zip::Raw/video_0054/0062.mp4,/root/autodl-tmp/data/datasets/ch_sims/label.csv#video_0054/0062,0.00,2.86,zh,medium,high,high,true,true
EAQ001940,CH-SIMS,test,CH-SIMS/video_0054/0063,/root/autodl-tmp/data/datasets/ch_sims/Raw.zip::Raw/video_0054/0063.mp4,/root/autodl-tmp/data/datasets/ch_sims/Raw.zip::Raw/video_0054/0063.mp4,/root/autodl-tmp/data/datasets/ch_sims/label.csv#video_0054/0063,0.00,3.43,zh,medium,high,high,true,true
EAQ001941,CH-SIMS,validation,CH-SIMS/video_0054/0064,/root/autodl-tmp/data/datasets/ch_sims/Raw.zip::Raw/video_0054/0064.mp4,/root/autodl-tmp/data/datasets/ch_sims/Raw.zip::Raw/video_0054/0064.mp4,/root/autodl-tmp/data/datasets/ch_sims/label.csv#video_0054/0064,0.00,3.43,zh,medium,high,high,true,true
EAQ001942,CH-SIMS,train,CH-SIMS/video_0054/0065,/root/autodl-tmp/data/datasets/ch_sims/Raw.zip::Raw/video_0054/0065.mp4,/root/autodl-tmp/data/datasets/ch_sims/Raw.zip::Raw/video_0054/0065.mp4,/root/autodl-tmp/data/datasets/ch_sims/label.csv#video_0054/0065,0.00,2.86,zh,medium,high,high,true,true
EAQ001943,CH-SIMS,test,CH-SIMS/video_0054/0066,/root/autodl-tmp/data/datasets/ch_sims/Raw.zip::Raw/video_0054/0066.mp4,/root/autodl-tmp/data/datasets/ch_sims/Raw.zip::Raw/video_0054/0066.mp4,/root/autodl-tmp/data/datasets/ch_sims/label.csv#video_0054/0066,0.00,3.14,zh,medium,high,high,true,true
EAQ001944,CH-SIMS,train,CH-SIMS/video_0054/0067,/root/autodl-tmp/data/datasets/ch_sims/Raw.zip::Raw/video_0054/0067.mp4,/root/autodl-tmp/data/datasets/ch_sims/Raw.zip::Raw/video_0054/0067.mp4,/root/autodl-tmp/data/datasets/ch_sims/label.csv#video_0054/0067,0.00,6.00,zh,medium,high,high,true,true
EAQ001945,CH-SIMS,test,CH-SIMS/video_0054/0068,/root/autodl-tmp/data/datasets/ch_sims/Raw.zip::Raw/video_0054/0068.mp4,/root/autodl-tmp/data/datasets/ch_sims/Raw.zip::Raw/video_0054/0068.mp4,/root/autodl-tmp/data/datasets/ch_sims/label.csv#video_0054/0068,0.00,5.71,zh,medium,high,high,true,true
EAQ001946,CH-SIMS,test,CH-SIMS/video_0054/0069,/root/autodl-tmp/data/datasets/ch_sims/Raw.zip::Raw/video_0054/0069.mp4,/root/autodl-tmp/data/datasets/ch_sims/Raw.zip::Raw/video_0054/0069.mp4,/root/autodl-tmp/data/datasets/ch_sims/label.csv#video_0054/0069,0.00,4.00,zh,medium,high,high,true,true
EAQ001947,CH-SIMS,validation,CH-SIMS/video_0054/0070,/root/autodl-tmp/data/datasets/ch_sims/Raw.zip::Raw/video_0054/0070.mp4,/root/autodl-tmp/data/datasets/ch_sims/Raw.zip::Raw/video_0054/0070.mp4,/root/autodl-tmp/data/datasets/ch_sims/label.csv#video_0054/0070,0.00,6.00,zh,medium,high,high,true,true
EAQ001948,CH-SIMS,train,CH-SIMS/video_0054/0071,/root/autodl-tmp/data/datasets/ch_sims/Raw.zip::Raw/video_0054/0071.mp4,/root/autodl-tmp/data/datasets/ch_sims/Raw.zip::Raw/video_0054/0071.mp4,/root/autodl-tmp/data/datasets/ch_sims/label.csv#video_0054/0071,0.00,5.14,zh,medium,high,high,true,true
EAQ001949,CH-SIMS,train,CH-SIMS/video_0054/0072,/root/autodl-tmp/data/datasets/ch_sims/Raw.zip::Raw/video_0054/0072.mp4,/root/autodl-tmp/data/datasets/ch_sims/Raw.zip::Raw/video_0054/0072.mp4,/root/autodl-tmp/data/datasets/ch_sims/label.csv#video_0054/0072,0.00,2.57,zh,medium,high,high,true,true
EAQ001950,CH-SIMS,train,CH-SIMS/video_0054/0073,/root/autodl-tmp/data/datasets/ch_sims/Raw.zip::Raw/video_0054/0073.mp4,/root/autodl-tmp/data/datasets/ch_sims/Raw.zip::Raw/video_0054/0073.mp4,/root/autodl-tmp/data/datasets/ch_sims/label.csv#video_0054/0073,0.00,2.86,zh,medium,high,high,true,true
EAQ001951,CH-SIMS,train,CH-SIMS/video_0054/0074,/root/autodl-tmp/data/datasets/ch_sims/Raw.zip::Raw/video_0054/0074.mp4,/root/autodl-tmp/data/datasets/ch_sims/Raw.zip::Raw/video_0054/0074.mp4,/root/autodl-tmp/data/datasets/ch_sims/label.csv#video_0054/0074,0.00,6.00,zh,medium,high,high,true,true
EAQ001952,CH-SIMS,validation,CH-SIMS/video_0054/0075,/root/autodl-tmp/data/datasets/ch_sims/Raw.zip::Raw/video_0054/0075.mp4,/root/autodl-tmp/data/datasets/ch_sims/Raw.zip::Raw/video_0054/0075.mp4,/root/autodl-tmp/data/datasets/ch_sims/label.csv#video_0054/0075,0.00,6.29,zh,medium,high,high,true,true
EAQ001953,CH-SIMS,train,CH-SIMS/video_0054/0076,/root/autodl-tmp/data/datasets/ch_sims/Raw.zip::Raw/video_0054/0076.mp4,/root/autodl-tmp/data/datasets/ch_sims/Raw.zip::Raw/video_0054/0076.mp4,/root/autodl-tmp/data/datasets/ch_sims/label.csv#video_0054/0076,0.00,2.86,zh,medium,high,high,true,true
EAQ001954,CH-SIMS,train,CH-SIMS/video_0054/0077,/root/autodl-tmp/data/datasets/ch_sims/Raw.zip::Raw/video_0054/0077.mp4,/root/autodl-tmp/data/datasets/ch_sims/Raw.zip::Raw/video_0054/0077.mp4,/root/autodl-tmp/data/datasets/ch_sims/label.csv#video_0054/0077,0.00,4.86,zh,medium,high,high,true,true
EAQ001955,CH-SIMS,train,CH-SIMS/video_0054/0078,/root/autodl-tmp/data/datasets/ch_sims/Raw.zip::Raw/video_0054/0078.mp4,/root/autodl-tmp/data/datasets/ch_sims/Raw.zip::Raw/video_0054/0078.mp4,/root/autodl-tmp/data/datasets/ch_sims/label.csv#video_0054/0078,0.00,3.71,zh,medium,high,high,true,true
EAQ001956,CH-SIMS,validation,CH-SIMS/video_0054/0079,/root/autodl-tmp/data/datasets/ch_sims/Raw.zip::Raw/video_0054/0079.mp4,/root/autodl-tmp/data/datasets/ch_sims/Raw.zip::Raw/video_0054/0079.mp4,/root/autodl-tmp/data/datasets/ch_sims/label.csv#video_0054/0079,0.00,4.00,zh,medium,high,high,true,true
EAQ001957,CH-SIMS,test,CH-SIMS/video_0054/0080,/root/autodl-tmp/data/datasets/ch_sims/Raw.zip::Raw/video_0054/0080.mp4,/root/autodl-tmp/data/datasets/ch_sims/Raw.zip::Raw/video_0054/0080.mp4,/root/autodl-tmp/data/datasets/ch_sims/label.csv#video_0054/0080,0.00,2.86,zh,medium,high,high,true,true
EAQ001958,CH-SIMS,train,CH-SIMS/video_0054/0081,/root/autodl-tmp/data/datasets/ch_sims/Raw.zip::Raw/video_0054/0081.mp4,/root/autodl-tmp/data/datasets/ch_sims/Raw.zip::Raw/video_0054/0081.mp4,/root/autodl-tmp/data/datasets/ch_sims/label.csv#video_0054/0081,0.00,4.29,zh,medium,high,high,true,true
EAQ001959,CH-SIMS,train,CH-SIMS/video_0054/0082,/root/autodl-tmp/data/datasets/ch_sims/Raw.zip::Raw/video_0054/0082.mp4,/root/autodl-tmp/data/datasets/ch_sims/Raw.zip::Raw/video_0054/0082.mp4,/root/autodl-tmp/data/datasets/ch_sims/label.csv#video_0054/0082,0.00,4.57,zh,medium,high,high,true,true
EAQ001960,CH-SIMS,train,CH-SIMS/video_0054/0083,/root/autodl-tmp/data/datasets/ch_sims/Raw.zip::Raw/video_0054/0083.mp4,/root/autodl-tmp/data/datasets/ch_sims/Raw.zip::Raw/video_0054/0083.mp4,/root/autodl-tmp/data/datasets/ch_sims/label.csv#video_0054/0083,0.00,5.43,zh,medium,high,high,true,true
EAQ001961,CH-SIMS,train,CH-SIMS/video_0054/0084,/root/autodl-tmp/data/datasets/ch_sims/Raw.zip::Raw/video_0054/0084.mp4,/root/autodl-tmp/data/datasets/ch_sims/Raw.zip::Raw/video_0054/0084.mp4,/root/autodl-tmp/data/datasets/ch_sims/label.csv#video_0054/0084,0.00,9.43,zh,medium,high,high,true,true
EAQ001962,CH-SIMS,validation,CH-SIMS/video_0054/0085,/root/autodl-tmp/data/datasets/ch_sims/Raw.zip::Raw/video_0054/0085.mp4,/root/autodl-tmp/data/datasets/ch_sims/Raw.zip::Raw/video_0054/0085.mp4,/root/autodl-tmp/data/datasets/ch_sims/label.csv#video_0054/0085,0.00,4.00,zh,medium,high,high,true,true
EAQ001963,CH-SIMS,train,CH-SIMS/video_0054/0086,/root/autodl-tmp/data/datasets/ch_sims/Raw.zip::Raw/video_0054/0086.mp4,/root/autodl-tmp/data/datasets/ch_sims/Raw.zip::Raw/video_0054/0086.mp4,/root/autodl-tmp/data/datasets/ch_sims/label.csv#video_0054/0086,0.00,4.57,zh,medium,high,high,true,true
EAQ001964,CH-SIMS,test,CH-SIMS/video_0054/0087,/root/autodl-tmp/data/datasets/ch_sims/Raw.zip::Raw/video_0054/0087.mp4,/root/autodl-tmp/data/datasets/ch_sims/Raw.zip::Raw/video_0054/0087.mp4,/root/autodl-tmp/data/datasets/ch_sims/label.csv#video_0054/0087,0.00,4.57,zh,medium,high,high,true,true
EAQ001965,CH-SIMS,test,CH-SIMS/video_0054/0088,/root/autodl-tmp/data/datasets/ch_sims/Raw.zip::Raw/video_0054/0088.mp4,/root/autodl-tmp/data/datasets/ch_sims/Raw.zip::Raw/video_0054/0088.mp4,/root/autodl-tmp/data/datasets/ch_sims/label.csv#video_0054/0088,0.00,3.43,zh,medium,high,high,true,true
EAQ001966,CH-SIMS,validation,CH-SIMS/video_0054/0089,/root/autodl-tmp/data/datasets/ch_sims/Raw.zip::Raw/video_0054/0089.mp4,/root/autodl-tmp/data/datasets/ch_sims/Raw.zip::Raw/video_0054/0089.mp4,/root/autodl-tmp/data/datasets/ch_sims/label.csv#video_0054/0089,0.00,3.71,zh,medium,high,high,true,true
EAQ001967,CH-SIMS,train,CH-SIMS/video_0054/0090,/root/autodl-tmp/data/datasets/ch_sims/Raw.zip::Raw/video_0054/0090.mp4,/root/autodl-tmp/data/datasets/ch_sims/Raw.zip::Raw/video_0054/0090.mp4,/root/autodl-tmp/data/datasets/ch_sims/label.csv#video_0054/0090,0.00,3.14,zh,medium,high,high,true,true
EAQ001968,CH-SIMS,train,CH-SIMS/video_0054/0091,/root/autodl-tmp/data/datasets/ch_sims/Raw.zip::Raw/video_0054/0091.mp4,/root/autodl-tmp/data/datasets/ch_sims/Raw.zip::Raw/video_0054/0091.mp4,/root/autodl-tmp/data/datasets/ch_sims/label.csv#video_0054/0091,0.00,3.14,zh,medium,high,high,true,true
EAQ001969,CH-SIMS,test,CH-SIMS/video_0054/0092,/root/autodl-tmp/data/datasets/ch_sims/Raw.zip::Raw/video_0054/0092.mp4,/root/autodl-tmp/data/datasets/ch_sims/Raw.zip::Raw/video_0054/0092.mp4,/root/autodl-tmp/data/datasets/ch_sims/label.csv#video_0054/0092,0.00,6.29,zh,medium,high,high,true,true
EAQ001970,CH-SIMS,test,CH-SIMS/video_0054/0093,/root/autodl-tmp/data/datasets/ch_sims/Raw.zip::Raw/video_0054/0093.mp4,/root/autodl-tmp/data/datasets/ch_sims/Raw.zip::Raw/video_0054/0093.mp4,/root/autodl-tmp/data/datasets/ch_sims/label.csv#video_0054/0093,0.00,6.00,zh,medium,high,high,true,true
EAQ001971,CH-SIMS,train,CH-SIMS/video_0054/0094,/root/autodl-tmp/data/datasets/ch_sims/Raw.zip::Raw/video_0054/0094.mp4,/root/autodl-tmp/data/datasets/ch_sims/Raw.zip::Raw/video_0054/0094.mp4,/root/autodl-tmp/data/datasets/ch_sims/label.csv#video_0054/0094,0.00,2.86,zh,medium,high,high,true,true
EAQ001972,CH-SIMS,validation,CH-SIMS/video_0054/0095,/root/autodl-tmp/data/datasets/ch_sims/Raw.zip::Raw/video_0054/0095.mp4,/root/autodl-tmp/data/datasets/ch_sims/Raw.zip::Raw/video_0054/0095.mp4,/root/autodl-tmp/data/datasets/ch_sims/label.csv#video_0054/0095,0.00,2.86,zh,medium,high,high,true,true
EAQ001973,CH-SIMS,train,CH-SIMS/video_0054/0096,/root/autodl-tmp/data/datasets/ch_sims/Raw.zip::Raw/video_0054/0096.mp4,/root/autodl-tmp/data/datasets/ch_sims/Raw.zip::Raw/video_0054/0096.mp4,/root/autodl-tmp/data/datasets/ch_sims/label.csv#video_0054/0096,0.00,3.71,zh,medium,high,high,true,true
EAQ001974,CH-SIMS,train,CH-SIMS/video_0054/0097,/root/autodl-tmp/data/datasets/ch_sims/Raw.zip::Raw/video_0054/0097.mp4,/root/autodl-tmp/data/datasets/ch_sims/Raw.zip::Raw/video_0054/0097.mp4,/root/autodl-tmp/data/datasets/ch_sims/label.csv#video_0054/0097,0.00,3.71,zh,medium,high,high,true,true
EAQ001975,CH-SIMS,test,CH-SIMS/video_0054/0098,/root/autodl-tmp/data/datasets/ch_sims/Raw.zip::Raw/video_0054/0098.mp4,/root/autodl-tmp/data/datasets/ch_sims/Raw.zip::Raw/video_0054/0098.mp4,/root/autodl-tmp/data/datasets/ch_sims/label.csv#video_0054/0098,0.00,3.71,zh,medium,high,high,true,true
EAQ001976,CH-SIMS,train,CH-SIMS/video_0054/0099,/root/autodl-tmp/data/datasets/ch_sims/Raw.zip::Raw/video_0054/0099.mp4,/root/autodl-tmp/data/datasets/ch_sims/Raw.zip::Raw/video_0054/0099.mp4,/root/autodl-tmp/data/datasets/ch_sims/label.csv#video_0054/0099,0.00,2.29,zh,medium,high,high,true,true
EAQ001977,CH-SIMS,test,CH-SIMS/video_0054/0100,/root/autodl-tmp/data/datasets/ch_sims/Raw.zip::Raw/video_0054/0100.mp4,/root/autodl-tmp/data/datasets/ch_sims/Raw.zip::Raw/video_0054/0100.mp4,/root/autodl-tmp/data/datasets/ch_sims/label.csv#video_0054/0100,0.00,4.57,zh,medium,high,high,true,true
EAQ001978,CH-SIMS,train,CH-SIMS/video_0054/0101,/root/autodl-tmp/data/datasets/ch_sims/Raw.zip::Raw/video_0054/0101.mp4,/root/autodl-tmp/data/datasets/ch_sims/Raw.zip::Raw/video_0054/0101.mp4,/root/autodl-tmp/data/datasets/ch_sims/label.csv#video_0054/0101,0.00,4.29,zh,medium,high,high,true,true
EAQ001979,CH-SIMS,train,CH-SIMS/video_0054/0102,/root/autodl-tmp/data/datasets/ch_sims/Raw.zip::Raw/video_0054/0102.mp4,/root/autodl-tmp/data/datasets/ch_sims/Raw.zip::Raw/video_0054/0102.mp4,/root/autodl-tmp/data/datasets/ch_sims/label.csv#video_0054/0102,0.00,1.71,zh,medium,high,high,true,true
EAQ001980,CH-SIMS,test,CH-SIMS/video_0054/0103,/root/autodl-tmp/data/datasets/ch_sims/Raw.zip::Raw/video_0054/0103.mp4,/root/autodl-tmp/data/datasets/ch_sims/Raw.zip::Raw/video_0054/0103.mp4,/root/autodl-tmp/data/datasets/ch_sims/label.csv#video_0054/0103,0.00,4.57,zh,medium,high,high,true,true
EAQ001981,CH-SIMS,train,CH-SIMS/video_0054/0104,/root/autodl-tmp/data/datasets/ch_sims/Raw.zip::Raw/video_0054/0104.mp4,/root/autodl-tmp/data/datasets/ch_sims/Raw.zip::Raw/video_0054/0104.mp4,/root/autodl-tmp/data/datasets/ch_sims/label.csv#video_0054/0104,0.00,4.29,zh,medium,high,high,true,true
EAQ001982,CH-SIMS,train,CH-SIMS/video_0054/0105,/root/autodl-tmp/data/datasets/ch_sims/Raw.zip::Raw/video_0054/0105.mp4,/root/autodl-tmp/data/datasets/ch_sims/Raw.zip::Raw/video_0054/0105.mp4,/root/autodl-tmp/data/datasets/ch_sims/label.csv#video_0054/0105,0.00,1.14,zh,medium,high,high,true,true
EAQ001983,CH-SIMS,test,CH-SIMS/video_0054/0106,/root/autodl-tmp/data/datasets/ch_sims/Raw.zip::Raw/video_0054/0106.mp4,/root/autodl-tmp/data/datasets/ch_sims/Raw.zip::Raw/video_0054/0106.mp4,/root/autodl-tmp/data/datasets/ch_sims/label.csv#video_0054/0106,0.00,4.00,zh,medium,high,high,true,true
EAQ001984,CH-SIMS,train,CH-SIMS/video_0054/0107,/root/autodl-tmp/data/datasets/ch_sims/Raw.zip::Raw/video_0054/0107.mp4,/root/autodl-tmp/data/datasets/ch_sims/Raw.zip::Raw/video_0054/0107.mp4,/root/autodl-tmp/data/datasets/ch_sims/label.csv#video_0054/0107,0.00,8.29,zh,medium,high,high,true,true
EAQ001985,CH-SIMS,train,CH-SIMS/video_0054/0108,/root/autodl-tmp/data/datasets/ch_sims/Raw.zip::Raw/video_0054/0108.mp4,/root/autodl-tmp/data/datasets/ch_sims/Raw.zip::Raw/video_0054/0108.mp4,/root/autodl-tmp/data/datasets/ch_sims/label.csv#video_0054/0108,0.00,4.00,zh,medium,high,high,true,true
EAQ001986,CH-SIMS,test,CH-SIMS/video_0054/0109,/root/autodl-tmp/data/datasets/ch_sims/Raw.zip::Raw/video_0054/0109.mp4,/root/autodl-tmp/data/datasets/ch_sims/Raw.zip::Raw/video_0054/0109.mp4,/root/autodl-tmp/data/datasets/ch_sims/label.csv#video_0054/0109,0.00,2.57,zh,medium,high,high,true,true
EAQ001987,CH-SIMS,validation,CH-SIMS/video_0054/0110,/root/autodl-tmp/data/datasets/ch_sims/Raw.zip::Raw/video_0054/0110.mp4,/root/autodl-tmp/data/datasets/ch_sims/Raw.zip::Raw/video_0054/0110.mp4,/root/autodl-tmp/data/datasets/ch_sims/label.csv#video_0054/0110,0.00,1.43,zh,medium,high,high,true,true
EAQ001988,CH-SIMS,train,CH-SIMS/video_0054/0111,/root/autodl-tmp/data/datasets/ch_sims/Raw.zip::Raw/video_0054/0111.mp4,/root/autodl-tmp/data/datasets/ch_sims/Raw.zip::Raw/video_0054/0111.mp4,/root/autodl-tmp/data/datasets/ch_sims/label.csv#video_0054/0111,0.00,5.43,zh,medium,high,high,true,true
EAQ001989,CH-SIMS,train,CH-SIMS/video_0054/0112,/root/autodl-tmp/data/datasets/ch_sims/Raw.zip::Raw/video_0054/0112.mp4,/root/autodl-tmp/data/datasets/ch_sims/Raw.zip::Raw/video_0054/0112.mp4,/root/autodl-tmp/data/datasets/ch_sims/label.csv#video_0054/0112,0.00,6.57,zh,medium,high,high,true,true
EAQ001990,CH-SIMS,train,CH-SIMS/video_0054/0113,/root/autodl-tmp/data/datasets/ch_sims/Raw.zip::Raw/video_0054/0113.mp4,/root/autodl-tmp/data/datasets/ch_sims/Raw.zip::Raw/video_0054/0113.mp4,/root/autodl-tmp/data/datasets/ch_sims/label.csv#video_0054/0113,0.00,5.14,zh,medium,high,high,true,true
EAQ001991,CH-SIMS,train,CH-SIMS/video_0054/0114,/root/autodl-tmp/data/datasets/ch_sims/Raw.zip::Raw/video_0054/0114.mp4,/root/autodl-tmp/data/datasets/ch_sims/Raw.zip::Raw/video_0054/0114.mp4,/root/autodl-tmp/data/datasets/ch_sims/label.csv#video_0054/0114,0.00,2.86,zh,medium,high,high,true,true
EAQ001992,CH-SIMS,train,CH-SIMS/video_0054/0115,/root/autodl-tmp/data/datasets/ch_sims/Raw.zip::Raw/video_0054/0115.mp4,/root/autodl-tmp/data/datasets/ch_sims/Raw.zip::Raw/video_0054/0115.mp4,/root/autodl-tmp/data/datasets/ch_sims/label.csv#video_0054/0115,0.00,2.29,zh,medium,high,high,true,true
EAQ001993,CH-SIMS,test,CH-SIMS/video_0054/0116,/root/autodl-tmp/data/datasets/ch_sims/Raw.zip::Raw/video_0054/0116.mp4,/root/autodl-tmp/data/datasets/ch_sims/Raw.zip::Raw/video_0054/0116.mp4,/root/autodl-tmp/data/datasets/ch_sims/label.csv#video_0054/0116,0.00,3.14,zh,medium,high,high,true,true
EAQ001994,CH-SIMS,train,CH-SIMS/video_0054/0117,/root/autodl-tmp/data/datasets/ch_sims/Raw.zip::Raw/video_0054/0117.mp4,/root/autodl-tmp/data/datasets/ch_sims/Raw.zip::Raw/video_0054/0117.mp4,/root/autodl-tmp/data/datasets/ch_sims/label.csv#video_0054/0117,0.00,6.29,zh,medium,high,high,true,true
EAQ001995,CH-SIMS,train,CH-SIMS/video_0054/0118,/root/autodl-tmp/data/datasets/ch_sims/Raw.zip::Raw/video_0054/0118.mp4,/root/autodl-tmp/data/datasets/ch_sims/Raw.zip::Raw/video_0054/0118.mp4,/root/autodl-tmp/data/datasets/ch_sims/label.csv#video_0054/0118,0.00,6.00,zh,medium,high,high,true,true
EAQ001996,CH-SIMS,train,CH-SIMS/video_0054/0119,/root/autodl-tmp/data/datasets/ch_sims/Raw.zip::Raw/video_0054/0119.mp4,/root/autodl-tmp/data/datasets/ch_sims/Raw.zip::Raw/video_0054/0119.mp4,/root/autodl-tmp/data/datasets/ch_sims/label.csv#video_0054/0119,0.00,5.43,zh,medium,high,high,true,true
EAQ001997,CH-SIMS,validation,CH-SIMS/video_0054/0120,/root/autodl-tmp/data/datasets/ch_sims/Raw.zip::Raw/video_0054/0120.mp4,/root/autodl-tmp/data/datasets/ch_sims/Raw.zip::Raw/video_0054/0120.mp4,/root/autodl-tmp/data/datasets/ch_sims/label.csv#video_0054/0120,0.00,4.29,zh,medium,high,high,true,true
EAQ001998,CH-SIMS,train,CH-SIMS/video_0054/0121,/root/autodl-tmp/data/datasets/ch_sims/Raw.zip::Raw/video_0054/0121.mp4,/root/autodl-tmp/data/datasets/ch_sims/Raw.zip::Raw/video_0054/0121.mp4,/root/autodl-tmp/data/datasets/ch_sims/label.csv#video_0054/0121,0.00,3.71,zh,medium,high,high,true,true
EAQ001999,CH-SIMS,train,CH-SIMS/video_0054/0122,/root/autodl-tmp/data/datasets/ch_sims/Raw.zip::Raw/video_0054/0122.mp4,/root/autodl-tmp/data/datasets/ch_sims/Raw.zip::Raw/video_0054/0122.mp4,/root/autodl-tmp/data/datasets/ch_sims/label.csv#video_0054/0122,0.00,4.29,zh,medium,high,high,true,true
EAQ002000,CH-SIMS,test,CH-SIMS/video_0054/0123,/root/autodl-tmp/data/datasets/ch_sims/Raw.zip::Raw/video_0054/0123.mp4,/root/autodl-tmp/data/datasets/ch_sims/Raw.zip::Raw/video_0054/0123.mp4,/root/autodl-tmp/data/datasets/ch_sims/label.csv#video_0054/0123,0.00,4.00,zh,medium,high,high,true,true
EAQ002001,CH-SIMS,test,CH-SIMS/video_0054/0124,/root/autodl-tmp/data/datasets/ch_sims/Raw.zip::Raw/video_0054/0124.mp4,/root/autodl-tmp/data/datasets/ch_sims/Raw.zip::Raw/video_0054/0124.mp4,/root/autodl-tmp/data/datasets/ch_sims/label.csv#video_0054/0124,0.00,4.29,zh,medium,high,high,true,true
EAQ002002,CH-SIMS,train,CH-SIMS/video_0054/0125,/root/autodl-tmp/data/datasets/ch_sims/Raw.zip::Raw/video_0054/0125.mp4,/root/autodl-tmp/data/datasets/ch_sims/Raw.zip::Raw/video_0054/0125.mp4,/root/autodl-tmp/data/datasets/ch_sims/label.csv#video_0054/0125,0.00,3.71,zh,medium,high,high,true,true
EAQ002003,CH-SIMS,train,CH-SIMS/video_0054/0126,/root/autodl-tmp/data/datasets/ch_sims/Raw.zip::Raw/video_0054/0126.mp4,/root/autodl-tmp/data/datasets/ch_sims/Raw.zip::Raw/video_0054/0126.mp4,/root/autodl-tmp/data/datasets/ch_sims/label.csv#video_0054/0126,0.00,4.86,zh,medium,high,high,true,true
EAQ002004,CH-SIMS,train,CH-SIMS/video_0054/0127,/root/autodl-tmp/data/datasets/ch_sims/Raw.zip::Raw/video_0054/0127.mp4,/root/autodl-tmp/data/datasets/ch_sims/Raw.zip::Raw/video_0054/0127.mp4,/root/autodl-tmp/data/datasets/ch_sims/label.csv#video_0054/0127,0.00,3.14,zh,medium,high,high,true,true
EAQ002005,CH-SIMS,validation,CH-SIMS/video_0054/0128,/root/autodl-tmp/data/datasets/ch_sims/Raw.zip::Raw/video_0054/0128.mp4,/root/autodl-tmp/data/datasets/ch_sims/Raw.zip::Raw/video_0054/0128.mp4,/root/autodl-tmp/data/datasets/ch_sims/label.csv#video_0054/0128,0.00,2.29,zh,medium,high,high,true,true
EAQ002006,CH-SIMS,train,CH-SIMS/video_0054/0129,/root/autodl-tmp/data/datasets/ch_sims/Raw.zip::Raw/video_0054/0129.mp4,/root/autodl-tmp/data/datasets/ch_sims/Raw.zip::Raw/video_0054/0129.mp4,/root/autodl-tmp/data/datasets/ch_sims/label.csv#video_0054/0129,0.00,3.71,zh,medium,high,high,true,true
EAQ002007,CH-SIMS,train,CH-SIMS/video_0054/0130,/root/autodl-tmp/data/datasets/ch_sims/Raw.zip::Raw/video_0054/0130.mp4,/root/autodl-tmp/data/datasets/ch_sims/Raw.zip::Raw/video_0054/0130.mp4,/root/autodl-tmp/data/datasets/ch_sims/label.csv#video_0054/0130,0.00,3.14,zh,medium,high,high,true,true
EAQ002008,CH-SIMS,train,CH-SIMS/video_0054/0131,/root/autodl-tmp/data/datasets/ch_sims/Raw.zip::Raw/video_0054/0131.mp4,/root/autodl-tmp/data/datasets/ch_sims/Raw.zip::Raw/video_0054/0131.mp4,/root/autodl-tmp/data/datasets/ch_sims/label.csv#video_0054/0131,0.00,3.71,zh,medium,high,high,true,true
EAQ002009,CH-SIMS,train,CH-SIMS/video_0054/0132,/root/autodl-tmp/data/datasets/ch_sims/Raw.zip::Raw/video_0054/0132.mp4,/root/autodl-tmp/data/datasets/ch_sims/Raw.zip::Raw/video_0054/0132.mp4,/root/autodl-tmp/data/datasets/ch_sims/label.csv#video_0054/0132,0.00,5.71,zh,medium,high,high,true,true
EAQ002010,CH-SIMS,train,CH-SIMS/video_0054/0133,/root/autodl-tmp/data/datasets/ch_sims/Raw.zip::Raw/video_0054/0133.mp4,/root/autodl-tmp/data/datasets/ch_sims/Raw.zip::Raw/video_0054/0133.mp4,/root/autodl-tmp/data/datasets/ch_sims/label.csv#video_0054/0133,0.00,4.00,zh,medium,high,high,true,true
EAQ002011,CH-SIMS,validation,CH-SIMS/video_0054/0134,/root/autodl-tmp/data/datasets/ch_sims/Raw.zip::Raw/video_0054/0134.mp4,/root/autodl-tmp/data/datasets/ch_sims/Raw.zip::Raw/video_0054/0134.mp4,/root/autodl-tmp/data/datasets/ch_sims/label.csv#video_0054/0134,0.00,2.29,zh,medium,high,high,true,true
EAQ002012,CH-SIMS,test,CH-SIMS/video_0054/0135,/root/autodl-tmp/data/datasets/ch_sims/Raw.zip::Raw/video_0054/0135.mp4,/root/autodl-tmp/data/datasets/ch_sims/Raw.zip::Raw/video_0054/0135.mp4,/root/autodl-tmp/data/datasets/ch_sims/label.csv#video_0054/0135,0.00,5.71,zh,medium,high,high,true,true
EAQ002013,CH-SIMS,train,CH-SIMS/video_0054/0136,/root/autodl-tmp/data/datasets/ch_sims/Raw.zip::Raw/video_0054/0136.mp4,/root/autodl-tmp/data/datasets/ch_sims/Raw.zip::Raw/video_0054/0136.mp4,/root/autodl-tmp/data/datasets/ch_sims/label.csv#video_0054/0136,0.00,3.43,zh,medium,high,high,true,true
EAQ002014,CH-SIMS,test,CH-SIMS/video_0054/0137,/root/autodl-tmp/data/datasets/ch_sims/Raw.zip::Raw/video_0054/0137.mp4,/root/autodl-tmp/data/datasets/ch_sims/Raw.zip::Raw/video_0054/0137.mp4,/root/autodl-tmp/data/datasets/ch_sims/label.csv#video_0054/0137,0.00,5.43,zh,medium,high,high,true,true
EAQ002015,CH-SIMS,train,CH-SIMS/video_0054/0138,/root/autodl-tmp/data/datasets/ch_sims/Raw.zip::Raw/video_0054/0138.mp4,/root/autodl-tmp/data/datasets/ch_sims/Raw.zip::Raw/video_0054/0138.mp4,/root/autodl-tmp/data/datasets/ch_sims/label.csv#video_0054/0138,0.00,4.86,zh,medium,high,high,true,true
EAQ002016,CH-SIMS,train,CH-SIMS/video_0054/0139,/root/autodl-tmp/data/datasets/ch_sims/Raw.zip::Raw/video_0054/0139.mp4,/root/autodl-tmp/data/datasets/ch_sims/Raw.zip::Raw/video_0054/0139.mp4,/root/autodl-tmp/data/datasets/ch_sims/label.csv#video_0054/0139,0.00,4.86,zh,medium,high,high,true,true
EAQ002017,CH-SIMS,train,CH-SIMS/video_0054/0140,/root/autodl-tmp/data/datasets/ch_sims/Raw.zip::Raw/video_0054/0140.mp4,/root/autodl-tmp/data/datasets/ch_sims/Raw.zip::Raw/video_0054/0140.mp4,/root/autodl-tmp/data/datasets/ch_sims/label.csv#video_0054/0140,0.00,3.43,zh,medium,high,high,true,true
EAQ002018,CH-SIMS,validation,CH-SIMS/video_0054/0141,/root/autodl-tmp/data/datasets/ch_sims/Raw.zip::Raw/video_0054/0141.mp4,/root/autodl-tmp/data/datasets/ch_sims/Raw.zip::Raw/video_0054/0141.mp4,/root/autodl-tmp/data/datasets/ch_sims/label.csv#video_0054/0141,0.00,5.14,zh,medium,high,high,true,true
EAQ002019,CH-SIMS,train,CH-SIMS/video_0054/0142,/root/autodl-tmp/data/datasets/ch_sims/Raw.zip::Raw/video_0054/0142.mp4,/root/autodl-tmp/data/datasets/ch_sims/Raw.zip::Raw/video_0054/0142.mp4,/root/autodl-tmp/data/datasets/ch_sims/label.csv#video_0054/0142,0.00,3.43,zh,medium,high,high,true,true
EAQ002020,CH-SIMS,train,CH-SIMS/video_0054/0143,/root/autodl-tmp/data/datasets/ch_sims/Raw.zip::Raw/video_0054/0143.mp4,/root/autodl-tmp/data/datasets/ch_sims/Raw.zip::Raw/video_0054/0143.mp4,/root/autodl-tmp/data/datasets/ch_sims/label.csv#video_0054/0143,0.00,4.57,zh,medium,high,high,true,true
EAQ002021,CH-SIMS,train,CH-SIMS/video_0054/0144,/root/autodl-tmp/data/datasets/ch_sims/Raw.zip::Raw/video_0054/0144.mp4,/root/autodl-tmp/data/datasets/ch_sims/Raw.zip::Raw/video_0054/0144.mp4,/root/autodl-tmp/data/datasets/ch_sims/label.csv#video_0054/0144,0.00,6.29,zh,medium,high,high,true,true
EAQ002022,CH-SIMS,validation,CH-SIMS/video_0054/0145,/root/autodl-tmp/data/datasets/ch_sims/Raw.zip::Raw/video_0054/0145.mp4,/root/autodl-tmp/data/datasets/ch_sims/Raw.zip::Raw/video_0054/0145.mp4,/root/autodl-tmp/data/datasets/ch_sims/label.csv#video_0054/0145,0.00,3.14,zh,medium,high,high,true,true
EAQ002023,CH-SIMS,train,CH-SIMS/video_0054/0146,/root/autodl-tmp/data/datasets/ch_sims/Raw.zip::Raw/video_0054/0146.mp4,/root/autodl-tmp/data/datasets/ch_sims/Raw.zip::Raw/video_0054/0146.mp4,/root/autodl-tmp/data/datasets/ch_sims/label.csv#video_0054/0146,0.00,1.71,zh,medium,high,high,true,true
EAQ002024,CH-SIMS,train,CH-SIMS/video_0054/0147,/root/autodl-tmp/data/datasets/ch_sims/Raw.zip::Raw/video_0054/0147.mp4,/root/autodl-tmp/data/datasets/ch_sims/Raw.zip::Raw/video_0054/0147.mp4,/root/autodl-tmp/data/datasets/ch_sims/label.csv#video_0054/0147,0.00,3.14,zh,medium,high,high,true,true
EAQ002025,CH-SIMS,train,CH-SIMS/video_0054/0148,/root/autodl-tmp/data/datasets/ch_sims/Raw.zip::Raw/video_0054/0148.mp4,/root/autodl-tmp/data/datasets/ch_sims/Raw.zip::Raw/video_0054/0148.mp4,/root/autodl-tmp/data/datasets/ch_sims/label.csv#video_0054/0148,0.00,4.29,zh,medium,high,high,true,true
EAQ002026,CH-SIMS,train,CH-SIMS/video_0054/0149,/root/autodl-tmp/data/datasets/ch_sims/Raw.zip::Raw/video_0054/0149.mp4,/root/autodl-tmp/data/datasets/ch_sims/Raw.zip::Raw/video_0054/0149.mp4,/root/autodl-tmp/data/datasets/ch_sims/label.csv#video_0054/0149,0.00,9.43,zh,medium,high,high,true,true
EAQ002027,CH-SIMS,train,CH-SIMS/video_0054/0150,/root/autodl-tmp/data/datasets/ch_sims/Raw.zip::Raw/video_0054/0150.mp4,/root/autodl-tmp/data/datasets/ch_sims/Raw.zip::Raw/video_0054/0150.mp4,/root/autodl-tmp/data/datasets/ch_sims/label.csv#video_0054/0150,0.00,4.57,zh,medium,high,high,true,true
EAQ002028,CH-SIMS,train,CH-SIMS/video_0054/0151,/root/autodl-tmp/data/datasets/ch_sims/Raw.zip::Raw/video_0054/0151.mp4,/root/autodl-tmp/data/datasets/ch_sims/Raw.zip::Raw/video_0054/0151.mp4,/root/autodl-tmp/data/datasets/ch_sims/label.csv#video_0054/0151,0.00,4.29,zh,medium,high,high,true,true
EAQ002029,CH-SIMS,train,CH-SIMS/video_0054/0152,/root/autodl-tmp/data/datasets/ch_sims/Raw.zip::Raw/video_0054/0152.mp4,/root/autodl-tmp/data/datasets/ch_sims/Raw.zip::Raw/video_0054/0152.mp4,/root/autodl-tmp/data/datasets/ch_sims/label.csv#video_0054/0152,0.00,4.86,zh,medium,high,high,true,true
EAQ002030,CH-SIMS,train,CH-SIMS/video_0054/0153,/root/autodl-tmp/data/datasets/ch_sims/Raw.zip::Raw/video_0054/0153.mp4,/root/autodl-tmp/data/datasets/ch_sims/Raw.zip::Raw/video_0054/0153.mp4,/root/autodl-tmp/data/datasets/ch_sims/label.csv#video_0054/0153,0.00,5.43,zh,medium,high,high,true,true
EAQ002031,CH-SIMS,train,CH-SIMS/video_0054/0154,/root/autodl-tmp/data/datasets/ch_sims/Raw.zip::Raw/video_0054/0154.mp4,/root/autodl-tmp/data/datasets/ch_sims/Raw.zip::Raw/video_0054/0154.mp4,/root/autodl-tmp/data/datasets/ch_sims/label.csv#video_0054/0154,0.00,2.57,zh,medium,high,high,true,true
EAQ002032,CH-SIMS,train,CH-SIMS/video_0054/0155,/root/autodl-tmp/data/datasets/ch_sims/Raw.zip::Raw/video_0054/0155.mp4,/root/autodl-tmp/data/datasets/ch_sims/Raw.zip::Raw/video_0054/0155.mp4,/root/autodl-tmp/data/datasets/ch_sims/label.csv#video_0054/0155,0.00,7.14,zh,medium,high,high,true,true
EAQ002033,CH-SIMS,train,CH-SIMS/video_0054/0156,/root/autodl-tmp/data/datasets/ch_sims/Raw.zip::Raw/video_0054/0156.mp4,/root/autodl-tmp/data/datasets/ch_sims/Raw.zip::Raw/video_0054/0156.mp4,/root/autodl-tmp/data/datasets/ch_sims/label.csv#video_0054/0156,0.00,6.57,zh,medium,high,high,true,true
EAQ002034,CH-SIMS,test,CH-SIMS/video_0054/0157,/root/autodl-tmp/data/datasets/ch_sims/Raw.zip::Raw/video_0054/0157.mp4,/root/autodl-tmp/data/datasets/ch_sims/Raw.zip::Raw/video_0054/0157.mp4,/root/autodl-tmp/data/datasets/ch_sims/label.csv#video_0054/0157,0.00,5.71,zh,medium,high,high,true,true
EAQ002035,CH-SIMS,train,CH-SIMS/video_0054/0158,/root/autodl-tmp/data/datasets/ch_sims/Raw.zip::Raw/video_0054/0158.mp4,/root/autodl-tmp/data/datasets/ch_sims/Raw.zip::Raw/video_0054/0158.mp4,/root/autodl-tmp/data/datasets/ch_sims/label.csv#video_0054/0158,0.00,2.86,zh,medium,high,high,true,true
EAQ002036,CH-SIMS,train,CH-SIMS/video_0054/0159,/root/autodl-tmp/data/datasets/ch_sims/Raw.zip::Raw/video_0054/0159.mp4,/root/autodl-tmp/data/datasets/ch_sims/Raw.zip::Raw/video_0054/0159.mp4,/root/autodl-tmp/data/datasets/ch_sims/label.csv#video_0054/0159,0.00,3.14,zh,medium,high,high,true,true
EAQ002037,CH-SIMS,train,CH-SIMS/video_0054/0160,/root/autodl-tmp/data/datasets/ch_sims/Raw.zip::Raw/video_0054/0160.mp4,/root/autodl-tmp/data/datasets/ch_sims/Raw.zip::Raw/video_0054/0160.mp4,/root/autodl-tmp/data/datasets/ch_sims/label.csv#video_0054/0160,0.00,2.86,zh,medium,high,high,true,true
EAQ002038,CH-SIMS,train,CH-SIMS/video_0054/0161,/root/autodl-tmp/data/datasets/ch_sims/Raw.zip::Raw/video_0054/0161.mp4,/root/autodl-tmp/data/datasets/ch_sims/Raw.zip::Raw/video_0054/0161.mp4,/root/autodl-tmp/data/datasets/ch_sims/label.csv#video_0054/0161,0.00,1.00,zh,medium,high,medium,true,true
EAQ002039,CH-SIMS,train,CH-SIMS/video_0054/0162,/root/autodl-tmp/data/datasets/ch_sims/Raw.zip::Raw/video_0054/0162.mp4,/root/autodl-tmp/data/datasets/ch_sims/Raw.zip::Raw/video_0054/0162.mp4,/root/autodl-tmp/data/datasets/ch_sims/label.csv#video_0054/0162,0.00,3.14,zh,medium,high,high,true,true
EAQ002040,CH-SIMS,train,CH-SIMS/video_0054/0163,/root/autodl-tmp/data/datasets/ch_sims/Raw.zip::Raw/video_0054/0163.mp4,/root/autodl-tmp/data/datasets/ch_sims/Raw.zip::Raw/video_0054/0163.mp4,/root/autodl-tmp/data/datasets/ch_sims/label.csv#video_0054/0163,0.00,4.00,zh,medium,high,high,true,true
EAQ002041,CH-SIMS,validation,CH-SIMS/video_0054/0164,/root/autodl-tmp/data/datasets/ch_sims/Raw.zip::Raw/video_0054/0164.mp4,/root/autodl-tmp/data/datasets/ch_sims/Raw.zip::Raw/video_0054/0164.mp4,/root/autodl-tmp/data/datasets/ch_sims/label.csv#video_0054/0164,0.00,4.57,zh,medium,high,high,true,true
EAQ002042,CH-SIMS,train,CH-SIMS/video_0054/0165,/root/autodl-tmp/data/datasets/ch_sims/Raw.zip::Raw/video_0054/0165.mp4,/root/autodl-tmp/data/datasets/ch_sims/Raw.zip::Raw/video_0054/0165.mp4,/root/autodl-tmp/data/datasets/ch_sims/label.csv#video_0054/0165,0.00,2.57,zh,medium,high,high,true,true
EAQ002043,CH-SIMS,test,CH-SIMS/video_0054/0166,/root/autodl-tmp/data/datasets/ch_sims/Raw.zip::Raw/video_0054/0166.mp4,/root/autodl-tmp/data/datasets/ch_sims/Raw.zip::Raw/video_0054/0166.mp4,/root/autodl-tmp/data/datasets/ch_sims/label.csv#video_0054/0166,0.00,2.57,zh,medium,high,high,true,true
EAQ002044,CH-SIMS,validation,CH-SIMS/video_0054/0167,/root/autodl-tmp/data/datasets/ch_sims/Raw.zip::Raw/video_0054/0167.mp4,/root/autodl-tmp/data/datasets/ch_sims/Raw.zip::Raw/video_0054/0167.mp4,/root/autodl-tmp/data/datasets/ch_sims/label.csv#video_0054/0167,0.00,5.14,zh,medium,high,high,true,true
EAQ002045,CH-SIMS,validation,CH-SIMS/video_0054/0168,/root/autodl-tmp/data/datasets/ch_sims/Raw.zip::Raw/video_0054/0168.mp4,/root/autodl-tmp/data/datasets/ch_sims/Raw.zip::Raw/video_0054/0168.mp4,/root/autodl-tmp/data/datasets/ch_sims/label.csv#video_0054/0168,0.00,4.29,zh,medium,high,high,true,true
EAQ002046,CH-SIMS,test,CH-SIMS/video_0054/0169,/root/autodl-tmp/data/datasets/ch_sims/Raw.zip::Raw/video_0054/0169.mp4,/root/autodl-tmp/data/datasets/ch_sims/Raw.zip::Raw/video_0054/0169.mp4,/root/autodl-tmp/data/datasets/ch_sims/label.csv#video_0054/0169,0.00,2.00,zh,medium,high,high,true,true
EAQ002047,CH-SIMS,train,CH-SIMS/video_0054/0170,/root/autodl-tmp/data/datasets/ch_sims/Raw.zip::Raw/video_0054/0170.mp4,/root/autodl-tmp/data/datasets/ch_sims/Raw.zip::Raw/video_0054/0170.mp4,/root/autodl-tmp/data/datasets/ch_sims/label.csv#video_0054/0170,0.00,1.00,zh,medium,high,medium,true,true
EAQ002048,CH-SIMS,train,CH-SIMS/video_0054/0171,/root/autodl-tmp/data/datasets/ch_sims/Raw.zip::Raw/video_0054/0171.mp4,/root/autodl-tmp/data/datasets/ch_sims/Raw.zip::Raw/video_0054/0171.mp4,/root/autodl-tmp/data/datasets/ch_sims/label.csv#video_0054/0171,0.00,2.29,zh,medium,high,high,true,true
EAQ002049,CH-SIMS,validation,CH-SIMS/video_0054/0172,/root/autodl-tmp/data/datasets/ch_sims/Raw.zip::Raw/video_0054/0172.mp4,/root/autodl-tmp/data/datasets/ch_sims/Raw.zip::Raw/video_0054/0172.mp4,/root/autodl-tmp/data/datasets/ch_sims/label.csv#video_0054/0172,0.00,3.71,zh,medium,high,high,true,true
EAQ002050,CH-SIMS,train,CH-SIMS/video_0054/0173,/root/autodl-tmp/data/datasets/ch_sims/Raw.zip::Raw/video_0054/0173.mp4,/root/autodl-tmp/data/datasets/ch_sims/Raw.zip::Raw/video_0054/0173.mp4,/root/autodl-tmp/data/datasets/ch_sims/label.csv#video_0054/0173,0.00,2.29,zh,medium,high,high,true,true
EAQ002051,CH-SIMS,validation,CH-SIMS/video_0054/0174,/root/autodl-tmp/data/datasets/ch_sims/Raw.zip::Raw/video_0054/0174.mp4,/root/autodl-tmp/data/datasets/ch_sims/Raw.zip::Raw/video_0054/0174.mp4,/root/autodl-tmp/data/datasets/ch_sims/label.csv#video_0054/0174,0.00,2.29,zh,medium,high,high,true,true
EAQ002052,CH-SIMS,train,CH-SIMS/video_0054/0175,/root/autodl-tmp/data/datasets/ch_sims/Raw.zip::Raw/video_0054/0175.mp4,/root/autodl-tmp/data/datasets/ch_sims/Raw.zip::Raw/video_0054/0175.mp4,/root/autodl-tmp/data/datasets/ch_sims/label.csv#video_0054/0175,0.00,1.71,zh,medium,high,high,true,true
EAQ002053,CH-SIMS,test,CH-SIMS/video_0054/0176,/root/autodl-tmp/data/datasets/ch_sims/Raw.zip::Raw/video_0054/0176.mp4,/root/autodl-tmp/data/datasets/ch_sims/Raw.zip::Raw/video_0054/0176.mp4,/root/autodl-tmp/data/datasets/ch_sims/label.csv#video_0054/0176,0.00,4.86,zh,medium,high,high,true,true
EAQ002054,CH-SIMS,train,CH-SIMS/video_0054/0177,/root/autodl-tmp/data/datasets/ch_sims/Raw.zip::Raw/video_0054/0177.mp4,/root/autodl-tmp/data/datasets/ch_sims/Raw.zip::Raw/video_0054/0177.mp4,/root/autodl-tmp/data/datasets/ch_sims/label.csv#video_0054/0177,0.00,4.00,zh,medium,high,high,true,true
EAQ002055,CH-SIMS,test,CH-SIMS/video_0054/0178,/root/autodl-tmp/data/datasets/ch_sims/Raw.zip::Raw/video_0054/0178.mp4,/root/autodl-tmp/data/datasets/ch_sims/Raw.zip::Raw/video_0054/0178.mp4,/root/autodl-tmp/data/datasets/ch_sims/label.csv#video_0054/0178,0.00,2.86,zh,medium,high,high,true,true
EAQ002056,CH-SIMS,train,CH-SIMS/video_0054/0179,/root/autodl-tmp/data/datasets/ch_sims/Raw.zip::Raw/video_0054/0179.mp4,/root/autodl-tmp/data/datasets/ch_sims/Raw.zip::Raw/video_0054/0179.mp4,/root/autodl-tmp/data/datasets/ch_sims/label.csv#video_0054/0179,0.00,1.71,zh,medium,high,high,true,true
EAQ002057,CH-SIMS,train,CH-SIMS/video_0054/0180,/root/autodl-tmp/data/datasets/ch_sims/Raw.zip::Raw/video_0054/0180.mp4,/root/autodl-tmp/data/datasets/ch_sims/Raw.zip::Raw/video_0054/0180.mp4,/root/autodl-tmp/data/datasets/ch_sims/label.csv#video_0054/0180,0.00,1.14,zh,medium,high,high,true,true
EAQ002058,CH-SIMS,train,CH-SIMS/video_0054/0181,/root/autodl-tmp/data/datasets/ch_sims/Raw.zip::Raw/video_0054/0181.mp4,/root/autodl-tmp/data/datasets/ch_sims/Raw.zip::Raw/video_0054/0181.mp4,/root/autodl-tmp/data/datasets/ch_sims/label.csv#video_0054/0181,0.00,2.86,zh,medium,high,high,true,true
EAQ002059,CH-SIMS,train,CH-SIMS/video_0054/0182,/root/autodl-tmp/data/datasets/ch_sims/Raw.zip::Raw/video_0054/0182.mp4,/root/autodl-tmp/data/datasets/ch_sims/Raw.zip::Raw/video_0054/0182.mp4,/root/autodl-tmp/data/datasets/ch_sims/label.csv#video_0054/0182,0.00,4.00,zh,medium,high,high,true,true
EAQ002060,CH-SIMS,validation,CH-SIMS/video_0054/0183,/root/autodl-tmp/data/datasets/ch_sims/Raw.zip::Raw/video_0054/0183.mp4,/root/autodl-tmp/data/datasets/ch_sims/Raw.zip::Raw/video_0054/0183.mp4,/root/autodl-tmp/data/datasets/ch_sims/label.csv#video_0054/0183,0.00,5.14,zh,medium,high,high,true,true
EAQ002061,CH-SIMS,validation,CH-SIMS/video_0054/0184,/root/autodl-tmp/data/datasets/ch_sims/Raw.zip::Raw/video_0054/0184.mp4,/root/autodl-tmp/data/datasets/ch_sims/Raw.zip::Raw/video_0054/0184.mp4,/root/autodl-tmp/data/datasets/ch_sims/label.csv#video_0054/0184,0.00,6.00,zh,medium,high,high,true,true
EAQ002062,CH-SIMS,train,CH-SIMS/video_0054/0185,/root/autodl-tmp/data/datasets/ch_sims/Raw.zip::Raw/video_0054/0185.mp4,/root/autodl-tmp/data/datasets/ch_sims/Raw.zip::Raw/video_0054/0185.mp4,/root/autodl-tmp/data/datasets/ch_sims/label.csv#video_0054/0185,0.00,3.71,zh,medium,high,high,true,true
EAQ002063,CH-SIMS,train,CH-SIMS/video_0054/0186,/root/autodl-tmp/data/datasets/ch_sims/Raw.zip::Raw/video_0054/0186.mp4,/root/autodl-tmp/data/datasets/ch_sims/Raw.zip::Raw/video_0054/0186.mp4,/root/autodl-tmp/data/datasets/ch_sims/label.csv#video_0054/0186,0.00,1.71,zh,medium,high,high,true,true
EAQ002064,CH-SIMS,train,CH-SIMS/video_0054/0187,/root/autodl-tmp/data/datasets/ch_sims/Raw.zip::Raw/video_0054/0187.mp4,/root/autodl-tmp/data/datasets/ch_sims/Raw.zip::Raw/video_0054/0187.mp4,/root/autodl-tmp/data/datasets/ch_sims/label.csv#video_0054/0187,0.00,4.00,zh,medium,high,high,true,true
EAQ002065,CH-SIMS,test,CH-SIMS/video_0054/0188,/root/autodl-tmp/data/datasets/ch_sims/Raw.zip::Raw/video_0054/0188.mp4,/root/autodl-tmp/data/datasets/ch_sims/Raw.zip::Raw/video_0054/0188.mp4,/root/autodl-tmp/data/datasets/ch_sims/label.csv#video_0054/0188,0.00,1.71,zh,medium,high,high,true,true
EAQ002066,CH-SIMS,train,CH-SIMS/video_0055/0001,/root/autodl-tmp/data/datasets/ch_sims/Raw.zip::Raw/video_0055/0001.mp4,/root/autodl-tmp/data/datasets/ch_sims/Raw.zip::Raw/video_0055/0001.mp4,/root/autodl-tmp/data/datasets/ch_sims/label.csv#video_0055/0001,0.00,3.14,zh,medium,high,high,true,true
EAQ002067,CH-SIMS,validation,CH-SIMS/video_0055/0002,/root/autodl-tmp/data/datasets/ch_sims/Raw.zip::Raw/video_0055/0002.mp4,/root/autodl-tmp/data/datasets/ch_sims/Raw.zip::Raw/video_0055/0002.mp4,/root/autodl-tmp/data/datasets/ch_sims/label.csv#video_0055/0002,0.00,2.29,zh,medium,high,high,true,true
EAQ002068,CH-SIMS,train,CH-SIMS/video_0055/0003,/root/autodl-tmp/data/datasets/ch_sims/Raw.zip::Raw/video_0055/0003.mp4,/root/autodl-tmp/data/datasets/ch_sims/Raw.zip::Raw/video_0055/0003.mp4,/root/autodl-tmp/data/datasets/ch_sims/label.csv#video_0055/0003,0.00,4.29,zh,medium,high,high,true,true
EAQ002069,CH-SIMS,train,CH-SIMS/video_0055/0004,/root/autodl-tmp/data/datasets/ch_sims/Raw.zip::Raw/video_0055/0004.mp4,/root/autodl-tmp/data/datasets/ch_sims/Raw.zip::Raw/video_0055/0004.mp4,/root/autodl-tmp/data/datasets/ch_sims/label.csv#video_0055/0004,0.00,4.86,zh,medium,high,high,true,true
EAQ002070,CH-SIMS,test,CH-SIMS/video_0055/0005,/root/autodl-tmp/data/datasets/ch_sims/Raw.zip::Raw/video_0055/0005.mp4,/root/autodl-tmp/data/datasets/ch_sims/Raw.zip::Raw/video_0055/0005.mp4,/root/autodl-tmp/data/datasets/ch_sims/label.csv#video_0055/0005,0.00,4.57,zh,medium,high,high,true,true
EAQ002071,CH-SIMS,test,CH-SIMS/video_0055/0006,/root/autodl-tmp/data/datasets/ch_sims/Raw.zip::Raw/video_0055/0006.mp4,/root/autodl-tmp/data/datasets/ch_sims/Raw.zip::Raw/video_0055/0006.mp4,/root/autodl-tmp/data/datasets/ch_sims/label.csv#video_0055/0006,0.00,4.00,zh,medium,high,high,true,true
EAQ002072,CH-SIMS,validation,CH-SIMS/video_0055/0007,/root/autodl-tmp/data/datasets/ch_sims/Raw.zip::Raw/video_0055/0007.mp4,/root/autodl-tmp/data/datasets/ch_sims/Raw.zip::Raw/video_0055/0007.mp4,/root/autodl-tmp/data/datasets/ch_sims/label.csv#video_0055/0007,0.00,2.57,zh,medium,high,high,true,true
EAQ002073,CH-SIMS,validation,CH-SIMS/video_0055/0008,/root/autodl-tmp/data/datasets/ch_sims/Raw.zip::Raw/video_0055/0008.mp4,/root/autodl-tmp/data/datasets/ch_sims/Raw.zip::Raw/video_0055/0008.mp4,/root/autodl-tmp/data/datasets/ch_sims/label.csv#video_0055/0008,0.00,4.86,zh,medium,high,high,true,true
EAQ002074,CH-SIMS,train,CH-SIMS/video_0055/0009,/root/autodl-tmp/data/datasets/ch_sims/Raw.zip::Raw/video_0055/0009.mp4,/root/autodl-tmp/data/datasets/ch_sims/Raw.zip::Raw/video_0055/0009.mp4,/root/autodl-tmp/data/datasets/ch_sims/label.csv#video_0055/0009,0.00,4.29,zh,medium,high,high,true,true
EAQ002075,CH-SIMS,validation,CH-SIMS/video_0055/0010,/root/autodl-tmp/data/datasets/ch_sims/Raw.zip::Raw/video_0055/0010.mp4,/root/autodl-tmp/data/datasets/ch_sims/Raw.zip::Raw/video_0055/0010.mp4,/root/autodl-tmp/data/datasets/ch_sims/label.csv#video_0055/0010,0.00,2.00,zh,medium,high,high,true,true
EAQ002076,CH-SIMS,train,CH-SIMS/video_0055/0011,/root/autodl-tmp/data/datasets/ch_sims/Raw.zip::Raw/video_0055/0011.mp4,/root/autodl-tmp/data/datasets/ch_sims/Raw.zip::Raw/video_0055/0011.mp4,/root/autodl-tmp/data/datasets/ch_sims/label.csv#video_0055/0011,0.00,2.57,zh,medium,high,high,true,true
EAQ002077,CH-SIMS,train,CH-SIMS/video_0055/0012,/root/autodl-tmp/data/datasets/ch_sims/Raw.zip::Raw/video_0055/0012.mp4,/root/autodl-tmp/data/datasets/ch_sims/Raw.zip::Raw/video_0055/0012.mp4,/root/autodl-tmp/data/datasets/ch_sims/label.csv#video_0055/0012,0.00,7.14,zh,medium,high,high,true,true
EAQ002078,CH-SIMS,train,CH-SIMS/video_0055/0013,/root/autodl-tmp/data/datasets/ch_sims/Raw.zip::Raw/video_0055/0013.mp4,/root/autodl-tmp/data/datasets/ch_sims/Raw.zip::Raw/video_0055/0013.mp4,/root/autodl-tmp/data/datasets/ch_sims/label.csv#video_0055/0013,0.00,6.00,zh,medium,high,high,true,true
EAQ002079,CH-SIMS,validation,CH-SIMS/video_0055/0014,/root/autodl-tmp/data/datasets/ch_sims/Raw.zip::Raw/video_0055/0014.mp4,/root/autodl-tmp/data/datasets/ch_sims/Raw.zip::Raw/video_0055/0014.mp4,/root/autodl-tmp/data/datasets/ch_sims/label.csv#video_0055/0014,0.00,1.43,zh,medium,high,high,true,true
EAQ002080,CH-SIMS,validation,CH-SIMS/video_0055/0015,/root/autodl-tmp/data/datasets/ch_sims/Raw.zip::Raw/video_0055/0015.mp4,/root/autodl-tmp/data/datasets/ch_sims/Raw.zip::Raw/video_0055/0015.mp4,/root/autodl-tmp/data/datasets/ch_sims/label.csv#video_0055/0015,0.00,3.71,zh,medium,high,high,true,true
EAQ002081,CH-SIMS,train,CH-SIMS/video_0055/0016,/root/autodl-tmp/data/datasets/ch_sims/Raw.zip::Raw/video_0055/0016.mp4,/root/autodl-tmp/data/datasets/ch_sims/Raw.zip::Raw/video_0055/0016.mp4,/root/autodl-tmp/data/datasets/ch_sims/label.csv#video_0055/0016,0.00,1.14,zh,medium,high,high,true,true
EAQ002082,CH-SIMS,train,CH-SIMS/video_0055/0017,/root/autodl-tmp/data/datasets/ch_sims/Raw.zip::Raw/video_0055/0017.mp4,/root/autodl-tmp/data/datasets/ch_sims/Raw.zip::Raw/video_0055/0017.mp4,/root/autodl-tmp/data/datasets/ch_sims/label.csv#video_0055/0017,0.00,2.29,zh,medium,high,high,true,true
EAQ002083,CH-SIMS,test,CH-SIMS/video_0055/0018,/root/autodl-tmp/data/datasets/ch_sims/Raw.zip::Raw/video_0055/0018.mp4,/root/autodl-tmp/data/datasets/ch_sims/Raw.zip::Raw/video_0055/0018.mp4,/root/autodl-tmp/data/datasets/ch_sims/label.csv#video_0055/0018,0.00,1.43,zh,medium,high,high,true,true
EAQ002084,CH-SIMS,validation,CH-SIMS/video_0055/0019,/root/autodl-tmp/data/datasets/ch_sims/Raw.zip::Raw/video_0055/0019.mp4,/root/autodl-tmp/data/datasets/ch_sims/Raw.zip::Raw/video_0055/0019.mp4,/root/autodl-tmp/data/datasets/ch_sims/label.csv#video_0055/0019,0.00,5.14,zh,medium,high,high,true,true
EAQ002085,CH-SIMS,test,CH-SIMS/video_0055/0020,/root/autodl-tmp/data/datasets/ch_sims/Raw.zip::Raw/video_0055/0020.mp4,/root/autodl-tmp/data/datasets/ch_sims/Raw.zip::Raw/video_0055/0020.mp4,/root/autodl-tmp/data/datasets/ch_sims/label.csv#video_0055/0020,0.00,4.00,zh,medium,high,high,true,true
EAQ002086,CH-SIMS,validation,CH-SIMS/video_0055/0021,/root/autodl-tmp/data/datasets/ch_sims/Raw.zip::Raw/video_0055/0021.mp4,/root/autodl-tmp/data/datasets/ch_sims/Raw.zip::Raw/video_0055/0021.mp4,/root/autodl-tmp/data/datasets/ch_sims/label.csv#video_0055/0021,0.00,2.86,zh,medium,high,high,true,true
EAQ002087,CH-SIMS,train,CH-SIMS/video_0055/0022,/root/autodl-tmp/data/datasets/ch_sims/Raw.zip::Raw/video_0055/0022.mp4,/root/autodl-tmp/data/datasets/ch_sims/Raw.zip::Raw/video_0055/0022.mp4,/root/autodl-tmp/data/datasets/ch_sims/label.csv#video_0055/0022,0.00,4.00,zh,medium,high,high,true,true
EAQ002088,CH-SIMS,train,CH-SIMS/video_0055/0023,/root/autodl-tmp/data/datasets/ch_sims/Raw.zip::Raw/video_0055/0023.mp4,/root/autodl-tmp/data/datasets/ch_sims/Raw.zip::Raw/video_0055/0023.mp4,/root/autodl-tmp/data/datasets/ch_sims/label.csv#video_0055/0023,0.00,4.00,zh,medium,high,high,true,true
EAQ002089,CH-SIMS,train,CH-SIMS/video_0055/0024,/root/autodl-tmp/data/datasets/ch_sims/Raw.zip::Raw/video_0055/0024.mp4,/root/autodl-tmp/data/datasets/ch_sims/Raw.zip::Raw/video_0055/0024.mp4,/root/autodl-tmp/data/datasets/ch_sims/label.csv#video_0055/0024,0.00,4.29,zh,medium,high,high,true,true
EAQ002090,CH-SIMS,validation,CH-SIMS/video_0055/0025,/root/autodl-tmp/data/datasets/ch_sims/Raw.zip::Raw/video_0055/0025.mp4,/root/autodl-tmp/data/datasets/ch_sims/Raw.zip::Raw/video_0055/0025.mp4,/root/autodl-tmp/data/datasets/ch_sims/label.csv#video_0055/0025,0.00,5.14,zh,medium,high,high,true,true
EAQ002091,CH-SIMS,test,CH-SIMS/video_0055/0026,/root/autodl-tmp/data/datasets/ch_sims/Raw.zip::Raw/video_0055/0026.mp4,/root/autodl-tmp/data/datasets/ch_sims/Raw.zip::Raw/video_0055/0026.mp4,/root/autodl-tmp/data/datasets/ch_sims/label.csv#video_0055/0026,0.00,1.43,zh,medium,high,high,true,true
EAQ002092,CH-SIMS,train,CH-SIMS/video_0055/0027,/root/autodl-tmp/data/datasets/ch_sims/Raw.zip::Raw/video_0055/0027.mp4,/root/autodl-tmp/data/datasets/ch_sims/Raw.zip::Raw/video_0055/0027.mp4,/root/autodl-tmp/data/datasets/ch_sims/label.csv#video_0055/0027,0.00,2.00,zh,medium,high,high,true,true
EAQ002093,CH-SIMS,test,CH-SIMS/video_0055/0028,/root/autodl-tmp/data/datasets/ch_sims/Raw.zip::Raw/video_0055/0028.mp4,/root/autodl-tmp/data/datasets/ch_sims/Raw.zip::Raw/video_0055/0028.mp4,/root/autodl-tmp/data/datasets/ch_sims/label.csv#video_0055/0028,0.00,3.43,zh,medium,high,high,true,true
EAQ002094,CH-SIMS,train,CH-SIMS/video_0055/0029,/root/autodl-tmp/data/datasets/ch_sims/Raw.zip::Raw/video_0055/0029.mp4,/root/autodl-tmp/data/datasets/ch_sims/Raw.zip::Raw/video_0055/0029.mp4,/root/autodl-tmp/data/datasets/ch_sims/label.csv#video_0055/0029,0.00,2.57,zh,medium,high,high,true,true
EAQ002095,CH-SIMS,test,CH-SIMS/video_0055/0030,/root/autodl-tmp/data/datasets/ch_sims/Raw.zip::Raw/video_0055/0030.mp4,/root/autodl-tmp/data/datasets/ch_sims/Raw.zip::Raw/video_0055/0030.mp4,/root/autodl-tmp/data/datasets/ch_sims/label.csv#video_0055/0030,0.00,4.57,zh,medium,high,high,true,true
EAQ002096,CH-SIMS,test,CH-SIMS/video_0055/0031,/root/autodl-tmp/data/datasets/ch_sims/Raw.zip::Raw/video_0055/0031.mp4,/root/autodl-tmp/data/datasets/ch_sims/Raw.zip::Raw/video_0055/0031.mp4,/root/autodl-tmp/data/datasets/ch_sims/label.csv#video_0055/0031,0.00,3.71,zh,medium,high,high,true,true
EAQ002097,CH-SIMS,test,CH-SIMS/video_0055/0032,/root/autodl-tmp/data/datasets/ch_sims/Raw.zip::Raw/video_0055/0032.mp4,/root/autodl-tmp/data/datasets/ch_sims/Raw.zip::Raw/video_0055/0032.mp4,/root/autodl-tmp/data/datasets/ch_sims/label.csv#video_0055/0032,0.00,1.71,zh,medium,high,high,true,true
EAQ002098,CH-SIMS,train,CH-SIMS/video_0055/0033,/root/autodl-tmp/data/datasets/ch_sims/Raw.zip::Raw/video_0055/0033.mp4,/root/autodl-tmp/data/datasets/ch_sims/Raw.zip::Raw/video_0055/0033.mp4,/root/autodl-tmp/data/datasets/ch_sims/label.csv#video_0055/0033,0.00,4.00,zh,medium,high,high,true,true
EAQ002099,CH-SIMS,test,CH-SIMS/video_0055/0034,/root/autodl-tmp/data/datasets/ch_sims/Raw.zip::Raw/video_0055/0034.mp4,/root/autodl-tmp/data/datasets/ch_sims/Raw.zip::Raw/video_0055/0034.mp4,/root/autodl-tmp/data/datasets/ch_sims/label.csv#video_0055/0034,0.00,3.43,zh,medium,high,high,true,true
EAQ002100,CH-SIMS,train,CH-SIMS/video_0055/0035,/root/autodl-tmp/data/datasets/ch_sims/Raw.zip::Raw/video_0055/0035.mp4,/root/autodl-tmp/data/datasets/ch_sims/Raw.zip::Raw/video_0055/0035.mp4,/root/autodl-tmp/data/datasets/ch_sims/label.csv#video_0055/0035,0.00,3.14,zh,medium,high,high,true,true
EAQ002101,CH-SIMS,train,CH-SIMS/video_0056/0001,/root/autodl-tmp/data/datasets/ch_sims/Raw.zip::Raw/video_0056/0001.mp4,/root/autodl-tmp/data/datasets/ch_sims/Raw.zip::Raw/video_0056/0001.mp4,/root/autodl-tmp/data/datasets/ch_sims/label.csv#video_0056/0001,0.00,1.71,zh,medium,high,high,true,true
EAQ002102,CH-SIMS,test,CH-SIMS/video_0056/0002,/root/autodl-tmp/data/datasets/ch_sims/Raw.zip::Raw/video_0056/0002.mp4,/root/autodl-tmp/data/datasets/ch_sims/Raw.zip::Raw/video_0056/0002.mp4,/root/autodl-tmp/data/datasets/ch_sims/label.csv#video_0056/0002,0.00,7.14,zh,medium,high,high,true,true
EAQ002103,CH-SIMS,train,CH-SIMS/video_0056/0003,/root/autodl-tmp/data/datasets/ch_sims/Raw.zip::Raw/video_0056/0003.mp4,/root/autodl-tmp/data/datasets/ch_sims/Raw.zip::Raw/video_0056/0003.mp4,/root/autodl-tmp/data/datasets/ch_sims/label.csv#video_0056/0003,0.00,10.86,zh,medium,high,high,true,true
EAQ002104,CH-SIMS,train,CH-SIMS/video_0056/0004,/root/autodl-tmp/data/datasets/ch_sims/Raw.zip::Raw/video_0056/0004.mp4,/root/autodl-tmp/data/datasets/ch_sims/Raw.zip::Raw/video_0056/0004.mp4,/root/autodl-tmp/data/datasets/ch_sims/label.csv#video_0056/0004,0.00,4.00,zh,medium,high,high,true,true
EAQ002105,CH-SIMS,train,CH-SIMS/video_0056/0005,/root/autodl-tmp/data/datasets/ch_sims/Raw.zip::Raw/video_0056/0005.mp4,/root/autodl-tmp/data/datasets/ch_sims/Raw.zip::Raw/video_0056/0005.mp4,/root/autodl-tmp/data/datasets/ch_sims/label.csv#video_0056/0005,0.00,8.29,zh,medium,high,high,true,true
EAQ002106,CH-SIMS,test,CH-SIMS/video_0056/0006,/root/autodl-tmp/data/datasets/ch_sims/Raw.zip::Raw/video_0056/0006.mp4,/root/autodl-tmp/data/datasets/ch_sims/Raw.zip::Raw/video_0056/0006.mp4,/root/autodl-tmp/data/datasets/ch_sims/label.csv#video_0056/0006,0.00,5.14,zh,medium,high,high,true,true
EAQ002107,CH-SIMS,train,CH-SIMS/video_0056/0007,/root/autodl-tmp/data/datasets/ch_sims/Raw.zip::Raw/video_0056/0007.mp4,/root/autodl-tmp/data/datasets/ch_sims/Raw.zip::Raw/video_0056/0007.mp4,/root/autodl-tmp/data/datasets/ch_sims/label.csv#video_0056/0007,0.00,5.71,zh,medium,high,high,true,true
EAQ002108,CH-SIMS,train,CH-SIMS/video_0056/0008,/root/autodl-tmp/data/datasets/ch_sims/Raw.zip::Raw/video_0056/0008.mp4,/root/autodl-tmp/data/datasets/ch_sims/Raw.zip::Raw/video_0056/0008.mp4,/root/autodl-tmp/data/datasets/ch_sims/label.csv#video_0056/0008,0.00,2.57,zh,medium,high,high,true,true
EAQ002109,CH-SIMS,train,CH-SIMS/video_0056/0009,/root/autodl-tmp/data/datasets/ch_sims/Raw.zip::Raw/video_0056/0009.mp4,/root/autodl-tmp/data/datasets/ch_sims/Raw.zip::Raw/video_0056/0009.mp4,/root/autodl-tmp/data/datasets/ch_sims/label.csv#video_0056/0009,0.00,2.86,zh,medium,high,high,true,true
EAQ002110,CH-SIMS,test,CH-SIMS/video_0056/0010,/root/autodl-tmp/data/datasets/ch_sims/Raw.zip::Raw/video_0056/0010.mp4,/root/autodl-tmp/data/datasets/ch_sims/Raw.zip::Raw/video_0056/0010.mp4,/root/autodl-tmp/data/datasets/ch_sims/label.csv#video_0056/0010,0.00,2.57,zh,medium,high,high,true,true
EAQ002111,CH-SIMS,validation,CH-SIMS/video_0056/0011,/root/autodl-tmp/data/datasets/ch_sims/Raw.zip::Raw/video_0056/0011.mp4,/root/autodl-tmp/data/datasets/ch_sims/Raw.zip::Raw/video_0056/0011.mp4,/root/autodl-tmp/data/datasets/ch_sims/label.csv#video_0056/0011,0.00,1.00,zh,medium,high,medium,true,true
EAQ002112,CH-SIMS,train,CH-SIMS/video_0056/0012,/root/autodl-tmp/data/datasets/ch_sims/Raw.zip::Raw/video_0056/0012.mp4,/root/autodl-tmp/data/datasets/ch_sims/Raw.zip::Raw/video_0056/0012.mp4,/root/autodl-tmp/data/datasets/ch_sims/label.csv#video_0056/0012,0.00,3.43,zh,medium,high,high,true,true
EAQ002113,CH-SIMS,validation,CH-SIMS/video_0056/0013,/root/autodl-tmp/data/datasets/ch_sims/Raw.zip::Raw/video_0056/0013.mp4,/root/autodl-tmp/data/datasets/ch_sims/Raw.zip::Raw/video_0056/0013.mp4,/root/autodl-tmp/data/datasets/ch_sims/label.csv#video_0056/0013,0.00,3.14,zh,medium,high,high,true,true
EAQ002114,CH-SIMS,validation,CH-SIMS/video_0056/0014,/root/autodl-tmp/data/datasets/ch_sims/Raw.zip::Raw/video_0056/0014.mp4,/root/autodl-tmp/data/datasets/ch_sims/Raw.zip::Raw/video_0056/0014.mp4,/root/autodl-tmp/data/datasets/ch_sims/label.csv#video_0056/0014,0.00,6.29,zh,medium,high,high,true,true
EAQ002115,CH-SIMS,validation,CH-SIMS/video_0056/0015,/root/autodl-tmp/data/datasets/ch_sims/Raw.zip::Raw/video_0056/0015.mp4,/root/autodl-tmp/data/datasets/ch_sims/Raw.zip::Raw/video_0056/0015.mp4,/root/autodl-tmp/data/datasets/ch_sims/label.csv#video_0056/0015,0.00,3.43,zh,medium,high,high,true,true
EAQ002116,CH-SIMS,train,CH-SIMS/video_0056/0016,/root/autodl-tmp/data/datasets/ch_sims/Raw.zip::Raw/video_0056/0016.mp4,/root/autodl-tmp/data/datasets/ch_sims/Raw.zip::Raw/video_0056/0016.mp4,/root/autodl-tmp/data/datasets/ch_sims/label.csv#video_0056/0016,0.00,10.29,zh,medium,high,high,true,true
EAQ002117,CH-SIMS,test,CH-SIMS/video_0056/0017,/root/autodl-tmp/data/datasets/ch_sims/Raw.zip::Raw/video_0056/0017.mp4,/root/autodl-tmp/data/datasets/ch_sims/Raw.zip::Raw/video_0056/0017.mp4,/root/autodl-tmp/data/datasets/ch_sims/label.csv#video_0056/0017,0.00,6.00,zh,medium,high,high,true,true
EAQ002118,CH-SIMS,train,CH-SIMS/video_0056/0018,/root/autodl-tmp/data/datasets/ch_sims/Raw.zip::Raw/video_0056/0018.mp4,/root/autodl-tmp/data/datasets/ch_sims/Raw.zip::Raw/video_0056/0018.mp4,/root/autodl-tmp/data/datasets/ch_sims/label.csv#video_0056/0018,0.00,5.43,zh,medium,high,high,true,true
EAQ002119,CH-SIMS,train,CH-SIMS/video_0056/0019,/root/autodl-tmp/data/datasets/ch_sims/Raw.zip::Raw/video_0056/0019.mp4,/root/autodl-tmp/data/datasets/ch_sims/Raw.zip::Raw/video_0056/0019.mp4,/root/autodl-tmp/data/datasets/ch_sims/label.csv#video_0056/0019,0.00,3.43,zh,medium,high,high,true,true
EAQ002120,CH-SIMS,test,CH-SIMS/video_0056/0020,/root/autodl-tmp/data/datasets/ch_sims/Raw.zip::Raw/video_0056/0020.mp4,/root/autodl-tmp/data/datasets/ch_sims/Raw.zip::Raw/video_0056/0020.mp4,/root/autodl-tmp/data/datasets/ch_sims/label.csv#video_0056/0020,0.00,2.86,zh,medium,high,high,true,true
EAQ002121,CH-SIMS,train,CH-SIMS/video_0056/0021,/root/autodl-tmp/data/datasets/ch_sims/Raw.zip::Raw/video_0056/0021.mp4,/root/autodl-tmp/data/datasets/ch_sims/Raw.zip::Raw/video_0056/0021.mp4,/root/autodl-tmp/data/datasets/ch_sims/label.csv#video_0056/0021,0.00,4.57,zh,medium,high,high,true,true
EAQ002122,CH-SIMS,train,CH-SIMS/video_0056/0022,/root/autodl-tmp/data/datasets/ch_sims/Raw.zip::Raw/video_0056/0022.mp4,/root/autodl-tmp/data/datasets/ch_sims/Raw.zip::Raw/video_0056/0022.mp4,/root/autodl-tmp/data/datasets/ch_sims/label.csv#video_0056/0022,0.00,4.86,zh,medium,high,high,true,true
EAQ002123,CH-SIMS,validation,CH-SIMS/video_0056/0023,/root/autodl-tmp/data/datasets/ch_sims/Raw.zip::Raw/video_0056/0023.mp4,/root/autodl-tmp/data/datasets/ch_sims/Raw.zip::Raw/video_0056/0023.mp4,/root/autodl-tmp/data/datasets/ch_sims/label.csv#video_0056/0023,0.00,4.57,zh,medium,high,high,true,true
EAQ002124,CH-SIMS,train,CH-SIMS/video_0056/0024,/root/autodl-tmp/data/datasets/ch_sims/Raw.zip::Raw/video_0056/0024.mp4,/root/autodl-tmp/data/datasets/ch_sims/Raw.zip::Raw/video_0056/0024.mp4,/root/autodl-tmp/data/datasets/ch_sims/label.csv#video_0056/0024,0.00,4.29,zh,medium,high,high,true,true
EAQ002125,CH-SIMS,validation,CH-SIMS/video_0056/0025,/root/autodl-tmp/data/datasets/ch_sims/Raw.zip::Raw/video_0056/0025.mp4,/root/autodl-tmp/data/datasets/ch_sims/Raw.zip::Raw/video_0056/0025.mp4,/root/autodl-tmp/data/datasets/ch_sims/label.csv#video_0056/0025,0.00,3.71,zh,medium,high,high,true,true
EAQ002126,CH-SIMS,train,CH-SIMS/video_0056/0026,/root/autodl-tmp/data/datasets/ch_sims/Raw.zip::Raw/video_0056/0026.mp4,/root/autodl-tmp/data/datasets/ch_sims/Raw.zip::Raw/video_0056/0026.mp4,/root/autodl-tmp/data/datasets/ch_sims/label.csv#video_0056/0026,0.00,1.43,zh,medium,high,high,true,true
EAQ002127,CH-SIMS,train,CH-SIMS/video_0056/0027,/root/autodl-tmp/data/datasets/ch_sims/Raw.zip::Raw/video_0056/0027.mp4,/root/autodl-tmp/data/datasets/ch_sims/Raw.zip::Raw/video_0056/0027.mp4,/root/autodl-tmp/data/datasets/ch_sims/label.csv#video_0056/0027,0.00,1.43,zh,medium,high,high,true,true
EAQ002128,CH-SIMS,train,CH-SIMS/video_0056/0028,/root/autodl-tmp/data/datasets/ch_sims/Raw.zip::Raw/video_0056/0028.mp4,/root/autodl-tmp/data/datasets/ch_sims/Raw.zip::Raw/video_0056/0028.mp4,/root/autodl-tmp/data/datasets/ch_sims/label.csv#video_0056/0028,0.00,2.86,zh,medium,high,high,true,true
EAQ002129,CH-SIMS,train,CH-SIMS/video_0056/0029,/root/autodl-tmp/data/datasets/ch_sims/Raw.zip::Raw/video_0056/0029.mp4,/root/autodl-tmp/data/datasets/ch_sims/Raw.zip::Raw/video_0056/0029.mp4,/root/autodl-tmp/data/datasets/ch_sims/label.csv#video_0056/0029,0.00,3.43,zh,medium,high,high,true,true
EAQ002130,CH-SIMS,train,CH-SIMS/video_0056/0030,/root/autodl-tmp/data/datasets/ch_sims/Raw.zip::Raw/video_0056/0030.mp4,/root/autodl-tmp/data/datasets/ch_sims/Raw.zip::Raw/video_0056/0030.mp4,/root/autodl-tmp/data/datasets/ch_sims/label.csv#video_0056/0030,0.00,3.43,zh,medium,high,high,true,true
EAQ002131,CH-SIMS,train,CH-SIMS/video_0056/0031,/root/autodl-tmp/data/datasets/ch_sims/Raw.zip::Raw/video_0056/0031.mp4,/root/autodl-tmp/data/datasets/ch_sims/Raw.zip::Raw/video_0056/0031.mp4,/root/autodl-tmp/data/datasets/ch_sims/label.csv#video_0056/0031,0.00,2.57,zh,medium,high,high,true,true
EAQ002132,CH-SIMS,train,CH-SIMS/video_0056/0032,/root/autodl-tmp/data/datasets/ch_sims/Raw.zip::Raw/video_0056/0032.mp4,/root/autodl-tmp/data/datasets/ch_sims/Raw.zip::Raw/video_0056/0032.mp4,/root/autodl-tmp/data/datasets/ch_sims/label.csv#video_0056/0032,0.00,1.43,zh,medium,high,high,true,true
EAQ002133,CH-SIMS,train,CH-SIMS/video_0056/0033,/root/autodl-tmp/data/datasets/ch_sims/Raw.zip::Raw/video_0056/0033.mp4,/root/autodl-tmp/data/datasets/ch_sims/Raw.zip::Raw/video_0056/0033.mp4,/root/autodl-tmp/data/datasets/ch_sims/label.csv#video_0056/0033,0.00,1.43,zh,medium,high,high,true,true
EAQ002134,CH-SIMS,train,CH-SIMS/video_0056/0034,/root/autodl-tmp/data/datasets/ch_sims/Raw.zip::Raw/video_0056/0034.mp4,/root/autodl-tmp/data/datasets/ch_sims/Raw.zip::Raw/video_0056/0034.mp4,/root/autodl-tmp/data/datasets/ch_sims/label.csv#video_0056/0034,0.00,3.43,zh,medium,high,high,true,true
EAQ002135,CH-SIMS,test,CH-SIMS/video_0056/0035,/root/autodl-tmp/data/datasets/ch_sims/Raw.zip::Raw/video_0056/0035.mp4,/root/autodl-tmp/data/datasets/ch_sims/Raw.zip::Raw/video_0056/0035.mp4,/root/autodl-tmp/data/datasets/ch_sims/label.csv#video_0056/0035,0.00,2.86,zh,medium,high,high,true,true
EAQ002136,CH-SIMS,train,CH-SIMS/video_0056/0036,/root/autodl-tmp/data/datasets/ch_sims/Raw.zip::Raw/video_0056/0036.mp4,/root/autodl-tmp/data/datasets/ch_sims/Raw.zip::Raw/video_0056/0036.mp4,/root/autodl-tmp/data/datasets/ch_sims/label.csv#video_0056/0036,0.00,3.43,zh,medium,high,high,true,true
EAQ002137,CH-SIMS,validation,CH-SIMS/video_0056/0037,/root/autodl-tmp/data/datasets/ch_sims/Raw.zip::Raw/video_0056/0037.mp4,/root/autodl-tmp/data/datasets/ch_sims/Raw.zip::Raw/video_0056/0037.mp4,/root/autodl-tmp/data/datasets/ch_sims/label.csv#video_0056/0037,0.00,1.71,zh,medium,high,high,true,true
EAQ002138,CH-SIMS,train,CH-SIMS/video_0056/0038,/root/autodl-tmp/data/datasets/ch_sims/Raw.zip::Raw/video_0056/0038.mp4,/root/autodl-tmp/data/datasets/ch_sims/Raw.zip::Raw/video_0056/0038.mp4,/root/autodl-tmp/data/datasets/ch_sims/label.csv#video_0056/0038,0.00,2.57,zh,medium,high,high,true,true
EAQ002139,CH-SIMS,train,CH-SIMS/video_0056/0039,/root/autodl-tmp/data/datasets/ch_sims/Raw.zip::Raw/video_0056/0039.mp4,/root/autodl-tmp/data/datasets/ch_sims/Raw.zip::Raw/video_0056/0039.mp4,/root/autodl-tmp/data/datasets/ch_sims/label.csv#video_0056/0039,0.00,3.43,zh,medium,high,high,true,true
EAQ002140,CH-SIMS,validation,CH-SIMS/video_0056/0040,/root/autodl-tmp/data/datasets/ch_sims/Raw.zip::Raw/video_0056/0040.mp4,/root/autodl-tmp/data/datasets/ch_sims/Raw.zip::Raw/video_0056/0040.mp4,/root/autodl-tmp/data/datasets/ch_sims/label.csv#video_0056/0040,0.00,1.43,zh,medium,high,high,true,true
EAQ002141,CH-SIMS,train,CH-SIMS/video_0056/0041,/root/autodl-tmp/data/datasets/ch_sims/Raw.zip::Raw/video_0056/0041.mp4,/root/autodl-tmp/data/datasets/ch_sims/Raw.zip::Raw/video_0056/0041.mp4,/root/autodl-tmp/data/datasets/ch_sims/label.csv#video_0056/0041,0.00,6.57,zh,medium,high,high,true,true
EAQ002142,CH-SIMS,train,CH-SIMS/video_0056/0042,/root/autodl-tmp/data/datasets/ch_sims/Raw.zip::Raw/video_0056/0042.mp4,/root/autodl-tmp/data/datasets/ch_sims/Raw.zip::Raw/video_0056/0042.mp4,/root/autodl-tmp/data/datasets/ch_sims/label.csv#video_0056/0042,0.00,1.00,zh,medium,high,medium,true,true
EAQ002143,CH-SIMS,test,CH-SIMS/video_0056/0043,/root/autodl-tmp/data/datasets/ch_sims/Raw.zip::Raw/video_0056/0043.mp4,/root/autodl-tmp/data/datasets/ch_sims/Raw.zip::Raw/video_0056/0043.mp4,/root/autodl-tmp/data/datasets/ch_sims/label.csv#video_0056/0043,0.00,3.14,zh,medium,high,high,true,true
EAQ002144,CH-SIMS,train,CH-SIMS/video_0056/0044,/root/autodl-tmp/data/datasets/ch_sims/Raw.zip::Raw/video_0056/0044.mp4,/root/autodl-tmp/data/datasets/ch_sims/Raw.zip::Raw/video_0056/0044.mp4,/root/autodl-tmp/data/datasets/ch_sims/label.csv#video_0056/0044,0.00,3.43,zh,medium,high,high,true,true
EAQ002145,CH-SIMS,train,CH-SIMS/video_0056/0045,/root/autodl-tmp/data/datasets/ch_sims/Raw.zip::Raw/video_0056/0045.mp4,/root/autodl-tmp/data/datasets/ch_sims/Raw.zip::Raw/video_0056/0045.mp4,/root/autodl-tmp/data/datasets/ch_sims/label.csv#video_0056/0045,0.00,3.43,zh,medium,high,high,true,true
EAQ002146,CH-SIMS,train,CH-SIMS/video_0056/0046,/root/autodl-tmp/data/datasets/ch_sims/Raw.zip::Raw/video_0056/0046.mp4,/root/autodl-tmp/data/datasets/ch_sims/Raw.zip::Raw/video_0056/0046.mp4,/root/autodl-tmp/data/datasets/ch_sims/label.csv#video_0056/0046,0.00,3.43,zh,medium,high,high,true,true
EAQ002147,CH-SIMS,train,CH-SIMS/video_0056/0047,/root/autodl-tmp/data/datasets/ch_sims/Raw.zip::Raw/video_0056/0047.mp4,/root/autodl-tmp/data/datasets/ch_sims/Raw.zip::Raw/video_0056/0047.mp4,/root/autodl-tmp/data/datasets/ch_sims/label.csv#video_0056/0047,0.00,4.00,zh,medium,high,high,true,true
EAQ002148,CH-SIMS,train,CH-SIMS/video_0056/0048,/root/autodl-tmp/data/datasets/ch_sims/Raw.zip::Raw/video_0056/0048.mp4,/root/autodl-tmp/data/datasets/ch_sims/Raw.zip::Raw/video_0056/0048.mp4,/root/autodl-tmp/data/datasets/ch_sims/label.csv#video_0056/0048,0.00,2.86,zh,medium,high,high,true,true
EAQ002149,CH-SIMS,test,CH-SIMS/video_0056/0049,/root/autodl-tmp/data/datasets/ch_sims/Raw.zip::Raw/video_0056/0049.mp4,/root/autodl-tmp/data/datasets/ch_sims/Raw.zip::Raw/video_0056/0049.mp4,/root/autodl-tmp/data/datasets/ch_sims/label.csv#video_0056/0049,0.00,1.00,zh,medium,high,medium,true,true
EAQ002150,CH-SIMS,validation,CH-SIMS/video_0056/0050,/root/autodl-tmp/data/datasets/ch_sims/Raw.zip::Raw/video_0056/0050.mp4,/root/autodl-tmp/data/datasets/ch_sims/Raw.zip::Raw/video_0056/0050.mp4,/root/autodl-tmp/data/datasets/ch_sims/label.csv#video_0056/0050,0.00,6.29,zh,medium,high,high,true,true
EAQ002151,CH-SIMS,test,CH-SIMS/video_0056/0051,/root/autodl-tmp/data/datasets/ch_sims/Raw.zip::Raw/video_0056/0051.mp4,/root/autodl-tmp/data/datasets/ch_sims/Raw.zip::Raw/video_0056/0051.mp4,/root/autodl-tmp/data/datasets/ch_sims/label.csv#video_0056/0051,0.00,3.14,zh,medium,high,high,true,true
EAQ002152,CH-SIMS,train,CH-SIMS/video_0056/0052,/root/autodl-tmp/data/datasets/ch_sims/Raw.zip::Raw/video_0056/0052.mp4,/root/autodl-tmp/data/datasets/ch_sims/Raw.zip::Raw/video_0056/0052.mp4,/root/autodl-tmp/data/datasets/ch_sims/label.csv#video_0056/0052,0.00,2.86,zh,medium,high,high,true,true
EAQ002153,CH-SIMS,train,CH-SIMS/video_0056/0053,/root/autodl-tmp/data/datasets/ch_sims/Raw.zip::Raw/video_0056/0053.mp4,/root/autodl-tmp/data/datasets/ch_sims/Raw.zip::Raw/video_0056/0053.mp4,/root/autodl-tmp/data/datasets/ch_sims/label.csv#video_0056/0053,0.00,3.14,zh,medium,high,high,true,true
EAQ002154,CH-SIMS,train,CH-SIMS/video_0056/0054,/root/autodl-tmp/data/datasets/ch_sims/Raw.zip::Raw/video_0056/0054.mp4,/root/autodl-tmp/data/datasets/ch_sims/Raw.zip::Raw/video_0056/0054.mp4,/root/autodl-tmp/data/datasets/ch_sims/label.csv#video_0056/0054,0.00,6.86,zh,medium,high,high,true,true
EAQ002155,CH-SIMS,test,CH-SIMS/video_0056/0055,/root/autodl-tmp/data/datasets/ch_sims/Raw.zip::Raw/video_0056/0055.mp4,/root/autodl-tmp/data/datasets/ch_sims/Raw.zip::Raw/video_0056/0055.mp4,/root/autodl-tmp/data/datasets/ch_sims/label.csv#video_0056/0055,0.00,2.29,zh,medium,high,high,true,true
EAQ002156,CH-SIMS,test,CH-SIMS/video_0056/0056,/root/autodl-tmp/data/datasets/ch_sims/Raw.zip::Raw/video_0056/0056.mp4,/root/autodl-tmp/data/datasets/ch_sims/Raw.zip::Raw/video_0056/0056.mp4,/root/autodl-tmp/data/datasets/ch_sims/label.csv#video_0056/0056,0.00,2.86,zh,medium,high,high,true,true
EAQ002157,CH-SIMS,train,CH-SIMS/video_0056/0057,/root/autodl-tmp/data/datasets/ch_sims/Raw.zip::Raw/video_0056/0057.mp4,/root/autodl-tmp/data/datasets/ch_sims/Raw.zip::Raw/video_0056/0057.mp4,/root/autodl-tmp/data/datasets/ch_sims/label.csv#video_0056/0057,0.00,4.86,zh,medium,high,high,true,true
EAQ002158,CH-SIMS,test,CH-SIMS/video_0056/0058,/root/autodl-tmp/data/datasets/ch_sims/Raw.zip::Raw/video_0056/0058.mp4,/root/autodl-tmp/data/datasets/ch_sims/Raw.zip::Raw/video_0056/0058.mp4,/root/autodl-tmp/data/datasets/ch_sims/label.csv#video_0056/0058,0.00,5.14,zh,medium,high,high,true,true
EAQ002159,CH-SIMS,train,CH-SIMS/video_0056/0059,/root/autodl-tmp/data/datasets/ch_sims/Raw.zip::Raw/video_0056/0059.mp4,/root/autodl-tmp/data/datasets/ch_sims/Raw.zip::Raw/video_0056/0059.mp4,/root/autodl-tmp/data/datasets/ch_sims/label.csv#video_0056/0059,0.00,1.43,zh,medium,high,high,true,true
EAQ002160,CH-SIMS,test,CH-SIMS/video_0056/0060,/root/autodl-tmp/data/datasets/ch_sims/Raw.zip::Raw/video_0056/0060.mp4,/root/autodl-tmp/data/datasets/ch_sims/Raw.zip::Raw/video_0056/0060.mp4,/root/autodl-tmp/data/datasets/ch_sims/label.csv#video_0056/0060,0.00,1.71,zh,medium,high,high,true,true
EAQ002161,CH-SIMS,train,CH-SIMS/video_0056/0061,/root/autodl-tmp/data/datasets/ch_sims/Raw.zip::Raw/video_0056/0061.mp4,/root/autodl-tmp/data/datasets/ch_sims/Raw.zip::Raw/video_0056/0061.mp4,/root/autodl-tmp/data/datasets/ch_sims/label.csv#video_0056/0061,0.00,4.00,zh,medium,high,high,true,true
EAQ002162,CH-SIMS,train,CH-SIMS/video_0056/0062,/root/autodl-tmp/data/datasets/ch_sims/Raw.zip::Raw/video_0056/0062.mp4,/root/autodl-tmp/data/datasets/ch_sims/Raw.zip::Raw/video_0056/0062.mp4,/root/autodl-tmp/data/datasets/ch_sims/label.csv#video_0056/0062,0.00,4.57,zh,medium,high,high,true,true
EAQ002163,CH-SIMS,test,CH-SIMS/video_0056/0063,/root/autodl-tmp/data/datasets/ch_sims/Raw.zip::Raw/video_0056/0063.mp4,/root/autodl-tmp/data/datasets/ch_sims/Raw.zip::Raw/video_0056/0063.mp4,/root/autodl-tmp/data/datasets/ch_sims/label.csv#video_0056/0063,0.00,7.14,zh,medium,high,high,true,true
EAQ002164,CH-SIMS,train,CH-SIMS/video_0056/0064,/root/autodl-tmp/data/datasets/ch_sims/Raw.zip::Raw/video_0056/0064.mp4,/root/autodl-tmp/data/datasets/ch_sims/Raw.zip::Raw/video_0056/0064.mp4,/root/autodl-tmp/data/datasets/ch_sims/label.csv#video_0056/0064,0.00,3.71,zh,medium,high,high,true,true
EAQ002165,CH-SIMS,train,CH-SIMS/video_0056/0065,/root/autodl-tmp/data/datasets/ch_sims/Raw.zip::Raw/video_0056/0065.mp4,/root/autodl-tmp/data/datasets/ch_sims/Raw.zip::Raw/video_0056/0065.mp4,/root/autodl-tmp/data/datasets/ch_sims/label.csv#video_0056/0065,0.00,2.57,zh,medium,high,high,true,true
EAQ002166,CH-SIMS,train,CH-SIMS/video_0056/0066,/root/autodl-tmp/data/datasets/ch_sims/Raw.zip::Raw/video_0056/0066.mp4,/root/autodl-tmp/data/datasets/ch_sims/Raw.zip::Raw/video_0056/0066.mp4,/root/autodl-tmp/data/datasets/ch_sims/label.csv#video_0056/0066,0.00,7.14,zh,medium,high,high,true,true
EAQ002167,CH-SIMS,train,CH-SIMS/video_0056/0067,/root/autodl-tmp/data/datasets/ch_sims/Raw.zip::Raw/video_0056/0067.mp4,/root/autodl-tmp/data/datasets/ch_sims/Raw.zip::Raw/video_0056/0067.mp4,/root/autodl-tmp/data/datasets/ch_sims/label.csv#video_0056/0067,0.00,4.86,zh,medium,high,high,true,true
EAQ002168,CH-SIMS,test,CH-SIMS/video_0056/0068,/root/autodl-tmp/data/datasets/ch_sims/Raw.zip::Raw/video_0056/0068.mp4,/root/autodl-tmp/data/datasets/ch_sims/Raw.zip::Raw/video_0056/0068.mp4,/root/autodl-tmp/data/datasets/ch_sims/label.csv#video_0056/0068,0.00,2.57,zh,medium,high,high,true,true
EAQ002169,CH-SIMS,validation,CH-SIMS/video_0056/0069,/root/autodl-tmp/data/datasets/ch_sims/Raw.zip::Raw/video_0056/0069.mp4,/root/autodl-tmp/data/datasets/ch_sims/Raw.zip::Raw/video_0056/0069.mp4,/root/autodl-tmp/data/datasets/ch_sims/label.csv#video_0056/0069,0.00,4.29,zh,medium,high,high,true,true
EAQ002170,CH-SIMS,train,CH-SIMS/video_0056/0070,/root/autodl-tmp/data/datasets/ch_sims/Raw.zip::Raw/video_0056/0070.mp4,/root/autodl-tmp/data/datasets/ch_sims/Raw.zip::Raw/video_0056/0070.mp4,/root/autodl-tmp/data/datasets/ch_sims/label.csv#video_0056/0070,0.00,3.14,zh,medium,high,high,true,true
EAQ002171,CH-SIMS,train,CH-SIMS/video_0056/0071,/root/autodl-tmp/data/datasets/ch_sims/Raw.zip::Raw/video_0056/0071.mp4,/root/autodl-tmp/data/datasets/ch_sims/Raw.zip::Raw/video_0056/0071.mp4,/root/autodl-tmp/data/datasets/ch_sims/label.csv#video_0056/0071,0.00,1.43,zh,medium,high,high,true,true
EAQ002172,CH-SIMS,train,CH-SIMS/video_0056/0072,/root/autodl-tmp/data/datasets/ch_sims/Raw.zip::Raw/video_0056/0072.mp4,/root/autodl-tmp/data/datasets/ch_sims/Raw.zip::Raw/video_0056/0072.mp4,/root/autodl-tmp/data/datasets/ch_sims/label.csv#video_0056/0072,0.00,4.00,zh,medium,high,high,true,true
EAQ002173,CH-SIMS,validation,CH-SIMS/video_0056/0073,/root/autodl-tmp/data/datasets/ch_sims/Raw.zip::Raw/video_0056/0073.mp4,/root/autodl-tmp/data/datasets/ch_sims/Raw.zip::Raw/video_0056/0073.mp4,/root/autodl-tmp/data/datasets/ch_sims/label.csv#video_0056/0073,0.00,3.71,zh,medium,high,high,true,true
EAQ002174,CH-SIMS,test,CH-SIMS/video_0056/0074,/root/autodl-tmp/data/datasets/ch_sims/Raw.zip::Raw/video_0056/0074.mp4,/root/autodl-tmp/data/datasets/ch_sims/Raw.zip::Raw/video_0056/0074.mp4,/root/autodl-tmp/data/datasets/ch_sims/label.csv#video_0056/0074,0.00,4.00,zh,medium,high,high,true,true
EAQ002175,CH-SIMS,train,CH-SIMS/video_0056/0075,/root/autodl-tmp/data/datasets/ch_sims/Raw.zip::Raw/video_0056/0075.mp4,/root/autodl-tmp/data/datasets/ch_sims/Raw.zip::Raw/video_0056/0075.mp4,/root/autodl-tmp/data/datasets/ch_sims/label.csv#video_0056/0075,0.00,5.14,zh,medium,high,high,true,true
EAQ002176,CH-SIMS,train,CH-SIMS/video_0056/0076,/root/autodl-tmp/data/datasets/ch_sims/Raw.zip::Raw/video_0056/0076.mp4,/root/autodl-tmp/data/datasets/ch_sims/Raw.zip::Raw/video_0056/0076.mp4,/root/autodl-tmp/data/datasets/ch_sims/label.csv#video_0056/0076,0.00,1.00,zh,medium,high,medium,true,true
EAQ002177,CH-SIMS,train,CH-SIMS/video_0056/0077,/root/autodl-tmp/data/datasets/ch_sims/Raw.zip::Raw/video_0056/0077.mp4,/root/autodl-tmp/data/datasets/ch_sims/Raw.zip::Raw/video_0056/0077.mp4,/root/autodl-tmp/data/datasets/ch_sims/label.csv#video_0056/0077,0.00,1.14,zh,medium,high,high,true,true
EAQ002178,CH-SIMS,train,CH-SIMS/video_0056/0078,/root/autodl-tmp/data/datasets/ch_sims/Raw.zip::Raw/video_0056/0078.mp4,/root/autodl-tmp/data/datasets/ch_sims/Raw.zip::Raw/video_0056/0078.mp4,/root/autodl-tmp/data/datasets/ch_sims/label.csv#video_0056/0078,0.00,2.86,zh,medium,high,high,true,true
EAQ002179,CH-SIMS,train,CH-SIMS/video_0056/0079,/root/autodl-tmp/data/datasets/ch_sims/Raw.zip::Raw/video_0056/0079.mp4,/root/autodl-tmp/data/datasets/ch_sims/Raw.zip::Raw/video_0056/0079.mp4,/root/autodl-tmp/data/datasets/ch_sims/label.csv#video_0056/0079,0.00,2.29,zh,medium,high,high,true,true
EAQ002180,CH-SIMS,test,CH-SIMS/video_0056/0080,/root/autodl-tmp/data/datasets/ch_sims/Raw.zip::Raw/video_0056/0080.mp4,/root/autodl-tmp/data/datasets/ch_sims/Raw.zip::Raw/video_0056/0080.mp4,/root/autodl-tmp/data/datasets/ch_sims/label.csv#video_0056/0080,0.00,2.29,zh,medium,high,high,true,true
EAQ002181,CH-SIMS,validation,CH-SIMS/video_0056/0081,/root/autodl-tmp/data/datasets/ch_sims/Raw.zip::Raw/video_0056/0081.mp4,/root/autodl-tmp/data/datasets/ch_sims/Raw.zip::Raw/video_0056/0081.mp4,/root/autodl-tmp/data/datasets/ch_sims/label.csv#video_0056/0081,0.00,4.57,zh,medium,high,high,true,true
EAQ002182,CH-SIMS,validation,CH-SIMS/video_0056/0082,/root/autodl-tmp/data/datasets/ch_sims/Raw.zip::Raw/video_0056/0082.mp4,/root/autodl-tmp/data/datasets/ch_sims/Raw.zip::Raw/video_0056/0082.mp4,/root/autodl-tmp/data/datasets/ch_sims/label.csv#video_0056/0082,0.00,3.14,zh,medium,high,high,true,true
EAQ002183,CH-SIMS,train,CH-SIMS/video_0056/0083,/root/autodl-tmp/data/datasets/ch_sims/Raw.zip::Raw/video_0056/0083.mp4,/root/autodl-tmp/data/datasets/ch_sims/Raw.zip::Raw/video_0056/0083.mp4,/root/autodl-tmp/data/datasets/ch_sims/label.csv#video_0056/0083,0.00,2.86,zh,medium,high,high,true,true
EAQ002184,CH-SIMS,train,CH-SIMS/video_0056/0084,/root/autodl-tmp/data/datasets/ch_sims/Raw.zip::Raw/video_0056/0084.mp4,/root/autodl-tmp/data/datasets/ch_sims/Raw.zip::Raw/video_0056/0084.mp4,/root/autodl-tmp/data/datasets/ch_sims/label.csv#video_0056/0084,0.00,1.43,zh,medium,high,high,true,true
EAQ002185,CH-SIMS,train,CH-SIMS/video_0056/0085,/root/autodl-tmp/data/datasets/ch_sims/Raw.zip::Raw/video_0056/0085.mp4,/root/autodl-tmp/data/datasets/ch_sims/Raw.zip::Raw/video_0056/0085.mp4,/root/autodl-tmp/data/datasets/ch_sims/label.csv#video_0056/0085,0.00,3.71,zh,medium,high,high,true,true
EAQ002186,CH-SIMS,train,CH-SIMS/video_0056/0086,/root/autodl-tmp/data/datasets/ch_sims/Raw.zip::Raw/video_0056/0086.mp4,/root/autodl-tmp/data/datasets/ch_sims/Raw.zip::Raw/video_0056/0086.mp4,/root/autodl-tmp/data/datasets/ch_sims/label.csv#video_0056/0086,0.00,6.29,zh,medium,high,high,true,true
EAQ002187,CH-SIMS,train,CH-SIMS/video_0056/0087,/root/autodl-tmp/data/datasets/ch_sims/Raw.zip::Raw/video_0056/0087.mp4,/root/autodl-tmp/data/datasets/ch_sims/Raw.zip::Raw/video_0056/0087.mp4,/root/autodl-tmp/data/datasets/ch_sims/label.csv#video_0056/0087,0.00,2.00,zh,medium,high,high,true,true
EAQ002188,CH-SIMS,validation,CH-SIMS/video_0056/0088,/root/autodl-tmp/data/datasets/ch_sims/Raw.zip::Raw/video_0056/0088.mp4,/root/autodl-tmp/data/datasets/ch_sims/Raw.zip::Raw/video_0056/0088.mp4,/root/autodl-tmp/data/datasets/ch_sims/label.csv#video_0056/0088,0.00,2.29,zh,medium,high,high,true,true
EAQ002189,CH-SIMS,test,CH-SIMS/video_0056/0089,/root/autodl-tmp/data/datasets/ch_sims/Raw.zip::Raw/video_0056/0089.mp4,/root/autodl-tmp/data/datasets/ch_sims/Raw.zip::Raw/video_0056/0089.mp4,/root/autodl-tmp/data/datasets/ch_sims/label.csv#video_0056/0089,0.00,6.00,zh,medium,high,high,true,true
EAQ002190,CH-SIMS,test,CH-SIMS/video_0056/0090,/root/autodl-tmp/data/datasets/ch_sims/Raw.zip::Raw/video_0056/0090.mp4,/root/autodl-tmp/data/datasets/ch_sims/Raw.zip::Raw/video_0056/0090.mp4,/root/autodl-tmp/data/datasets/ch_sims/label.csv#video_0056/0090,0.00,3.71,zh,medium,high,high,true,true
EAQ002191,CH-SIMS,validation,CH-SIMS/video_0056/0091,/root/autodl-tmp/data/datasets/ch_sims/Raw.zip::Raw/video_0056/0091.mp4,/root/autodl-tmp/data/datasets/ch_sims/Raw.zip::Raw/video_0056/0091.mp4,/root/autodl-tmp/data/datasets/ch_sims/label.csv#video_0056/0091,0.00,5.43,zh,medium,high,high,true,true
EAQ002192,CH-SIMS,train,CH-SIMS/video_0057/0001,/root/autodl-tmp/data/datasets/ch_sims/Raw.zip::Raw/video_0057/0001.mp4,/root/autodl-tmp/data/datasets/ch_sims/Raw.zip::Raw/video_0057/0001.mp4,/root/autodl-tmp/data/datasets/ch_sims/label.csv#video_0057/0001,0.00,7.71,zh,medium,high,high,true,true
EAQ002193,CH-SIMS,test,CH-SIMS/video_0057/0002,/root/autodl-tmp/data/datasets/ch_sims/Raw.zip::Raw/video_0057/0002.mp4,/root/autodl-tmp/data/datasets/ch_sims/Raw.zip::Raw/video_0057/0002.mp4,/root/autodl-tmp/data/datasets/ch_sims/label.csv#video_0057/0002,0.00,4.29,zh,medium,high,high,true,true
EAQ002194,CH-SIMS,validation,CH-SIMS/video_0057/0003,/root/autodl-tmp/data/datasets/ch_sims/Raw.zip::Raw/video_0057/0003.mp4,/root/autodl-tmp/data/datasets/ch_sims/Raw.zip::Raw/video_0057/0003.mp4,/root/autodl-tmp/data/datasets/ch_sims/label.csv#video_0057/0003,0.00,3.14,zh,medium,high,high,true,true
EAQ002195,CH-SIMS,train,CH-SIMS/video_0057/0004,/root/autodl-tmp/data/datasets/ch_sims/Raw.zip::Raw/video_0057/0004.mp4,/root/autodl-tmp/data/datasets/ch_sims/Raw.zip::Raw/video_0057/0004.mp4,/root/autodl-tmp/data/datasets/ch_sims/label.csv#video_0057/0004,0.00,2.86,zh,medium,high,high,true,true
EAQ002196,CH-SIMS,train,CH-SIMS/video_0057/0005,/root/autodl-tmp/data/datasets/ch_sims/Raw.zip::Raw/video_0057/0005.mp4,/root/autodl-tmp/data/datasets/ch_sims/Raw.zip::Raw/video_0057/0005.mp4,/root/autodl-tmp/data/datasets/ch_sims/label.csv#video_0057/0005,0.00,2.86,zh,medium,high,high,true,true
EAQ002197,CH-SIMS,validation,CH-SIMS/video_0057/0006,/root/autodl-tmp/data/datasets/ch_sims/Raw.zip::Raw/video_0057/0006.mp4,/root/autodl-tmp/data/datasets/ch_sims/Raw.zip::Raw/video_0057/0006.mp4,/root/autodl-tmp/data/datasets/ch_sims/label.csv#video_0057/0006,0.00,6.00,zh,medium,high,high,true,true
EAQ002198,CH-SIMS,validation,CH-SIMS/video_0057/0007,/root/autodl-tmp/data/datasets/ch_sims/Raw.zip::Raw/video_0057/0007.mp4,/root/autodl-tmp/data/datasets/ch_sims/Raw.zip::Raw/video_0057/0007.mp4,/root/autodl-tmp/data/datasets/ch_sims/label.csv#video_0057/0007,0.00,2.57,zh,medium,high,high,true,true
EAQ002199,CH-SIMS,test,CH-SIMS/video_0057/0008,/root/autodl-tmp/data/datasets/ch_sims/Raw.zip::Raw/video_0057/0008.mp4,/root/autodl-tmp/data/datasets/ch_sims/Raw.zip::Raw/video_0057/0008.mp4,/root/autodl-tmp/data/datasets/ch_sims/label.csv#video_0057/0008,0.00,6.00,zh,medium,high,high,true,true
EAQ002200,CH-SIMS,train,CH-SIMS/video_0057/0009,/root/autodl-tmp/data/datasets/ch_sims/Raw.zip::Raw/video_0057/0009.mp4,/root/autodl-tmp/data/datasets/ch_sims/Raw.zip::Raw/video_0057/0009.mp4,/root/autodl-tmp/data/datasets/ch_sims/label.csv#video_0057/0009,0.00,3.14,zh,medium,high,high,true,true
EAQ002201,CH-SIMS,train,CH-SIMS/video_0057/0010,/root/autodl-tmp/data/datasets/ch_sims/Raw.zip::Raw/video_0057/0010.mp4,/root/autodl-tmp/data/datasets/ch_sims/Raw.zip::Raw/video_0057/0010.mp4,/root/autodl-tmp/data/datasets/ch_sims/label.csv#video_0057/0010,0.00,4.57,zh,medium,high,high,true,true
EAQ002202,CH-SIMS,train,CH-SIMS/video_0057/0011,/root/autodl-tmp/data/datasets/ch_sims/Raw.zip::Raw/video_0057/0011.mp4,/root/autodl-tmp/data/datasets/ch_sims/Raw.zip::Raw/video_0057/0011.mp4,/root/autodl-tmp/data/datasets/ch_sims/label.csv#video_0057/0011,0.00,3.14,zh,medium,high,high,true,true
EAQ002203,CH-SIMS,train,CH-SIMS/video_0057/0012,/root/autodl-tmp/data/datasets/ch_sims/Raw.zip::Raw/video_0057/0012.mp4,/root/autodl-tmp/data/datasets/ch_sims/Raw.zip::Raw/video_0057/0012.mp4,/root/autodl-tmp/data/datasets/ch_sims/label.csv#video_0057/0012,0.00,4.29,zh,medium,high,high,true,true
EAQ002204,CH-SIMS,test,CH-SIMS/video_0057/0013,/root/autodl-tmp/data/datasets/ch_sims/Raw.zip::Raw/video_0057/0013.mp4,/root/autodl-tmp/data/datasets/ch_sims/Raw.zip::Raw/video_0057/0013.mp4,/root/autodl-tmp/data/datasets/ch_sims/label.csv#video_0057/0013,0.00,2.00,zh,medium,high,high,true,true
EAQ002205,CH-SIMS,test,CH-SIMS/video_0057/0014,/root/autodl-tmp/data/datasets/ch_sims/Raw.zip::Raw/video_0057/0014.mp4,/root/autodl-tmp/data/datasets/ch_sims/Raw.zip::Raw/video_0057/0014.mp4,/root/autodl-tmp/data/datasets/ch_sims/label.csv#video_0057/0014,0.00,6.29,zh,medium,high,high,true,true
EAQ002206,CH-SIMS,test,CH-SIMS/video_0057/0015,/root/autodl-tmp/data/datasets/ch_sims/Raw.zip::Raw/video_0057/0015.mp4,/root/autodl-tmp/data/datasets/ch_sims/Raw.zip::Raw/video_0057/0015.mp4,/root/autodl-tmp/data/datasets/ch_sims/label.csv#video_0057/0015,0.00,3.71,zh,medium,high,high,true,true
EAQ002207,CH-SIMS,train,CH-SIMS/video_0057/0016,/root/autodl-tmp/data/datasets/ch_sims/Raw.zip::Raw/video_0057/0016.mp4,/root/autodl-tmp/data/datasets/ch_sims/Raw.zip::Raw/video_0057/0016.mp4,/root/autodl-tmp/data/datasets/ch_sims/label.csv#video_0057/0016,0.00,2.86,zh,medium,high,high,true,true
EAQ002208,CH-SIMS,train,CH-SIMS/video_0057/0017,/root/autodl-tmp/data/datasets/ch_sims/Raw.zip::Raw/video_0057/0017.mp4,/root/autodl-tmp/data/datasets/ch_sims/Raw.zip::Raw/video_0057/0017.mp4,/root/autodl-tmp/data/datasets/ch_sims/label.csv#video_0057/0017,0.00,4.00,zh,medium,high,high,true,true
EAQ002209,CH-SIMS,train,CH-SIMS/video_0057/0018,/root/autodl-tmp/data/datasets/ch_sims/Raw.zip::Raw/video_0057/0018.mp4,/root/autodl-tmp/data/datasets/ch_sims/Raw.zip::Raw/video_0057/0018.mp4,/root/autodl-tmp/data/datasets/ch_sims/label.csv#video_0057/0018,0.00,4.29,zh,medium,high,high,true,true
EAQ002210,CH-SIMS,validation,CH-SIMS/video_0057/0019,/root/autodl-tmp/data/datasets/ch_sims/Raw.zip::Raw/video_0057/0019.mp4,/root/autodl-tmp/data/datasets/ch_sims/Raw.zip::Raw/video_0057/0019.mp4,/root/autodl-tmp/data/datasets/ch_sims/label.csv#video_0057/0019,0.00,6.00,zh,medium,high,high,true,true
EAQ002211,CH-SIMS,train,CH-SIMS/video_0057/0020,/root/autodl-tmp/data/datasets/ch_sims/Raw.zip::Raw/video_0057/0020.mp4,/root/autodl-tmp/data/datasets/ch_sims/Raw.zip::Raw/video_0057/0020.mp4,/root/autodl-tmp/data/datasets/ch_sims/label.csv#video_0057/0020,0.00,6.57,zh,medium,high,high,true,true
EAQ002212,CH-SIMS,train,CH-SIMS/video_0057/0021,/root/autodl-tmp/data/datasets/ch_sims/Raw.zip::Raw/video_0057/0021.mp4,/root/autodl-tmp/data/datasets/ch_sims/Raw.zip::Raw/video_0057/0021.mp4,/root/autodl-tmp/data/datasets/ch_sims/label.csv#video_0057/0021,0.00,8.86,zh,medium,high,high,true,true
EAQ002213,CH-SIMS,train,CH-SIMS/video_0057/0022,/root/autodl-tmp/data/datasets/ch_sims/Raw.zip::Raw/video_0057/0022.mp4,/root/autodl-tmp/data/datasets/ch_sims/Raw.zip::Raw/video_0057/0022.mp4,/root/autodl-tmp/data/datasets/ch_sims/label.csv#video_0057/0022,0.00,1.43,zh,medium,high,high,true,true
EAQ002214,CH-SIMS,train,CH-SIMS/video_0057/0023,/root/autodl-tmp/data/datasets/ch_sims/Raw.zip::Raw/video_0057/0023.mp4,/root/autodl-tmp/data/datasets/ch_sims/Raw.zip::Raw/video_0057/0023.mp4,/root/autodl-tmp/data/datasets/ch_sims/label.csv#video_0057/0023,0.00,5.14,zh,medium,high,high,true,true
EAQ002215,CH-SIMS,validation,CH-SIMS/video_0057/0024,/root/autodl-tmp/data/datasets/ch_sims/Raw.zip::Raw/video_0057/0024.mp4,/root/autodl-tmp/data/datasets/ch_sims/Raw.zip::Raw/video_0057/0024.mp4,/root/autodl-tmp/data/datasets/ch_sims/label.csv#video_0057/0024,0.00,3.14,zh,medium,high,high,true,true
EAQ002216,CH-SIMS,train,CH-SIMS/video_0057/0025,/root/autodl-tmp/data/datasets/ch_sims/Raw.zip::Raw/video_0057/0025.mp4,/root/autodl-tmp/data/datasets/ch_sims/Raw.zip::Raw/video_0057/0025.mp4,/root/autodl-tmp/data/datasets/ch_sims/label.csv#video_0057/0025,0.00,6.57,zh,medium,high,high,true,true
EAQ002217,CH-SIMS,test,CH-SIMS/video_0058/0001,/root/autodl-tmp/data/datasets/ch_sims/Raw.zip::Raw/video_0058/0001.mp4,/root/autodl-tmp/data/datasets/ch_sims/Raw.zip::Raw/video_0058/0001.mp4,/root/autodl-tmp/data/datasets/ch_sims/label.csv#video_0058/0001,0.00,2.57,zh,medium,high,high,true,true
EAQ002218,CH-SIMS,test,CH-SIMS/video_0058/0002,/root/autodl-tmp/data/datasets/ch_sims/Raw.zip::Raw/video_0058/0002.mp4,/root/autodl-tmp/data/datasets/ch_sims/Raw.zip::Raw/video_0058/0002.mp4,/root/autodl-tmp/data/datasets/ch_sims/label.csv#video_0058/0002,0.00,2.29,zh,medium,high,high,true,true
EAQ002219,CH-SIMS,train,CH-SIMS/video_0058/0003,/root/autodl-tmp/data/datasets/ch_sims/Raw.zip::Raw/video_0058/0003.mp4,/root/autodl-tmp/data/datasets/ch_sims/Raw.zip::Raw/video_0058/0003.mp4,/root/autodl-tmp/data/datasets/ch_sims/label.csv#video_0058/0003,0.00,3.14,zh,medium,high,high,true,true
EAQ002220,CH-SIMS,test,CH-SIMS/video_0058/0004,/root/autodl-tmp/data/datasets/ch_sims/Raw.zip::Raw/video_0058/0004.mp4,/root/autodl-tmp/data/datasets/ch_sims/Raw.zip::Raw/video_0058/0004.mp4,/root/autodl-tmp/data/datasets/ch_sims/label.csv#video_0058/0004,0.00,3.43,zh,medium,high,high,true,true
EAQ002221,CH-SIMS,validation,CH-SIMS/video_0058/0005,/root/autodl-tmp/data/datasets/ch_sims/Raw.zip::Raw/video_0058/0005.mp4,/root/autodl-tmp/data/datasets/ch_sims/Raw.zip::Raw/video_0058/0005.mp4,/root/autodl-tmp/data/datasets/ch_sims/label.csv#video_0058/0005,0.00,4.00,zh,medium,high,high,true,true
EAQ002222,CH-SIMS,train,CH-SIMS/video_0058/0006,/root/autodl-tmp/data/datasets/ch_sims/Raw.zip::Raw/video_0058/0006.mp4,/root/autodl-tmp/data/datasets/ch_sims/Raw.zip::Raw/video_0058/0006.mp4,/root/autodl-tmp/data/datasets/ch_sims/label.csv#video_0058/0006,0.00,2.00,zh,medium,high,high,true,true
EAQ002223,CH-SIMS,test,CH-SIMS/video_0058/0007,/root/autodl-tmp/data/datasets/ch_sims/Raw.zip::Raw/video_0058/0007.mp4,/root/autodl-tmp/data/datasets/ch_sims/Raw.zip::Raw/video_0058/0007.mp4,/root/autodl-tmp/data/datasets/ch_sims/label.csv#video_0058/0007,0.00,4.86,zh,medium,high,high,true,true
EAQ002224,CH-SIMS,validation,CH-SIMS/video_0058/0008,/root/autodl-tmp/data/datasets/ch_sims/Raw.zip::Raw/video_0058/0008.mp4,/root/autodl-tmp/data/datasets/ch_sims/Raw.zip::Raw/video_0058/0008.mp4,/root/autodl-tmp/data/datasets/ch_sims/label.csv#video_0058/0008,0.00,2.86,zh,medium,high,high,true,true
EAQ002225,CH-SIMS,validation,CH-SIMS/video_0058/0009,/root/autodl-tmp/data/datasets/ch_sims/Raw.zip::Raw/video_0058/0009.mp4,/root/autodl-tmp/data/datasets/ch_sims/Raw.zip::Raw/video_0058/0009.mp4,/root/autodl-tmp/data/datasets/ch_sims/label.csv#video_0058/0009,0.00,6.29,zh,medium,high,high,true,true
EAQ002226,CH-SIMS,train,CH-SIMS/video_0058/0010,/root/autodl-tmp/data/datasets/ch_sims/Raw.zip::Raw/video_0058/0010.mp4,/root/autodl-tmp/data/datasets/ch_sims/Raw.zip::Raw/video_0058/0010.mp4,/root/autodl-tmp/data/datasets/ch_sims/label.csv#video_0058/0010,0.00,4.86,zh,medium,high,high,true,true
EAQ002227,CH-SIMS,train,CH-SIMS/video_0058/0011,/root/autodl-tmp/data/datasets/ch_sims/Raw.zip::Raw/video_0058/0011.mp4,/root/autodl-tmp/data/datasets/ch_sims/Raw.zip::Raw/video_0058/0011.mp4,/root/autodl-tmp/data/datasets/ch_sims/label.csv#video_0058/0011,0.00,4.29,zh,medium,high,high,true,true
EAQ002228,CH-SIMS,validation,CH-SIMS/video_0058/0012,/root/autodl-tmp/data/datasets/ch_sims/Raw.zip::Raw/video_0058/0012.mp4,/root/autodl-tmp/data/datasets/ch_sims/Raw.zip::Raw/video_0058/0012.mp4,/root/autodl-tmp/data/datasets/ch_sims/label.csv#video_0058/0012,0.00,2.57,zh,medium,high,high,true,true
EAQ002229,CH-SIMS,validation,CH-SIMS/video_0058/0013,/root/autodl-tmp/data/datasets/ch_sims/Raw.zip::Raw/video_0058/0013.mp4,/root/autodl-tmp/data/datasets/ch_sims/Raw.zip::Raw/video_0058/0013.mp4,/root/autodl-tmp/data/datasets/ch_sims/label.csv#video_0058/0013,0.00,3.14,zh,medium,high,high,true,true
EAQ002230,CH-SIMS,train,CH-SIMS/video_0058/0014,/root/autodl-tmp/data/datasets/ch_sims/Raw.zip::Raw/video_0058/0014.mp4,/root/autodl-tmp/data/datasets/ch_sims/Raw.zip::Raw/video_0058/0014.mp4,/root/autodl-tmp/data/datasets/ch_sims/label.csv#video_0058/0014,0.00,3.43,zh,medium,high,high,true,true
EAQ002231,CH-SIMS,train,CH-SIMS/video_0058/0015,/root/autodl-tmp/data/datasets/ch_sims/Raw.zip::Raw/video_0058/0015.mp4,/root/autodl-tmp/data/datasets/ch_sims/Raw.zip::Raw/video_0058/0015.mp4,/root/autodl-tmp/data/datasets/ch_sims/label.csv#video_0058/0015,0.00,2.00,zh,medium,high,high,true,true
EAQ002232,CH-SIMS,validation,CH-SIMS/video_0058/0016,/root/autodl-tmp/data/datasets/ch_sims/Raw.zip::Raw/video_0058/0016.mp4,/root/autodl-tmp/data/datasets/ch_sims/Raw.zip::Raw/video_0058/0016.mp4,/root/autodl-tmp/data/datasets/ch_sims/label.csv#video_0058/0016,0.00,2.57,zh,medium,high,high,true,true
EAQ002233,CH-SIMS,train,CH-SIMS/video_0059/0001,/root/autodl-tmp/data/datasets/ch_sims/Raw.zip::Raw/video_0059/0001.mp4,/root/autodl-tmp/data/datasets/ch_sims/Raw.zip::Raw/video_0059/0001.mp4,/root/autodl-tmp/data/datasets/ch_sims/label.csv#video_0059/0001,0.00,6.29,zh,medium,high,high,true,true
EAQ002234,CH-SIMS,validation,CH-SIMS/video_0059/0002,/root/autodl-tmp/data/datasets/ch_sims/Raw.zip::Raw/video_0059/0002.mp4,/root/autodl-tmp/data/datasets/ch_sims/Raw.zip::Raw/video_0059/0002.mp4,/root/autodl-tmp/data/datasets/ch_sims/label.csv#video_0059/0002,0.00,1.43,zh,medium,high,high,true,true
EAQ002235,CH-SIMS,validation,CH-SIMS/video_0059/0003,/root/autodl-tmp/data/datasets/ch_sims/Raw.zip::Raw/video_0059/0003.mp4,/root/autodl-tmp/data/datasets/ch_sims/Raw.zip::Raw/video_0059/0003.mp4,/root/autodl-tmp/data/datasets/ch_sims/label.csv#video_0059/0003,0.00,3.43,zh,medium,high,high,true,true
EAQ002236,CH-SIMS,train,CH-SIMS/video_0059/0004,/root/autodl-tmp/data/datasets/ch_sims/Raw.zip::Raw/video_0059/0004.mp4,/root/autodl-tmp/data/datasets/ch_sims/Raw.zip::Raw/video_0059/0004.mp4,/root/autodl-tmp/data/datasets/ch_sims/label.csv#video_0059/0004,0.00,8.29,zh,medium,high,high,true,true
EAQ002237,CH-SIMS,train,CH-SIMS/video_0059/0005,/root/autodl-tmp/data/datasets/ch_sims/Raw.zip::Raw/video_0059/0005.mp4,/root/autodl-tmp/data/datasets/ch_sims/Raw.zip::Raw/video_0059/0005.mp4,/root/autodl-tmp/data/datasets/ch_sims/label.csv#video_0059/0005,0.00,6.57,zh,medium,high,high,true,true
EAQ002238,CH-SIMS,train,CH-SIMS/video_0059/0006,/root/autodl-tmp/data/datasets/ch_sims/Raw.zip::Raw/video_0059/0006.mp4,/root/autodl-tmp/data/datasets/ch_sims/Raw.zip::Raw/video_0059/0006.mp4,/root/autodl-tmp/data/datasets/ch_sims/label.csv#video_0059/0006,0.00,3.14,zh,medium,high,high,true,true
EAQ002239,CH-SIMS,train,CH-SIMS/video_0059/0007,/root/autodl-tmp/data/datasets/ch_sims/Raw.zip::Raw/video_0059/0007.mp4,/root/autodl-tmp/data/datasets/ch_sims/Raw.zip::Raw/video_0059/0007.mp4,/root/autodl-tmp/data/datasets/ch_sims/label.csv#video_0059/0007,0.00,1.71,zh,medium,high,high,true,true
EAQ002240,CH-SIMS,train,CH-SIMS/video_0059/0008,/root/autodl-tmp/data/datasets/ch_sims/Raw.zip::Raw/video_0059/0008.mp4,/root/autodl-tmp/data/datasets/ch_sims/Raw.zip::Raw/video_0059/0008.mp4,/root/autodl-tmp/data/datasets/ch_sims/label.csv#video_0059/0008,0.00,5.43,zh,medium,high,high,true,true
EAQ002241,CH-SIMS,train,CH-SIMS/video_0059/0009,/root/autodl-tmp/data/datasets/ch_sims/Raw.zip::Raw/video_0059/0009.mp4,/root/autodl-tmp/data/datasets/ch_sims/Raw.zip::Raw/video_0059/0009.mp4,/root/autodl-tmp/data/datasets/ch_sims/label.csv#video_0059/0009,0.00,4.57,zh,medium,high,high,true,true
EAQ002242,CH-SIMS,train,CH-SIMS/video_0059/0010,/root/autodl-tmp/data/datasets/ch_sims/Raw.zip::Raw/video_0059/0010.mp4,/root/autodl-tmp/data/datasets/ch_sims/Raw.zip::Raw/video_0059/0010.mp4,/root/autodl-tmp/data/datasets/ch_sims/label.csv#video_0059/0010,0.00,4.00,zh,medium,high,high,true,true
EAQ002243,CH-SIMS,validation,CH-SIMS/video_0059/0011,/root/autodl-tmp/data/datasets/ch_sims/Raw.zip::Raw/video_0059/0011.mp4,/root/autodl-tmp/data/datasets/ch_sims/Raw.zip::Raw/video_0059/0011.mp4,/root/autodl-tmp/data/datasets/ch_sims/label.csv#video_0059/0011,0.00,5.71,zh,medium,high,high,true,true
EAQ002244,CH-SIMS,train,CH-SIMS/video_0059/0012,/root/autodl-tmp/data/datasets/ch_sims/Raw.zip::Raw/video_0059/0012.mp4,/root/autodl-tmp/data/datasets/ch_sims/Raw.zip::Raw/video_0059/0012.mp4,/root/autodl-tmp/data/datasets/ch_sims/label.csv#video_0059/0012,0.00,7.71,zh,medium,high,high,true,true
EAQ002245,CH-SIMS,train,CH-SIMS/video_0059/0013,/root/autodl-tmp/data/datasets/ch_sims/Raw.zip::Raw/video_0059/0013.mp4,/root/autodl-tmp/data/datasets/ch_sims/Raw.zip::Raw/video_0059/0013.mp4,/root/autodl-tmp/data/datasets/ch_sims/label.csv#video_0059/0013,0.00,3.14,zh,medium,high,high,true,true
EAQ002246,CH-SIMS,train,CH-SIMS/video_0059/0014,/root/autodl-tmp/data/datasets/ch_sims/Raw.zip::Raw/video_0059/0014.mp4,/root/autodl-tmp/data/datasets/ch_sims/Raw.zip::Raw/video_0059/0014.mp4,/root/autodl-tmp/data/datasets/ch_sims/label.csv#video_0059/0014,0.00,4.86,zh,medium,high,high,true,true
EAQ002247,CH-SIMS,test,CH-SIMS/video_0059/0015,/root/autodl-tmp/data/datasets/ch_sims/Raw.zip::Raw/video_0059/0015.mp4,/root/autodl-tmp/data/datasets/ch_sims/Raw.zip::Raw/video_0059/0015.mp4,/root/autodl-tmp/data/datasets/ch_sims/label.csv#video_0059/0015,0.00,3.71,zh,medium,high,high,true,true
EAQ002248,CH-SIMS,train,CH-SIMS/video_0060/0001,/root/autodl-tmp/data/datasets/ch_sims/Raw.zip::Raw/video_0060/0001.mp4,/root/autodl-tmp/data/datasets/ch_sims/Raw.zip::Raw/video_0060/0001.mp4,/root/autodl-tmp/data/datasets/ch_sims/label.csv#video_0060/0001,0.00,1.00,zh,medium,high,medium,true,true
EAQ002249,CH-SIMS,train,CH-SIMS/video_0060/0002,/root/autodl-tmp/data/datasets/ch_sims/Raw.zip::Raw/video_0060/0002.mp4,/root/autodl-tmp/data/datasets/ch_sims/Raw.zip::Raw/video_0060/0002.mp4,/root/autodl-tmp/data/datasets/ch_sims/label.csv#video_0060/0002,0.00,2.29,zh,medium,high,high,true,true
EAQ002250,CH-SIMS,train,CH-SIMS/video_0060/0003,/root/autodl-tmp/data/datasets/ch_sims/Raw.zip::Raw/video_0060/0003.mp4,/root/autodl-tmp/data/datasets/ch_sims/Raw.zip::Raw/video_0060/0003.mp4,/root/autodl-tmp/data/datasets/ch_sims/label.csv#video_0060/0003,0.00,4.00,zh,medium,high,high,true,true
EAQ002251,CH-SIMS,train,CH-SIMS/video_0060/0004,/root/autodl-tmp/data/datasets/ch_sims/Raw.zip::Raw/video_0060/0004.mp4,/root/autodl-tmp/data/datasets/ch_sims/Raw.zip::Raw/video_0060/0004.mp4,/root/autodl-tmp/data/datasets/ch_sims/label.csv#video_0060/0004,0.00,3.14,zh,medium,high,high,true,true
EAQ002252,CH-SIMS,train,CH-SIMS/video_0060/0005,/root/autodl-tmp/data/datasets/ch_sims/Raw.zip::Raw/video_0060/0005.mp4,/root/autodl-tmp/data/datasets/ch_sims/Raw.zip::Raw/video_0060/0005.mp4,/root/autodl-tmp/data/datasets/ch_sims/label.csv#video_0060/0005,0.00,3.43,zh,medium,high,high,true,true
EAQ002253,CH-SIMS,train,CH-SIMS/video_0060/0006,/root/autodl-tmp/data/datasets/ch_sims/Raw.zip::Raw/video_0060/0006.mp4,/root/autodl-tmp/data/datasets/ch_sims/Raw.zip::Raw/video_0060/0006.mp4,/root/autodl-tmp/data/datasets/ch_sims/label.csv#video_0060/0006,0.00,3.71,zh,medium,high,high,true,true
EAQ002254,CH-SIMS,train,CH-SIMS/video_0060/0007,/root/autodl-tmp/data/datasets/ch_sims/Raw.zip::Raw/video_0060/0007.mp4,/root/autodl-tmp/data/datasets/ch_sims/Raw.zip::Raw/video_0060/0007.mp4,/root/autodl-tmp/data/datasets/ch_sims/label.csv#video_0060/0007,0.00,2.57,zh,medium,high,high,true,true
EAQ002255,CH-SIMS,test,CH-SIMS/video_0060/0008,/root/autodl-tmp/data/datasets/ch_sims/Raw.zip::Raw/video_0060/0008.mp4,/root/autodl-tmp/data/datasets/ch_sims/Raw.zip::Raw/video_0060/0008.mp4,/root/autodl-tmp/data/datasets/ch_sims/label.csv#video_0060/0008,0.00,4.86,zh,medium,high,high,true,true
EAQ002256,CH-SIMS,train,CH-SIMS/video_0060/0009,/root/autodl-tmp/data/datasets/ch_sims/Raw.zip::Raw/video_0060/0009.mp4,/root/autodl-tmp/data/datasets/ch_sims/Raw.zip::Raw/video_0060/0009.mp4,/root/autodl-tmp/data/datasets/ch_sims/label.csv#video_0060/0009,0.00,2.57,zh,medium,high,high,true,true
EAQ002257,CH-SIMS,train,CH-SIMS/video_0060/0010,/root/autodl-tmp/data/datasets/ch_sims/Raw.zip::Raw/video_0060/0010.mp4,/root/autodl-tmp/data/datasets/ch_sims/Raw.zip::Raw/video_0060/0010.mp4,/root/autodl-tmp/data/datasets/ch_sims/label.csv#video_0060/0010,0.00,2.86,zh,medium,high,high,true,true
EAQ002258,CH-SIMS,train,CH-SIMS/video_0060/0011,/root/autodl-tmp/data/datasets/ch_sims/Raw.zip::Raw/video_0060/0011.mp4,/root/autodl-tmp/data/datasets/ch_sims/Raw.zip::Raw/video_0060/0011.mp4,/root/autodl-tmp/data/datasets/ch_sims/label.csv#video_0060/0011,0.00,3.43,zh,medium,high,high,true,true
EAQ002259,CH-SIMS,validation,CH-SIMS/video_0060/0012,/root/autodl-tmp/data/datasets/ch_sims/Raw.zip::Raw/video_0060/0012.mp4,/root/autodl-tmp/data/datasets/ch_sims/Raw.zip::Raw/video_0060/0012.mp4,/root/autodl-tmp/data/datasets/ch_sims/label.csv#video_0060/0012,0.00,3.43,zh,medium,high,high,true,true
EAQ002260,CH-SIMS,train,CH-SIMS/video_0060/0013,/root/autodl-tmp/data/datasets/ch_sims/Raw.zip::Raw/video_0060/0013.mp4,/root/autodl-tmp/data/datasets/ch_sims/Raw.zip::Raw/video_0060/0013.mp4,/root/autodl-tmp/data/datasets/ch_sims/label.csv#video_0060/0013,0.00,3.71,zh,medium,high,high,true,true
EAQ002261,CH-SIMS,train,CH-SIMS/video_0060/0014,/root/autodl-tmp/data/datasets/ch_sims/Raw.zip::Raw/video_0060/0014.mp4,/root/autodl-tmp/data/datasets/ch_sims/Raw.zip::Raw/video_0060/0014.mp4,/root/autodl-tmp/data/datasets/ch_sims/label.csv#video_0060/0014,0.00,4.29,zh,medium,high,high,true,true
EAQ002262,CH-SIMS,train,CH-SIMS/video_0060/0015,/root/autodl-tmp/data/datasets/ch_sims/Raw.zip::Raw/video_0060/0015.mp4,/root/autodl-tmp/data/datasets/ch_sims/Raw.zip::Raw/video_0060/0015.mp4,/root/autodl-tmp/data/datasets/ch_sims/label.csv#video_0060/0015,0.00,4.57,zh,medium,high,high,true,true
EAQ002263,CH-SIMS,train,CH-SIMS/video_0060/0016,/root/autodl-tmp/data/datasets/ch_sims/Raw.zip::Raw/video_0060/0016.mp4,/root/autodl-tmp/data/datasets/ch_sims/Raw.zip::Raw/video_0060/0016.mp4,/root/autodl-tmp/data/datasets/ch_sims/label.csv#video_0060/0016,0.00,2.29,zh,medium,high,high,true,true
EAQ002264,CH-SIMS,train,CH-SIMS/video_0060/0017,/root/autodl-tmp/data/datasets/ch_sims/Raw.zip::Raw/video_0060/0017.mp4,/root/autodl-tmp/data/datasets/ch_sims/Raw.zip::Raw/video_0060/0017.mp4,/root/autodl-tmp/data/datasets/ch_sims/label.csv#video_0060/0017,0.00,2.57,zh,medium,high,high,true,true
EAQ002265,CH-SIMS,train,CH-SIMS/video_0060/0018,/root/autodl-tmp/data/datasets/ch_sims/Raw.zip::Raw/video_0060/0018.mp4,/root/autodl-tmp/data/datasets/ch_sims/Raw.zip::Raw/video_0060/0018.mp4,/root/autodl-tmp/data/datasets/ch_sims/label.csv#video_0060/0018,0.00,2.29,zh,medium,high,high,true,true
EAQ002266,CH-SIMS,train,CH-SIMS/video_0060/0019,/root/autodl-tmp/data/datasets/ch_sims/Raw.zip::Raw/video_0060/0019.mp4,/root/autodl-tmp/data/datasets/ch_sims/Raw.zip::Raw/video_0060/0019.mp4,/root/autodl-tmp/data/datasets/ch_sims/label.csv#video_0060/0019,0.00,3.43,zh,medium,high,high,true,true
EAQ002267,CH-SIMS,train,CH-SIMS/video_0060/0020,/root/autodl-tmp/data/datasets/ch_sims/Raw.zip::Raw/video_0060/0020.mp4,/root/autodl-tmp/data/datasets/ch_sims/Raw.zip::Raw/video_0060/0020.mp4,/root/autodl-tmp/data/datasets/ch_sims/label.csv#video_0060/0020,0.00,3.71,zh,medium,high,high,true,true
EAQ002268,CH-SIMS,train,CH-SIMS/video_0060/0021,/root/autodl-tmp/data/datasets/ch_sims/Raw.zip::Raw/video_0060/0021.mp4,/root/autodl-tmp/data/datasets/ch_sims/Raw.zip::Raw/video_0060/0021.mp4,/root/autodl-tmp/data/datasets/ch_sims/label.csv#video_0060/0021,0.00,2.29,zh,medium,high,high,true,true
EAQ002269,CH-SIMS,train,CH-SIMS/video_0060/0022,/root/autodl-tmp/data/datasets/ch_sims/Raw.zip::Raw/video_0060/0022.mp4,/root/autodl-tmp/data/datasets/ch_sims/Raw.zip::Raw/video_0060/0022.mp4,/root/autodl-tmp/data/datasets/ch_sims/label.csv#video_0060/0022,0.00,4.00,zh,medium,high,high,true,true
EAQ002270,CH-SIMS,test,CH-SIMS/video_0060/0023,/root/autodl-tmp/data/datasets/ch_sims/Raw.zip::Raw/video_0060/0023.mp4,/root/autodl-tmp/data/datasets/ch_sims/Raw.zip::Raw/video_0060/0023.mp4,/root/autodl-tmp/data/datasets/ch_sims/label.csv#video_0060/0023,0.00,4.86,zh,medium,high,high,true,true
EAQ002271,CH-SIMS,train,CH-SIMS/video_0060/0024,/root/autodl-tmp/data/datasets/ch_sims/Raw.zip::Raw/video_0060/0024.mp4,/root/autodl-tmp/data/datasets/ch_sims/Raw.zip::Raw/video_0060/0024.mp4,/root/autodl-tmp/data/datasets/ch_sims/label.csv#video_0060/0024,0.00,2.29,zh,medium,high,high,true,true
EAQ002272,CH-SIMS,test,CH-SIMS/video_0060/0025,/root/autodl-tmp/data/datasets/ch_sims/Raw.zip::Raw/video_0060/0025.mp4,/root/autodl-tmp/data/datasets/ch_sims/Raw.zip::Raw/video_0060/0025.mp4,/root/autodl-tmp/data/datasets/ch_sims/label.csv#video_0060/0025,0.00,2.57,zh,medium,high,high,true,true
EAQ002273,CH-SIMS,train,CH-SIMS/video_0060/0026,/root/autodl-tmp/data/datasets/ch_sims/Raw.zip::Raw/video_0060/0026.mp4,/root/autodl-tmp/data/datasets/ch_sims/Raw.zip::Raw/video_0060/0026.mp4,/root/autodl-tmp/data/datasets/ch_sims/label.csv#video_0060/0026,0.00,3.14,zh,medium,high,high,true,true
EAQ002274,CH-SIMS,test,CH-SIMS/video_0060/0027,/root/autodl-tmp/data/datasets/ch_sims/Raw.zip::Raw/video_0060/0027.mp4,/root/autodl-tmp/data/datasets/ch_sims/Raw.zip::Raw/video_0060/0027.mp4,/root/autodl-tmp/data/datasets/ch_sims/label.csv#video_0060/0027,0.00,3.14,zh,medium,high,high,true,true
EAQ002275,CH-SIMS,train,CH-SIMS/video_0060/0028,/root/autodl-tmp/data/datasets/ch_sims/Raw.zip::Raw/video_0060/0028.mp4,/root/autodl-tmp/data/datasets/ch_sims/Raw.zip::Raw/video_0060/0028.mp4,/root/autodl-tmp/data/datasets/ch_sims/label.csv#video_0060/0028,0.00,4.29,zh,medium,high,high,true,true
EAQ002276,CH-SIMS,validation,CH-SIMS/video_0060/0029,/root/autodl-tmp/data/datasets/ch_sims/Raw.zip::Raw/video_0060/0029.mp4,/root/autodl-tmp/data/datasets/ch_sims/Raw.zip::Raw/video_0060/0029.mp4,/root/autodl-tmp/data/datasets/ch_sims/label.csv#video_0060/0029,0.00,6.29,zh,medium,high,high,true,true
EAQ002277,CH-SIMS,train,CH-SIMS/video_0060/0030,/root/autodl-tmp/data/datasets/ch_sims/Raw.zip::Raw/video_0060/0030.mp4,/root/autodl-tmp/data/datasets/ch_sims/Raw.zip::Raw/video_0060/0030.mp4,/root/autodl-tmp/data/datasets/ch_sims/label.csv#video_0060/0030,0.00,3.43,zh,medium,high,high,true,true
EAQ002278,CH-SIMS,train,CH-SIMS/video_0060/0031,/root/autodl-tmp/data/datasets/ch_sims/Raw.zip::Raw/video_0060/0031.mp4,/root/autodl-tmp/data/datasets/ch_sims/Raw.zip::Raw/video_0060/0031.mp4,/root/autodl-tmp/data/datasets/ch_sims/label.csv#video_0060/0031,0.00,1.14,zh,medium,high,high,true,true
EAQ002279,CH-SIMS,train,CH-SIMS/video_0060/0032,/root/autodl-tmp/data/datasets/ch_sims/Raw.zip::Raw/video_0060/0032.mp4,/root/autodl-tmp/data/datasets/ch_sims/Raw.zip::Raw/video_0060/0032.mp4,/root/autodl-tmp/data/datasets/ch_sims/label.csv#video_0060/0032,0.00,7.43,zh,medium,high,high,true,true
EAQ002280,CH-SIMS,train,CH-SIMS/video_0060/0033,/root/autodl-tmp/data/datasets/ch_sims/Raw.zip::Raw/video_0060/0033.mp4,/root/autodl-tmp/data/datasets/ch_sims/Raw.zip::Raw/video_0060/0033.mp4,/root/autodl-tmp/data/datasets/ch_sims/label.csv#video_0060/0033,0.00,6.57,zh,medium,high,high,true,true
EAQ002281,CH-SIMS,test,CH-SIMS/video_0060/0034,/root/autodl-tmp/data/datasets/ch_sims/Raw.zip::Raw/video_0060/0034.mp4,/root/autodl-tmp/data/datasets/ch_sims/Raw.zip::Raw/video_0060/0034.mp4,/root/autodl-tmp/data/datasets/ch_sims/label.csv#video_0060/0034,0.00,1.71,zh,medium,high,high,true,true
EAQ002282,CH-SIMS,train,CH-SIMS/video_0060/0035,/root/autodl-tmp/data/datasets/ch_sims/Raw.zip::Raw/video_0060/0035.mp4,/root/autodl-tmp/data/datasets/ch_sims/Raw.zip::Raw/video_0060/0035.mp4,/root/autodl-tmp/data/datasets/ch_sims/label.csv#video_0060/0035,0.00,3.71,zh,medium,high,high,true,true
EAQ002283,CH-SIMS,train,CH-SIMS/video_0060/0036,/root/autodl-tmp/data/datasets/ch_sims/Raw.zip::Raw/video_0060/0036.mp4,/root/autodl-tmp/data/datasets/ch_sims/Raw.zip::Raw/video_0060/0036.mp4,/root/autodl-tmp/data/datasets/ch_sims/label.csv#video_0060/0036,0.00,4.86,zh,medium,high,high,true,true
EAQ002284,CH-SIMS,train,CH-SIMS/video_0060/0037,/root/autodl-tmp/data/datasets/ch_sims/Raw.zip::Raw/video_0060/0037.mp4,/root/autodl-tmp/data/datasets/ch_sims/Raw.zip::Raw/video_0060/0037.mp4,/root/autodl-tmp/data/datasets/ch_sims/label.csv#video_0060/0037,0.00,1.71,zh,medium,high,high,true,true
EAQ002285,CH-SIMS,validation,CH-SIMS/video_0060/0038,/root/autodl-tmp/data/datasets/ch_sims/Raw.zip::Raw/video_0060/0038.mp4,/root/autodl-tmp/data/datasets/ch_sims/Raw.zip::Raw/video_0060/0038.mp4,/root/autodl-tmp/data/datasets/ch_sims/label.csv#video_0060/0038,0.00,3.14,zh,medium,high,high,true,true
EAQ002286,CH-SIMS,validation,CH-SIMS/video_0060/0039,/root/autodl-tmp/data/datasets/ch_sims/Raw.zip::Raw/video_0060/0039.mp4,/root/autodl-tmp/data/datasets/ch_sims/Raw.zip::Raw/video_0060/0039.mp4,/root/autodl-tmp/data/datasets/ch_sims/label.csv#video_0060/0039,0.00,6.86,zh,medium,high,high,true,true
EAQ002287,CH-SIMS,train,CH-SIMS/video_0060/0040,/root/autodl-tmp/data/datasets/ch_sims/Raw.zip::Raw/video_0060/0040.mp4,/root/autodl-tmp/data/datasets/ch_sims/Raw.zip::Raw/video_0060/0040.mp4,/root/autodl-tmp/data/datasets/ch_sims/label.csv#video_0060/0040,0.00,2.57,zh,medium,high,high,true,true
EAQ002288,CH-SIMS,train,CH-SIMS/video_0060/0041,/root/autodl-tmp/data/datasets/ch_sims/Raw.zip::Raw/video_0060/0041.mp4,/root/autodl-tmp/data/datasets/ch_sims/Raw.zip::Raw/video_0060/0041.mp4,/root/autodl-tmp/data/datasets/ch_sims/label.csv#video_0060/0041,0.00,1.43,zh,medium,high,high,true,true
EAQ002289,CH-SIMS,train,CH-SIMS/video_0060/0042,/root/autodl-tmp/data/datasets/ch_sims/Raw.zip::Raw/video_0060/0042.mp4,/root/autodl-tmp/data/datasets/ch_sims/Raw.zip::Raw/video_0060/0042.mp4,/root/autodl-tmp/data/datasets/ch_sims/label.csv#video_0060/0042,0.00,2.57,zh,medium,high,high,true,true
EAQ002290,CH-SIMS,train,CH-SIMS/video_0060/0043,/root/autodl-tmp/data/datasets/ch_sims/Raw.zip::Raw/video_0060/0043.mp4,/root/autodl-tmp/data/datasets/ch_sims/Raw.zip::Raw/video_0060/0043.mp4,/root/autodl-tmp/data/datasets/ch_sims/label.csv#video_0060/0043,0.00,2.86,zh,medium,high,high,true,true
