source_dataset,source_id,ea_id
MELD,MELD/train/dia0/utt4,EAQ000012
MELD,MELD/train/dia0/utt10,EAQ000013
MELD,MELD/train/dia0/utt12,EAQ000014
MELD,MELD/train/dia1/utt0,EAQ000015
MELD,MELD/train/dia1/utt1,EAQ000016
MELD,MELD/test/dia0/utt0,EAQ000017
MELD,MELD/test/dia0/utt1,EAQ000018
MELD,MELD/test/dia1/utt2,EAQ000019
MELD,MELD/test/dia2/utt4,EAQ000020
MELD,MELD/train/dia0/utt0,EAQ100000
MELD,MELD/train/dia0/utt1,EAQ100001
MELD,MELD/train/dia0/utt2,EAQ100002
MELD,MELD/train/dia0/utt3,EAQ100003
MELD,MELD/train/dia0/utt5,EAQ100005
MELD,MELD/train/dia0/utt6,EAQ100006
MELD,MELD/train/dia0/utt7,EAQ100007
MELD,MELD/train/dia0/utt8,EAQ100008
MELD,MELD/train/dia0/utt9,EAQ100009
MELD,MELD/train/dia0/utt11,EAQ100011
MELD,MELD/train/dia0/utt13,EAQ100013
MELD,MELD/train/dia1/utt2,EAQ100016
MELD,MELD/train/dia1/utt3,EAQ100017
MELD,MELD/train/dia1/utt4,EAQ100018
MELD,MELD/train/dia1/utt5,EAQ100019
MELD,MELD/train/dia1/utt8,EAQ100020
MELD,MELD/train/dia2/utt0,EAQ100021
MELD,MELD/train/dia2/utt1,EAQ100022
MELD,MELD/train/dia2/utt2,EAQ100023
MELD,MELD/train/dia2/utt3,EAQ100024
MELD,MELD/train/dia2/utt4,EAQ100025
MELD,MELD/train/dia2/utt5,EAQ100026
MELD,MELD/train/dia2/utt6,EAQ100027
MELD,MELD/train/dia2/utt7,EAQ100028
MELD,MELD/train/dia2/utt8,EAQ100029
MELD,MELD/train/dia2/utt9,EAQ100030
MELD,MELD/train/dia2/utt10,EAQ100031
MELD,MELD/train/dia2/utt11,EAQ100032
MELD,MELD/train/dia2/utt12,EAQ100033
MELD,MELD/train/dia3/utt0,EAQ100034
MELD,MELD/train/dia3/utt1,EAQ100035
MELD,MELD/train/dia3/utt2,EAQ100036
MELD,MELD/train/dia3/utt3,EAQ100037
MELD,MELD/train/dia3/utt4,EAQ100038
MELD,MELD/train/dia3/utt5,EAQ100039
MELD,MELD/train/dia3/utt6,EAQ100040
MELD,MELD/train/dia3/utt8,EAQ100041
MELD,MELD/train/dia3/utt9,EAQ100042
MELD,MELD/train/dia4/utt0,EAQ100043
MELD,MELD/train/dia4/utt1,EAQ100044
MELD,MELD/train/dia4/utt2,EAQ100045
MELD,MELD/train/dia4/utt3,EAQ100046
MELD,MELD/train/dia4/utt4,EAQ100047
MELD,MELD/train/dia4/utt5,EAQ100048
MELD,MELD/train/dia4/utt6,EAQ100049
MELD,MELD/train/dia4/utt7,EAQ100050
MELD,MELD/train/dia4/utt8,EAQ100051
MELD,MELD/train/dia4/utt9,EAQ100052
MELD,MELD/train/dia4/utt10,EAQ100053
MELD,MELD/train/dia4/utt11,EAQ100054
MELD,MELD/train/dia4/utt12,EAQ100055
MELD,MELD/train/dia4/utt13,EAQ100056
MELD,MELD/train/dia4/utt14,EAQ100057
MELD,MELD/train/dia5/utt0,EAQ100058
MELD,MELD/train/dia5/utt1,EAQ100059
MELD,MELD/train/dia5/utt2,EAQ100060
MELD,MELD/train/dia5/utt3,EAQ100061
MELD,MELD/train/dia6/utt0,EAQ100062
MELD,MELD/train/dia6/utt1,EAQ100063
MELD,MELD/train/dia6/utt2,EAQ100064
MELD,MELD/train/dia6/utt3,EAQ100065
MELD,MELD/train/dia6/utt4,EAQ100066
MELD,MELD/train/dia6/utt5,EAQ100067
MELD,MELD/train/dia6/utt6,EAQ100068
MELD,MELD/train/dia6/utt7,EAQ100069
MELD,MELD/train/dia6/utt8,EAQ100070
MELD,MELD/train/dia6/utt9,EAQ100071
MELD,MELD/train/dia6/utt10,EAQ100072
MELD,MELD/train/dia6/utt11,EAQ100073
MELD,MELD/train/dia6/utt12,EAQ100074
MELD,MELD/train/dia6/utt13,EAQ100075
MELD,MELD/train/dia6/utt14,EAQ100076
MELD,MELD/train/dia6/utt15,EAQ100077
MELD,MELD/train/dia6/utt16,EAQ100078
MELD,MELD/train/dia6/utt17,EAQ100079
MELD,MELD/train/dia6/utt18,EAQ100080
MELD,MELD/train/dia6/utt19,EAQ100081
MELD,MELD/train/dia6/utt20,EAQ100082
MELD,MELD/train/dia6/utt21,EAQ100083
MELD,MELD/train/dia7/utt0,EAQ100084
MELD,MELD/train/dia7/utt1,EAQ100085
MELD,MELD/train/dia8/utt0,EAQ100086
MELD,MELD/train/dia8/utt1,EAQ100087
MELD,MELD/train/dia8/utt2,EAQ100088
MELD,MELD/train/dia8/utt3,EAQ100089
MELD,MELD/train/dia8/utt4,EAQ100090
MELD,MELD/train/dia8/utt5,EAQ100091
MELD,MELD/train/dia8/utt6,EAQ100092
MELD,MELD/train/dia9/utt0,EAQ100093
MELD,MELD/train/dia9/utt1,EAQ100094
MELD,MELD/train/dia9/utt2,EAQ100095
MELD,MELD/train/dia9/utt3,EAQ100096
MELD,MELD/train/dia9/utt4,EAQ100097
MELD,MELD/train/dia9/utt5,EAQ100098
MELD,MELD/train/dia9/utt6,EAQ100099
MELD,MELD/train/dia9/utt7,EAQ100100
MELD,MELD/train/dia9/utt8,EAQ100101
MELD,MELD/train/dia9/utt9,EAQ100102
MELD,MELD/train/dia9/utt10,EAQ100103
MELD,MELD/train/dia9/utt11,EAQ100104
MELD,MELD/train/dia9/utt12,EAQ100105
MELD,MELD/train/dia9/utt13,EAQ100106
MELD,MELD/train/dia10/utt0,EAQ100107
MELD,MELD/train/dia10/utt1,EAQ100108
MELD,MELD/train/dia10/utt2,EAQ100109
MELD,MELD/train/dia10/utt3,EAQ100110
MELD,MELD/train/dia10/utt4,EAQ100111
MELD,MELD/train/dia10/utt5,EAQ100112
MELD,MELD/train/dia11/utt0,EAQ100113
MELD,MELD/train/dia11/utt1,EAQ100114
MELD,MELD/train/dia11/utt2,EAQ100115
MELD,MELD/train/dia11/utt3,EAQ100116
MELD,MELD/train/dia11/utt4,EAQ100117
MELD,MELD/train/dia11/utt5,EAQ100118
MELD,MELD/train/dia11/utt6,EAQ100119
MELD,MELD/train/dia11/utt7,EAQ100120
MELD,MELD/train/dia11/utt8,EAQ100121
MELD,MELD/train/dia11/utt9,EAQ100122
MELD,MELD/train/dia12/utt0,EAQ100123
MELD,MELD/train/dia12/utt1,EAQ100124
MELD,MELD/train/dia12/utt2,EAQ100125
MELD,MELD/train/dia12/utt3,EAQ100126
MELD,MELD/train/dia12/utt4,EAQ100127
MELD,MELD/train/dia12/utt5,EAQ100128
MELD,MELD/train/dia12/utt6,EAQ100129
MELD,MELD/train/dia12/utt7,EAQ100130
MELD,MELD/train/dia12/utt8,EAQ100131
MELD,MELD/train/dia12/utt9,EAQ100132
MELD,MELD/train/dia12/utt10,EAQ100133
MELD,MELD/train/dia12/utt11,EAQ100134
MELD,MELD/train/dia13/utt0,EAQ100135
MELD,MELD/train/dia13/utt1,EAQ100136
MELD,MELD/train/dia13/utt2,EAQ100137
MELD,MELD/train/dia13/utt3,EAQ100138
MELD,MELD/train/dia14/utt0,EAQ100139
MELD,MELD/train/dia14/utt1,EAQ100140
MELD,MELD/train/dia14/utt2,EAQ100141
MELD,MELD/train/dia14/utt3,EAQ100142
MELD,MELD/train/dia14/utt4,EAQ100143
MELD,MELD/train/dia14/utt5,EAQ100144
MELD,MELD/train/dia15/utt0,EAQ100145
MELD,MELD/train/dia15/utt1,EAQ100146
MELD,MELD/train/dia15/utt2,EAQ100147
MELD,MELD/train/dia15/utt3,EAQ100148
MELD,MELD/train/dia15/utt4,EAQ100149
MELD,MELD/train/dia15/utt5,EAQ100150
MELD,MELD/train/dia15/utt6,EAQ100151
MELD,MELD/train/dia15/utt7,EAQ100152
MELD,MELD/train/dia15/utt8,EAQ100153
MELD,MELD/train/dia15/utt9,EAQ100154
MELD,MELD/train/dia15/utt10,EAQ100155
MELD,MELD/train/dia15/utt11,EAQ100156
MELD,MELD/train/dia15/utt12,EAQ100157
MELD,MELD/train/dia15/utt13,EAQ100158
MELD,MELD/train/dia15/utt14,EAQ100159
MELD,MELD/train/dia15/utt15,EAQ100160
MELD,MELD/train/dia15/utt16,EAQ100161
MELD,MELD/train/dia15/utt17,EAQ100162
MELD,MELD/train/dia15/utt18,EAQ100163
MELD,MELD/train/dia15/utt19,EAQ100164
MELD,MELD/train/dia15/utt20,EAQ100165
MELD,MELD/train/dia15/utt21,EAQ100166
MELD,MELD/train/dia15/utt22,EAQ100167
MELD,MELD/train/dia16/utt0,EAQ100168
MELD,MELD/train/dia16/utt1,EAQ100169
MELD,MELD/train/dia16/utt2,EAQ100170
MELD,MELD/train/dia16/utt3,EAQ100171
MELD,MELD/train/dia16/utt4,EAQ100172
MELD,MELD/train/dia16/utt5,EAQ100173
MELD,MELD/train/dia17/utt0,EAQ100174
MELD,MELD/train/dia17/utt1,EAQ100175
MELD,MELD/train/dia17/utt2,EAQ100176
MELD,MELD/train/dia17/utt3,EAQ100177
MELD,MELD/train/dia17/utt4,EAQ100178
MELD,MELD/train/dia17/utt5,EAQ100179
MELD,MELD/train/dia17/utt6,EAQ100180
MELD,MELD/train/dia17/utt7,EAQ100181
MELD,MELD/train/dia17/utt8,EAQ100182
MELD,MELD/train/dia17/utt9,EAQ100183
MELD,MELD/train/dia17/utt10,EAQ100184
MELD,MELD/train/dia18/utt0,EAQ100185
MELD,MELD/train/dia18/utt1,EAQ100186
MELD,MELD/train/dia18/utt2,EAQ100187
MELD,MELD/train/dia18/utt3,EAQ100188
MELD,MELD/train/dia18/utt4,EAQ100189
MELD,MELD/train/dia18/utt5,EAQ100190
MELD,MELD/train/dia18/utt6,EAQ100191
MELD,MELD/train/dia18/utt7,EAQ100192
MELD,MELD/train/dia18/utt8,EAQ100193
MELD,MELD/train/dia18/utt9,EAQ100194
MELD,MELD/train/dia18/utt10,EAQ100195
MELD,MELD/train/dia19/utt0,EAQ100196
MELD,MELD/train/dia19/utt1,EAQ100197
MELD,MELD/train/dia20/utt0,EAQ100198
MELD,MELD/train/dia20/utt1,EAQ100199
MELD,MELD/train/dia20/utt2,EAQ100200
MELD,MELD/train/dia20/utt3,EAQ100201
MELD,MELD/train/dia20/utt4,EAQ100202
MELD,MELD/train/dia20/utt5,EAQ100203
MELD,MELD/train/dia20/utt6,EAQ100204
MELD,MELD/train/dia20/utt7,EAQ100205
MELD,MELD/train/dia20/utt8,EAQ100206
MELD,MELD/train/dia20/utt9,EAQ100207
MELD,MELD/train/dia20/utt10,EAQ100208
MELD,MELD/train/dia20/utt11,EAQ100209
MELD,MELD/train/dia20/utt12,EAQ100210
MELD,MELD/train/dia20/utt13,EAQ100211
MELD,MELD/train/dia20/utt14,EAQ100212
MELD,MELD/train/dia20/utt15,EAQ100213
MELD,MELD/train/dia20/utt16,EAQ100214
MELD,MELD/train/dia21/utt0,EAQ100215
MELD,MELD/train/dia21/utt1,EAQ100216
MELD,MELD/train/dia21/utt2,EAQ100217
MELD,MELD/train/dia21/utt3,EAQ100218
MELD,MELD/train/dia21/utt4,EAQ100219
MELD,MELD/train/dia21/utt5,EAQ100220
MELD,MELD/train/dia21/utt6,EAQ100221
MELD,MELD/train/dia21/utt7,EAQ100222
MELD,MELD/train/dia21/utt8,EAQ100223
MELD,MELD/train/dia21/utt9,EAQ100224
MELD,MELD/train/dia21/utt10,EAQ100225
MELD,MELD/train/dia21/utt11,EAQ100226
MELD,MELD/train/dia21/utt12,EAQ100227
MELD,MELD/train/dia21/utt13,EAQ100228
MELD,MELD/train/dia22/utt0,EAQ100229
MELD,MELD/train/dia22/utt1,EAQ100230
MELD,MELD/train/dia22/utt2,EAQ100231
MELD,MELD/train/dia22/utt3,EAQ100232
MELD,MELD/train/dia23/utt0,EAQ100233
MELD,MELD/train/dia23/utt1,EAQ100234
MELD,MELD/train/dia23/utt2,EAQ100235
MELD,MELD/train/dia23/utt3,EAQ100236
MELD,MELD/train/dia23/utt4,EAQ100237
MELD,MELD/train/dia23/utt5,EAQ100238
MELD,MELD/train/dia23/utt6,EAQ100239
MELD,MELD/train/dia23/utt7,EAQ100240
MELD,MELD/train/dia23/utt8,EAQ100241
MELD,MELD/train/dia24/utt0,EAQ100242
MELD,MELD/train/dia24/utt1,EAQ100243
MELD,MELD/train/dia24/utt2,EAQ100244
MELD,MELD/train/dia24/utt3,EAQ100245
MELD,MELD/train/dia24/utt4,EAQ100246
MELD,MELD/train/dia24/utt5,EAQ100247
MELD,MELD/train/dia24/utt6,EAQ100248
MELD,MELD/train/dia24/utt7,EAQ100249
MELD,MELD/train/dia24/utt8,EAQ100250
MELD,MELD/train/dia25/utt0,EAQ100251
MELD,MELD/train/dia25/utt1,EAQ100252
MELD,MELD/train/dia25/utt2,EAQ100253
MELD,MELD/train/dia25/utt3,EAQ100254
MELD,MELD/train/dia25/utt4,EAQ100255
MELD,MELD/train/dia25/utt5,EAQ100256
MELD,MELD/train/dia25/utt6,EAQ100257
MELD,MELD/train/dia25/utt7,EAQ100258
MELD,MELD/train/dia25/utt8,EAQ100259
MELD,MELD/train/dia25/utt9,EAQ100260
MELD,MELD/train/dia25/utt10,EAQ100261
MELD,MELD/train/dia25/utt11,EAQ100262
MELD,MELD/train/dia25/utt12,EAQ100263
MELD,MELD/train/dia25/utt13,EAQ100264
MELD,MELD/train/dia26/utt0,EAQ100265
MELD,MELD/train/dia26/utt1,EAQ100266
MELD,MELD/train/dia26/utt2,EAQ100267
MELD,MELD/train/dia26/utt3,EAQ100268
MELD,MELD/train/dia26/utt4,EAQ100269
MELD,MELD/train/dia26/utt5,EAQ100270
MELD,MELD/train/dia26/utt6,EAQ100271
MELD,MELD/train/dia26/utt7,EAQ100272
MELD,MELD/train/dia26/utt8,EAQ100273
MELD,MELD/train/dia26/utt9,EAQ100274
MELD,MELD/train/dia26/utt10,EAQ100275
MELD,MELD/train/dia26/utt11,EAQ100276
MELD,MELD/train/dia26/utt12,EAQ100277
MELD,MELD/train/dia26/utt13,EAQ100278
MELD,MELD/train/dia27/utt0,EAQ100279
MELD,MELD/train/dia27/utt1,EAQ100280
MELD,MELD/train/dia28/utt0,EAQ100281
MELD,MELD/train/dia28/utt1,EAQ100282
MELD,MELD/train/dia28/utt2,EAQ100283
MELD,MELD/train/dia28/utt3,EAQ100284
MELD,MELD/train/dia28/utt4,EAQ100285
MELD,MELD/train/dia28/utt5,EAQ100286
MELD,MELD/train/dia28/utt6,EAQ100287
MELD,MELD/train/dia28/utt7,EAQ100288
MELD,MELD/train/dia29/utt0,EAQ100289
MELD,MELD/train/dia29/utt1,EAQ100290
MELD,MELD/train/dia29/utt2,EAQ100291
MELD,MELD/train/dia29/utt3,EAQ100292
MELD,MELD/train/dia29/utt4,EAQ100293
MELD,MELD/train/dia29/utt6,EAQ100294
MELD,MELD/train/dia29/utt7,EAQ100295
MELD,MELD/train/dia29/utt8,EAQ100296
MELD,MELD/train/dia29/utt9,EAQ100297
MELD,MELD/train/dia29/utt10,EAQ100298
MELD,MELD/train/dia29/utt11,EAQ100299
MELD,MELD/train/dia29/utt12,EAQ100300
MELD,MELD/train/dia29/utt13,EAQ100301
MELD,MELD/train/dia30/utt0,EAQ100302
MELD,MELD/train/dia30/utt1,EAQ100303
MELD,MELD/train/dia30/utt2,EAQ100304
MELD,MELD/train/dia30/utt3,EAQ100305
MELD,MELD/train/dia30/utt4,EAQ100306
MELD,MELD/train/dia30/utt5,EAQ100307
MELD,MELD/train/dia30/utt6,EAQ100308
MELD,MELD/train/dia30/utt7,EAQ100309
MELD,MELD/train/dia30/utt8,EAQ100310
MELD,MELD/train/dia30/utt9,EAQ100311
MELD,MELD/train/dia30/utt10,EAQ100312
MELD,MELD/train/dia30/utt11,EAQ100313
MELD,MELD/train/dia30/utt12,EAQ100314
MELD,MELD/train/dia30/utt13,EAQ100315
MELD,MELD/train/dia30/utt14,EAQ100316
MELD,MELD/train/dia30/utt15,EAQ100317
MELD,MELD/train/dia31/utt0,EAQ100318
MELD,MELD/train/dia31/utt1,EAQ100319
MELD,MELD/train/dia31/utt2,EAQ100320
MELD,MELD/train/dia31/utt3,EAQ100321
MELD,MELD/train/dia32/utt0,EAQ100322
MELD,MELD/train/dia32/utt1,EAQ100323
MELD,MELD/train/dia32/utt2,EAQ100324
MELD,MELD/train/dia32/utt3,EAQ100325
MELD,MELD/train/dia32/utt4,EAQ100326
MELD,MELD/train/dia32/utt5,EAQ100327
MELD,MELD/train/dia32/utt6,EAQ100328
MELD,MELD/train/dia32/utt7,EAQ100329
MELD,MELD/train/dia32/utt8,EAQ100330
MELD,MELD/train/dia32/utt9,EAQ100331
MELD,MELD/train/dia32/utt10,EAQ100332
MELD,MELD/train/dia32/utt11,EAQ100333
MELD,MELD/train/dia32/utt12,EAQ100334
MELD,MELD/train/dia32/utt13,EAQ100335
MELD,MELD/train/dia32/utt14,EAQ100336
MELD,MELD/train/dia32/utt15,EAQ100337
MELD,MELD/train/dia32/utt16,EAQ100338
MELD,MELD/train/dia32/utt17,EAQ100339
MELD,MELD/train/dia32/utt18,EAQ100340
MELD,MELD/train/dia33/utt0,EAQ100341
MELD,MELD/train/dia33/utt1,EAQ100342
MELD,MELD/train/dia33/utt2,EAQ100343
MELD,MELD/train/dia33/utt3,EAQ100344
MELD,MELD/train/dia33/utt4,EAQ100345
MELD,MELD/train/dia33/utt5,EAQ100346
MELD,MELD/train/dia33/utt6,EAQ100347
MELD,MELD/train/dia33/utt7,EAQ100348
MELD,MELD/train/dia33/utt8,EAQ100349
MELD,MELD/train/dia33/utt9,EAQ100350
MELD,MELD/train/dia33/utt10,EAQ100351
MELD,MELD/train/dia34/utt0,EAQ100352
MELD,MELD/train/dia34/utt1,EAQ100353
MELD,MELD/train/dia34/utt2,EAQ100354
MELD,MELD/train/dia34/utt3,EAQ100355
MELD,MELD/train/dia34/utt4,EAQ100356
MELD,MELD/train/dia34/utt5,EAQ100357
MELD,MELD/train/dia34/utt6,EAQ100358
MELD,MELD/train/dia34/utt7,EAQ100359
MELD,MELD/train/dia34/utt8,EAQ100360
MELD,MELD/train/dia34/utt9,EAQ100361
MELD,MELD/train/dia34/utt10,EAQ100362
MELD,MELD/train/dia34/utt11,EAQ100363
MELD,MELD/train/dia34/utt12,EAQ100364
MELD,MELD/train/dia34/utt13,EAQ100365
MELD,MELD/train/dia35/utt0,EAQ100366
MELD,MELD/train/dia35/utt1,EAQ100367
MELD,MELD/train/dia35/utt2,EAQ100368
MELD,MELD/train/dia35/utt3,EAQ100369
MELD,MELD/train/dia35/utt4,EAQ100370
MELD,MELD/train/dia35/utt5,EAQ100371
MELD,MELD/train/dia36/utt0,EAQ100372
MELD,MELD/train/dia36/utt1,EAQ100373
MELD,MELD/train/dia36/utt2,EAQ100374
MELD,MELD/train/dia36/utt3,EAQ100375
MELD,MELD/train/dia36/utt4,EAQ100376
MELD,MELD/train/dia36/utt5,EAQ100377
MELD,MELD/train/dia37/utt0,EAQ100378
MELD,MELD/train/dia37/utt1,EAQ100379
MELD,MELD/train/dia37/utt2,EAQ100380
MELD,MELD/train/dia37/utt3,EAQ100381
MELD,MELD/train/dia38/utt0,EAQ100382
MELD,MELD/train/dia38/utt1,EAQ100383
MELD,MELD/train/dia38/utt2,EAQ100384
MELD,MELD/train/dia38/utt3,EAQ100385
MELD,MELD/train/dia38/utt4,EAQ100386
MELD,MELD/train/dia38/utt5,EAQ100387
MELD,MELD/train/dia38/utt6,EAQ100388
MELD,MELD/train/dia38/utt7,EAQ100389
MELD,MELD/train/dia38/utt8,EAQ100390
MELD,MELD/train/dia38/utt9,EAQ100391
MELD,MELD/train/dia38/utt10,EAQ100392
MELD,MELD/train/dia38/utt11,EAQ100393
MELD,MELD/train/dia39/utt0,EAQ100394
MELD,MELD/train/dia39/utt1,EAQ100395
MELD,MELD/train/dia39/utt2,EAQ100396
MELD,MELD/train/dia39/utt3,EAQ100397
MELD,MELD/train/dia39/utt4,EAQ100398
MELD,MELD/train/dia39/utt5,EAQ100399
MELD,MELD/train/dia39/utt6,EAQ100400
MELD,MELD/train/dia39/utt7,EAQ100401
MELD,MELD/train/dia39/utt8,EAQ100402
MELD,MELD/train/dia39/utt9,EAQ100403
MELD,MELD/train/dia39/utt10,EAQ100404
MELD,MELD/train/dia39/utt11,EAQ100405
MELD,MELD/train/dia39/utt12,EAQ100406
MELD,MELD/train/dia39/utt13,EAQ100407
MELD,MELD/train/dia39/utt14,EAQ100408
MELD,MELD/train/dia39/utt15,EAQ100409
MELD,MELD/train/dia39/utt16,EAQ100410
MELD,MELD/train/dia39/utt17,EAQ100411
MELD,MELD/train/dia39/utt18,EAQ100412
MELD,MELD/train/dia40/utt0,EAQ100413
MELD,MELD/train/dia40/utt1,EAQ100414
MELD,MELD/train/dia40/utt2,EAQ100415
MELD,MELD/train/dia40/utt3,EAQ100416
MELD,MELD/train/dia40/utt4,EAQ100417
MELD,MELD/train/dia40/utt5,EAQ100418
MELD,MELD/train/dia40/utt6,EAQ100419
MELD,MELD/train/dia40/utt7,EAQ100420
MELD,MELD/train/dia40/utt8,EAQ100421
MELD,MELD/train/dia40/utt9,EAQ100422
MELD,MELD/train/dia40/utt10,EAQ100423
MELD,MELD/train/dia40/utt11,EAQ100424
MELD,MELD/train/dia40/utt12,EAQ100425
MELD,MELD/train/dia40/utt13,EAQ100426
MELD,MELD/train/dia40/utt14,EAQ100427
MELD,MELD/train/dia41/utt0,EAQ100428
MELD,MELD/train/dia41/utt1,EAQ100429
MELD,MELD/train/dia41/utt2,EAQ100430
MELD,MELD/train/dia41/utt3,EAQ100431
MELD,MELD/train/dia41/utt4,EAQ100432
MELD,MELD/train/dia41/utt5,EAQ100433
MELD,MELD/train/dia41/utt6,EAQ100434
MELD,MELD/train/dia41/utt7,EAQ100435
MELD,MELD/train/dia41/utt8,EAQ100436
MELD,MELD/train/dia41/utt9,EAQ100437
MELD,MELD/train/dia41/utt10,EAQ100438
MELD,MELD/train/dia41/utt11,EAQ100439
MELD,MELD/train/dia41/utt12,EAQ100440
MELD,MELD/train/dia41/utt13,EAQ100441
MELD,MELD/train/dia41/utt14,EAQ100442
MELD,MELD/train/dia41/utt15,EAQ100443
MELD,MELD/train/dia42/utt0,EAQ100444
MELD,MELD/train/dia42/utt1,EAQ100445
MELD,MELD/train/dia43/utt0,EAQ100446
MELD,MELD/train/dia43/utt1,EAQ100447
MELD,MELD/train/dia43/utt2,EAQ100448
MELD,MELD/train/dia43/utt3,EAQ100449
MELD,MELD/train/dia43/utt4,EAQ100450
MELD,MELD/train/dia43/utt5,EAQ100451
MELD,MELD/train/dia43/utt6,EAQ100452
MELD,MELD/train/dia44/utt0,EAQ100453
MELD,MELD/train/dia44/utt1,EAQ100454
MELD,MELD/train/dia44/utt2,EAQ100455
MELD,MELD/train/dia45/utt0,EAQ100456
MELD,MELD/train/dia45/utt1,EAQ100457
MELD,MELD/train/dia45/utt2,EAQ100458
MELD,MELD/train/dia45/utt3,EAQ100459
MELD,MELD/train/dia45/utt4,EAQ100460
MELD,MELD/train/dia46/utt0,EAQ100461
MELD,MELD/train/dia46/utt1,EAQ100462
MELD,MELD/train/dia46/utt2,EAQ100463
MELD,MELD/train/dia46/utt3,EAQ100464
MELD,MELD/train/dia46/utt4,EAQ100465
MELD,MELD/train/dia46/utt5,EAQ100466
MELD,MELD/train/dia46/utt6,EAQ100467
MELD,MELD/train/dia46/utt7,EAQ100468
MELD,MELD/train/dia46/utt8,EAQ100469
MELD,MELD/train/dia46/utt9,EAQ100470
MELD,MELD/train/dia46/utt10,EAQ100471
MELD,MELD/train/dia46/utt11,EAQ100472
MELD,MELD/train/dia46/utt12,EAQ100473
MELD,MELD/train/dia46/utt13,EAQ100474
MELD,MELD/train/dia46/utt14,EAQ100475
MELD,MELD/train/dia47/utt0,EAQ100476
MELD,MELD/train/dia47/utt1,EAQ100477
MELD,MELD/train/dia47/utt2,EAQ100478
MELD,MELD/train/dia47/utt3,EAQ100479
MELD,MELD/train/dia47/utt4,EAQ100480
MELD,MELD/train/dia47/utt5,EAQ100481
MELD,MELD/train/dia47/utt6,EAQ100482
MELD,MELD/train/dia47/utt7,EAQ100483
MELD,MELD/train/dia47/utt8,EAQ100484
MELD,MELD/train/dia47/utt9,EAQ100485
MELD,MELD/train/dia47/utt11,EAQ100486
MELD,MELD/train/dia47/utt12,EAQ100487
MELD,MELD/train/dia47/utt13,EAQ100488
MELD,MELD/train/dia47/utt14,EAQ100489
MELD,MELD/train/dia47/utt15,EAQ100490
MELD,MELD/train/dia47/utt16,EAQ100491
MELD,MELD/train/dia47/utt17,EAQ100492
MELD,MELD/train/dia48/utt0,EAQ100493
MELD,MELD/train/dia49/utt0,EAQ100494
MELD,MELD/train/dia49/utt1,EAQ100495
MELD,MELD/train/dia49/utt2,EAQ100496
MELD,MELD/train/dia49/utt3,EAQ100497
MELD,MELD/train/dia49/utt4,EAQ100498
MELD,MELD/train/dia49/utt5,EAQ100499
MELD,MELD/train/dia49/utt6,EAQ100500
MELD,MELD/train/dia49/utt7,EAQ100501
MELD,MELD/train/dia49/utt8,EAQ100502
MELD,MELD/train/dia49/utt9,EAQ100503
MELD,MELD/train/dia49/utt10,EAQ100504
MELD,MELD/train/dia49/utt11,EAQ100505
MELD,MELD/train/dia49/utt12,EAQ100506
MELD,MELD/train/dia49/utt13,EAQ100507
MELD,MELD/train/dia49/utt14,EAQ100508
MELD,MELD/train/dia49/utt15,EAQ100509
MELD,MELD/train/dia49/utt16,EAQ100510
MELD,MELD/train/dia49/utt17,EAQ100511
MELD,MELD/train/dia49/utt18,EAQ100512
MELD,MELD/train/dia49/utt19,EAQ100513
MELD,MELD/train/dia49/utt20,EAQ100514
MELD,MELD/train/dia49/utt21,EAQ100515
MELD,MELD/train/dia50/utt0,EAQ100516
MELD,MELD/train/dia50/utt1,EAQ100517
MELD,MELD/train/dia50/utt2,EAQ100518
MELD,MELD/train/dia50/utt3,EAQ100519
MELD,MELD/train/dia50/utt4,EAQ100520
MELD,MELD/train/dia50/utt5,EAQ100521
MELD,MELD/train/dia50/utt6,EAQ100522
MELD,MELD/train/dia50/utt7,EAQ100523
MELD,MELD/train/dia50/utt8,EAQ100524
MELD,MELD/train/dia50/utt9,EAQ100525
MELD,MELD/train/dia50/utt10,EAQ100526
MELD,MELD/train/dia50/utt11,EAQ100527
MELD,MELD/train/dia50/utt12,EAQ100528
MELD,MELD/train/dia50/utt13,EAQ100529
MELD,MELD/train/dia50/utt14,EAQ100530
MELD,MELD/train/dia50/utt15,EAQ100531
MELD,MELD/train/dia50/utt16,EAQ100532
MELD,MELD/train/dia51/utt0,EAQ100533
MELD,MELD/train/dia51/utt1,EAQ100534
MELD,MELD/train/dia51/utt2,EAQ100535
MELD,MELD/train/dia51/utt3,EAQ100536
MELD,MELD/train/dia51/utt4,EAQ100537
MELD,MELD/train/dia51/utt5,EAQ100538
MELD,MELD/train/dia51/utt6,EAQ100539
MELD,MELD/train/dia51/utt7,EAQ100540
MELD,MELD/train/dia51/utt8,EAQ100541
MELD,MELD/train/dia51/utt9,EAQ100542
MELD,MELD/train/dia51/utt10,EAQ100543
MELD,MELD/train/dia52/utt0,EAQ100544
MELD,MELD/train/dia52/utt1,EAQ100545
MELD,MELD/train/dia52/utt2,EAQ100546
MELD,MELD/train/dia52/utt3,EAQ100547
MELD,MELD/train/dia52/utt4,EAQ100548
MELD,MELD/train/dia52/utt5,EAQ100549
MELD,MELD/train/dia52/utt6,EAQ100550
MELD,MELD/train/dia52/utt7,EAQ100551
MELD,MELD/train/dia52/utt8,EAQ100552
MELD,MELD/train/dia52/utt9,EAQ100553
MELD,MELD/train/dia52/utt10,EAQ100554
MELD,MELD/train/dia52/utt11,EAQ100555
MELD,MELD/train/dia53/utt0,EAQ100556
MELD,MELD/train/dia53/utt1,EAQ100557
MELD,MELD/train/dia53/utt2,EAQ100558
MELD,MELD/train/dia53/utt3,EAQ100559
MELD,MELD/train/dia53/utt4,EAQ100560
MELD,MELD/train/dia53/utt5,EAQ100561
MELD,MELD/train/dia53/utt6,EAQ100562
MELD,MELD/train/dia53/utt7,EAQ100563
MELD,MELD/train/dia53/utt8,EAQ100564
MELD,MELD/train/dia54/utt0,EAQ100565
MELD,MELD/train/dia54/utt1,EAQ100566
MELD,MELD/train/dia54/utt2,EAQ100567
MELD,MELD/train/dia54/utt3,EAQ100568
MELD,MELD/train/dia54/utt4,EAQ100569
MELD,MELD/train/dia54/utt5,EAQ100570
MELD,MELD/train/dia54/utt6,EAQ100571
MELD,MELD/train/dia54/utt7,EAQ100572
MELD,MELD/train/dia54/utt8,EAQ100573
MELD,MELD/train/dia54/utt9,EAQ100574
MELD,MELD/train/dia54/utt10,EAQ100575
MELD,MELD/train/dia54/utt11,EAQ100576
MELD,MELD/train/dia54/utt12,EAQ100577
MELD,MELD/train/dia54/utt13,EAQ100578
MELD,MELD/train/dia54/utt14,EAQ100579
MELD,MELD/train/dia54/utt15,EAQ100580
MELD,MELD/train/dia54/utt16,EAQ100581
MELD,MELD/train/dia54/utt17,EAQ100582
MELD,MELD/train/dia54/utt18,EAQ100583
MELD,MELD/train/dia54/utt19,EAQ100584
MELD,MELD/train/dia54/utt20,EAQ100585
MELD,MELD/train/dia54/utt21,EAQ100586
MELD,MELD/train/dia54/utt22,EAQ100587
MELD,MELD/train/dia54/utt23,EAQ100588
MELD,MELD/train/dia55/utt0,EAQ100589
MELD,MELD/train/dia55/utt1,EAQ100590
MELD,MELD/train/dia55/utt2,EAQ100591
MELD,MELD/train/dia55/utt3,EAQ100592
MELD,MELD/train/dia55/utt4,EAQ100593
MELD,MELD/train/dia55/utt5,EAQ100594
MELD,MELD/train/dia55/utt6,EAQ100595
MELD,MELD/train/dia55/utt7,EAQ100596
MELD,MELD/train/dia55/utt8,EAQ100597
MELD,MELD/train/dia55/utt9,EAQ100598
MELD,MELD/train/dia55/utt10,EAQ100599
MELD,MELD/train/dia55/utt11,EAQ100600
MELD,MELD/train/dia55/utt12,EAQ100601
MELD,MELD/train/dia55/utt13,EAQ100602
MELD,MELD/train/dia55/utt14,EAQ100603
MELD,MELD/train/dia55/utt15,EAQ100604
MELD,MELD/train/dia55/utt16,EAQ100605
MELD,MELD/train/dia56/utt0,EAQ100606
MELD,MELD/train/dia56/utt1,EAQ100607
MELD,MELD/train/dia56/utt2,EAQ100608
MELD,MELD/train/dia56/utt3,EAQ100609
MELD,MELD/train/dia56/utt4,EAQ100610
MELD,MELD/train/dia56/utt5,EAQ100611
MELD,MELD/train/dia56/utt6,EAQ100612
MELD,MELD/train/dia57/utt1,EAQ100613
MELD,MELD/train/dia57/utt2,EAQ100614
MELD,MELD/train/dia57/utt3,EAQ100615
MELD,MELD/train/dia58/utt0,EAQ100616
MELD,MELD/train/dia58/utt1,EAQ100617
MELD,MELD/train/dia58/utt2,EAQ100618
MELD,MELD/train/dia58/utt3,EAQ100619
MELD,MELD/train/dia58/utt4,EAQ100620
MELD,MELD/train/dia58/utt5,EAQ100621
MELD,MELD/train/dia58/utt6,EAQ100622
MELD,MELD/train/dia58/utt7,EAQ100623
MELD,MELD/train/dia58/utt8,EAQ100624
MELD,MELD/train/dia58/utt9,EAQ100625
MELD,MELD/train/dia59/utt0,EAQ100626
MELD,MELD/train/dia59/utt1,EAQ100627
MELD,MELD/train/dia59/utt2,EAQ100628
MELD,MELD/train/dia59/utt3,EAQ100629
MELD,MELD/train/dia59/utt4,EAQ100630
MELD,MELD/train/dia59/utt5,EAQ100631
MELD,MELD/train/dia59/utt6,EAQ100632
MELD,MELD/train/dia59/utt7,EAQ100633
MELD,MELD/train/dia59/utt8,EAQ100634
MELD,MELD/train/dia59/utt9,EAQ100635
MELD,MELD/train/dia61/utt0,EAQ100636
MELD,MELD/train/dia61/utt1,EAQ100637
MELD,MELD/train/dia61/utt2,EAQ100638
MELD,MELD/train/dia61/utt3,EAQ100639
MELD,MELD/train/dia61/utt4,EAQ100640
MELD,MELD/train/dia61/utt5,EAQ100641
MELD,MELD/train/dia61/utt6,EAQ100642
MELD,MELD/train/dia61/utt7,EAQ100643
MELD,MELD/train/dia61/utt8,EAQ100644
MELD,MELD/train/dia62/utt0,EAQ100645
MELD,MELD/train/dia62/utt1,EAQ100646
MELD,MELD/train/dia62/utt2,EAQ100647
MELD,MELD/train/dia62/utt3,EAQ100648
MELD,MELD/train/dia62/utt5,EAQ100649
MELD,MELD/train/dia62/utt6,EAQ100650
MELD,MELD/train/dia62/utt7,EAQ100651
MELD,MELD/train/dia62/utt8,EAQ100652
MELD,MELD/train/dia62/utt9,EAQ100653
MELD,MELD/train/dia62/utt10,EAQ100654
MELD,MELD/train/dia62/utt11,EAQ100655
MELD,MELD/train/dia63/utt0,EAQ100656
MELD,MELD/train/dia63/utt1,EAQ100657
MELD,MELD/train/dia63/utt2,EAQ100658
MELD,MELD/train/dia63/utt3,EAQ100659
MELD,MELD/train/dia63/utt4,EAQ100660
MELD,MELD/train/dia63/utt5,EAQ100661
MELD,MELD/train/dia63/utt6,EAQ100662
MELD,MELD/train/dia63/utt7,EAQ100663
MELD,MELD/train/dia64/utt0,EAQ100664
MELD,MELD/train/dia64/utt1,EAQ100665
MELD,MELD/train/dia64/utt2,EAQ100666
MELD,MELD/train/dia64/utt3,EAQ100667
MELD,MELD/train/dia64/utt4,EAQ100668
MELD,MELD/train/dia64/utt5,EAQ100669
MELD,MELD/train/dia64/utt6,EAQ100670
MELD,MELD/train/dia64/utt7,EAQ100671
MELD,MELD/train/dia64/utt8,EAQ100672
MELD,MELD/train/dia64/utt9,EAQ100673
MELD,MELD/train/dia64/utt10,EAQ100674
MELD,MELD/train/dia64/utt11,EAQ100675
MELD,MELD/train/dia64/utt12,EAQ100676
MELD,MELD/train/dia65/utt0,EAQ100677
MELD,MELD/train/dia65/utt1,EAQ100678
MELD,MELD/train/dia65/utt2,EAQ100679
MELD,MELD/train/dia65/utt3,EAQ100680
MELD,MELD/train/dia66/utt1,EAQ100681
MELD,MELD/train/dia66/utt2,EAQ100682
MELD,MELD/train/dia66/utt3,EAQ100683
MELD,MELD/train/dia66/utt4,EAQ100684
MELD,MELD/train/dia66/utt5,EAQ100685
MELD,MELD/train/dia66/utt6,EAQ100686
MELD,MELD/train/dia66/utt7,EAQ100687
MELD,MELD/train/dia66/utt8,EAQ100688
MELD,MELD/train/dia66/utt9,EAQ100689
MELD,MELD/train/dia66/utt10,EAQ100690
MELD,MELD/train/dia66/utt11,EAQ100691
MELD,MELD/train/dia66/utt12,EAQ100692
MELD,MELD/train/dia67/utt0,EAQ100693
MELD,MELD/train/dia67/utt1,EAQ100694
MELD,MELD/train/dia67/utt2,EAQ100695
MELD,MELD/train/dia67/utt3,EAQ100696
MELD,MELD/train/dia67/utt5,EAQ100697
MELD,MELD/train/dia67/utt6,EAQ100698
MELD,MELD/train/dia67/utt7,EAQ100699
MELD,MELD/train/dia67/utt8,EAQ100700
MELD,MELD/train/dia67/utt9,EAQ100701
MELD,MELD/train/dia67/utt10,EAQ100702
MELD,MELD/train/dia67/utt11,EAQ100703
MELD,MELD/train/dia67/utt12,EAQ100704
MELD,MELD/train/dia67/utt13,EAQ100705
MELD,MELD/train/dia67/utt14,EAQ100706
MELD,MELD/train/dia67/utt15,EAQ100707
MELD,MELD/train/dia68/utt0,EAQ100708
MELD,MELD/train/dia68/utt1,EAQ100709
MELD,MELD/train/dia68/utt2,EAQ100710
MELD,MELD/train/dia68/utt3,EAQ100711
MELD,MELD/train/dia69/utt0,EAQ100712
MELD,MELD/train/dia69/utt1,EAQ100713
MELD,MELD/train/dia69/utt2,EAQ100714
MELD,MELD/train/dia69/utt3,EAQ100715
MELD,MELD/train/dia69/utt4,EAQ100716
MELD,MELD/train/dia69/utt5,EAQ100717
MELD,MELD/train/dia69/utt6,EAQ100718
MELD,MELD/train/dia70/utt0,EAQ100719
MELD,MELD/train/dia70/utt1,EAQ100720
MELD,MELD/train/dia70/utt2,EAQ100721
MELD,MELD/train/dia70/utt3,EAQ100722
MELD,MELD/train/dia70/utt4,EAQ100723
MELD,MELD/train/dia70/utt5,EAQ100724
MELD,MELD/train/dia70/utt6,EAQ100725
MELD,MELD/train/dia70/utt7,EAQ100726
MELD,MELD/train/dia70/utt8,EAQ100727
MELD,MELD/train/dia71/utt0,EAQ100728
MELD,MELD/train/dia71/utt1,EAQ100729
MELD,MELD/train/dia72/utt0,EAQ100730
MELD,MELD/train/dia72/utt1,EAQ100731
MELD,MELD/train/dia72/utt2,EAQ100732
MELD,MELD/train/dia72/utt3,EAQ100733
MELD,MELD/train/dia72/utt4,EAQ100734
MELD,MELD/train/dia72/utt5,EAQ100735
MELD,MELD/train/dia72/utt6,EAQ100736
MELD,MELD/train/dia72/utt7,EAQ100737
MELD,MELD/train/dia73/utt0,EAQ100738
MELD,MELD/train/dia73/utt1,EAQ100739
MELD,MELD/train/dia73/utt2,EAQ100740
MELD,MELD/train/dia73/utt3,EAQ100741
MELD,MELD/train/dia73/utt4,EAQ100742
MELD,MELD/train/dia73/utt5,EAQ100743
MELD,MELD/train/dia73/utt6,EAQ100744
MELD,MELD/train/dia73/utt7,EAQ100745
MELD,MELD/train/dia73/utt8,EAQ100746
MELD,MELD/train/dia73/utt9,EAQ100747
MELD,MELD/train/dia73/utt10,EAQ100748
MELD,MELD/train/dia73/utt11,EAQ100749
MELD,MELD/train/dia74/utt0,EAQ100750
MELD,MELD/train/dia74/utt1,EAQ100751
MELD,MELD/train/dia74/utt2,EAQ100752
MELD,MELD/train/dia74/utt3,EAQ100753
MELD,MELD/train/dia74/utt4,EAQ100754
MELD,MELD/train/dia74/utt5,EAQ100755
MELD,MELD/train/dia74/utt6,EAQ100756
MELD,MELD/train/dia75/utt0,EAQ100757
MELD,MELD/train/dia76/utt0,EAQ100758
MELD,MELD/train/dia76/utt1,EAQ100759
MELD,MELD/train/dia76/utt2,EAQ100760
MELD,MELD/train/dia76/utt3,EAQ100761
MELD,MELD/train/dia76/utt4,EAQ100762
MELD,MELD/train/dia76/utt5,EAQ100763
MELD,MELD/train/dia76/utt6,EAQ100764
MELD,MELD/train/dia76/utt7,EAQ100765
MELD,MELD/train/dia77/utt0,EAQ100766
MELD,MELD/train/dia77/utt1,EAQ100767
MELD,MELD/train/dia77/utt2,EAQ100768
MELD,MELD/train/dia77/utt3,EAQ100769
MELD,MELD/train/dia77/utt4,EAQ100770
MELD,MELD/train/dia78/utt0,EAQ100771
MELD,MELD/train/dia78/utt1,EAQ100772
MELD,MELD/train/dia78/utt2,EAQ100773
MELD,MELD/train/dia78/utt3,EAQ100774
MELD,MELD/train/dia78/utt4,EAQ100775
MELD,MELD/train/dia78/utt5,EAQ100776
MELD,MELD/train/dia79/utt0,EAQ100777
MELD,MELD/train/dia79/utt1,EAQ100778
MELD,MELD/train/dia79/utt2,EAQ100779
MELD,MELD/train/dia79/utt3,EAQ100780
MELD,MELD/train/dia79/utt4,EAQ100781
MELD,MELD/train/dia79/utt5,EAQ100782
MELD,MELD/train/dia79/utt6,EAQ100783
MELD,MELD/train/dia79/utt7,EAQ100784
MELD,MELD/train/dia80/utt0,EAQ100785
MELD,MELD/train/dia80/utt1,EAQ100786
MELD,MELD/train/dia80/utt2,EAQ100787
MELD,MELD/train/dia80/utt3,EAQ100788
MELD,MELD/train/dia80/utt4,EAQ100789
MELD,MELD/train/dia80/utt5,EAQ100790
MELD,MELD/train/dia81/utt0,EAQ100791
MELD,MELD/train/dia81/utt1,EAQ100792
MELD,MELD/train/dia81/utt2,EAQ100793
MELD,MELD/train/dia81/utt3,EAQ100794
MELD,MELD/train/dia81/utt4,EAQ100795
MELD,MELD/train/dia81/utt5,EAQ100796
MELD,MELD/train/dia81/utt6,EAQ100797
MELD,MELD/train/dia81/utt7,EAQ100798
MELD,MELD/train/dia81/utt8,EAQ100799
MELD,MELD/train/dia81/utt9,EAQ100800
MELD,MELD/train/dia81/utt10,EAQ100801
MELD,MELD/train/dia81/utt11,EAQ100802
MELD,MELD/train/dia81/utt12,EAQ100803
MELD,MELD/train/dia81/utt13,EAQ100804
MELD,MELD/train/dia81/utt14,EAQ100805
MELD,MELD/train/dia81/utt15,EAQ100806
MELD,MELD/train/dia81/utt16,EAQ100807
MELD,MELD/train/dia82/utt0,EAQ100808
MELD,MELD/train/dia82/utt1,EAQ100809
MELD,MELD/train/dia82/utt2,EAQ100810
MELD,MELD/train/dia82/utt3,EAQ100811
MELD,MELD/train/dia82/utt4,EAQ100812
MELD,MELD/train/dia82/utt5,EAQ100813
MELD,MELD/train/dia82/utt6,EAQ100814
MELD,MELD/train/dia82/utt7,EAQ100815
MELD,MELD/train/dia82/utt9,EAQ100816
MELD,MELD/train/dia82/utt10,EAQ100817
MELD,MELD/train/dia82/utt11,EAQ100818
MELD,MELD/train/dia83/utt0,EAQ100819
MELD,MELD/train/dia83/utt1,EAQ100820
MELD,MELD/train/dia83/utt2,EAQ100821
MELD,MELD/train/dia83/utt3,EAQ100822
MELD,MELD/train/dia84/utt0,EAQ100823
MELD,MELD/train/dia84/utt1,EAQ100824
MELD,MELD/train/dia84/utt2,EAQ100825
MELD,MELD/train/dia84/utt3,EAQ100826
MELD,MELD/train/dia84/utt4,EAQ100827
MELD,MELD/train/dia84/utt5,EAQ100828
MELD,MELD/train/dia84/utt6,EAQ100829
MELD,MELD/train/dia85/utt0,EAQ100830
MELD,MELD/train/dia85/utt1,EAQ100831
MELD,MELD/train/dia85/utt2,EAQ100832
MELD,MELD/train/dia85/utt3,EAQ100833
MELD,MELD/train/dia85/utt4,EAQ100834
MELD,MELD/train/dia86/utt0,EAQ100835
MELD,MELD/train/dia86/utt1,EAQ100836
MELD,MELD/train/dia86/utt2,EAQ100837
MELD,MELD/train/dia86/utt3,EAQ100838
MELD,MELD/train/dia86/utt4,EAQ100839
MELD,MELD/train/dia86/utt5,EAQ100840
MELD,MELD/train/dia86/utt6,EAQ100841
MELD,MELD/train/dia86/utt7,EAQ100842
MELD,MELD/train/dia86/utt8,EAQ100843
MELD,MELD/train/dia86/utt9,EAQ100844
MELD,MELD/train/dia86/utt10,EAQ100845
MELD,MELD/train/dia87/utt0,EAQ100846
MELD,MELD/train/dia87/utt1,EAQ100847
MELD,MELD/train/dia87/utt2,EAQ100848
MELD,MELD/train/dia87/utt3,EAQ100849
MELD,MELD/train/dia87/utt4,EAQ100850
MELD,MELD/train/dia87/utt5,EAQ100851
MELD,MELD/train/dia87/utt6,EAQ100852
MELD,MELD/train/dia87/utt7,EAQ100853
MELD,MELD/train/dia87/utt8,EAQ100854
MELD,MELD/train/dia87/utt9,EAQ100855
MELD,MELD/train/dia88/utt0,EAQ100856
MELD,MELD/train/dia88/utt1,EAQ100857
MELD,MELD/train/dia88/utt2,EAQ100858
MELD,MELD/train/dia88/utt3,EAQ100859
MELD,MELD/train/dia89/utt0,EAQ100860
MELD,MELD/train/dia89/utt1,EAQ100861
MELD,MELD/train/dia89/utt2,EAQ100862
MELD,MELD/train/dia89/utt4,EAQ100863
MELD,MELD/train/dia89/utt5,EAQ100864
MELD,MELD/train/dia89/utt6,EAQ100865
MELD,MELD/train/dia89/utt7,EAQ100866
MELD,MELD/train/dia89/utt8,EAQ100867
MELD,MELD/train/dia89/utt9,EAQ100868
MELD,MELD/train/dia89/utt10,EAQ100869
MELD,MELD/train/dia89/utt11,EAQ100870
MELD,MELD/train/dia89/utt12,EAQ100871
MELD,MELD/train/dia89/utt15,EAQ100872
MELD,MELD/train/dia89/utt16,EAQ100873
MELD,MELD/train/dia90/utt0,EAQ100874
MELD,MELD/train/dia91/utt0,EAQ100875
MELD,MELD/train/dia92/utt0,EAQ100876
MELD,MELD/train/dia92/utt1,EAQ100877
MELD,MELD/train/dia93/utt0,EAQ100878
MELD,MELD/train/dia93/utt1,EAQ100879
MELD,MELD/train/dia93/utt2,EAQ100880
MELD,MELD/train/dia93/utt3,EAQ100881
MELD,MELD/train/dia93/utt4,EAQ100882
MELD,MELD/train/dia93/utt5,EAQ100883
MELD,MELD/train/dia93/utt6,EAQ100884
MELD,MELD/train/dia93/utt7,EAQ100885
MELD,MELD/train/dia94/utt0,EAQ100886
MELD,MELD/train/dia94/utt1,EAQ100887
MELD,MELD/train/dia94/utt2,EAQ100888
MELD,MELD/train/dia94/utt3,EAQ100889
MELD,MELD/train/dia94/utt4,EAQ100890
MELD,MELD/train/dia94/utt5,EAQ100891
MELD,MELD/train/dia94/utt6,EAQ100892
MELD,MELD/train/dia94/utt7,EAQ100893
MELD,MELD/train/dia94/utt8,EAQ100894
MELD,MELD/train/dia94/utt9,EAQ100895
MELD,MELD/train/dia94/utt10,EAQ100896
MELD,MELD/train/dia94/utt11,EAQ100897
MELD,MELD/train/dia94/utt12,EAQ100898
MELD,MELD/train/dia94/utt13,EAQ100899
MELD,MELD/train/dia94/utt14,EAQ100900
MELD,MELD/train/dia94/utt15,EAQ100901
MELD,MELD/train/dia95/utt0,EAQ100902
MELD,MELD/train/dia95/utt1,EAQ100903
MELD,MELD/train/dia95/utt2,EAQ100904
MELD,MELD/train/dia95/utt3,EAQ100905
MELD,MELD/train/dia95/utt4,EAQ100906
MELD,MELD/train/dia95/utt5,EAQ100907
MELD,MELD/train/dia95/utt6,EAQ100908
MELD,MELD/train/dia95/utt7,EAQ100909
MELD,MELD/train/dia95/utt8,EAQ100910
MELD,MELD/train/dia95/utt9,EAQ100911
MELD,MELD/train/dia95/utt10,EAQ100912
MELD,MELD/train/dia95/utt11,EAQ100913
MELD,MELD/train/dia95/utt12,EAQ100914
MELD,MELD/train/dia95/utt13,EAQ100915
MELD,MELD/train/dia95/utt14,EAQ100916
MELD,MELD/train/dia95/utt15,EAQ100917
MELD,MELD/train/dia95/utt16,EAQ100918
MELD,MELD/train/dia95/utt17,EAQ100919
MELD,MELD/train/dia96/utt0,EAQ100920
MELD,MELD/train/dia96/utt1,EAQ100921
MELD,MELD/train/dia96/utt2,EAQ100922
MELD,MELD/train/dia96/utt3,EAQ100923
MELD,MELD/train/dia96/utt4,EAQ100924
MELD,MELD/train/dia97/utt0,EAQ100925
MELD,MELD/train/dia97/utt1,EAQ100926
MELD,MELD/train/dia97/utt2,EAQ100927
MELD,MELD/train/dia97/utt3,EAQ100928
MELD,MELD/train/dia98/utt1,EAQ100929
MELD,MELD/train/dia99/utt0,EAQ100930
MELD,MELD/train/dia99/utt1,EAQ100931
MELD,MELD/train/dia99/utt2,EAQ100932
MELD,MELD/train/dia99/utt3,EAQ100933
MELD,MELD/train/dia99/utt4,EAQ100934
MELD,MELD/train/dia99/utt5,EAQ100935
MELD,MELD/train/dia99/utt6,EAQ100936
MELD,MELD/train/dia99/utt7,EAQ100937
MELD,MELD/train/dia99/utt8,EAQ100938
MELD,MELD/train/dia99/utt9,EAQ100939
MELD,MELD/train/dia99/utt10,EAQ100940
MELD,MELD/train/dia99/utt11,EAQ100941
MELD,MELD/train/dia99/utt12,EAQ100942
MELD,MELD/train/dia99/utt13,EAQ100943
MELD,MELD/train/dia99/utt14,EAQ100944
MELD,MELD/train/dia99/utt15,EAQ100945
MELD,MELD/train/dia99/utt16,EAQ100946
MELD,MELD/train/dia99/utt17,EAQ100947
MELD,MELD/train/dia99/utt18,EAQ100948
MELD,MELD/train/dia100/utt0,EAQ100949
MELD,MELD/train/dia100/utt1,EAQ100950
MELD,MELD/train/dia100/utt2,EAQ100951
MELD,MELD/train/dia100/utt3,EAQ100952
MELD,MELD/train/dia100/utt4,EAQ100953
MELD,MELD/train/dia100/utt5,EAQ100954
MELD,MELD/train/dia100/utt6,EAQ100955
MELD,MELD/train/dia100/utt7,EAQ100956
MELD,MELD/train/dia101/utt0,EAQ100957
MELD,MELD/train/dia101/utt1,EAQ100958
MELD,MELD/train/dia102/utt0,EAQ100959
MELD,MELD/train/dia102/utt1,EAQ100960
MELD,MELD/train/dia102/utt2,EAQ100961
MELD,MELD/train/dia103/utt0,EAQ100962
MELD,MELD/train/dia103/utt1,EAQ100963
MELD,MELD/train/dia103/utt2,EAQ100964
MELD,MELD/train/dia103/utt3,EAQ100965
MELD,MELD/train/dia103/utt4,EAQ100966
MELD,MELD/train/dia103/utt5,EAQ100967
MELD,MELD/train/dia103/utt6,EAQ100968
MELD,MELD/train/dia103/utt7,EAQ100969
MELD,MELD/train/dia104/utt0,EAQ100970
MELD,MELD/train/dia104/utt1,EAQ100971
MELD,MELD/train/dia105/utt0,EAQ100972
MELD,MELD/train/dia105/utt1,EAQ100973
MELD,MELD/train/dia106/utt0,EAQ100974
MELD,MELD/train/dia106/utt1,EAQ100975
MELD,MELD/train/dia106/utt2,EAQ100976
MELD,MELD/train/dia106/utt3,EAQ100977
MELD,MELD/train/dia106/utt4,EAQ100978
MELD,MELD/train/dia106/utt5,EAQ100979
MELD,MELD/train/dia107/utt0,EAQ100980
MELD,MELD/train/dia107/utt1,EAQ100981
MELD,MELD/train/dia107/utt2,EAQ100982
MELD,MELD/train/dia107/utt4,EAQ100983
MELD,MELD/train/dia107/utt5,EAQ100984
MELD,MELD/train/dia107/utt6,EAQ100985
MELD,MELD/train/dia107/utt7,EAQ100986
MELD,MELD/train/dia107/utt8,EAQ100987
MELD,MELD/train/dia107/utt9,EAQ100988
MELD,MELD/train/dia107/utt10,EAQ100989
MELD,MELD/train/dia108/utt0,EAQ100990
MELD,MELD/train/dia108/utt1,EAQ100991
MELD,MELD/train/dia108/utt2,EAQ100992
MELD,MELD/train/dia108/utt3,EAQ100993
MELD,MELD/train/dia108/utt4,EAQ100994
MELD,MELD/train/dia108/utt5,EAQ100995
MELD,MELD/train/dia108/utt6,EAQ100996
MELD,MELD/train/dia109/utt0,EAQ100997
MELD,MELD/train/dia109/utt1,EAQ100998
MELD,MELD/train/dia109/utt3,EAQ100999
MELD,MELD/train/dia109/utt4,EAQ101000
MELD,MELD/train/dia109/utt5,EAQ101001
MELD,MELD/train/dia109/utt6,EAQ101002
MELD,MELD/train/dia109/utt7,EAQ101003
MELD,MELD/train/dia109/utt8,EAQ101004
MELD,MELD/train/dia109/utt9,EAQ101005
MELD,MELD/train/dia109/utt10,EAQ101006
MELD,MELD/train/dia109/utt11,EAQ101007
MELD,MELD/train/dia109/utt12,EAQ101008
MELD,MELD/train/dia109/utt13,EAQ101009
MELD,MELD/train/dia109/utt14,EAQ101010
MELD,MELD/train/dia109/utt15,EAQ101011
MELD,MELD/train/dia109/utt16,EAQ101012
MELD,MELD/train/dia109/utt17,EAQ101013
MELD,MELD/train/dia109/utt18,EAQ101014
MELD,MELD/train/dia109/utt19,EAQ101015
MELD,MELD/train/dia109/utt20,EAQ101016
MELD,MELD/train/dia109/utt21,EAQ101017
MELD,MELD/train/dia110/utt0,EAQ101018
MELD,MELD/train/dia110/utt1,EAQ101019
MELD,MELD/train/dia110/utt2,EAQ101020
MELD,MELD/train/dia110/utt3,EAQ101021
MELD,MELD/train/dia110/utt4,EAQ101022
MELD,MELD/train/dia110/utt5,EAQ101023
MELD,MELD/train/dia111/utt0,EAQ101024
MELD,MELD/train/dia111/utt1,EAQ101025
MELD,MELD/train/dia111/utt2,EAQ101026
MELD,MELD/train/dia111/utt3,EAQ101027
MELD,MELD/train/dia111/utt4,EAQ101028
MELD,MELD/train/dia111/utt5,EAQ101029
MELD,MELD/train/dia111/utt6,EAQ101030
MELD,MELD/train/dia111/utt7,EAQ101031
MELD,MELD/train/dia111/utt8,EAQ101032
MELD,MELD/train/dia111/utt9,EAQ101033
MELD,MELD/train/dia111/utt10,EAQ101034
MELD,MELD/train/dia111/utt11,EAQ101035
MELD,MELD/train/dia111/utt12,EAQ101036
MELD,MELD/train/dia111/utt13,EAQ101037
MELD,MELD/train/dia111/utt14,EAQ101038
MELD,MELD/train/dia111/utt15,EAQ101039
MELD,MELD/train/dia111/utt16,EAQ101040
MELD,MELD/train/dia111/utt17,EAQ101041
MELD,MELD/train/dia112/utt0,EAQ101042
MELD,MELD/train/dia112/utt1,EAQ101043
MELD,MELD/train/dia112/utt2,EAQ101044
MELD,MELD/train/dia112/utt3,EAQ101045
MELD,MELD/train/dia112/utt4,EAQ101046
MELD,MELD/train/dia113/utt0,EAQ101047
MELD,MELD/train/dia113/utt1,EAQ101048
MELD,MELD/train/dia113/utt2,EAQ101049
MELD,MELD/train/dia113/utt3,EAQ101050
MELD,MELD/train/dia113/utt4,EAQ101051
MELD,MELD/train/dia113/utt5,EAQ101052
MELD,MELD/train/dia113/utt6,EAQ101053
MELD,MELD/train/dia113/utt7,EAQ101054
MELD,MELD/train/dia113/utt8,EAQ101055
MELD,MELD/train/dia113/utt9,EAQ101056
MELD,MELD/train/dia113/utt10,EAQ101057
MELD,MELD/train/dia114/utt0,EAQ101058
MELD,MELD/train/dia114/utt1,EAQ101059
MELD,MELD/train/dia114/utt2,EAQ101060
MELD,MELD/train/dia114/utt3,EAQ101061
MELD,MELD/train/dia114/utt4,EAQ101062
MELD,MELD/train/dia115/utt0,EAQ101063
MELD,MELD/train/dia115/utt1,EAQ101064
MELD,MELD/train/dia115/utt2,EAQ101065
MELD,MELD/train/dia115/utt3,EAQ101066
MELD,MELD/train/dia115/utt4,EAQ101067
MELD,MELD/train/dia115/utt5,EAQ101068
MELD,MELD/train/dia115/utt6,EAQ101069
MELD,MELD/train/dia115/utt7,EAQ101070
MELD,MELD/train/dia116/utt0,EAQ101071
MELD,MELD/train/dia116/utt1,EAQ101072
MELD,MELD/train/dia116/utt2,EAQ101073
MELD,MELD/train/dia116/utt3,EAQ101074
MELD,MELD/train/dia116/utt4,EAQ101075
MELD,MELD/train/dia116/utt5,EAQ101076
MELD,MELD/train/dia116/utt6,EAQ101077
MELD,MELD/train/dia116/utt7,EAQ101078
MELD,MELD/train/dia117/utt0,EAQ101079
MELD,MELD/train/dia117/utt1,EAQ101080
MELD,MELD/train/dia117/utt2,EAQ101081
MELD,MELD/train/dia117/utt3,EAQ101082
MELD,MELD/train/dia118/utt0,EAQ101083
MELD,MELD/train/dia118/utt1,EAQ101084
MELD,MELD/train/dia118/utt2,EAQ101085
MELD,MELD/train/dia118/utt3,EAQ101086
MELD,MELD/train/dia118/utt4,EAQ101087
MELD,MELD/train/dia118/utt5,EAQ101088
MELD,MELD/train/dia119/utt0,EAQ101089
MELD,MELD/train/dia119/utt1,EAQ101090
MELD,MELD/train/dia119/utt2,EAQ101091
MELD,MELD/train/dia119/utt3,EAQ101092
MELD,MELD/train/dia119/utt4,EAQ101093
MELD,MELD/train/dia119/utt5,EAQ101094
MELD,MELD/train/dia119/utt6,EAQ101095
MELD,MELD/train/dia119/utt7,EAQ101096
MELD,MELD/train/dia119/utt8,EAQ101097
MELD,MELD/train/dia119/utt9,EAQ101098
MELD,MELD/train/dia119/utt10,EAQ101099
MELD,MELD/train/dia119/utt11,EAQ101100
MELD,MELD/train/dia119/utt12,EAQ101101
MELD,MELD/train/dia120/utt0,EAQ101102
MELD,MELD/train/dia120/utt1,EAQ101103
MELD,MELD/train/dia120/utt2,EAQ101104
MELD,MELD/train/dia120/utt3,EAQ101105
MELD,MELD/train/dia120/utt4,EAQ101106
MELD,MELD/train/dia120/utt7,EAQ101107
MELD,MELD/train/dia120/utt8,EAQ101108
MELD,MELD/train/dia120/utt9,EAQ101109
MELD,MELD/train/dia120/utt10,EAQ101110
MELD,MELD/train/dia120/utt11,EAQ101111
MELD,MELD/train/dia120/utt12,EAQ101112
MELD,MELD/train/dia120/utt13,EAQ101113
MELD,MELD/train/dia120/utt14,EAQ101114
MELD,MELD/train/dia120/utt15,EAQ101115
MELD,MELD/train/dia121/utt0,EAQ101116
MELD,MELD/train/dia121/utt1,EAQ101117
MELD,MELD/train/dia121/utt2,EAQ101118
MELD,MELD/train/dia121/utt4,EAQ101119
MELD,MELD/train/dia121/utt5,EAQ101120
MELD,MELD/train/dia121/utt6,EAQ101121
MELD,MELD/train/dia121/utt7,EAQ101122
MELD,MELD/train/dia122/utt0,EAQ101123
MELD,MELD/train/dia122/utt1,EAQ101124
MELD,MELD/train/dia122/utt2,EAQ101125
MELD,MELD/train/dia122/utt3,EAQ101126
MELD,MELD/train/dia122/utt4,EAQ101127
MELD,MELD/train/dia122/utt5,EAQ101128
MELD,MELD/train/dia122/utt6,EAQ101129
MELD,MELD/train/dia122/utt7,EAQ101130
MELD,MELD/train/dia122/utt8,EAQ101131
MELD,MELD/train/dia122/utt9,EAQ101132
MELD,MELD/train/dia122/utt10,EAQ101133
MELD,MELD/train/dia122/utt11,EAQ101134
MELD,MELD/train/dia122/utt12,EAQ101135
MELD,MELD/train/dia122/utt13,EAQ101136
MELD,MELD/train/dia122/utt14,EAQ101137
MELD,MELD/train/dia122/utt15,EAQ101138
MELD,MELD/train/dia123/utt0,EAQ101139
MELD,MELD/train/dia123/utt1,EAQ101140
MELD,MELD/train/dia123/utt2,EAQ101141
MELD,MELD/train/dia123/utt3,EAQ101142
MELD,MELD/train/dia123/utt4,EAQ101143
MELD,MELD/train/dia123/utt5,EAQ101144
MELD,MELD/train/dia123/utt6,EAQ101145
MELD,MELD/train/dia123/utt7,EAQ101146
MELD,MELD/train/dia123/utt8,EAQ101147
MELD,MELD/train/dia123/utt9,EAQ101148
MELD,MELD/train/dia123/utt10,EAQ101149
MELD,MELD/train/dia124/utt0,EAQ101150
MELD,MELD/train/dia124/utt1,EAQ101151
MELD,MELD/train/dia124/utt2,EAQ101152
MELD,MELD/train/dia124/utt3,EAQ101153
MELD,MELD/train/dia124/utt4,EAQ101154
MELD,MELD/train/dia124/utt5,EAQ101155
MELD,MELD/train/dia124/utt6,EAQ101156
MELD,MELD/train/dia124/utt7,EAQ101157
MELD,MELD/train/dia124/utt8,EAQ101158
MELD,MELD/train/dia124/utt9,EAQ101159
MELD,MELD/train/dia124/utt10,EAQ101160
MELD,MELD/train/dia124/utt11,EAQ101161
MELD,MELD/train/dia125/utt0,EAQ101162
MELD,MELD/train/dia125/utt1,EAQ101163
MELD,MELD/train/dia125/utt2,EAQ101164
MELD,MELD/train/dia125/utt3,EAQ101165
MELD,MELD/train/dia125/utt4,EAQ101166
MELD,MELD/train/dia125/utt5,EAQ101167
MELD,MELD/train/dia125/utt6,EAQ101168
MELD,MELD/train/dia125/utt7,EAQ101169
MELD,MELD/train/dia125/utt8,EAQ101170
MELD,MELD/train/dia126/utt0,EAQ101171
MELD,MELD/train/dia126/utt1,EAQ101172
MELD,MELD/train/dia126/utt2,EAQ101173
MELD,MELD/train/dia126/utt3,EAQ101174
MELD,MELD/train/dia126/utt4,EAQ101175
MELD,MELD/train/dia126/utt5,EAQ101176
MELD,MELD/train/dia126/utt6,EAQ101177
MELD,MELD/train/dia126/utt7,EAQ101178
MELD,MELD/train/dia126/utt8,EAQ101179
MELD,MELD/train/dia126/utt9,EAQ101180
MELD,MELD/train/dia126/utt10,EAQ101181
MELD,MELD/train/dia126/utt11,EAQ101182
MELD,MELD/train/dia126/utt12,EAQ101183
MELD,MELD/train/dia127/utt0,EAQ101184
MELD,MELD/train/dia127/utt1,EAQ101185
MELD,MELD/train/dia127/utt2,EAQ101186
MELD,MELD/train/dia127/utt3,EAQ101187
MELD,MELD/train/dia127/utt4,EAQ101188
MELD,MELD/train/dia128/utt0,EAQ101189
MELD,MELD/train/dia128/utt1,EAQ101190
MELD,MELD/train/dia128/utt2,EAQ101191
MELD,MELD/train/dia128/utt3,EAQ101192
MELD,MELD/train/dia128/utt4,EAQ101193
MELD,MELD/train/dia128/utt5,EAQ101194
MELD,MELD/train/dia128/utt6,EAQ101195
MELD,MELD/train/dia128/utt7,EAQ101196
MELD,MELD/train/dia128/utt8,EAQ101197
MELD,MELD/train/dia128/utt9,EAQ101198
MELD,MELD/train/dia129/utt0,EAQ101199
MELD,MELD/train/dia129/utt1,EAQ101200
MELD,MELD/train/dia129/utt2,EAQ101201
MELD,MELD/train/dia129/utt3,EAQ101202
MELD,MELD/train/dia129/utt4,EAQ101203
MELD,MELD/train/dia129/utt5,EAQ101204
MELD,MELD/train/dia129/utt6,EAQ101205
MELD,MELD/train/dia129/utt7,EAQ101206
MELD,MELD/train/dia129/utt8,EAQ101207
MELD,MELD/train/dia129/utt9,EAQ101208
MELD,MELD/train/dia129/utt10,EAQ101209
MELD,MELD/train/dia129/utt11,EAQ101210
MELD,MELD/train/dia129/utt12,EAQ101211
MELD,MELD/train/dia129/utt13,EAQ101212
MELD,MELD/train/dia129/utt14,EAQ101213
MELD,MELD/train/dia130/utt0,EAQ101214
MELD,MELD/train/dia130/utt1,EAQ101215
MELD,MELD/train/dia130/utt2,EAQ101216
MELD,MELD/train/dia130/utt3,EAQ101217
MELD,MELD/train/dia130/utt4,EAQ101218
MELD,MELD/train/dia130/utt5,EAQ101219
MELD,MELD/train/dia130/utt6,EAQ101220
MELD,MELD/train/dia130/utt7,EAQ101221
MELD,MELD/train/dia130/utt8,EAQ101222
MELD,MELD/train/dia130/utt9,EAQ101223
MELD,MELD/train/dia130/utt10,EAQ101224
MELD,MELD/train/dia130/utt11,EAQ101225
MELD,MELD/train/dia130/utt12,EAQ101226
MELD,MELD/train/dia130/utt13,EAQ101227
MELD,MELD/train/dia130/utt14,EAQ101228
MELD,MELD/train/dia130/utt15,EAQ101229
MELD,MELD/train/dia130/utt16,EAQ101230
MELD,MELD/train/dia130/utt17,EAQ101231
MELD,MELD/train/dia131/utt0,EAQ101232
MELD,MELD/train/dia131/utt1,EAQ101233
MELD,MELD/train/dia131/utt2,EAQ101234
MELD,MELD/train/dia132/utt0,EAQ101235
MELD,MELD/train/dia132/utt1,EAQ101236
MELD,MELD/train/dia132/utt2,EAQ101237
MELD,MELD/train/dia132/utt3,EAQ101238
MELD,MELD/train/dia132/utt4,EAQ101239
MELD,MELD/train/dia132/utt5,EAQ101240
MELD,MELD/train/dia132/utt6,EAQ101241
MELD,MELD/train/dia132/utt7,EAQ101242
MELD,MELD/train/dia132/utt8,EAQ101243
MELD,MELD/train/dia132/utt9,EAQ101244
MELD,MELD/train/dia132/utt10,EAQ101245
MELD,MELD/train/dia133/utt0,EAQ101246
MELD,MELD/train/dia134/utt0,EAQ101247
MELD,MELD/train/dia135/utt0,EAQ101248
MELD,MELD/train/dia135/utt1,EAQ101249
MELD,MELD/train/dia135/utt2,EAQ101250
MELD,MELD/train/dia135/utt4,EAQ101251
MELD,MELD/train/dia135/utt5,EAQ101252
MELD,MELD/train/dia135/utt6,EAQ101253
MELD,MELD/train/dia135/utt7,EAQ101254
MELD,MELD/train/dia135/utt8,EAQ101255
MELD,MELD/train/dia136/utt0,EAQ101256
MELD,MELD/train/dia136/utt1,EAQ101257
MELD,MELD/train/dia136/utt2,EAQ101258
MELD,MELD/train/dia136/utt4,EAQ101259
MELD,MELD/train/dia136/utt5,EAQ101260
MELD,MELD/train/dia137/utt0,EAQ101261
MELD,MELD/train/dia137/utt1,EAQ101262
MELD,MELD/train/dia137/utt2,EAQ101263
MELD,MELD/train/dia137/utt3,EAQ101264
MELD,MELD/train/dia137/utt4,EAQ101265
MELD,MELD/train/dia137/utt5,EAQ101266
MELD,MELD/train/dia137/utt6,EAQ101267
MELD,MELD/train/dia137/utt7,EAQ101268
MELD,MELD/train/dia138/utt0,EAQ101269
MELD,MELD/train/dia138/utt1,EAQ101270
MELD,MELD/train/dia138/utt2,EAQ101271
MELD,MELD/train/dia138/utt3,EAQ101272
MELD,MELD/train/dia138/utt4,EAQ101273
MELD,MELD/train/dia138/utt5,EAQ101274
MELD,MELD/train/dia138/utt6,EAQ101275
MELD,MELD/train/dia138/utt7,EAQ101276
MELD,MELD/train/dia138/utt8,EAQ101277
MELD,MELD/train/dia138/utt9,EAQ101278
MELD,MELD/train/dia138/utt10,EAQ101279
MELD,MELD/train/dia138/utt11,EAQ101280
MELD,MELD/train/dia138/utt12,EAQ101281
MELD,MELD/train/dia138/utt13,EAQ101282
MELD,MELD/train/dia138/utt14,EAQ101283
MELD,MELD/train/dia138/utt15,EAQ101284
MELD,MELD/train/dia138/utt16,EAQ101285
MELD,MELD/train/dia139/utt0,EAQ101286
MELD,MELD/train/dia139/utt1,EAQ101287
MELD,MELD/train/dia139/utt2,EAQ101288
MELD,MELD/train/dia139/utt3,EAQ101289
MELD,MELD/train/dia139/utt4,EAQ101290
MELD,MELD/train/dia139/utt5,EAQ101291
MELD,MELD/train/dia140/utt0,EAQ101292
MELD,MELD/train/dia140/utt1,EAQ101293
MELD,MELD/train/dia140/utt2,EAQ101294
MELD,MELD/train/dia141/utt0,EAQ101295
MELD,MELD/train/dia141/utt1,EAQ101296
MELD,MELD/train/dia141/utt2,EAQ101297
MELD,MELD/train/dia141/utt3,EAQ101298
MELD,MELD/train/dia141/utt4,EAQ101299
MELD,MELD/train/dia141/utt5,EAQ101300
MELD,MELD/train/dia141/utt6,EAQ101301
MELD,MELD/train/dia141/utt7,EAQ101302
MELD,MELD/train/dia142/utt0,EAQ101303
MELD,MELD/train/dia142/utt1,EAQ101304
MELD,MELD/train/dia143/utt0,EAQ101305
MELD,MELD/train/dia143/utt1,EAQ101306
MELD,MELD/train/dia143/utt2,EAQ101307
MELD,MELD/train/dia143/utt3,EAQ101308
MELD,MELD/train/dia143/utt4,EAQ101309
MELD,MELD/train/dia144/utt0,EAQ101310
MELD,MELD/train/dia144/utt1,EAQ101311
MELD,MELD/train/dia144/utt2,EAQ101312
MELD,MELD/train/dia144/utt3,EAQ101313
MELD,MELD/train/dia144/utt4,EAQ101314
MELD,MELD/train/dia144/utt5,EAQ101315
MELD,MELD/train/dia145/utt0,EAQ101316
MELD,MELD/train/dia145/utt1,EAQ101317
MELD,MELD/train/dia145/utt2,EAQ101318
MELD,MELD/train/dia145/utt3,EAQ101319
MELD,MELD/train/dia145/utt4,EAQ101320
MELD,MELD/train/dia145/utt5,EAQ101321
MELD,MELD/train/dia145/utt6,EAQ101322
MELD,MELD/train/dia145/utt7,EAQ101323
MELD,MELD/train/dia145/utt8,EAQ101324
MELD,MELD/train/dia145/utt9,EAQ101325
MELD,MELD/train/dia145/utt10,EAQ101326
MELD,MELD/train/dia145/utt11,EAQ101327
MELD,MELD/train/dia145/utt12,EAQ101328
MELD,MELD/train/dia145/utt13,EAQ101329
MELD,MELD/train/dia145/utt14,EAQ101330
MELD,MELD/train/dia145/utt15,EAQ101331
MELD,MELD/train/dia145/utt16,EAQ101332
MELD,MELD/train/dia145/utt17,EAQ101333
MELD,MELD/train/dia145/utt18,EAQ101334
MELD,MELD/train/dia146/utt0,EAQ101335
MELD,MELD/train/dia146/utt1,EAQ101336
MELD,MELD/train/dia146/utt2,EAQ101337
MELD,MELD/train/dia146/utt3,EAQ101338
MELD,MELD/train/dia146/utt4,EAQ101339
MELD,MELD/train/dia146/utt5,EAQ101340
MELD,MELD/train/dia146/utt6,EAQ101341
MELD,MELD/train/dia146/utt7,EAQ101342
MELD,MELD/train/dia146/utt8,EAQ101343
MELD,MELD/train/dia146/utt9,EAQ101344
MELD,MELD/train/dia146/utt10,EAQ101345
MELD,MELD/train/dia146/utt11,EAQ101346
MELD,MELD/train/dia146/utt12,EAQ101347
MELD,MELD/train/dia147/utt0,EAQ101348
MELD,MELD/train/dia147/utt1,EAQ101349
MELD,MELD/train/dia147/utt2,EAQ101350
MELD,MELD/train/dia147/utt3,EAQ101351
MELD,MELD/train/dia147/utt4,EAQ101352
MELD,MELD/train/dia147/utt5,EAQ101353
MELD,MELD/train/dia147/utt6,EAQ101354
MELD,MELD/train/dia147/utt7,EAQ101355
MELD,MELD/train/dia147/utt8,EAQ101356
MELD,MELD/train/dia147/utt9,EAQ101357
MELD,MELD/train/dia147/utt10,EAQ101358
MELD,MELD/train/dia147/utt11,EAQ101359
MELD,MELD/train/dia148/utt0,EAQ101360
MELD,MELD/train/dia148/utt1,EAQ101361
MELD,MELD/train/dia148/utt2,EAQ101362
MELD,MELD/train/dia148/utt3,EAQ101363
MELD,MELD/train/dia148/utt4,EAQ101364
MELD,MELD/train/dia148/utt5,EAQ101365
MELD,MELD/train/dia148/utt6,EAQ101366
MELD,MELD/train/dia148/utt7,EAQ101367
MELD,MELD/train/dia148/utt8,EAQ101368
MELD,MELD/train/dia148/utt9,EAQ101369
MELD,MELD/train/dia148/utt10,EAQ101370
MELD,MELD/train/dia148/utt11,EAQ101371
MELD,MELD/train/dia148/utt12,EAQ101372
MELD,MELD/train/dia148/utt13,EAQ101373
MELD,MELD/train/dia148/utt14,EAQ101374
MELD,MELD/train/dia148/utt15,EAQ101375
MELD,MELD/train/dia148/utt16,EAQ101376
MELD,MELD/train/dia148/utt17,EAQ101377
MELD,MELD/train/dia148/utt18,EAQ101378
MELD,MELD/train/dia148/utt19,EAQ101379
MELD,MELD/train/dia148/utt20,EAQ101380
MELD,MELD/train/dia149/utt0,EAQ101381
MELD,MELD/train/dia149/utt1,EAQ101382
MELD,MELD/train/dia149/utt2,EAQ101383
MELD,MELD/train/dia149/utt3,EAQ101384
MELD,MELD/train/dia150/utt0,EAQ101385
MELD,MELD/train/dia150/utt1,EAQ101386
MELD,MELD/train/dia150/utt2,EAQ101387
MELD,MELD/train/dia150/utt3,EAQ101388
MELD,MELD/train/dia151/utt0,EAQ101389
MELD,MELD/train/dia151/utt1,EAQ101390
MELD,MELD/train/dia151/utt2,EAQ101391
MELD,MELD/train/dia151/utt3,EAQ101392
MELD,MELD/train/dia151/utt6,EAQ101393
MELD,MELD/train/dia151/utt7,EAQ101394
MELD,MELD/train/dia151/utt8,EAQ101395
MELD,MELD/train/dia151/utt9,EAQ101396
MELD,MELD/train/dia151/utt10,EAQ101397
MELD,MELD/train/dia151/utt11,EAQ101398
MELD,MELD/train/dia151/utt12,EAQ101399
MELD,MELD/train/dia151/utt13,EAQ101400
MELD,MELD/train/dia151/utt15,EAQ101401
MELD,MELD/train/dia151/utt16,EAQ101402
MELD,MELD/train/dia151/utt17,EAQ101403
MELD,MELD/train/dia152/utt0,EAQ101404
MELD,MELD/train/dia152/utt1,EAQ101405
MELD,MELD/train/dia152/utt4,EAQ101406
MELD,MELD/train/dia152/utt5,EAQ101407
MELD,MELD/train/dia152/utt6,EAQ101408
MELD,MELD/train/dia152/utt7,EAQ101409
MELD,MELD/train/dia152/utt8,EAQ101410
MELD,MELD/train/dia152/utt9,EAQ101411
MELD,MELD/train/dia152/utt10,EAQ101412
MELD,MELD/train/dia152/utt11,EAQ101413
MELD,MELD/train/dia153/utt0,EAQ101414
MELD,MELD/train/dia153/utt1,EAQ101415
MELD,MELD/train/dia153/utt2,EAQ101416
MELD,MELD/train/dia153/utt3,EAQ101417
MELD,MELD/train/dia153/utt4,EAQ101418
MELD,MELD/train/dia153/utt5,EAQ101419
MELD,MELD/train/dia153/utt6,EAQ101420
MELD,MELD/train/dia153/utt7,EAQ101421
MELD,MELD/train/dia153/utt8,EAQ101422
MELD,MELD/train/dia153/utt9,EAQ101423
MELD,MELD/train/dia153/utt10,EAQ101424
MELD,MELD/train/dia153/utt11,EAQ101425
MELD,MELD/train/dia153/utt12,EAQ101426
MELD,MELD/train/dia154/utt0,EAQ101427
MELD,MELD/train/dia154/utt1,EAQ101428
MELD,MELD/train/dia154/utt2,EAQ101429
MELD,MELD/train/dia154/utt3,EAQ101430
MELD,MELD/train/dia154/utt4,EAQ101431
MELD,MELD/train/dia154/utt5,EAQ101432
MELD,MELD/train/dia154/utt6,EAQ101433
MELD,MELD/train/dia154/utt7,EAQ101434
MELD,MELD/train/dia154/utt8,EAQ101435
MELD,MELD/train/dia155/utt0,EAQ101436
MELD,MELD/train/dia155/utt1,EAQ101437
MELD,MELD/train/dia155/utt2,EAQ101438
MELD,MELD/train/dia155/utt3,EAQ101439
MELD,MELD/train/dia155/utt4,EAQ101440
MELD,MELD/train/dia155/utt5,EAQ101441
MELD,MELD/train/dia155/utt6,EAQ101442
MELD,MELD/train/dia155/utt7,EAQ101443
MELD,MELD/train/dia155/utt8,EAQ101444
MELD,MELD/train/dia155/utt9,EAQ101445
MELD,MELD/train/dia155/utt10,EAQ101446
MELD,MELD/train/dia155/utt11,EAQ101447
MELD,MELD/train/dia155/utt12,EAQ101448
MELD,MELD/train/dia156/utt0,EAQ101449
MELD,MELD/train/dia156/utt1,EAQ101450
MELD,MELD/train/dia156/utt2,EAQ101451
MELD,MELD/train/dia156/utt3,EAQ101452
MELD,MELD/train/dia156/utt4,EAQ101453
MELD,MELD/train/dia156/utt5,EAQ101454
MELD,MELD/train/dia156/utt6,EAQ101455
MELD,MELD/train/dia156/utt7,EAQ101456
MELD,MELD/train/dia156/utt8,EAQ101457
MELD,MELD/train/dia156/utt9,EAQ101458
MELD,MELD/train/dia156/utt10,EAQ101459
MELD,MELD/train/dia156/utt11,EAQ101460
MELD,MELD/train/dia157/utt0,EAQ101461
MELD,MELD/train/dia157/utt1,EAQ101462
MELD,MELD/train/dia157/utt2,EAQ101463
MELD,MELD/train/dia158/utt1,EAQ101464
MELD,MELD/train/dia158/utt2,EAQ101465
MELD,MELD/train/dia158/utt3,EAQ101466
MELD,MELD/train/dia158/utt4,EAQ101467
MELD,MELD/train/dia158/utt6,EAQ101468
MELD,MELD/train/dia158/utt7,EAQ101469
MELD,MELD/train/dia158/utt8,EAQ101470
MELD,MELD/train/dia159/utt0,EAQ101471
MELD,MELD/train/dia159/utt1,EAQ101472
MELD,MELD/train/dia159/utt2,EAQ101473
MELD,MELD/train/dia159/utt3,EAQ101474
MELD,MELD/train/dia159/utt4,EAQ101475
MELD,MELD/train/dia159/utt5,EAQ101476
MELD,MELD/train/dia159/utt6,EAQ101477
MELD,MELD/train/dia159/utt7,EAQ101478
MELD,MELD/train/dia159/utt8,EAQ101479
MELD,MELD/train/dia159/utt9,EAQ101480
MELD,MELD/train/dia160/utt0,EAQ101481
MELD,MELD/train/dia160/utt1,EAQ101482
MELD,MELD/train/dia160/utt2,EAQ101483
MELD,MELD/train/dia160/utt3,EAQ101484
MELD,MELD/train/dia160/utt4,EAQ101485
MELD,MELD/train/dia160/utt5,EAQ101486
MELD,MELD/train/dia160/utt6,EAQ101487
MELD,MELD/train/dia160/utt7,EAQ101488
MELD,MELD/train/dia160/utt8,EAQ101489
MELD,MELD/train/dia160/utt10,EAQ101490
MELD,MELD/train/dia160/utt11,EAQ101491
MELD,MELD/train/dia160/utt12,EAQ101492
MELD,MELD/train/dia160/utt13,EAQ101493
MELD,MELD/train/dia160/utt14,EAQ101494
MELD,MELD/train/dia160/utt15,EAQ101495
MELD,MELD/train/dia160/utt16,EAQ101496
MELD,MELD/train/dia160/utt17,EAQ101497
MELD,MELD/train/dia160/utt18,EAQ101498
MELD,MELD/train/dia161/utt0,EAQ101499
MELD,MELD/train/dia161/utt1,EAQ101500
MELD,MELD/train/dia161/utt2,EAQ101501
MELD,MELD/train/dia161/utt3,EAQ101502
MELD,MELD/train/dia161/utt4,EAQ101503
MELD,MELD/train/dia161/utt5,EAQ101504
MELD,MELD/train/dia162/utt0,EAQ101505
MELD,MELD/train/dia162/utt1,EAQ101506
MELD,MELD/train/dia163/utt0,EAQ101507
MELD,MELD/train/dia163/utt1,EAQ101508
MELD,MELD/train/dia163/utt2,EAQ101509
MELD,MELD/train/dia163/utt3,EAQ101510
MELD,MELD/train/dia163/utt4,EAQ101511
MELD,MELD/train/dia163/utt5,EAQ101512
MELD,MELD/train/dia163/utt6,EAQ101513
MELD,MELD/train/dia163/utt7,EAQ101514
MELD,MELD/train/dia163/utt8,EAQ101515
MELD,MELD/train/dia163/utt9,EAQ101516
MELD,MELD/train/dia163/utt10,EAQ101517
MELD,MELD/train/dia164/utt0,EAQ101518
MELD,MELD/train/dia164/utt1,EAQ101519
MELD,MELD/train/dia164/utt2,EAQ101520
MELD,MELD/train/dia164/utt3,EAQ101521
MELD,MELD/train/dia164/utt4,EAQ101522
MELD,MELD/train/dia164/utt5,EAQ101523
MELD,MELD/train/dia164/utt6,EAQ101524
MELD,MELD/train/dia164/utt7,EAQ101525
MELD,MELD/train/dia164/utt8,EAQ101526
MELD,MELD/train/dia164/utt9,EAQ101527
MELD,MELD/train/dia165/utt0,EAQ101528
MELD,MELD/train/dia165/utt1,EAQ101529
MELD,MELD/train/dia165/utt2,EAQ101530
MELD,MELD/train/dia165/utt3,EAQ101531
MELD,MELD/train/dia165/utt4,EAQ101532
MELD,MELD/train/dia165/utt5,EAQ101533
MELD,MELD/train/dia165/utt6,EAQ101534
MELD,MELD/train/dia165/utt7,EAQ101535
MELD,MELD/train/dia165/utt8,EAQ101536
MELD,MELD/train/dia165/utt9,EAQ101537
MELD,MELD/train/dia165/utt10,EAQ101538
MELD,MELD/train/dia165/utt11,EAQ101539
MELD,MELD/train/dia165/utt12,EAQ101540
MELD,MELD/train/dia165/utt13,EAQ101541
MELD,MELD/train/dia165/utt14,EAQ101542
MELD,MELD/train/dia165/utt15,EAQ101543
MELD,MELD/train/dia165/utt16,EAQ101544
MELD,MELD/train/dia165/utt17,EAQ101545
MELD,MELD/train/dia165/utt18,EAQ101546
MELD,MELD/train/dia165/utt19,EAQ101547
MELD,MELD/train/dia166/utt0,EAQ101548
MELD,MELD/train/dia166/utt1,EAQ101549
MELD,MELD/train/dia166/utt2,EAQ101550
MELD,MELD/train/dia167/utt0,EAQ101551
MELD,MELD/train/dia167/utt1,EAQ101552
MELD,MELD/train/dia167/utt2,EAQ101553
MELD,MELD/train/dia167/utt3,EAQ101554
MELD,MELD/train/dia167/utt4,EAQ101555
MELD,MELD/train/dia167/utt5,EAQ101556
MELD,MELD/train/dia167/utt6,EAQ101557
MELD,MELD/train/dia167/utt7,EAQ101558
MELD,MELD/train/dia167/utt8,EAQ101559
MELD,MELD/train/dia167/utt9,EAQ101560
MELD,MELD/train/dia167/utt10,EAQ101561
MELD,MELD/train/dia167/utt11,EAQ101562
MELD,MELD/train/dia167/utt12,EAQ101563
MELD,MELD/train/dia168/utt0,EAQ101564
MELD,MELD/train/dia168/utt1,EAQ101565
MELD,MELD/train/dia168/utt2,EAQ101566
MELD,MELD/train/dia168/utt3,EAQ101567
MELD,MELD/train/dia168/utt4,EAQ101568
MELD,MELD/train/dia168/utt5,EAQ101569
MELD,MELD/train/dia168/utt6,EAQ101570
MELD,MELD/train/dia168/utt7,EAQ101571
MELD,MELD/train/dia168/utt8,EAQ101572
MELD,MELD/train/dia168/utt9,EAQ101573
MELD,MELD/train/dia168/utt10,EAQ101574
MELD,MELD/train/dia168/utt11,EAQ101575
MELD,MELD/train/dia168/utt12,EAQ101576
MELD,MELD/train/dia168/utt13,EAQ101577
MELD,MELD/train/dia168/utt14,EAQ101578
MELD,MELD/train/dia169/utt0,EAQ101579
MELD,MELD/train/dia169/utt1,EAQ101580
MELD,MELD/train/dia169/utt2,EAQ101581
MELD,MELD/train/dia170/utt0,EAQ101582
MELD,MELD/train/dia170/utt1,EAQ101583
MELD,MELD/train/dia170/utt2,EAQ101584
MELD,MELD/train/dia170/utt3,EAQ101585
MELD,MELD/train/dia170/utt4,EAQ101586
MELD,MELD/train/dia170/utt5,EAQ101587
MELD,MELD/train/dia170/utt6,EAQ101588
MELD,MELD/train/dia170/utt7,EAQ101589
MELD,MELD/train/dia170/utt8,EAQ101590
MELD,MELD/train/dia170/utt9,EAQ101591
MELD,MELD/train/dia170/utt10,EAQ101592
MELD,MELD/train/dia170/utt11,EAQ101593
MELD,MELD/train/dia171/utt0,EAQ101594
MELD,MELD/train/dia171/utt1,EAQ101595
MELD,MELD/train/dia171/utt2,EAQ101596
MELD,MELD/train/dia171/utt3,EAQ101597
MELD,MELD/train/dia171/utt4,EAQ101598
MELD,MELD/train/dia171/utt5,EAQ101599
MELD,MELD/train/dia171/utt6,EAQ101600
MELD,MELD/train/dia171/utt7,EAQ101601
MELD,MELD/train/dia172/utt0,EAQ101602
MELD,MELD/train/dia172/utt1,EAQ101603
MELD,MELD/train/dia172/utt3,EAQ101604
MELD,MELD/train/dia172/utt4,EAQ101605
MELD,MELD/train/dia172/utt5,EAQ101606
MELD,MELD/train/dia172/utt6,EAQ101607
MELD,MELD/train/dia172/utt7,EAQ101608
MELD,MELD/train/dia172/utt8,EAQ101609
MELD,MELD/train/dia172/utt10,EAQ101610
MELD,MELD/train/dia173/utt0,EAQ101611
MELD,MELD/train/dia173/utt1,EAQ101612
MELD,MELD/train/dia173/utt2,EAQ101613
MELD,MELD/train/dia173/utt3,EAQ101614
MELD,MELD/train/dia173/utt4,EAQ101615
MELD,MELD/train/dia173/utt5,EAQ101616
MELD,MELD/train/dia173/utt6,EAQ101617
MELD,MELD/train/dia173/utt7,EAQ101618
MELD,MELD/train/dia173/utt8,EAQ101619
MELD,MELD/train/dia173/utt10,EAQ101620
MELD,MELD/train/dia174/utt0,EAQ101621
MELD,MELD/train/dia174/utt1,EAQ101622
MELD,MELD/train/dia174/utt2,EAQ101623
MELD,MELD/train/dia174/utt3,EAQ101624
MELD,MELD/train/dia174/utt4,EAQ101625
MELD,MELD/train/dia174/utt5,EAQ101626
MELD,MELD/train/dia174/utt6,EAQ101627
MELD,MELD/train/dia174/utt7,EAQ101628
MELD,MELD/train/dia175/utt0,EAQ101629
MELD,MELD/train/dia175/utt1,EAQ101630
MELD,MELD/train/dia175/utt2,EAQ101631
MELD,MELD/train/dia175/utt3,EAQ101632
MELD,MELD/train/dia175/utt4,EAQ101633
MELD,MELD/train/dia175/utt5,EAQ101634
MELD,MELD/train/dia175/utt6,EAQ101635
MELD,MELD/train/dia175/utt7,EAQ101636
MELD,MELD/train/dia175/utt8,EAQ101637
MELD,MELD/train/dia175/utt9,EAQ101638
MELD,MELD/train/dia175/utt10,EAQ101639
MELD,MELD/train/dia175/utt11,EAQ101640
MELD,MELD/train/dia176/utt0,EAQ101641
MELD,MELD/train/dia176/utt1,EAQ101642
MELD,MELD/train/dia176/utt2,EAQ101643
MELD,MELD/train/dia176/utt4,EAQ101644
MELD,MELD/train/dia176/utt5,EAQ101645
MELD,MELD/train/dia176/utt6,EAQ101646
MELD,MELD/train/dia176/utt7,EAQ101647
MELD,MELD/train/dia176/utt8,EAQ101648
MELD,MELD/train/dia176/utt9,EAQ101649
MELD,MELD/train/dia176/utt10,EAQ101650
MELD,MELD/train/dia177/utt0,EAQ101651
MELD,MELD/train/dia177/utt1,EAQ101652
MELD,MELD/train/dia177/utt2,EAQ101653
MELD,MELD/train/dia177/utt3,EAQ101654
MELD,MELD/train/dia177/utt4,EAQ101655
MELD,MELD/train/dia177/utt5,EAQ101656
MELD,MELD/train/dia177/utt6,EAQ101657
MELD,MELD/train/dia177/utt7,EAQ101658
MELD,MELD/train/dia177/utt8,EAQ101659
MELD,MELD/train/dia177/utt9,EAQ101660
MELD,MELD/train/dia177/utt10,EAQ101661
MELD,MELD/train/dia178/utt0,EAQ101662
MELD,MELD/train/dia178/utt1,EAQ101663
MELD,MELD/train/dia178/utt2,EAQ101664
MELD,MELD/train/dia179/utt0,EAQ101665
MELD,MELD/train/dia179/utt1,EAQ101666
MELD,MELD/train/dia179/utt2,EAQ101667
MELD,MELD/train/dia179/utt3,EAQ101668
MELD,MELD/train/dia179/utt4,EAQ101669
MELD,MELD/train/dia179/utt5,EAQ101670
MELD,MELD/train/dia179/utt6,EAQ101671
MELD,MELD/train/dia179/utt7,EAQ101672
MELD,MELD/train/dia179/utt8,EAQ101673
MELD,MELD/train/dia179/utt9,EAQ101674
MELD,MELD/train/dia179/utt10,EAQ101675
MELD,MELD/train/dia179/utt11,EAQ101676
MELD,MELD/train/dia179/utt12,EAQ101677
MELD,MELD/train/dia179/utt13,EAQ101678
MELD,MELD/train/dia179/utt14,EAQ101679
MELD,MELD/train/dia179/utt15,EAQ101680
MELD,MELD/train/dia179/utt16,EAQ101681
MELD,MELD/train/dia179/utt17,EAQ101682
MELD,MELD/train/dia179/utt18,EAQ101683
MELD,MELD/train/dia179/utt19,EAQ101684
MELD,MELD/train/dia180/utt0,EAQ101685
MELD,MELD/train/dia180/utt4,EAQ101686
MELD,MELD/train/dia180/utt5,EAQ101687
MELD,MELD/train/dia180/utt6,EAQ101688
MELD,MELD/train/dia180/utt7,EAQ101689
MELD,MELD/train/dia180/utt8,EAQ101690
MELD,MELD/train/dia180/utt9,EAQ101691
MELD,MELD/train/dia180/utt10,EAQ101692
MELD,MELD/train/dia180/utt11,EAQ101693
MELD,MELD/train/dia180/utt12,EAQ101694
MELD,MELD/train/dia180/utt13,EAQ101695
MELD,MELD/train/dia180/utt14,EAQ101696
MELD,MELD/train/dia180/utt15,EAQ101697
MELD,MELD/train/dia181/utt0,EAQ101698
MELD,MELD/train/dia181/utt1,EAQ101699
MELD,MELD/train/dia181/utt2,EAQ101700
MELD,MELD/train/dia181/utt3,EAQ101701
MELD,MELD/train/dia181/utt4,EAQ101702
MELD,MELD/train/dia182/utt0,EAQ101703
MELD,MELD/train/dia182/utt1,EAQ101704
MELD,MELD/train/dia182/utt2,EAQ101705
MELD,MELD/train/dia182/utt3,EAQ101706
MELD,MELD/train/dia182/utt4,EAQ101707
MELD,MELD/train/dia182/utt5,EAQ101708
MELD,MELD/train/dia182/utt6,EAQ101709
MELD,MELD/train/dia182/utt7,EAQ101710
MELD,MELD/train/dia182/utt8,EAQ101711
MELD,MELD/train/dia182/utt9,EAQ101712
MELD,MELD/train/dia182/utt10,EAQ101713
MELD,MELD/train/dia182/utt11,EAQ101714
MELD,MELD/train/dia182/utt12,EAQ101715
MELD,MELD/train/dia182/utt13,EAQ101716
MELD,MELD/train/dia182/utt14,EAQ101717
MELD,MELD/train/dia182/utt15,EAQ101718
MELD,MELD/train/dia183/utt0,EAQ101719
MELD,MELD/train/dia183/utt1,EAQ101720
MELD,MELD/train/dia183/utt2,EAQ101721
MELD,MELD/train/dia183/utt3,EAQ101722
MELD,MELD/train/dia183/utt4,EAQ101723
MELD,MELD/train/dia183/utt5,EAQ101724
MELD,MELD/train/dia183/utt6,EAQ101725
MELD,MELD/train/dia183/utt7,EAQ101726
MELD,MELD/train/dia183/utt8,EAQ101727
MELD,MELD/train/dia183/utt9,EAQ101728
MELD,MELD/train/dia183/utt10,EAQ101729
MELD,MELD/train/dia183/utt11,EAQ101730
MELD,MELD/train/dia183/utt12,EAQ101731
MELD,MELD/train/dia183/utt13,EAQ101732
MELD,MELD/train/dia183/utt14,EAQ101733
MELD,MELD/train/dia183/utt15,EAQ101734
MELD,MELD/train/dia183/utt16,EAQ101735
MELD,MELD/train/dia183/utt17,EAQ101736
MELD,MELD/train/dia183/utt18,EAQ101737
MELD,MELD/train/dia183/utt19,EAQ101738
MELD,MELD/train/dia184/utt0,EAQ101739
MELD,MELD/train/dia184/utt1,EAQ101740
MELD,MELD/train/dia184/utt2,EAQ101741
MELD,MELD/train/dia184/utt3,EAQ101742
MELD,MELD/train/dia184/utt4,EAQ101743
MELD,MELD/train/dia184/utt5,EAQ101744
MELD,MELD/train/dia184/utt6,EAQ101745
MELD,MELD/train/dia184/utt7,EAQ101746
MELD,MELD/train/dia184/utt8,EAQ101747
MELD,MELD/train/dia184/utt9,EAQ101748
MELD,MELD/train/dia184/utt10,EAQ101749
MELD,MELD/train/dia184/utt11,EAQ101750
MELD,MELD/train/dia184/utt12,EAQ101751
MELD,MELD/train/dia184/utt13,EAQ101752
MELD,MELD/train/dia184/utt14,EAQ101753
MELD,MELD/train/dia184/utt15,EAQ101754
MELD,MELD/train/dia184/utt16,EAQ101755
MELD,MELD/train/dia184/utt17,EAQ101756
MELD,MELD/train/dia184/utt18,EAQ101757
MELD,MELD/train/dia184/utt19,EAQ101758
MELD,MELD/train/dia184/utt20,EAQ101759
MELD,MELD/train/dia184/utt21,EAQ101760
MELD,MELD/train/dia185/utt0,EAQ101761
MELD,MELD/train/dia185/utt1,EAQ101762
MELD,MELD/train/dia185/utt2,EAQ101763
MELD,MELD/train/dia185/utt3,EAQ101764
MELD,MELD/train/dia185/utt4,EAQ101765
MELD,MELD/train/dia185/utt5,EAQ101766
MELD,MELD/train/dia185/utt6,EAQ101767
MELD,MELD/train/dia185/utt7,EAQ101768
MELD,MELD/train/dia185/utt8,EAQ101769
MELD,MELD/train/dia185/utt9,EAQ101770
MELD,MELD/train/dia185/utt10,EAQ101771
MELD,MELD/train/dia185/utt11,EAQ101772
MELD,MELD/train/dia185/utt12,EAQ101773
MELD,MELD/train/dia185/utt13,EAQ101774
MELD,MELD/train/dia186/utt0,EAQ101775
MELD,MELD/train/dia186/utt1,EAQ101776
MELD,MELD/train/dia186/utt2,EAQ101777
MELD,MELD/train/dia186/utt3,EAQ101778
MELD,MELD/train/dia186/utt4,EAQ101779
MELD,MELD/train/dia186/utt5,EAQ101780
MELD,MELD/train/dia187/utt0,EAQ101781
MELD,MELD/train/dia187/utt1,EAQ101782
MELD,MELD/train/dia187/utt2,EAQ101783
MELD,MELD/train/dia187/utt3,EAQ101784
MELD,MELD/train/dia187/utt4,EAQ101785
MELD,MELD/train/dia187/utt5,EAQ101786
MELD,MELD/train/dia187/utt6,EAQ101787
MELD,MELD/train/dia187/utt7,EAQ101788
MELD,MELD/train/dia187/utt8,EAQ101789
MELD,MELD/train/dia187/utt9,EAQ101790
MELD,MELD/train/dia188/utt0,EAQ101791
MELD,MELD/train/dia188/utt2,EAQ101792
MELD,MELD/train/dia188/utt3,EAQ101793
MELD,MELD/train/dia188/utt4,EAQ101794
MELD,MELD/train/dia188/utt5,EAQ101795
MELD,MELD/train/dia188/utt6,EAQ101796
MELD,MELD/train/dia189/utt0,EAQ101797
MELD,MELD/train/dia189/utt1,EAQ101798
MELD,MELD/train/dia189/utt2,EAQ101799
MELD,MELD/train/dia189/utt3,EAQ101800
MELD,MELD/train/dia189/utt4,EAQ101801
MELD,MELD/train/dia189/utt5,EAQ101802
MELD,MELD/train/dia189/utt6,EAQ101803
MELD,MELD/train/dia189/utt7,EAQ101804
MELD,MELD/train/dia189/utt8,EAQ101805
MELD,MELD/train/dia189/utt9,EAQ101806
MELD,MELD/train/dia189/utt10,EAQ101807
MELD,MELD/train/dia189/utt12,EAQ101808
MELD,MELD/train/dia189/utt13,EAQ101809
MELD,MELD/train/dia189/utt14,EAQ101810
MELD,MELD/train/dia189/utt15,EAQ101811
MELD,MELD/train/dia190/utt0,EAQ101812
MELD,MELD/train/dia190/utt1,EAQ101813
MELD,MELD/train/dia190/utt2,EAQ101814
MELD,MELD/train/dia190/utt3,EAQ101815
MELD,MELD/train/dia190/utt4,EAQ101816
MELD,MELD/train/dia190/utt5,EAQ101817
MELD,MELD/train/dia190/utt6,EAQ101818
MELD,MELD/train/dia190/utt7,EAQ101819
MELD,MELD/train/dia191/utt0,EAQ101820
MELD,MELD/train/dia191/utt1,EAQ101821
MELD,MELD/train/dia191/utt2,EAQ101822
MELD,MELD/train/dia191/utt3,EAQ101823
MELD,MELD/train/dia191/utt4,EAQ101824
MELD,MELD/train/dia191/utt5,EAQ101825
MELD,MELD/train/dia191/utt6,EAQ101826
MELD,MELD/train/dia192/utt0,EAQ101827
MELD,MELD/train/dia192/utt1,EAQ101828
MELD,MELD/train/dia192/utt2,EAQ101829
MELD,MELD/train/dia192/utt3,EAQ101830
MELD,MELD/train/dia192/utt4,EAQ101831
MELD,MELD/train/dia192/utt5,EAQ101832
MELD,MELD/train/dia192/utt6,EAQ101833
MELD,MELD/train/dia192/utt7,EAQ101834
MELD,MELD/train/dia193/utt0,EAQ101835
MELD,MELD/train/dia193/utt1,EAQ101836
MELD,MELD/train/dia193/utt2,EAQ101837
MELD,MELD/train/dia193/utt3,EAQ101838
MELD,MELD/train/dia193/utt4,EAQ101839
MELD,MELD/train/dia193/utt5,EAQ101840
MELD,MELD/train/dia193/utt6,EAQ101841
MELD,MELD/train/dia193/utt7,EAQ101842
MELD,MELD/train/dia194/utt0,EAQ101843
MELD,MELD/train/dia194/utt1,EAQ101844
MELD,MELD/train/dia195/utt0,EAQ101845
MELD,MELD/train/dia195/utt1,EAQ101846
MELD,MELD/train/dia195/utt2,EAQ101847
MELD,MELD/train/dia195/utt3,EAQ101848
MELD,MELD/train/dia195/utt4,EAQ101849
MELD,MELD/train/dia195/utt5,EAQ101850
MELD,MELD/train/dia195/utt6,EAQ101851
MELD,MELD/train/dia195/utt7,EAQ101852
MELD,MELD/train/dia195/utt8,EAQ101853
MELD,MELD/train/dia195/utt9,EAQ101854
MELD,MELD/train/dia195/utt10,EAQ101855
MELD,MELD/train/dia195/utt11,EAQ101856
MELD,MELD/train/dia195/utt12,EAQ101857
MELD,MELD/train/dia195/utt13,EAQ101858
MELD,MELD/train/dia195/utt14,EAQ101859
MELD,MELD/train/dia195/utt15,EAQ101860
MELD,MELD/train/dia195/utt16,EAQ101861
MELD,MELD/train/dia195/utt17,EAQ101862
MELD,MELD/train/dia195/utt18,EAQ101863
MELD,MELD/train/dia195/utt19,EAQ101864
MELD,MELD/train/dia196/utt0,EAQ101865
MELD,MELD/train/dia196/utt1,EAQ101866
MELD,MELD/train/dia196/utt2,EAQ101867
MELD,MELD/train/dia197/utt0,EAQ101868
MELD,MELD/train/dia197/utt1,EAQ101869
MELD,MELD/train/dia197/utt2,EAQ101870
MELD,MELD/train/dia197/utt3,EAQ101871
MELD,MELD/train/dia197/utt4,EAQ101872
MELD,MELD/train/dia197/utt5,EAQ101873
MELD,MELD/train/dia197/utt6,EAQ101874
MELD,MELD/train/dia197/utt7,EAQ101875
MELD,MELD/train/dia198/utt0,EAQ101876
MELD,MELD/train/dia198/utt1,EAQ101877
MELD,MELD/train/dia198/utt2,EAQ101878
MELD,MELD/train/dia198/utt3,EAQ101879
MELD,MELD/train/dia198/utt4,EAQ101880
MELD,MELD/train/dia198/utt5,EAQ101881
MELD,MELD/train/dia198/utt6,EAQ101882
MELD,MELD/train/dia199/utt0,EAQ101883
MELD,MELD/train/dia199/utt1,EAQ101884
MELD,MELD/train/dia199/utt2,EAQ101885
MELD,MELD/train/dia199/utt3,EAQ101886
MELD,MELD/train/dia199/utt4,EAQ101887
MELD,MELD/train/dia199/utt5,EAQ101888
MELD,MELD/train/dia199/utt6,EAQ101889
MELD,MELD/train/dia199/utt7,EAQ101890
MELD,MELD/train/dia199/utt8,EAQ101891
MELD,MELD/train/dia199/utt9,EAQ101892
MELD,MELD/train/dia199/utt10,EAQ101893
MELD,MELD/train/dia199/utt11,EAQ101894
MELD,MELD/train/dia200/utt0,EAQ101895
MELD,MELD/train/dia200/utt1,EAQ101896
MELD,MELD/train/dia200/utt2,EAQ101897
MELD,MELD/train/dia200/utt3,EAQ101898
MELD,MELD/train/dia200/utt4,EAQ101899
MELD,MELD/train/dia200/utt5,EAQ101900
MELD,MELD/train/dia200/utt6,EAQ101901
MELD,MELD/train/dia200/utt7,EAQ101902
MELD,MELD/train/dia200/utt8,EAQ101903
MELD,MELD/train/dia200/utt9,EAQ101904
MELD,MELD/train/dia201/utt0,EAQ101905
MELD,MELD/train/dia201/utt1,EAQ101906
MELD,MELD/train/dia201/utt2,EAQ101907
MELD,MELD/train/dia201/utt3,EAQ101908
MELD,MELD/train/dia201/utt4,EAQ101909
MELD,MELD/train/dia201/utt5,EAQ101910
MELD,MELD/train/dia201/utt6,EAQ101911
MELD,MELD/train/dia201/utt7,EAQ101912
MELD,MELD/train/dia201/utt8,EAQ101913
MELD,MELD/train/dia201/utt9,EAQ101914
MELD,MELD/train/dia202/utt0,EAQ101915
MELD,MELD/train/dia202/utt1,EAQ101916
MELD,MELD/train/dia202/utt2,EAQ101917
MELD,MELD/train/dia202/utt3,EAQ101918
MELD,MELD/train/dia202/utt4,EAQ101919
MELD,MELD/train/dia202/utt5,EAQ101920
MELD,MELD/train/dia202/utt6,EAQ101921
MELD,MELD/train/dia202/utt7,EAQ101922
MELD,MELD/train/dia202/utt8,EAQ101923
MELD,MELD/train/dia202/utt9,EAQ101924
MELD,MELD/train/dia202/utt12,EAQ101925
MELD,MELD/train/dia202/utt13,EAQ101926
MELD,MELD/train/dia202/utt14,EAQ101927
MELD,MELD/train/dia202/utt15,EAQ101928
MELD,MELD/train/dia202/utt16,EAQ101929
MELD,MELD/train/dia203/utt0,EAQ101930
MELD,MELD/train/dia203/utt1,EAQ101931
MELD,MELD/train/dia203/utt2,EAQ101932
MELD,MELD/train/dia203/utt3,EAQ101933
MELD,MELD/train/dia203/utt4,EAQ101934
MELD,MELD/train/dia203/utt5,EAQ101935
MELD,MELD/train/dia204/utt0,EAQ101936
MELD,MELD/train/dia204/utt1,EAQ101937
MELD,MELD/train/dia204/utt2,EAQ101938
MELD,MELD/train/dia204/utt3,EAQ101939
MELD,MELD/train/dia204/utt4,EAQ101940
MELD,MELD/train/dia204/utt5,EAQ101941
MELD,MELD/train/dia204/utt6,EAQ101942
MELD,MELD/train/dia204/utt7,EAQ101943
MELD,MELD/train/dia204/utt8,EAQ101944
MELD,MELD/train/dia204/utt9,EAQ101945
MELD,MELD/train/dia204/utt10,EAQ101946
MELD,MELD/train/dia204/utt11,EAQ101947
MELD,MELD/train/dia204/utt12,EAQ101948
MELD,MELD/train/dia204/utt13,EAQ101949
MELD,MELD/train/dia205/utt0,EAQ101950
MELD,MELD/train/dia205/utt1,EAQ101951
MELD,MELD/train/dia205/utt2,EAQ101952
MELD,MELD/train/dia205/utt3,EAQ101953
MELD,MELD/train/dia205/utt4,EAQ101954
MELD,MELD/train/dia205/utt5,EAQ101955
MELD,MELD/train/dia205/utt6,EAQ101956
MELD,MELD/train/dia206/utt0,EAQ101957
MELD,MELD/train/dia206/utt1,EAQ101958
MELD,MELD/train/dia206/utt2,EAQ101959
MELD,MELD/train/dia206/utt3,EAQ101960
MELD,MELD/train/dia206/utt4,EAQ101961
MELD,MELD/train/dia206/utt5,EAQ101962
MELD,MELD/train/dia206/utt6,EAQ101963
MELD,MELD/train/dia206/utt7,EAQ101964
MELD,MELD/train/dia206/utt8,EAQ101965
MELD,MELD/train/dia206/utt9,EAQ101966
MELD,MELD/train/dia206/utt10,EAQ101967
MELD,MELD/train/dia206/utt11,EAQ101968
MELD,MELD/train/dia206/utt12,EAQ101969
MELD,MELD/train/dia206/utt13,EAQ101970
MELD,MELD/train/dia206/utt14,EAQ101971
MELD,MELD/train/dia206/utt15,EAQ101972
MELD,MELD/train/dia206/utt16,EAQ101973
MELD,MELD/train/dia206/utt17,EAQ101974
MELD,MELD/train/dia206/utt18,EAQ101975
MELD,MELD/train/dia207/utt0,EAQ101976
MELD,MELD/train/dia207/utt1,EAQ101977
MELD,MELD/train/dia207/utt2,EAQ101978
MELD,MELD/train/dia207/utt3,EAQ101979
MELD,MELD/train/dia207/utt4,EAQ101980
MELD,MELD/train/dia207/utt5,EAQ101981
MELD,MELD/train/dia207/utt6,EAQ101982
MELD,MELD/train/dia207/utt7,EAQ101983
MELD,MELD/train/dia207/utt8,EAQ101984
MELD,MELD/train/dia207/utt9,EAQ101985
MELD,MELD/train/dia207/utt10,EAQ101986
MELD,MELD/train/dia207/utt11,EAQ101987
MELD,MELD/train/dia207/utt12,EAQ101988
MELD,MELD/train/dia207/utt13,EAQ101989
MELD,MELD/train/dia207/utt14,EAQ101990
MELD,MELD/train/dia207/utt15,EAQ101991
MELD,MELD/train/dia207/utt16,EAQ101992
MELD,MELD/train/dia207/utt17,EAQ101993
MELD,MELD/train/dia207/utt18,EAQ101994
MELD,MELD/train/dia207/utt19,EAQ101995
MELD,MELD/train/dia208/utt0,EAQ101996
MELD,MELD/train/dia208/utt1,EAQ101997
MELD,MELD/train/dia208/utt2,EAQ101998
MELD,MELD/train/dia208/utt3,EAQ101999
MELD,MELD/train/dia208/utt4,EAQ102000
MELD,MELD/train/dia208/utt5,EAQ102001
MELD,MELD/train/dia208/utt6,EAQ102002
MELD,MELD/train/dia208/utt7,EAQ102003
MELD,MELD/train/dia208/utt8,EAQ102004
MELD,MELD/train/dia208/utt9,EAQ102005
MELD,MELD/train/dia208/utt10,EAQ102006
MELD,MELD/train/dia208/utt11,EAQ102007
MELD,MELD/train/dia208/utt12,EAQ102008
MELD,MELD/train/dia208/utt14,EAQ102009
MELD,MELD/train/dia208/utt15,EAQ102010
MELD,MELD/train/dia208/utt16,EAQ102011
MELD,MELD/train/dia209/utt0,EAQ102012
MELD,MELD/train/dia210/utt0,EAQ102013
MELD,MELD/train/dia210/utt1,EAQ102014
MELD,MELD/train/dia210/utt2,EAQ102015
MELD,MELD/train/dia210/utt3,EAQ102016
MELD,MELD/train/dia210/utt4,EAQ102017
MELD,MELD/train/dia210/utt5,EAQ102018
MELD,MELD/train/dia210/utt6,EAQ102019
MELD,MELD/train/dia210/utt7,EAQ102020
MELD,MELD/train/dia210/utt8,EAQ102021
MELD,MELD/train/dia210/utt9,EAQ102022
MELD,MELD/train/dia210/utt10,EAQ102023
MELD,MELD/train/dia211/utt0,EAQ102024
MELD,MELD/train/dia211/utt1,EAQ102025
MELD,MELD/train/dia211/utt2,EAQ102026
MELD,MELD/train/dia211/utt3,EAQ102027
MELD,MELD/train/dia211/utt5,EAQ102028
MELD,MELD/train/dia211/utt6,EAQ102029
MELD,MELD/train/dia211/utt7,EAQ102030
MELD,MELD/train/dia211/utt8,EAQ102031
MELD,MELD/train/dia211/utt9,EAQ102032
MELD,MELD/train/dia211/utt10,EAQ102033
MELD,MELD/train/dia211/utt11,EAQ102034
MELD,MELD/train/dia211/utt12,EAQ102035
MELD,MELD/train/dia211/utt13,EAQ102036
MELD,MELD/train/dia211/utt14,EAQ102037
MELD,MELD/train/dia212/utt0,EAQ102038
MELD,MELD/train/dia212/utt1,EAQ102039
MELD,MELD/train/dia212/utt2,EAQ102040
MELD,MELD/train/dia212/utt3,EAQ102041
MELD,MELD/train/dia212/utt4,EAQ102042
MELD,MELD/train/dia212/utt5,EAQ102043
MELD,MELD/train/dia212/utt6,EAQ102044
MELD,MELD/train/dia212/utt7,EAQ102045
MELD,MELD/train/dia212/utt8,EAQ102046
MELD,MELD/train/dia212/utt9,EAQ102047
MELD,MELD/train/dia213/utt0,EAQ102048
MELD,MELD/train/dia213/utt1,EAQ102049
MELD,MELD/train/dia213/utt2,EAQ102050
MELD,MELD/train/dia213/utt3,EAQ102051
MELD,MELD/train/dia213/utt4,EAQ102052
MELD,MELD/train/dia214/utt0,EAQ102053
MELD,MELD/train/dia214/utt1,EAQ102054
MELD,MELD/train/dia214/utt2,EAQ102055
MELD,MELD/train/dia214/utt3,EAQ102056
MELD,MELD/train/dia214/utt4,EAQ102057
MELD,MELD/train/dia214/utt5,EAQ102058
MELD,MELD/train/dia214/utt6,EAQ102059
MELD,MELD/train/dia214/utt7,EAQ102060
MELD,MELD/train/dia214/utt8,EAQ102061
MELD,MELD/train/dia214/utt9,EAQ102062
MELD,MELD/train/dia214/utt10,EAQ102063
MELD,MELD/train/dia215/utt0,EAQ102064
MELD,MELD/train/dia216/utt0,EAQ102065
MELD,MELD/train/dia216/utt1,EAQ102066
MELD,MELD/train/dia216/utt2,EAQ102067
MELD,MELD/train/dia217/utt0,EAQ102068
MELD,MELD/train/dia218/utt1,EAQ102069
MELD,MELD/train/dia218/utt2,EAQ102070
MELD,MELD/train/dia218/utt3,EAQ102071
MELD,MELD/train/dia218/utt4,EAQ102072
MELD,MELD/train/dia218/utt5,EAQ102073
MELD,MELD/train/dia218/utt6,EAQ102074
MELD,MELD/train/dia218/utt7,EAQ102075
MELD,MELD/train/dia218/utt8,EAQ102076
MELD,MELD/train/dia218/utt9,EAQ102077
MELD,MELD/train/dia218/utt10,EAQ102078
MELD,MELD/train/dia218/utt11,EAQ102079
MELD,MELD/train/dia218/utt12,EAQ102080
MELD,MELD/train/dia219/utt0,EAQ102081
MELD,MELD/train/dia219/utt1,EAQ102082
MELD,MELD/train/dia219/utt2,EAQ102083
MELD,MELD/train/dia219/utt3,EAQ102084
MELD,MELD/train/dia219/utt4,EAQ102085
MELD,MELD/train/dia219/utt5,EAQ102086
MELD,MELD/train/dia219/utt6,EAQ102087
MELD,MELD/train/dia219/utt7,EAQ102088
MELD,MELD/train/dia219/utt8,EAQ102089
MELD,MELD/train/dia219/utt9,EAQ102090
MELD,MELD/train/dia219/utt10,EAQ102091
MELD,MELD/train/dia219/utt11,EAQ102092
MELD,MELD/train/dia219/utt12,EAQ102093
MELD,MELD/train/dia220/utt0,EAQ102094
MELD,MELD/train/dia220/utt1,EAQ102095
MELD,MELD/train/dia220/utt2,EAQ102096
MELD,MELD/train/dia220/utt3,EAQ102097
MELD,MELD/train/dia220/utt4,EAQ102098
MELD,MELD/train/dia220/utt5,EAQ102099
MELD,MELD/train/dia220/utt6,EAQ102100
MELD,MELD/train/dia221/utt0,EAQ102101
MELD,MELD/train/dia221/utt1,EAQ102102
MELD,MELD/train/dia221/utt2,EAQ102103
MELD,MELD/train/dia221/utt3,EAQ102104
MELD,MELD/train/dia221/utt4,EAQ102105
MELD,MELD/train/dia221/utt5,EAQ102106
MELD,MELD/train/dia222/utt0,EAQ102107
MELD,MELD/train/dia222/utt1,EAQ102108
MELD,MELD/train/dia222/utt2,EAQ102109
MELD,MELD/train/dia222/utt3,EAQ102110
MELD,MELD/train/dia222/utt4,EAQ102111
MELD,MELD/train/dia222/utt5,EAQ102112
MELD,MELD/train/dia222/utt6,EAQ102113
MELD,MELD/train/dia222/utt7,EAQ102114
MELD,MELD/train/dia222/utt8,EAQ102115
MELD,MELD/train/dia222/utt9,EAQ102116
MELD,MELD/train/dia222/utt11,EAQ102117
MELD,MELD/train/dia222/utt12,EAQ102118
MELD,MELD/train/dia222/utt13,EAQ102119
MELD,MELD/train/dia222/utt14,EAQ102120
MELD,MELD/train/dia222/utt15,EAQ102121
MELD,MELD/train/dia222/utt16,EAQ102122
MELD,MELD/train/dia222/utt17,EAQ102123
MELD,MELD/train/dia222/utt18,EAQ102124
MELD,MELD/train/dia222/utt19,EAQ102125
MELD,MELD/train/dia223/utt0,EAQ102126
MELD,MELD/train/dia223/utt1,EAQ102127
MELD,MELD/train/dia223/utt2,EAQ102128
MELD,MELD/train/dia223/utt3,EAQ102129
MELD,MELD/train/dia223/utt4,EAQ102130
MELD,MELD/train/dia223/utt5,EAQ102131
MELD,MELD/train/dia223/utt6,EAQ102132
MELD,MELD/train/dia223/utt7,EAQ102133
MELD,MELD/train/dia223/utt8,EAQ102134
MELD,MELD/train/dia223/utt9,EAQ102135
MELD,MELD/train/dia223/utt10,EAQ102136
MELD,MELD/train/dia223/utt11,EAQ102137
MELD,MELD/train/dia223/utt12,EAQ102138
MELD,MELD/train/dia223/utt13,EAQ102139
MELD,MELD/train/dia223/utt14,EAQ102140
MELD,MELD/train/dia224/utt0,EAQ102141
MELD,MELD/train/dia224/utt1,EAQ102142
MELD,MELD/train/dia224/utt2,EAQ102143
MELD,MELD/train/dia224/utt3,EAQ102144
MELD,MELD/train/dia224/utt4,EAQ102145
MELD,MELD/train/dia224/utt5,EAQ102146
MELD,MELD/train/dia225/utt0,EAQ102147
MELD,MELD/train/dia225/utt1,EAQ102148
MELD,MELD/train/dia225/utt2,EAQ102149
MELD,MELD/train/dia225/utt3,EAQ102150
MELD,MELD/train/dia225/utt4,EAQ102151
MELD,MELD/train/dia225/utt5,EAQ102152
MELD,MELD/train/dia225/utt6,EAQ102153
MELD,MELD/train/dia225/utt7,EAQ102154
MELD,MELD/train/dia225/utt8,EAQ102155
MELD,MELD/train/dia225/utt9,EAQ102156
MELD,MELD/train/dia225/utt10,EAQ102157
MELD,MELD/train/dia225/utt11,EAQ102158
MELD,MELD/train/dia226/utt0,EAQ102159
MELD,MELD/train/dia226/utt1,EAQ102160
MELD,MELD/train/dia226/utt2,EAQ102161
MELD,MELD/train/dia226/utt3,EAQ102162
MELD,MELD/train/dia226/utt4,EAQ102163
MELD,MELD/train/dia226/utt5,EAQ102164
MELD,MELD/train/dia226/utt6,EAQ102165
MELD,MELD/train/dia226/utt7,EAQ102166
MELD,MELD/train/dia226/utt8,EAQ102167
MELD,MELD/train/dia226/utt9,EAQ102168
MELD,MELD/train/dia226/utt10,EAQ102169
MELD,MELD/train/dia226/utt11,EAQ102170
MELD,MELD/train/dia226/utt12,EAQ102171
MELD,MELD/train/dia226/utt13,EAQ102172
MELD,MELD/train/dia226/utt17,EAQ102173
MELD,MELD/train/dia226/utt18,EAQ102174
MELD,MELD/train/dia226/utt19,EAQ102175
MELD,MELD/train/dia226/utt20,EAQ102176
MELD,MELD/train/dia226/utt21,EAQ102177
MELD,MELD/train/dia227/utt0,EAQ102178
MELD,MELD/train/dia228/utt0,EAQ102179
MELD,MELD/train/dia228/utt1,EAQ102180
MELD,MELD/train/dia228/utt2,EAQ102181
MELD,MELD/train/dia228/utt3,EAQ102182
MELD,MELD/train/dia228/utt4,EAQ102183
MELD,MELD/train/dia228/utt5,EAQ102184
MELD,MELD/train/dia228/utt6,EAQ102185
MELD,MELD/train/dia228/utt7,EAQ102186
MELD,MELD/train/dia229/utt0,EAQ102187
MELD,MELD/train/dia229/utt1,EAQ102188
MELD,MELD/train/dia229/utt2,EAQ102189
MELD,MELD/train/dia229/utt3,EAQ102190
MELD,MELD/train/dia229/utt4,EAQ102191
MELD,MELD/train/dia230/utt0,EAQ102192
MELD,MELD/train/dia230/utt1,EAQ102193
MELD,MELD/train/dia231/utt0,EAQ102194
MELD,MELD/train/dia231/utt1,EAQ102195
MELD,MELD/train/dia231/utt2,EAQ102196
MELD,MELD/train/dia231/utt3,EAQ102197
MELD,MELD/train/dia231/utt4,EAQ102198
MELD,MELD/train/dia231/utt5,EAQ102199
MELD,MELD/train/dia231/utt6,EAQ102200
MELD,MELD/train/dia231/utt7,EAQ102201
MELD,MELD/train/dia231/utt8,EAQ102202
MELD,MELD/train/dia231/utt9,EAQ102203
MELD,MELD/train/dia231/utt10,EAQ102204
MELD,MELD/train/dia231/utt11,EAQ102205
MELD,MELD/train/dia231/utt12,EAQ102206
MELD,MELD/train/dia231/utt13,EAQ102207
MELD,MELD/train/dia231/utt14,EAQ102208
MELD,MELD/train/dia232/utt0,EAQ102209
MELD,MELD/train/dia232/utt1,EAQ102210
MELD,MELD/train/dia232/utt2,EAQ102211
MELD,MELD/train/dia232/utt3,EAQ102212
MELD,MELD/train/dia232/utt4,EAQ102213
MELD,MELD/train/dia232/utt5,EAQ102214
MELD,MELD/train/dia232/utt6,EAQ102215
MELD,MELD/train/dia232/utt7,EAQ102216
MELD,MELD/train/dia232/utt8,EAQ102217
MELD,MELD/train/dia232/utt9,EAQ102218
MELD,MELD/train/dia232/utt10,EAQ102219
MELD,MELD/train/dia232/utt11,EAQ102220
MELD,MELD/train/dia232/utt12,EAQ102221
MELD,MELD/train/dia232/utt13,EAQ102222
MELD,MELD/train/dia232/utt14,EAQ102223
MELD,MELD/train/dia232/utt15,EAQ102224
MELD,MELD/train/dia232/utt16,EAQ102225
MELD,MELD/train/dia232/utt17,EAQ102226
MELD,MELD/train/dia232/utt18,EAQ102227
MELD,MELD/train/dia232/utt19,EAQ102228
MELD,MELD/train/dia233/utt0,EAQ102229
MELD,MELD/train/dia233/utt1,EAQ102230
MELD,MELD/train/dia234/utt1,EAQ102231
MELD,MELD/train/dia234/utt2,EAQ102232
MELD,MELD/train/dia234/utt3,EAQ102233
MELD,MELD/train/dia234/utt4,EAQ102234
MELD,MELD/train/dia234/utt5,EAQ102235
MELD,MELD/train/dia234/utt6,EAQ102236
MELD,MELD/train/dia234/utt8,EAQ102237
MELD,MELD/train/dia234/utt9,EAQ102238
MELD,MELD/train/dia234/utt10,EAQ102239
MELD,MELD/train/dia234/utt11,EAQ102240
MELD,MELD/train/dia235/utt0,EAQ102241
MELD,MELD/train/dia235/utt1,EAQ102242
MELD,MELD/train/dia235/utt2,EAQ102243
MELD,MELD/train/dia235/utt3,EAQ102244
MELD,MELD/train/dia235/utt4,EAQ102245
MELD,MELD/train/dia235/utt5,EAQ102246
MELD,MELD/train/dia235/utt6,EAQ102247
MELD,MELD/train/dia235/utt7,EAQ102248
MELD,MELD/train/dia235/utt8,EAQ102249
MELD,MELD/train/dia235/utt9,EAQ102250
MELD,MELD/train/dia236/utt0,EAQ102251
MELD,MELD/train/dia236/utt1,EAQ102252
MELD,MELD/train/dia236/utt2,EAQ102253
MELD,MELD/train/dia236/utt3,EAQ102254
MELD,MELD/train/dia236/utt4,EAQ102255
MELD,MELD/train/dia236/utt5,EAQ102256
MELD,MELD/train/dia236/utt6,EAQ102257
MELD,MELD/train/dia236/utt7,EAQ102258
MELD,MELD/train/dia236/utt9,EAQ102259
MELD,MELD/train/dia236/utt10,EAQ102260
MELD,MELD/train/dia236/utt11,EAQ102261
MELD,MELD/train/dia236/utt12,EAQ102262
MELD,MELD/train/dia236/utt13,EAQ102263
MELD,MELD/train/dia236/utt14,EAQ102264
MELD,MELD/train/dia236/utt15,EAQ102265
MELD,MELD/train/dia237/utt0,EAQ102266
MELD,MELD/train/dia237/utt1,EAQ102267
MELD,MELD/train/dia237/utt2,EAQ102268
MELD,MELD/train/dia237/utt3,EAQ102269
MELD,MELD/train/dia237/utt4,EAQ102270
MELD,MELD/train/dia237/utt5,EAQ102271
MELD,MELD/train/dia237/utt6,EAQ102272
MELD,MELD/train/dia237/utt7,EAQ102273
MELD,MELD/train/dia237/utt8,EAQ102274
MELD,MELD/train/dia237/utt9,EAQ102275
MELD,MELD/train/dia237/utt10,EAQ102276
MELD,MELD/train/dia237/utt11,EAQ102277
MELD,MELD/train/dia238/utt0,EAQ102278
MELD,MELD/train/dia238/utt1,EAQ102279
MELD,MELD/train/dia238/utt2,EAQ102280
MELD,MELD/train/dia238/utt3,EAQ102281
MELD,MELD/train/dia238/utt4,EAQ102282
MELD,MELD/train/dia238/utt5,EAQ102283
MELD,MELD/train/dia238/utt6,EAQ102284
MELD,MELD/train/dia239/utt0,EAQ102285
MELD,MELD/train/dia239/utt1,EAQ102286
MELD,MELD/train/dia239/utt2,EAQ102287
MELD,MELD/train/dia239/utt3,EAQ102288
MELD,MELD/train/dia239/utt4,EAQ102289
MELD,MELD/train/dia239/utt5,EAQ102290
MELD,MELD/train/dia239/utt6,EAQ102291
MELD,MELD/train/dia240/utt0,EAQ102292
MELD,MELD/train/dia240/utt1,EAQ102293
MELD,MELD/train/dia240/utt2,EAQ102294
MELD,MELD/train/dia240/utt3,EAQ102295
MELD,MELD/train/dia240/utt4,EAQ102296
MELD,MELD/train/dia240/utt5,EAQ102297
MELD,MELD/train/dia240/utt6,EAQ102298
MELD,MELD/train/dia241/utt0,EAQ102299
MELD,MELD/train/dia241/utt1,EAQ102300
MELD,MELD/train/dia241/utt2,EAQ102301
MELD,MELD/train/dia241/utt3,EAQ102302
MELD,MELD/train/dia241/utt4,EAQ102303
MELD,MELD/train/dia241/utt5,EAQ102304
MELD,MELD/train/dia241/utt6,EAQ102305
MELD,MELD/train/dia241/utt7,EAQ102306
MELD,MELD/train/dia241/utt8,EAQ102307
MELD,MELD/train/dia241/utt9,EAQ102308
MELD,MELD/train/dia241/utt10,EAQ102309
MELD,MELD/train/dia241/utt11,EAQ102310
MELD,MELD/train/dia241/utt12,EAQ102311
MELD,MELD/train/dia241/utt13,EAQ102312
MELD,MELD/train/dia242/utt0,EAQ102313
MELD,MELD/train/dia242/utt1,EAQ102314
MELD,MELD/train/dia242/utt2,EAQ102315
MELD,MELD/train/dia242/utt3,EAQ102316
MELD,MELD/train/dia242/utt4,EAQ102317
MELD,MELD/train/dia242/utt5,EAQ102318
MELD,MELD/train/dia242/utt6,EAQ102319
MELD,MELD/train/dia243/utt0,EAQ102320
MELD,MELD/train/dia243/utt1,EAQ102321
MELD,MELD/train/dia244/utt0,EAQ102322
MELD,MELD/train/dia244/utt1,EAQ102323
MELD,MELD/train/dia244/utt3,EAQ102324
MELD,MELD/train/dia244/utt4,EAQ102325
MELD,MELD/train/dia244/utt5,EAQ102326
MELD,MELD/train/dia244/utt6,EAQ102327
MELD,MELD/train/dia245/utt0,EAQ102328
MELD,MELD/train/dia245/utt1,EAQ102329
MELD,MELD/train/dia245/utt2,EAQ102330
MELD,MELD/train/dia245/utt3,EAQ102331
MELD,MELD/train/dia245/utt4,EAQ102332
MELD,MELD/train/dia245/utt5,EAQ102333
MELD,MELD/train/dia245/utt6,EAQ102334
MELD,MELD/train/dia245/utt7,EAQ102335
MELD,MELD/train/dia245/utt8,EAQ102336
MELD,MELD/train/dia245/utt9,EAQ102337
MELD,MELD/train/dia245/utt10,EAQ102338
MELD,MELD/train/dia245/utt11,EAQ102339
MELD,MELD/train/dia245/utt12,EAQ102340
MELD,MELD/train/dia245/utt13,EAQ102341
MELD,MELD/train/dia245/utt14,EAQ102342
MELD,MELD/train/dia245/utt15,EAQ102343
MELD,MELD/train/dia245/utt16,EAQ102344
MELD,MELD/train/dia246/utt0,EAQ102345
MELD,MELD/train/dia246/utt1,EAQ102346
MELD,MELD/train/dia246/utt2,EAQ102347
MELD,MELD/train/dia246/utt3,EAQ102348
MELD,MELD/train/dia246/utt4,EAQ102349
MELD,MELD/train/dia246/utt5,EAQ102350
MELD,MELD/train/dia246/utt6,EAQ102351
MELD,MELD/train/dia247/utt0,EAQ102352
MELD,MELD/train/dia247/utt1,EAQ102353
MELD,MELD/train/dia247/utt2,EAQ102354
MELD,MELD/train/dia248/utt0,EAQ102355
MELD,MELD/train/dia248/utt1,EAQ102356
MELD,MELD/train/dia248/utt3,EAQ102357
MELD,MELD/train/dia248/utt4,EAQ102358
MELD,MELD/train/dia248/utt5,EAQ102359
MELD,MELD/train/dia248/utt6,EAQ102360
MELD,MELD/train/dia248/utt7,EAQ102361
MELD,MELD/train/dia249/utt0,EAQ102362
MELD,MELD/train/dia249/utt1,EAQ102363
MELD,MELD/train/dia249/utt2,EAQ102364
MELD,MELD/train/dia249/utt3,EAQ102365
MELD,MELD/train/dia249/utt4,EAQ102366
MELD,MELD/train/dia249/utt5,EAQ102367
MELD,MELD/train/dia249/utt6,EAQ102368
MELD,MELD/train/dia249/utt7,EAQ102369
MELD,MELD/train/dia249/utt8,EAQ102370
MELD,MELD/train/dia249/utt9,EAQ102371
MELD,MELD/train/dia249/utt10,EAQ102372
MELD,MELD/train/dia249/utt11,EAQ102373
MELD,MELD/train/dia249/utt13,EAQ102374
MELD,MELD/train/dia250/utt0,EAQ102375
MELD,MELD/train/dia250/utt1,EAQ102376
MELD,MELD/train/dia250/utt2,EAQ102377
MELD,MELD/train/dia250/utt3,EAQ102378
MELD,MELD/train/dia250/utt4,EAQ102379
MELD,MELD/train/dia250/utt5,EAQ102380
MELD,MELD/train/dia250/utt6,EAQ102381
MELD,MELD/train/dia251/utt0,EAQ102382
MELD,MELD/train/dia251/utt1,EAQ102383
MELD,MELD/train/dia251/utt2,EAQ102384
MELD,MELD/train/dia251/utt3,EAQ102385
MELD,MELD/train/dia251/utt4,EAQ102386
MELD,MELD/train/dia251/utt5,EAQ102387
MELD,MELD/train/dia251/utt6,EAQ102388
MELD,MELD/train/dia252/utt0,EAQ102389
MELD,MELD/train/dia252/utt1,EAQ102390
MELD,MELD/train/dia252/utt2,EAQ102391
MELD,MELD/train/dia252/utt3,EAQ102392
MELD,MELD/train/dia252/utt4,EAQ102393
MELD,MELD/train/dia252/utt5,EAQ102394
MELD,MELD/train/dia252/utt6,EAQ102395
MELD,MELD/train/dia252/utt7,EAQ102396
MELD,MELD/train/dia252/utt8,EAQ102397
MELD,MELD/train/dia252/utt9,EAQ102398
MELD,MELD/train/dia252/utt10,EAQ102399
MELD,MELD/train/dia252/utt13,EAQ102400
MELD,MELD/train/dia252/utt14,EAQ102401
MELD,MELD/train/dia252/utt15,EAQ102402
MELD,MELD/train/dia252/utt16,EAQ102403
MELD,MELD/train/dia252/utt17,EAQ102404
MELD,MELD/train/dia252/utt18,EAQ102405
MELD,MELD/train/dia252/utt19,EAQ102406
MELD,MELD/train/dia253/utt0,EAQ102407
MELD,MELD/train/dia253/utt1,EAQ102408
MELD,MELD/train/dia253/utt2,EAQ102409
MELD,MELD/train/dia253/utt3,EAQ102410
MELD,MELD/train/dia253/utt4,EAQ102411
MELD,MELD/train/dia253/utt5,EAQ102412
MELD,MELD/train/dia253/utt6,EAQ102413
MELD,MELD/train/dia253/utt7,EAQ102414
MELD,MELD/train/dia253/utt8,EAQ102415
MELD,MELD/train/dia253/utt9,EAQ102416
MELD,MELD/train/dia253/utt10,EAQ102417
MELD,MELD/train/dia253/utt11,EAQ102418
MELD,MELD/train/dia254/utt0,EAQ102419
MELD,MELD/train/dia254/utt1,EAQ102420
MELD,MELD/train/dia254/utt2,EAQ102421
MELD,MELD/train/dia254/utt3,EAQ102422
MELD,MELD/train/dia254/utt4,EAQ102423
MELD,MELD/train/dia254/utt5,EAQ102424
MELD,MELD/train/dia254/utt6,EAQ102425
MELD,MELD/train/dia254/utt7,EAQ102426
MELD,MELD/train/dia254/utt8,EAQ102427
MELD,MELD/train/dia254/utt9,EAQ102428
MELD,MELD/train/dia255/utt0,EAQ102429
MELD,MELD/train/dia255/utt1,EAQ102430
MELD,MELD/train/dia255/utt2,EAQ102431
MELD,MELD/train/dia255/utt3,EAQ102432
MELD,MELD/train/dia255/utt4,EAQ102433
MELD,MELD/train/dia255/utt5,EAQ102434
MELD,MELD/train/dia255/utt6,EAQ102435
MELD,MELD/train/dia255/utt7,EAQ102436
MELD,MELD/train/dia255/utt8,EAQ102437
MELD,MELD/train/dia255/utt9,EAQ102438
MELD,MELD/train/dia255/utt10,EAQ102439
MELD,MELD/train/dia255/utt11,EAQ102440
MELD,MELD/train/dia255/utt12,EAQ102441
MELD,MELD/train/dia255/utt13,EAQ102442
MELD,MELD/train/dia255/utt14,EAQ102443
MELD,MELD/train/dia255/utt15,EAQ102444
MELD,MELD/train/dia256/utt0,EAQ102445
MELD,MELD/train/dia256/utt1,EAQ102446
MELD,MELD/train/dia256/utt2,EAQ102447
MELD,MELD/train/dia256/utt3,EAQ102448
MELD,MELD/train/dia256/utt4,EAQ102449
MELD,MELD/train/dia256/utt5,EAQ102450
MELD,MELD/train/dia256/utt6,EAQ102451
MELD,MELD/train/dia256/utt7,EAQ102452
MELD,MELD/train/dia256/utt8,EAQ102453
MELD,MELD/train/dia256/utt9,EAQ102454
MELD,MELD/train/dia256/utt10,EAQ102455
MELD,MELD/train/dia256/utt11,EAQ102456
MELD,MELD/train/dia256/utt12,EAQ102457
MELD,MELD/train/dia256/utt13,EAQ102458
MELD,MELD/train/dia256/utt14,EAQ102459
MELD,MELD/train/dia256/utt15,EAQ102460
MELD,MELD/train/dia257/utt0,EAQ102461
MELD,MELD/train/dia257/utt1,EAQ102462
MELD,MELD/train/dia257/utt2,EAQ102463
MELD,MELD/train/dia257/utt3,EAQ102464
MELD,MELD/train/dia257/utt4,EAQ102465
MELD,MELD/train/dia257/utt5,EAQ102466
MELD,MELD/train/dia257/utt6,EAQ102467
MELD,MELD/train/dia258/utt0,EAQ102468
MELD,MELD/train/dia258/utt1,EAQ102469
MELD,MELD/train/dia258/utt2,EAQ102470
MELD,MELD/train/dia258/utt3,EAQ102471
MELD,MELD/train/dia258/utt4,EAQ102472
MELD,MELD/train/dia258/utt5,EAQ102473
MELD,MELD/train/dia258/utt6,EAQ102474
MELD,MELD/train/dia259/utt0,EAQ102475
MELD,MELD/train/dia259/utt1,EAQ102476
MELD,MELD/train/dia259/utt2,EAQ102477
MELD,MELD/train/dia259/utt3,EAQ102478
MELD,MELD/train/dia260/utt0,EAQ102479
MELD,MELD/train/dia260/utt1,EAQ102480
MELD,MELD/train/dia260/utt2,EAQ102481
MELD,MELD/train/dia260/utt3,EAQ102482
MELD,MELD/train/dia260/utt4,EAQ102483
MELD,MELD/train/dia260/utt5,EAQ102484
MELD,MELD/train/dia260/utt6,EAQ102485
MELD,MELD/train/dia260/utt7,EAQ102486
MELD,MELD/train/dia260/utt8,EAQ102487
MELD,MELD/train/dia260/utt9,EAQ102488
MELD,MELD/train/dia260/utt10,EAQ102489
MELD,MELD/train/dia260/utt11,EAQ102490
MELD,MELD/train/dia261/utt0,EAQ102491
MELD,MELD/train/dia261/utt1,EAQ102492
MELD,MELD/train/dia261/utt2,EAQ102493
MELD,MELD/train/dia261/utt3,EAQ102494
MELD,MELD/train/dia261/utt4,EAQ102495
MELD,MELD/train/dia261/utt5,EAQ102496
MELD,MELD/train/dia261/utt6,EAQ102497
MELD,MELD/train/dia261/utt7,EAQ102498
MELD,MELD/train/dia261/utt8,EAQ102499
MELD,MELD/train/dia262/utt0,EAQ102500
MELD,MELD/train/dia262/utt1,EAQ102501
MELD,MELD/train/dia262/utt2,EAQ102502
MELD,MELD/train/dia262/utt3,EAQ102503
MELD,MELD/train/dia262/utt4,EAQ102504
MELD,MELD/train/dia263/utt0,EAQ102505
MELD,MELD/train/dia263/utt1,EAQ102506
MELD,MELD/train/dia263/utt2,EAQ102507
MELD,MELD/train/dia263/utt3,EAQ102508
MELD,MELD/train/dia263/utt4,EAQ102509
MELD,MELD/train/dia263/utt5,EAQ102510
MELD,MELD/train/dia263/utt6,EAQ102511
MELD,MELD/train/dia263/utt7,EAQ102512
MELD,MELD/train/dia263/utt8,EAQ102513
MELD,MELD/train/dia264/utt0,EAQ102514
MELD,MELD/train/dia264/utt1,EAQ102515
MELD,MELD/train/dia264/utt2,EAQ102516
MELD,MELD/train/dia264/utt3,EAQ102517
MELD,MELD/train/dia264/utt4,EAQ102518
MELD,MELD/train/dia264/utt5,EAQ102519
MELD,MELD/train/dia264/utt6,EAQ102520
MELD,MELD/train/dia264/utt7,EAQ102521
MELD,MELD/train/dia264/utt8,EAQ102522
MELD,MELD/train/dia264/utt9,EAQ102523
MELD,MELD/train/dia264/utt10,EAQ102524
MELD,MELD/train/dia264/utt11,EAQ102525
MELD,MELD/train/dia264/utt12,EAQ102526
MELD,MELD/train/dia264/utt13,EAQ102527
MELD,MELD/train/dia264/utt14,EAQ102528
MELD,MELD/train/dia264/utt15,EAQ102529
MELD,MELD/train/dia264/utt16,EAQ102530
MELD,MELD/train/dia264/utt17,EAQ102531
MELD,MELD/train/dia264/utt18,EAQ102532
MELD,MELD/train/dia265/utt0,EAQ102533
MELD,MELD/train/dia265/utt1,EAQ102534
MELD,MELD/train/dia265/utt2,EAQ102535
MELD,MELD/train/dia265/utt3,EAQ102536
MELD,MELD/train/dia265/utt4,EAQ102537
MELD,MELD/train/dia266/utt0,EAQ102538
MELD,MELD/train/dia267/utt0,EAQ102539
MELD,MELD/train/dia268/utt0,EAQ102540
MELD,MELD/train/dia268/utt1,EAQ102541
MELD,MELD/train/dia269/utt0,EAQ102542
MELD,MELD/train/dia269/utt1,EAQ102543
MELD,MELD/train/dia270/utt0,EAQ102544
MELD,MELD/train/dia270/utt1,EAQ102545
MELD,MELD/train/dia270/utt2,EAQ102546
MELD,MELD/train/dia270/utt3,EAQ102547
MELD,MELD/train/dia271/utt0,EAQ102548
MELD,MELD/train/dia271/utt1,EAQ102549
MELD,MELD/train/dia271/utt2,EAQ102550
MELD,MELD/train/dia271/utt3,EAQ102551
MELD,MELD/train/dia271/utt4,EAQ102552
MELD,MELD/train/dia271/utt5,EAQ102553
MELD,MELD/train/dia271/utt6,EAQ102554
MELD,MELD/train/dia271/utt7,EAQ102555
MELD,MELD/train/dia271/utt8,EAQ102556
MELD,MELD/train/dia271/utt9,EAQ102557
MELD,MELD/train/dia271/utt10,EAQ102558
MELD,MELD/train/dia272/utt0,EAQ102559
MELD,MELD/train/dia272/utt1,EAQ102560
MELD,MELD/train/dia272/utt2,EAQ102561
MELD,MELD/train/dia272/utt3,EAQ102562
MELD,MELD/train/dia272/utt4,EAQ102563
MELD,MELD/train/dia272/utt5,EAQ102564
MELD,MELD/train/dia272/utt6,EAQ102565
MELD,MELD/train/dia272/utt7,EAQ102566
MELD,MELD/train/dia272/utt8,EAQ102567
MELD,MELD/train/dia273/utt0,EAQ102568
MELD,MELD/train/dia273/utt1,EAQ102569
MELD,MELD/train/dia273/utt2,EAQ102570
MELD,MELD/train/dia273/utt3,EAQ102571
MELD,MELD/train/dia273/utt4,EAQ102572
MELD,MELD/train/dia273/utt5,EAQ102573
MELD,MELD/train/dia273/utt6,EAQ102574
MELD,MELD/train/dia273/utt7,EAQ102575
MELD,MELD/train/dia273/utt8,EAQ102576
MELD,MELD/train/dia273/utt9,EAQ102577
MELD,MELD/train/dia273/utt10,EAQ102578
MELD,MELD/train/dia273/utt11,EAQ102579
MELD,MELD/train/dia273/utt12,EAQ102580
MELD,MELD/train/dia273/utt13,EAQ102581
MELD,MELD/train/dia273/utt14,EAQ102582
MELD,MELD/train/dia273/utt15,EAQ102583
MELD,MELD/train/dia273/utt16,EAQ102584
MELD,MELD/train/dia273/utt17,EAQ102585
MELD,MELD/train/dia273/utt18,EAQ102586
MELD,MELD/train/dia274/utt0,EAQ102587
MELD,MELD/train/dia274/utt1,EAQ102588
MELD,MELD/train/dia274/utt2,EAQ102589
MELD,MELD/train/dia274/utt3,EAQ102590
MELD,MELD/train/dia274/utt4,EAQ102591
MELD,MELD/train/dia274/utt5,EAQ102592
MELD,MELD/train/dia274/utt6,EAQ102593
MELD,MELD/train/dia274/utt7,EAQ102594
MELD,MELD/train/dia274/utt8,EAQ102595
MELD,MELD/train/dia274/utt9,EAQ102596
MELD,MELD/train/dia274/utt10,EAQ102597
MELD,MELD/train/dia274/utt11,EAQ102598
MELD,MELD/train/dia274/utt12,EAQ102599
MELD,MELD/train/dia275/utt0,EAQ102600
MELD,MELD/train/dia275/utt1,EAQ102601
MELD,MELD/train/dia275/utt2,EAQ102602
MELD,MELD/train/dia275/utt3,EAQ102603
MELD,MELD/train/dia275/utt4,EAQ102604
MELD,MELD/train/dia275/utt5,EAQ102605
MELD,MELD/train/dia275/utt6,EAQ102606
MELD,MELD/train/dia275/utt7,EAQ102607
MELD,MELD/train/dia275/utt8,EAQ102608
MELD,MELD/train/dia275/utt9,EAQ102609
MELD,MELD/train/dia275/utt10,EAQ102610
MELD,MELD/train/dia275/utt11,EAQ102611
MELD,MELD/train/dia275/utt12,EAQ102612
MELD,MELD/train/dia275/utt13,EAQ102613
MELD,MELD/train/dia275/utt14,EAQ102614
MELD,MELD/train/dia275/utt15,EAQ102615
MELD,MELD/train/dia275/utt16,EAQ102616
MELD,MELD/train/dia276/utt0,EAQ102617
MELD,MELD/train/dia276/utt2,EAQ102618
MELD,MELD/train/dia276/utt3,EAQ102619
MELD,MELD/train/dia277/utt0,EAQ102620
MELD,MELD/train/dia277/utt1,EAQ102621
MELD,MELD/train/dia277/utt2,EAQ102622
MELD,MELD/train/dia277/utt3,EAQ102623
MELD,MELD/train/dia277/utt4,EAQ102624
MELD,MELD/train/dia277/utt5,EAQ102625
MELD,MELD/train/dia277/utt6,EAQ102626
MELD,MELD/train/dia278/utt0,EAQ102627
MELD,MELD/train/dia278/utt1,EAQ102628
MELD,MELD/train/dia278/utt2,EAQ102629
MELD,MELD/train/dia278/utt3,EAQ102630
MELD,MELD/train/dia278/utt4,EAQ102631
MELD,MELD/train/dia278/utt5,EAQ102632
MELD,MELD/train/dia278/utt6,EAQ102633
MELD,MELD/train/dia278/utt7,EAQ102634
MELD,MELD/train/dia278/utt8,EAQ102635
MELD,MELD/train/dia279/utt0,EAQ102636
MELD,MELD/train/dia279/utt1,EAQ102637
MELD,MELD/train/dia279/utt2,EAQ102638
MELD,MELD/train/dia279/utt3,EAQ102639
MELD,MELD/train/dia279/utt4,EAQ102640
MELD,MELD/train/dia279/utt5,EAQ102641
MELD,MELD/train/dia279/utt6,EAQ102642
MELD,MELD/train/dia279/utt7,EAQ102643
MELD,MELD/train/dia279/utt8,EAQ102644
MELD,MELD/train/dia279/utt9,EAQ102645
MELD,MELD/train/dia279/utt10,EAQ102646
MELD,MELD/train/dia279/utt11,EAQ102647
MELD,MELD/train/dia279/utt12,EAQ102648
MELD,MELD/train/dia279/utt13,EAQ102649
MELD,MELD/train/dia279/utt14,EAQ102650
MELD,MELD/train/dia279/utt15,EAQ102651
MELD,MELD/train/dia280/utt0,EAQ102652
MELD,MELD/train/dia280/utt1,EAQ102653
MELD,MELD/train/dia280/utt2,EAQ102654
MELD,MELD/train/dia281/utt0,EAQ102655
MELD,MELD/train/dia281/utt1,EAQ102656
MELD,MELD/train/dia281/utt2,EAQ102657
MELD,MELD/train/dia281/utt3,EAQ102658
MELD,MELD/train/dia281/utt4,EAQ102659
MELD,MELD/train/dia281/utt5,EAQ102660
MELD,MELD/train/dia281/utt6,EAQ102661
MELD,MELD/train/dia281/utt7,EAQ102662
MELD,MELD/train/dia281/utt8,EAQ102663
MELD,MELD/train/dia281/utt9,EAQ102664
MELD,MELD/train/dia281/utt10,EAQ102665
MELD,MELD/train/dia282/utt0,EAQ102666
MELD,MELD/train/dia282/utt1,EAQ102667
MELD,MELD/train/dia282/utt2,EAQ102668
MELD,MELD/train/dia283/utt0,EAQ102669
MELD,MELD/train/dia283/utt1,EAQ102670
MELD,MELD/train/dia283/utt2,EAQ102671
MELD,MELD/train/dia283/utt3,EAQ102672
MELD,MELD/train/dia283/utt4,EAQ102673
MELD,MELD/train/dia283/utt5,EAQ102674
MELD,MELD/train/dia283/utt6,EAQ102675
MELD,MELD/train/dia284/utt0,EAQ102676
MELD,MELD/train/dia284/utt1,EAQ102677
MELD,MELD/train/dia284/utt2,EAQ102678
MELD,MELD/train/dia285/utt0,EAQ102679
MELD,MELD/train/dia285/utt1,EAQ102680
MELD,MELD/train/dia285/utt2,EAQ102681
MELD,MELD/train/dia285/utt3,EAQ102682
MELD,MELD/train/dia285/utt4,EAQ102683
MELD,MELD/train/dia285/utt5,EAQ102684
MELD,MELD/train/dia285/utt6,EAQ102685
MELD,MELD/train/dia285/utt7,EAQ102686
MELD,MELD/train/dia285/utt8,EAQ102687
MELD,MELD/train/dia285/utt9,EAQ102688
MELD,MELD/train/dia285/utt10,EAQ102689
MELD,MELD/train/dia285/utt11,EAQ102690
MELD,MELD/train/dia285/utt13,EAQ102691
MELD,MELD/train/dia285/utt14,EAQ102692
MELD,MELD/train/dia285/utt15,EAQ102693
MELD,MELD/train/dia285/utt16,EAQ102694
MELD,MELD/train/dia286/utt0,EAQ102695
MELD,MELD/train/dia286/utt1,EAQ102696
MELD,MELD/train/dia286/utt2,EAQ102697
MELD,MELD/train/dia286/utt3,EAQ102698
MELD,MELD/train/dia287/utt0,EAQ102699
MELD,MELD/train/dia287/utt1,EAQ102700
MELD,MELD/train/dia287/utt2,EAQ102701
MELD,MELD/train/dia287/utt3,EAQ102702
MELD,MELD/train/dia287/utt4,EAQ102703
MELD,MELD/train/dia287/utt5,EAQ102704
MELD,MELD/train/dia287/utt6,EAQ102705
MELD,MELD/train/dia287/utt7,EAQ102706
MELD,MELD/train/dia287/utt8,EAQ102707
MELD,MELD/train/dia287/utt9,EAQ102708
MELD,MELD/train/dia287/utt10,EAQ102709
MELD,MELD/train/dia287/utt11,EAQ102710
MELD,MELD/train/dia287/utt12,EAQ102711
MELD,MELD/train/dia288/utt0,EAQ102712
MELD,MELD/train/dia288/utt1,EAQ102713
MELD,MELD/train/dia288/utt2,EAQ102714
MELD,MELD/train/dia288/utt3,EAQ102715
MELD,MELD/train/dia288/utt4,EAQ102716
MELD,MELD/train/dia288/utt5,EAQ102717
MELD,MELD/train/dia288/utt6,EAQ102718
MELD,MELD/train/dia288/utt7,EAQ102719
MELD,MELD/train/dia288/utt8,EAQ102720
MELD,MELD/train/dia288/utt9,EAQ102721
MELD,MELD/train/dia288/utt10,EAQ102722
MELD,MELD/train/dia288/utt11,EAQ102723
MELD,MELD/train/dia288/utt12,EAQ102724
MELD,MELD/train/dia288/utt13,EAQ102725
MELD,MELD/train/dia288/utt14,EAQ102726
MELD,MELD/train/dia288/utt15,EAQ102727
MELD,MELD/train/dia288/utt16,EAQ102728
MELD,MELD/train/dia288/utt17,EAQ102729
MELD,MELD/train/dia288/utt18,EAQ102730
MELD,MELD/train/dia288/utt19,EAQ102731
MELD,MELD/train/dia288/utt20,EAQ102732
MELD,MELD/train/dia289/utt1,EAQ102733
MELD,MELD/train/dia289/utt2,EAQ102734
MELD,MELD/train/dia289/utt3,EAQ102735
MELD,MELD/train/dia289/utt4,EAQ102736
MELD,MELD/train/dia289/utt5,EAQ102737
MELD,MELD/train/dia290/utt0,EAQ102738
MELD,MELD/train/dia291/utt0,EAQ102739
MELD,MELD/train/dia291/utt1,EAQ102740
MELD,MELD/train/dia292/utt0,EAQ102741
MELD,MELD/train/dia292/utt1,EAQ102742
MELD,MELD/train/dia292/utt2,EAQ102743
MELD,MELD/train/dia292/utt3,EAQ102744
MELD,MELD/train/dia292/utt4,EAQ102745
MELD,MELD/train/dia292/utt5,EAQ102746
MELD,MELD/train/dia293/utt0,EAQ102747
MELD,MELD/train/dia293/utt1,EAQ102748
MELD,MELD/train/dia293/utt2,EAQ102749
MELD,MELD/train/dia293/utt3,EAQ102750
MELD,MELD/train/dia293/utt4,EAQ102751
MELD,MELD/train/dia293/utt5,EAQ102752
MELD,MELD/train/dia293/utt6,EAQ102753
MELD,MELD/train/dia293/utt7,EAQ102754
MELD,MELD/train/dia293/utt8,EAQ102755
MELD,MELD/train/dia293/utt9,EAQ102756
MELD,MELD/train/dia293/utt10,EAQ102757
MELD,MELD/train/dia293/utt11,EAQ102758
MELD,MELD/train/dia293/utt12,EAQ102759
MELD,MELD/train/dia294/utt0,EAQ102760
MELD,MELD/train/dia294/utt1,EAQ102761
MELD,MELD/train/dia295/utt0,EAQ102762
MELD,MELD/train/dia295/utt1,EAQ102763
MELD,MELD/train/dia295/utt2,EAQ102764
MELD,MELD/train/dia295/utt3,EAQ102765
MELD,MELD/train/dia295/utt4,EAQ102766
MELD,MELD/train/dia295/utt5,EAQ102767
MELD,MELD/train/dia295/utt6,EAQ102768
MELD,MELD/train/dia295/utt7,EAQ102769
MELD,MELD/train/dia295/utt8,EAQ102770
MELD,MELD/train/dia295/utt9,EAQ102771
MELD,MELD/train/dia295/utt10,EAQ102772
MELD,MELD/train/dia295/utt11,EAQ102773
MELD,MELD/train/dia295/utt12,EAQ102774
MELD,MELD/train/dia295/utt13,EAQ102775
MELD,MELD/train/dia295/utt14,EAQ102776
MELD,MELD/train/dia295/utt15,EAQ102777
MELD,MELD/train/dia295/utt16,EAQ102778
MELD,MELD/train/dia295/utt17,EAQ102779
MELD,MELD/train/dia295/utt18,EAQ102780
MELD,MELD/train/dia295/utt19,EAQ102781
MELD,MELD/train/dia295/utt20,EAQ102782
MELD,MELD/train/dia295/utt21,EAQ102783
MELD,MELD/train/dia296/utt0,EAQ102784
MELD,MELD/train/dia296/utt1,EAQ102785
MELD,MELD/train/dia296/utt2,EAQ102786
MELD,MELD/train/dia296/utt3,EAQ102787
MELD,MELD/train/dia296/utt4,EAQ102788
MELD,MELD/train/dia296/utt5,EAQ102789
MELD,MELD/train/dia296/utt6,EAQ102790
MELD,MELD/train/dia296/utt7,EAQ102791
MELD,MELD/train/dia296/utt8,EAQ102792
MELD,MELD/train/dia296/utt9,EAQ102793
MELD,MELD/train/dia296/utt10,EAQ102794
MELD,MELD/train/dia296/utt11,EAQ102795
MELD,MELD/train/dia296/utt12,EAQ102796
MELD,MELD/train/dia296/utt13,EAQ102797
MELD,MELD/train/dia296/utt14,EAQ102798
MELD,MELD/train/dia296/utt15,EAQ102799
MELD,MELD/train/dia296/utt16,EAQ102800
MELD,MELD/train/dia296/utt17,EAQ102801
MELD,MELD/train/dia296/utt18,EAQ102802
MELD,MELD/train/dia296/utt19,EAQ102803
MELD,MELD/train/dia296/utt20,EAQ102804
MELD,MELD/train/dia297/utt0,EAQ102805
MELD,MELD/train/dia297/utt1,EAQ102806
MELD,MELD/train/dia297/utt2,EAQ102807
MELD,MELD/train/dia297/utt3,EAQ102808
MELD,MELD/train/dia297/utt4,EAQ102809
MELD,MELD/train/dia297/utt5,EAQ102810
MELD,MELD/train/dia297/utt6,EAQ102811
MELD,MELD/train/dia297/utt7,EAQ102812
MELD,MELD/train/dia297/utt8,EAQ102813
MELD,MELD/train/dia297/utt9,EAQ102814
MELD,MELD/train/dia298/utt0,EAQ102815
MELD,MELD/train/dia298/utt1,EAQ102816
MELD,MELD/train/dia298/utt2,EAQ102817
MELD,MELD/train/dia298/utt3,EAQ102818
MELD,MELD/train/dia298/utt4,EAQ102819
MELD,MELD/train/dia298/utt5,EAQ102820
MELD,MELD/train/dia298/utt6,EAQ102821
MELD,MELD/train/dia299/utt0,EAQ102822
MELD,MELD/train/dia299/utt1,EAQ102823
MELD,MELD/train/dia299/utt2,EAQ102824
MELD,MELD/train/dia299/utt3,EAQ102825
MELD,MELD/train/dia300/utt0,EAQ102826
MELD,MELD/train/dia300/utt1,EAQ102827
MELD,MELD/train/dia300/utt2,EAQ102828
MELD,MELD/train/dia300/utt3,EAQ102829
MELD,MELD/train/dia300/utt4,EAQ102830
MELD,MELD/train/dia300/utt5,EAQ102831
MELD,MELD/train/dia300/utt6,EAQ102832
MELD,MELD/train/dia300/utt7,EAQ102833
MELD,MELD/train/dia300/utt8,EAQ102834
MELD,MELD/train/dia300/utt9,EAQ102835
MELD,MELD/train/dia300/utt10,EAQ102836
MELD,MELD/train/dia300/utt11,EAQ102837
MELD,MELD/train/dia300/utt12,EAQ102838
MELD,MELD/train/dia300/utt14,EAQ102839
MELD,MELD/train/dia300/utt15,EAQ102840
MELD,MELD/train/dia301/utt0,EAQ102841
MELD,MELD/train/dia301/utt1,EAQ102842
MELD,MELD/train/dia301/utt2,EAQ102843
MELD,MELD/train/dia301/utt3,EAQ102844
MELD,MELD/train/dia301/utt4,EAQ102845
MELD,MELD/train/dia301/utt6,EAQ102846
MELD,MELD/train/dia301/utt7,EAQ102847
MELD,MELD/train/dia301/utt8,EAQ102848
MELD,MELD/train/dia301/utt9,EAQ102849
MELD,MELD/train/dia301/utt10,EAQ102850
MELD,MELD/train/dia301/utt11,EAQ102851
MELD,MELD/train/dia301/utt12,EAQ102852
MELD,MELD/train/dia301/utt13,EAQ102853
MELD,MELD/train/dia301/utt14,EAQ102854
MELD,MELD/train/dia301/utt15,EAQ102855
MELD,MELD/train/dia301/utt16,EAQ102856
MELD,MELD/train/dia302/utt0,EAQ102857
MELD,MELD/train/dia302/utt1,EAQ102858
MELD,MELD/train/dia302/utt2,EAQ102859
MELD,MELD/train/dia302/utt3,EAQ102860
MELD,MELD/train/dia302/utt4,EAQ102861
MELD,MELD/train/dia302/utt5,EAQ102862
MELD,MELD/train/dia302/utt6,EAQ102863
MELD,MELD/train/dia302/utt7,EAQ102864
MELD,MELD/train/dia302/utt8,EAQ102865
MELD,MELD/train/dia302/utt9,EAQ102866
MELD,MELD/train/dia302/utt10,EAQ102867
MELD,MELD/train/dia303/utt0,EAQ102868
MELD,MELD/train/dia303/utt1,EAQ102869
MELD,MELD/train/dia304/utt0,EAQ102870
MELD,MELD/train/dia304/utt1,EAQ102871
MELD,MELD/train/dia304/utt2,EAQ102872
MELD,MELD/train/dia304/utt3,EAQ102873
MELD,MELD/train/dia304/utt4,EAQ102874
MELD,MELD/train/dia304/utt5,EAQ102875
MELD,MELD/train/dia304/utt6,EAQ102876
MELD,MELD/train/dia304/utt7,EAQ102877
MELD,MELD/train/dia304/utt8,EAQ102878
MELD,MELD/train/dia304/utt9,EAQ102879
MELD,MELD/train/dia304/utt10,EAQ102880
MELD,MELD/train/dia305/utt0,EAQ102881
MELD,MELD/train/dia305/utt1,EAQ102882
MELD,MELD/train/dia305/utt2,EAQ102883
MELD,MELD/train/dia305/utt3,EAQ102884
MELD,MELD/train/dia305/utt4,EAQ102885
MELD,MELD/train/dia305/utt5,EAQ102886
MELD,MELD/train/dia305/utt6,EAQ102887
MELD,MELD/train/dia305/utt7,EAQ102888
MELD,MELD/train/dia305/utt8,EAQ102889
MELD,MELD/train/dia305/utt9,EAQ102890
MELD,MELD/train/dia305/utt10,EAQ102891
MELD,MELD/train/dia305/utt11,EAQ102892
MELD,MELD/train/dia305/utt12,EAQ102893
MELD,MELD/train/dia305/utt13,EAQ102894
MELD,MELD/train/dia305/utt14,EAQ102895
MELD,MELD/train/dia306/utt0,EAQ102896
MELD,MELD/train/dia306/utt1,EAQ102897
MELD,MELD/train/dia306/utt2,EAQ102898
MELD,MELD/train/dia306/utt3,EAQ102899
MELD,MELD/train/dia306/utt4,EAQ102900
MELD,MELD/train/dia306/utt5,EAQ102901
MELD,MELD/train/dia306/utt6,EAQ102902
MELD,MELD/train/dia306/utt7,EAQ102903
MELD,MELD/train/dia307/utt0,EAQ102904
MELD,MELD/train/dia307/utt1,EAQ102905
MELD,MELD/train/dia307/utt2,EAQ102906
MELD,MELD/train/dia307/utt3,EAQ102907
MELD,MELD/train/dia307/utt4,EAQ102908
MELD,MELD/train/dia307/utt5,EAQ102909
MELD,MELD/train/dia307/utt6,EAQ102910
MELD,MELD/train/dia307/utt7,EAQ102911
MELD,MELD/train/dia307/utt8,EAQ102912
MELD,MELD/train/dia307/utt9,EAQ102913
MELD,MELD/train/dia307/utt10,EAQ102914
MELD,MELD/train/dia307/utt11,EAQ102915
MELD,MELD/train/dia307/utt12,EAQ102916
MELD,MELD/train/dia308/utt0,EAQ102917
MELD,MELD/train/dia308/utt1,EAQ102918
MELD,MELD/train/dia308/utt2,EAQ102919
MELD,MELD/train/dia308/utt3,EAQ102920
MELD,MELD/train/dia308/utt4,EAQ102921
MELD,MELD/train/dia308/utt5,EAQ102922
MELD,MELD/train/dia309/utt0,EAQ102923
MELD,MELD/train/dia309/utt1,EAQ102924
MELD,MELD/train/dia309/utt2,EAQ102925
MELD,MELD/train/dia309/utt3,EAQ102926
MELD,MELD/train/dia309/utt4,EAQ102927
MELD,MELD/train/dia310/utt0,EAQ102928
MELD,MELD/train/dia310/utt1,EAQ102929
MELD,MELD/train/dia310/utt2,EAQ102930
MELD,MELD/train/dia310/utt3,EAQ102931
MELD,MELD/train/dia310/utt4,EAQ102932
MELD,MELD/train/dia310/utt5,EAQ102933
MELD,MELD/train/dia310/utt6,EAQ102934
MELD,MELD/train/dia311/utt0,EAQ102935
MELD,MELD/train/dia311/utt1,EAQ102936
MELD,MELD/train/dia311/utt2,EAQ102937
MELD,MELD/train/dia311/utt3,EAQ102938
MELD,MELD/train/dia311/utt4,EAQ102939
MELD,MELD/train/dia311/utt5,EAQ102940
MELD,MELD/train/dia311/utt6,EAQ102941
MELD,MELD/train/dia311/utt7,EAQ102942
MELD,MELD/train/dia311/utt8,EAQ102943
MELD,MELD/train/dia311/utt9,EAQ102944
MELD,MELD/train/dia311/utt10,EAQ102945
MELD,MELD/train/dia311/utt11,EAQ102946
MELD,MELD/train/dia311/utt12,EAQ102947
MELD,MELD/train/dia312/utt0,EAQ102948
MELD,MELD/train/dia312/utt1,EAQ102949
MELD,MELD/train/dia312/utt2,EAQ102950
MELD,MELD/train/dia312/utt3,EAQ102951
MELD,MELD/train/dia312/utt4,EAQ102952
MELD,MELD/train/dia312/utt5,EAQ102953
MELD,MELD/train/dia312/utt6,EAQ102954
MELD,MELD/train/dia312/utt7,EAQ102955
MELD,MELD/train/dia312/utt8,EAQ102956
MELD,MELD/train/dia312/utt9,EAQ102957
MELD,MELD/train/dia312/utt10,EAQ102958
MELD,MELD/train/dia312/utt11,EAQ102959
MELD,MELD/train/dia312/utt12,EAQ102960
MELD,MELD/train/dia312/utt13,EAQ102961
MELD,MELD/train/dia312/utt14,EAQ102962
MELD,MELD/train/dia312/utt15,EAQ102963
MELD,MELD/train/dia312/utt16,EAQ102964
MELD,MELD/train/dia312/utt17,EAQ102965
MELD,MELD/train/dia312/utt18,EAQ102966
MELD,MELD/train/dia312/utt19,EAQ102967
MELD,MELD/train/dia312/utt20,EAQ102968
MELD,MELD/train/dia312/utt21,EAQ102969
MELD,MELD/train/dia313/utt0,EAQ102970
MELD,MELD/train/dia313/utt1,EAQ102971
MELD,MELD/train/dia313/utt2,EAQ102972
MELD,MELD/train/dia313/utt3,EAQ102973
MELD,MELD/train/dia314/utt0,EAQ102974
MELD,MELD/train/dia314/utt1,EAQ102975
MELD,MELD/train/dia314/utt2,EAQ102976
MELD,MELD/train/dia314/utt3,EAQ102977
MELD,MELD/train/dia314/utt4,EAQ102978
MELD,MELD/train/dia314/utt5,EAQ102979
MELD,MELD/train/dia314/utt7,EAQ102980
MELD,MELD/train/dia314/utt8,EAQ102981
MELD,MELD/train/dia314/utt9,EAQ102982
MELD,MELD/train/dia314/utt10,EAQ102983
MELD,MELD/train/dia314/utt11,EAQ102984
MELD,MELD/train/dia314/utt12,EAQ102985
MELD,MELD/train/dia315/utt0,EAQ102986
MELD,MELD/train/dia315/utt1,EAQ102987
MELD,MELD/train/dia315/utt2,EAQ102988
MELD,MELD/train/dia315/utt3,EAQ102989
MELD,MELD/train/dia315/utt4,EAQ102990
MELD,MELD/train/dia315/utt5,EAQ102991
MELD,MELD/train/dia315/utt6,EAQ102992
MELD,MELD/train/dia315/utt7,EAQ102993
MELD,MELD/train/dia315/utt8,EAQ102994
MELD,MELD/train/dia315/utt9,EAQ102995
MELD,MELD/train/dia316/utt0,EAQ102996
MELD,MELD/train/dia316/utt1,EAQ102997
MELD,MELD/train/dia316/utt2,EAQ102998
MELD,MELD/train/dia316/utt3,EAQ102999
MELD,MELD/train/dia316/utt4,EAQ103000
MELD,MELD/train/dia316/utt5,EAQ103001
MELD,MELD/train/dia316/utt6,EAQ103002
MELD,MELD/train/dia316/utt7,EAQ103003
MELD,MELD/train/dia316/utt8,EAQ103004
MELD,MELD/train/dia317/utt0,EAQ103005
MELD,MELD/train/dia317/utt1,EAQ103006
MELD,MELD/train/dia317/utt2,EAQ103007
MELD,MELD/train/dia317/utt3,EAQ103008
MELD,MELD/train/dia317/utt4,EAQ103009
MELD,MELD/train/dia317/utt5,EAQ103010
MELD,MELD/train/dia317/utt6,EAQ103011
MELD,MELD/train/dia317/utt7,EAQ103012
MELD,MELD/train/dia317/utt8,EAQ103013
MELD,MELD/train/dia317/utt9,EAQ103014
MELD,MELD/train/dia317/utt10,EAQ103015
MELD,MELD/train/dia317/utt11,EAQ103016
MELD,MELD/train/dia317/utt12,EAQ103017
MELD,MELD/train/dia317/utt13,EAQ103018
MELD,MELD/train/dia317/utt14,EAQ103019
MELD,MELD/train/dia317/utt15,EAQ103020
MELD,MELD/train/dia318/utt0,EAQ103021
MELD,MELD/train/dia318/utt1,EAQ103022
MELD,MELD/train/dia318/utt2,EAQ103023
MELD,MELD/train/dia318/utt3,EAQ103024
MELD,MELD/train/dia318/utt4,EAQ103025
MELD,MELD/train/dia319/utt0,EAQ103026
MELD,MELD/train/dia319/utt1,EAQ103027
MELD,MELD/train/dia319/utt2,EAQ103028
MELD,MELD/train/dia319/utt3,EAQ103029
MELD,MELD/train/dia319/utt4,EAQ103030
MELD,MELD/train/dia319/utt5,EAQ103031
MELD,MELD/train/dia319/utt6,EAQ103032
MELD,MELD/train/dia319/utt7,EAQ103033
MELD,MELD/train/dia319/utt8,EAQ103034
MELD,MELD/train/dia319/utt9,EAQ103035
MELD,MELD/train/dia319/utt10,EAQ103036
MELD,MELD/train/dia319/utt11,EAQ103037
MELD,MELD/train/dia319/utt12,EAQ103038
MELD,MELD/train/dia319/utt13,EAQ103039
MELD,MELD/train/dia319/utt14,EAQ103040
MELD,MELD/train/dia319/utt15,EAQ103041
MELD,MELD/train/dia319/utt16,EAQ103042
MELD,MELD/train/dia319/utt17,EAQ103043
MELD,MELD/train/dia319/utt18,EAQ103044
MELD,MELD/train/dia319/utt19,EAQ103045
MELD,MELD/train/dia319/utt20,EAQ103046
MELD,MELD/train/dia319/utt21,EAQ103047
MELD,MELD/train/dia319/utt22,EAQ103048
MELD,MELD/train/dia320/utt0,EAQ103049
MELD,MELD/train/dia320/utt1,EAQ103050
MELD,MELD/train/dia320/utt2,EAQ103051
MELD,MELD/train/dia320/utt3,EAQ103052
MELD,MELD/train/dia320/utt4,EAQ103053
MELD,MELD/train/dia320/utt5,EAQ103054
MELD,MELD/train/dia320/utt6,EAQ103055
MELD,MELD/train/dia320/utt7,EAQ103056
MELD,MELD/train/dia320/utt8,EAQ103057
MELD,MELD/train/dia320/utt9,EAQ103058
MELD,MELD/train/dia320/utt10,EAQ103059
MELD,MELD/train/dia320/utt11,EAQ103060
MELD,MELD/train/dia320/utt12,EAQ103061
MELD,MELD/train/dia320/utt13,EAQ103062
MELD,MELD/train/dia320/utt14,EAQ103063
MELD,MELD/train/dia320/utt15,EAQ103064
MELD,MELD/train/dia320/utt16,EAQ103065
MELD,MELD/train/dia320/utt17,EAQ103066
MELD,MELD/train/dia321/utt0,EAQ103067
MELD,MELD/train/dia321/utt1,EAQ103068
MELD,MELD/train/dia321/utt2,EAQ103069
MELD,MELD/train/dia321/utt3,EAQ103070
MELD,MELD/train/dia321/utt4,EAQ103071
MELD,MELD/train/dia321/utt5,EAQ103072
MELD,MELD/train/dia321/utt6,EAQ103073
MELD,MELD/train/dia321/utt7,EAQ103074
MELD,MELD/train/dia321/utt8,EAQ103075
MELD,MELD/train/dia321/utt9,EAQ103076
MELD,MELD/train/dia321/utt10,EAQ103077
MELD,MELD/train/dia321/utt11,EAQ103078
MELD,MELD/train/dia322/utt0,EAQ103079
MELD,MELD/train/dia322/utt1,EAQ103080
MELD,MELD/train/dia323/utt0,EAQ103081
MELD,MELD/train/dia324/utt0,EAQ103082
MELD,MELD/train/dia324/utt1,EAQ103083
MELD,MELD/train/dia324/utt2,EAQ103084
MELD,MELD/train/dia324/utt3,EAQ103085
MELD,MELD/train/dia324/utt4,EAQ103086
MELD,MELD/train/dia324/utt5,EAQ103087
MELD,MELD/train/dia324/utt6,EAQ103088
MELD,MELD/train/dia324/utt7,EAQ103089
MELD,MELD/train/dia325/utt0,EAQ103090
MELD,MELD/train/dia326/utt0,EAQ103091
MELD,MELD/train/dia326/utt1,EAQ103092
MELD,MELD/train/dia326/utt2,EAQ103093
MELD,MELD/train/dia326/utt3,EAQ103094
MELD,MELD/train/dia326/utt4,EAQ103095
MELD,MELD/train/dia326/utt5,EAQ103096
MELD,MELD/train/dia326/utt6,EAQ103097
MELD,MELD/train/dia326/utt7,EAQ103098
MELD,MELD/train/dia326/utt8,EAQ103099
MELD,MELD/train/dia327/utt0,EAQ103100
MELD,MELD/train/dia327/utt1,EAQ103101
MELD,MELD/train/dia327/utt2,EAQ103102
MELD,MELD/train/dia327/utt3,EAQ103103
MELD,MELD/train/dia327/utt4,EAQ103104
MELD,MELD/train/dia327/utt5,EAQ103105
MELD,MELD/train/dia327/utt6,EAQ103106
MELD,MELD/train/dia327/utt7,EAQ103107
MELD,MELD/train/dia328/utt0,EAQ103108
MELD,MELD/train/dia328/utt1,EAQ103109
MELD,MELD/train/dia328/utt2,EAQ103110
MELD,MELD/train/dia328/utt3,EAQ103111
MELD,MELD/train/dia328/utt4,EAQ103112
MELD,MELD/train/dia328/utt5,EAQ103113
MELD,MELD/train/dia328/utt6,EAQ103114
MELD,MELD/train/dia328/utt7,EAQ103115
MELD,MELD/train/dia328/utt8,EAQ103116
MELD,MELD/train/dia329/utt0,EAQ103117
MELD,MELD/train/dia329/utt1,EAQ103118
MELD,MELD/train/dia329/utt2,EAQ103119
MELD,MELD/train/dia329/utt3,EAQ103120
MELD,MELD/train/dia329/utt4,EAQ103121
MELD,MELD/train/dia329/utt5,EAQ103122
MELD,MELD/train/dia329/utt6,EAQ103123
MELD,MELD/train/dia329/utt7,EAQ103124
MELD,MELD/train/dia329/utt8,EAQ103125
MELD,MELD/train/dia329/utt9,EAQ103126
MELD,MELD/train/dia329/utt10,EAQ103127
MELD,MELD/train/dia330/utt0,EAQ103128
MELD,MELD/train/dia330/utt1,EAQ103129
MELD,MELD/train/dia330/utt2,EAQ103130
MELD,MELD/train/dia330/utt3,EAQ103131
MELD,MELD/train/dia331/utt0,EAQ103132
MELD,MELD/train/dia331/utt1,EAQ103133
MELD,MELD/train/dia331/utt2,EAQ103134
MELD,MELD/train/dia331/utt3,EAQ103135
MELD,MELD/train/dia331/utt4,EAQ103136
MELD,MELD/train/dia331/utt5,EAQ103137
MELD,MELD/train/dia331/utt6,EAQ103138
MELD,MELD/train/dia331/utt7,EAQ103139
MELD,MELD/train/dia331/utt8,EAQ103140
MELD,MELD/train/dia331/utt9,EAQ103141
MELD,MELD/train/dia332/utt0,EAQ103142
MELD,MELD/train/dia332/utt1,EAQ103143
MELD,MELD/train/dia332/utt2,EAQ103144
MELD,MELD/train/dia332/utt3,EAQ103145
MELD,MELD/train/dia332/utt4,EAQ103146
MELD,MELD/train/dia332/utt5,EAQ103147
MELD,MELD/train/dia332/utt6,EAQ103148
MELD,MELD/train/dia332/utt7,EAQ103149
MELD,MELD/train/dia332/utt8,EAQ103150
MELD,MELD/train/dia332/utt9,EAQ103151
MELD,MELD/train/dia332/utt10,EAQ103152
MELD,MELD/train/dia332/utt11,EAQ103153
MELD,MELD/train/dia332/utt12,EAQ103154
MELD,MELD/train/dia332/utt13,EAQ103155
MELD,MELD/train/dia332/utt14,EAQ103156
MELD,MELD/train/dia332/utt15,EAQ103157
MELD,MELD/train/dia333/utt0,EAQ103158
MELD,MELD/train/dia333/utt1,EAQ103159
MELD,MELD/train/dia333/utt2,EAQ103160
MELD,MELD/train/dia333/utt3,EAQ103161
MELD,MELD/train/dia333/utt4,EAQ103162
MELD,MELD/train/dia334/utt0,EAQ103163
MELD,MELD/train/dia334/utt1,EAQ103164
MELD,MELD/train/dia334/utt2,EAQ103165
MELD,MELD/train/dia334/utt3,EAQ103166
MELD,MELD/train/dia334/utt4,EAQ103167
MELD,MELD/train/dia334/utt5,EAQ103168
MELD,MELD/train/dia334/utt6,EAQ103169
MELD,MELD/train/dia334/utt7,EAQ103170
MELD,MELD/train/dia334/utt8,EAQ103171
MELD,MELD/train/dia334/utt9,EAQ103172
MELD,MELD/train/dia334/utt10,EAQ103173
MELD,MELD/train/dia334/utt11,EAQ103174
MELD,MELD/train/dia334/utt12,EAQ103175
MELD,MELD/train/dia335/utt0,EAQ103176
MELD,MELD/train/dia335/utt1,EAQ103177
MELD,MELD/train/dia335/utt2,EAQ103178
MELD,MELD/train/dia335/utt3,EAQ103179
MELD,MELD/train/dia336/utt0,EAQ103180
MELD,MELD/train/dia336/utt1,EAQ103181
MELD,MELD/train/dia336/utt2,EAQ103182
MELD,MELD/train/dia336/utt3,EAQ103183
MELD,MELD/train/dia336/utt4,EAQ103184
MELD,MELD/train/dia336/utt6,EAQ103185
MELD,MELD/train/dia336/utt7,EAQ103186
MELD,MELD/train/dia336/utt8,EAQ103187
MELD,MELD/train/dia336/utt9,EAQ103188
MELD,MELD/train/dia336/utt10,EAQ103189
MELD,MELD/train/dia336/utt11,EAQ103190
MELD,MELD/train/dia336/utt12,EAQ103191
MELD,MELD/train/dia336/utt13,EAQ103192
MELD,MELD/train/dia336/utt14,EAQ103193
MELD,MELD/train/dia336/utt15,EAQ103194
MELD,MELD/train/dia336/utt16,EAQ103195
MELD,MELD/train/dia336/utt17,EAQ103196
MELD,MELD/train/dia336/utt18,EAQ103197
MELD,MELD/train/dia336/utt19,EAQ103198
MELD,MELD/train/dia336/utt20,EAQ103199
MELD,MELD/train/dia336/utt21,EAQ103200
MELD,MELD/train/dia337/utt0,EAQ103201
MELD,MELD/train/dia337/utt1,EAQ103202
MELD,MELD/train/dia337/utt2,EAQ103203
MELD,MELD/train/dia337/utt3,EAQ103204
MELD,MELD/train/dia337/utt4,EAQ103205
MELD,MELD/train/dia337/utt5,EAQ103206
MELD,MELD/train/dia337/utt6,EAQ103207
MELD,MELD/train/dia337/utt7,EAQ103208
MELD,MELD/train/dia337/utt8,EAQ103209
MELD,MELD/train/dia337/utt9,EAQ103210
MELD,MELD/train/dia337/utt10,EAQ103211
MELD,MELD/train/dia337/utt11,EAQ103212
MELD,MELD/train/dia337/utt12,EAQ103213
MELD,MELD/train/dia337/utt13,EAQ103214
MELD,MELD/train/dia337/utt14,EAQ103215
MELD,MELD/train/dia337/utt15,EAQ103216
MELD,MELD/train/dia337/utt16,EAQ103217
MELD,MELD/train/dia337/utt17,EAQ103218
MELD,MELD/train/dia337/utt18,EAQ103219
MELD,MELD/train/dia337/utt19,EAQ103220
MELD,MELD/train/dia338/utt0,EAQ103221
MELD,MELD/train/dia338/utt1,EAQ103222
MELD,MELD/train/dia338/utt2,EAQ103223
MELD,MELD/train/dia338/utt3,EAQ103224
MELD,MELD/train/dia338/utt4,EAQ103225
MELD,MELD/train/dia338/utt5,EAQ103226
MELD,MELD/train/dia338/utt6,EAQ103227
MELD,MELD/train/dia338/utt7,EAQ103228
MELD,MELD/train/dia338/utt8,EAQ103229
MELD,MELD/train/dia338/utt9,EAQ103230
MELD,MELD/train/dia338/utt10,EAQ103231
MELD,MELD/train/dia338/utt11,EAQ103232
MELD,MELD/train/dia338/utt12,EAQ103233
MELD,MELD/train/dia338/utt13,EAQ103234
MELD,MELD/train/dia338/utt14,EAQ103235
MELD,MELD/train/dia338/utt15,EAQ103236
MELD,MELD/train/dia338/utt16,EAQ103237
MELD,MELD/train/dia339/utt0,EAQ103238
MELD,MELD/train/dia339/utt1,EAQ103239
MELD,MELD/train/dia339/utt3,EAQ103240
MELD,MELD/train/dia339/utt4,EAQ103241
MELD,MELD/train/dia340/utt0,EAQ103242
MELD,MELD/train/dia341/utt0,EAQ103243
MELD,MELD/train/dia342/utt0,EAQ103244
MELD,MELD/train/dia342/utt1,EAQ103245
MELD,MELD/train/dia342/utt2,EAQ103246
MELD,MELD/train/dia342/utt3,EAQ103247
MELD,MELD/train/dia342/utt4,EAQ103248
MELD,MELD/train/dia342/utt5,EAQ103249
MELD,MELD/train/dia342/utt6,EAQ103250
MELD,MELD/train/dia342/utt7,EAQ103251
MELD,MELD/train/dia342/utt8,EAQ103252
MELD,MELD/train/dia342/utt9,EAQ103253
MELD,MELD/train/dia342/utt10,EAQ103254
MELD,MELD/train/dia342/utt11,EAQ103255
MELD,MELD/train/dia342/utt12,EAQ103256
MELD,MELD/train/dia342/utt13,EAQ103257
MELD,MELD/train/dia342/utt14,EAQ103258
MELD,MELD/train/dia342/utt15,EAQ103259
MELD,MELD/train/dia342/utt16,EAQ103260
MELD,MELD/train/dia342/utt17,EAQ103261
MELD,MELD/train/dia342/utt18,EAQ103262
MELD,MELD/train/dia342/utt19,EAQ103263
MELD,MELD/train/dia343/utt0,EAQ103264
MELD,MELD/train/dia344/utt0,EAQ103265
MELD,MELD/train/dia344/utt1,EAQ103266
MELD,MELD/train/dia344/utt2,EAQ103267
MELD,MELD/train/dia344/utt3,EAQ103268
MELD,MELD/train/dia344/utt4,EAQ103269
MELD,MELD/train/dia344/utt6,EAQ103270
MELD,MELD/train/dia344/utt7,EAQ103271
MELD,MELD/train/dia344/utt8,EAQ103272
MELD,MELD/train/dia344/utt9,EAQ103273
MELD,MELD/train/dia344/utt10,EAQ103274
MELD,MELD/train/dia344/utt11,EAQ103275
MELD,MELD/train/dia344/utt12,EAQ103276
MELD,MELD/train/dia344/utt13,EAQ103277
MELD,MELD/train/dia344/utt14,EAQ103278
MELD,MELD/train/dia344/utt15,EAQ103279
MELD,MELD/train/dia345/utt0,EAQ103280
MELD,MELD/train/dia345/utt1,EAQ103281
MELD,MELD/train/dia345/utt2,EAQ103282
MELD,MELD/train/dia345/utt3,EAQ103283
MELD,MELD/train/dia345/utt4,EAQ103284
MELD,MELD/train/dia346/utt0,EAQ103285
MELD,MELD/train/dia346/utt1,EAQ103286
MELD,MELD/train/dia346/utt2,EAQ103287
MELD,MELD/train/dia346/utt3,EAQ103288
MELD,MELD/train/dia346/utt4,EAQ103289
MELD,MELD/train/dia346/utt5,EAQ103290
MELD,MELD/train/dia346/utt6,EAQ103291
MELD,MELD/train/dia347/utt0,EAQ103292
MELD,MELD/train/dia347/utt1,EAQ103293
MELD,MELD/train/dia347/utt2,EAQ103294
MELD,MELD/train/dia347/utt3,EAQ103295
MELD,MELD/train/dia347/utt4,EAQ103296
MELD,MELD/train/dia347/utt5,EAQ103297
MELD,MELD/train/dia347/utt6,EAQ103298
MELD,MELD/train/dia347/utt7,EAQ103299
MELD,MELD/train/dia347/utt8,EAQ103300
MELD,MELD/train/dia347/utt9,EAQ103301
MELD,MELD/train/dia347/utt10,EAQ103302
MELD,MELD/train/dia347/utt11,EAQ103303
MELD,MELD/train/dia348/utt0,EAQ103304
MELD,MELD/train/dia348/utt1,EAQ103305
MELD,MELD/train/dia348/utt2,EAQ103306
MELD,MELD/train/dia348/utt4,EAQ103307
MELD,MELD/train/dia349/utt0,EAQ103308
MELD,MELD/train/dia349/utt1,EAQ103309
MELD,MELD/train/dia349/utt2,EAQ103310
MELD,MELD/train/dia349/utt3,EAQ103311
MELD,MELD/train/dia349/utt4,EAQ103312
MELD,MELD/train/dia349/utt5,EAQ103313
MELD,MELD/train/dia349/utt6,EAQ103314
MELD,MELD/train/dia349/utt7,EAQ103315
MELD,MELD/train/dia349/utt8,EAQ103316
MELD,MELD/train/dia349/utt9,EAQ103317
MELD,MELD/train/dia349/utt10,EAQ103318
MELD,MELD/train/dia349/utt11,EAQ103319
MELD,MELD/train/dia350/utt0,EAQ103320
MELD,MELD/train/dia350/utt1,EAQ103321
MELD,MELD/train/dia350/utt2,EAQ103322
MELD,MELD/train/dia350/utt3,EAQ103323
MELD,MELD/train/dia350/utt4,EAQ103324
MELD,MELD/train/dia350/utt5,EAQ103325
MELD,MELD/train/dia350/utt6,EAQ103326
MELD,MELD/train/dia350/utt7,EAQ103327
MELD,MELD/train/dia351/utt0,EAQ103328
MELD,MELD/train/dia351/utt1,EAQ103329
MELD,MELD/train/dia351/utt2,EAQ103330
MELD,MELD/train/dia351/utt3,EAQ103331
MELD,MELD/train/dia351/utt4,EAQ103332
MELD,MELD/train/dia351/utt5,EAQ103333
MELD,MELD/train/dia351/utt6,EAQ103334
MELD,MELD/train/dia351/utt7,EAQ103335
MELD,MELD/train/dia351/utt8,EAQ103336
MELD,MELD/train/dia351/utt9,EAQ103337
MELD,MELD/train/dia351/utt10,EAQ103338
MELD,MELD/train/dia351/utt11,EAQ103339
MELD,MELD/train/dia351/utt12,EAQ103340
MELD,MELD/train/dia351/utt13,EAQ103341
MELD,MELD/train/dia351/utt14,EAQ103342
MELD,MELD/train/dia351/utt15,EAQ103343
MELD,MELD/train/dia352/utt0,EAQ103344
MELD,MELD/train/dia352/utt1,EAQ103345
MELD,MELD/train/dia352/utt2,EAQ103346
MELD,MELD/train/dia352/utt3,EAQ103347
MELD,MELD/train/dia352/utt4,EAQ103348
MELD,MELD/train/dia352/utt5,EAQ103349
MELD,MELD/train/dia352/utt6,EAQ103350
MELD,MELD/train/dia353/utt0,EAQ103351
MELD,MELD/train/dia353/utt1,EAQ103352
MELD,MELD/train/dia354/utt0,EAQ103353
MELD,MELD/train/dia354/utt1,EAQ103354
MELD,MELD/train/dia354/utt2,EAQ103355
MELD,MELD/train/dia354/utt3,EAQ103356
MELD,MELD/train/dia354/utt4,EAQ103357
MELD,MELD/train/dia354/utt5,EAQ103358
MELD,MELD/train/dia354/utt6,EAQ103359
MELD,MELD/train/dia354/utt7,EAQ103360
MELD,MELD/train/dia354/utt8,EAQ103361
MELD,MELD/train/dia354/utt9,EAQ103362
MELD,MELD/train/dia354/utt10,EAQ103363
MELD,MELD/train/dia354/utt11,EAQ103364
MELD,MELD/train/dia354/utt12,EAQ103365
MELD,MELD/train/dia354/utt13,EAQ103366
MELD,MELD/train/dia354/utt14,EAQ103367
MELD,MELD/train/dia354/utt15,EAQ103368
MELD,MELD/train/dia354/utt16,EAQ103369
MELD,MELD/train/dia354/utt17,EAQ103370
MELD,MELD/train/dia355/utt0,EAQ103371
MELD,MELD/train/dia355/utt1,EAQ103372
MELD,MELD/train/dia355/utt2,EAQ103373
MELD,MELD/train/dia355/utt3,EAQ103374
MELD,MELD/train/dia355/utt4,EAQ103375
MELD,MELD/train/dia356/utt0,EAQ103376
MELD,MELD/train/dia356/utt1,EAQ103377
MELD,MELD/train/dia356/utt2,EAQ103378
MELD,MELD/train/dia356/utt3,EAQ103379
MELD,MELD/train/dia356/utt4,EAQ103380
MELD,MELD/train/dia356/utt5,EAQ103381
MELD,MELD/train/dia356/utt6,EAQ103382
MELD,MELD/train/dia356/utt7,EAQ103383
MELD,MELD/train/dia356/utt8,EAQ103384
MELD,MELD/train/dia356/utt9,EAQ103385
MELD,MELD/train/dia356/utt10,EAQ103386
MELD,MELD/train/dia356/utt11,EAQ103387
MELD,MELD/train/dia356/utt12,EAQ103388
MELD,MELD/train/dia356/utt13,EAQ103389
MELD,MELD/train/dia356/utt14,EAQ103390
MELD,MELD/train/dia356/utt15,EAQ103391
MELD,MELD/train/dia356/utt16,EAQ103392
MELD,MELD/train/dia356/utt17,EAQ103393
MELD,MELD/train/dia356/utt18,EAQ103394
MELD,MELD/train/dia356/utt19,EAQ103395
MELD,MELD/train/dia356/utt20,EAQ103396
MELD,MELD/train/dia356/utt21,EAQ103397
MELD,MELD/train/dia356/utt22,EAQ103398
MELD,MELD/train/dia357/utt1,EAQ103399
MELD,MELD/train/dia357/utt2,EAQ103400
MELD,MELD/train/dia357/utt3,EAQ103401
MELD,MELD/train/dia358/utt0,EAQ103402
MELD,MELD/train/dia358/utt1,EAQ103403
MELD,MELD/train/dia358/utt2,EAQ103404
MELD,MELD/train/dia358/utt3,EAQ103405
MELD,MELD/train/dia358/utt4,EAQ103406
MELD,MELD/train/dia358/utt5,EAQ103407
MELD,MELD/train/dia358/utt6,EAQ103408
MELD,MELD/train/dia358/utt7,EAQ103409
MELD,MELD/train/dia358/utt8,EAQ103410
MELD,MELD/train/dia358/utt9,EAQ103411
MELD,MELD/train/dia358/utt10,EAQ103412
MELD,MELD/train/dia358/utt11,EAQ103413
MELD,MELD/train/dia358/utt12,EAQ103414
MELD,MELD/train/dia358/utt13,EAQ103415
MELD,MELD/train/dia358/utt14,EAQ103416
MELD,MELD/train/dia358/utt15,EAQ103417
MELD,MELD/train/dia358/utt16,EAQ103418
MELD,MELD/train/dia358/utt17,EAQ103419
MELD,MELD/train/dia358/utt18,EAQ103420
MELD,MELD/train/dia359/utt0,EAQ103421
MELD,MELD/train/dia359/utt1,EAQ103422
MELD,MELD/train/dia359/utt3,EAQ103423
MELD,MELD/train/dia359/utt4,EAQ103424
MELD,MELD/train/dia359/utt5,EAQ103425
MELD,MELD/train/dia359/utt6,EAQ103426
MELD,MELD/train/dia360/utt0,EAQ103427
MELD,MELD/train/dia360/utt1,EAQ103428
MELD,MELD/train/dia360/utt2,EAQ103429
MELD,MELD/train/dia360/utt3,EAQ103430
MELD,MELD/train/dia360/utt4,EAQ103431
MELD,MELD/train/dia360/utt5,EAQ103432
MELD,MELD/train/dia361/utt0,EAQ103433
MELD,MELD/train/dia361/utt1,EAQ103434
MELD,MELD/train/dia361/utt2,EAQ103435
MELD,MELD/train/dia361/utt3,EAQ103436
MELD,MELD/train/dia361/utt4,EAQ103437
MELD,MELD/train/dia361/utt5,EAQ103438
MELD,MELD/train/dia361/utt6,EAQ103439
MELD,MELD/train/dia361/utt7,EAQ103440
MELD,MELD/train/dia361/utt8,EAQ103441
MELD,MELD/train/dia361/utt9,EAQ103442
MELD,MELD/train/dia361/utt10,EAQ103443
MELD,MELD/train/dia361/utt11,EAQ103444
MELD,MELD/train/dia361/utt12,EAQ103445
MELD,MELD/train/dia361/utt13,EAQ103446
MELD,MELD/train/dia361/utt14,EAQ103447
MELD,MELD/train/dia362/utt0,EAQ103448
MELD,MELD/train/dia362/utt1,EAQ103449
MELD,MELD/train/dia362/utt2,EAQ103450
MELD,MELD/train/dia362/utt3,EAQ103451
MELD,MELD/train/dia362/utt4,EAQ103452
MELD,MELD/train/dia362/utt5,EAQ103453
MELD,MELD/train/dia362/utt6,EAQ103454
MELD,MELD/train/dia362/utt7,EAQ103455
MELD,MELD/train/dia362/utt8,EAQ103456
MELD,MELD/train/dia362/utt9,EAQ103457
MELD,MELD/train/dia363/utt0,EAQ103458
MELD,MELD/train/dia363/utt1,EAQ103459
MELD,MELD/train/dia364/utt0,EAQ103460
MELD,MELD/train/dia365/utt0,EAQ103461
MELD,MELD/train/dia365/utt1,EAQ103462
MELD,MELD/train/dia365/utt2,EAQ103463
MELD,MELD/train/dia365/utt3,EAQ103464
MELD,MELD/train/dia365/utt4,EAQ103465
MELD,MELD/train/dia365/utt5,EAQ103466
MELD,MELD/train/dia365/utt6,EAQ103467
MELD,MELD/train/dia365/utt7,EAQ103468
MELD,MELD/train/dia365/utt8,EAQ103469
MELD,MELD/train/dia365/utt9,EAQ103470
MELD,MELD/train/dia365/utt10,EAQ103471
MELD,MELD/train/dia365/utt11,EAQ103472
MELD,MELD/train/dia365/utt12,EAQ103473
MELD,MELD/train/dia365/utt13,EAQ103474
MELD,MELD/train/dia365/utt14,EAQ103475
MELD,MELD/train/dia366/utt0,EAQ103476
MELD,MELD/train/dia366/utt1,EAQ103477
MELD,MELD/train/dia366/utt2,EAQ103478
MELD,MELD/train/dia366/utt3,EAQ103479
MELD,MELD/train/dia366/utt4,EAQ103480
MELD,MELD/train/dia366/utt5,EAQ103481
MELD,MELD/train/dia366/utt6,EAQ103482
MELD,MELD/train/dia366/utt7,EAQ103483
MELD,MELD/train/dia366/utt8,EAQ103484
MELD,MELD/train/dia366/utt9,EAQ103485
MELD,MELD/train/dia366/utt10,EAQ103486
MELD,MELD/train/dia366/utt11,EAQ103487
MELD,MELD/train/dia366/utt12,EAQ103488
MELD,MELD/train/dia366/utt13,EAQ103489
MELD,MELD/train/dia366/utt14,EAQ103490
MELD,MELD/train/dia366/utt15,EAQ103491
MELD,MELD/train/dia366/utt16,EAQ103492
MELD,MELD/train/dia366/utt17,EAQ103493
MELD,MELD/train/dia366/utt18,EAQ103494
MELD,MELD/train/dia367/utt0,EAQ103495
MELD,MELD/train/dia367/utt1,EAQ103496
MELD,MELD/train/dia367/utt2,EAQ103497
MELD,MELD/train/dia367/utt3,EAQ103498
MELD,MELD/train/dia367/utt4,EAQ103499
MELD,MELD/train/dia367/utt5,EAQ103500
MELD,MELD/train/dia367/utt6,EAQ103501
MELD,MELD/train/dia367/utt7,EAQ103502
MELD,MELD/train/dia367/utt8,EAQ103503
MELD,MELD/train/dia367/utt9,EAQ103504
MELD,MELD/train/dia367/utt10,EAQ103505
MELD,MELD/train/dia367/utt11,EAQ103506
MELD,MELD/train/dia367/utt12,EAQ103507
MELD,MELD/train/dia367/utt13,EAQ103508
MELD,MELD/train/dia367/utt14,EAQ103509
MELD,MELD/train/dia367/utt15,EAQ103510
MELD,MELD/train/dia368/utt0,EAQ103511
MELD,MELD/train/dia368/utt1,EAQ103512
MELD,MELD/train/dia369/utt0,EAQ103513
MELD,MELD/train/dia370/utt0,EAQ103514
MELD,MELD/train/dia370/utt1,EAQ103515
MELD,MELD/train/dia370/utt2,EAQ103516
MELD,MELD/train/dia370/utt3,EAQ103517
MELD,MELD/train/dia371/utt0,EAQ103518
MELD,MELD/train/dia371/utt1,EAQ103519
MELD,MELD/train/dia371/utt2,EAQ103520
MELD,MELD/train/dia371/utt3,EAQ103521
MELD,MELD/train/dia371/utt4,EAQ103522
MELD,MELD/train/dia371/utt5,EAQ103523
MELD,MELD/train/dia371/utt6,EAQ103524
MELD,MELD/train/dia371/utt7,EAQ103525
MELD,MELD/train/dia371/utt8,EAQ103526
MELD,MELD/train/dia371/utt9,EAQ103527
MELD,MELD/train/dia371/utt10,EAQ103528
MELD,MELD/train/dia371/utt11,EAQ103529
MELD,MELD/train/dia372/utt0,EAQ103530
MELD,MELD/train/dia372/utt1,EAQ103531
MELD,MELD/train/dia372/utt2,EAQ103532
MELD,MELD/train/dia372/utt3,EAQ103533
MELD,MELD/train/dia372/utt4,EAQ103534
MELD,MELD/train/dia372/utt5,EAQ103535
MELD,MELD/train/dia372/utt6,EAQ103536
MELD,MELD/train/dia372/utt7,EAQ103537
MELD,MELD/train/dia372/utt8,EAQ103538
MELD,MELD/train/dia372/utt9,EAQ103539
MELD,MELD/train/dia372/utt10,EAQ103540
MELD,MELD/train/dia372/utt11,EAQ103541
MELD,MELD/train/dia372/utt12,EAQ103542
MELD,MELD/train/dia373/utt1,EAQ103543
MELD,MELD/train/dia373/utt3,EAQ103544
MELD,MELD/train/dia373/utt4,EAQ103545
MELD,MELD/train/dia374/utt0,EAQ103546
MELD,MELD/train/dia374/utt1,EAQ103547
MELD,MELD/train/dia374/utt2,EAQ103548
MELD,MELD/train/dia374/utt3,EAQ103549
MELD,MELD/train/dia374/utt4,EAQ103550
MELD,MELD/train/dia374/utt5,EAQ103551
MELD,MELD/train/dia374/utt6,EAQ103552
MELD,MELD/train/dia374/utt7,EAQ103553
MELD,MELD/train/dia374/utt8,EAQ103554
MELD,MELD/train/dia374/utt9,EAQ103555
MELD,MELD/train/dia374/utt10,EAQ103556
MELD,MELD/train/dia374/utt11,EAQ103557
MELD,MELD/train/dia374/utt12,EAQ103558
MELD,MELD/train/dia374/utt13,EAQ103559
MELD,MELD/train/dia374/utt14,EAQ103560
MELD,MELD/train/dia374/utt15,EAQ103561
MELD,MELD/train/dia375/utt0,EAQ103562
MELD,MELD/train/dia375/utt1,EAQ103563
MELD,MELD/train/dia375/utt2,EAQ103564
MELD,MELD/train/dia375/utt3,EAQ103565
MELD,MELD/train/dia375/utt4,EAQ103566
MELD,MELD/train/dia376/utt0,EAQ103567
MELD,MELD/train/dia376/utt1,EAQ103568
MELD,MELD/train/dia376/utt2,EAQ103569
MELD,MELD/train/dia376/utt3,EAQ103570
MELD,MELD/train/dia377/utt0,EAQ103571
MELD,MELD/train/dia377/utt1,EAQ103572
MELD,MELD/train/dia377/utt2,EAQ103573
MELD,MELD/train/dia377/utt3,EAQ103574
MELD,MELD/train/dia377/utt4,EAQ103575
MELD,MELD/train/dia377/utt5,EAQ103576
MELD,MELD/train/dia377/utt6,EAQ103577
MELD,MELD/train/dia378/utt0,EAQ103578
MELD,MELD/train/dia378/utt1,EAQ103579
MELD,MELD/train/dia378/utt2,EAQ103580
MELD,MELD/train/dia379/utt0,EAQ103581
MELD,MELD/train/dia379/utt1,EAQ103582
MELD,MELD/train/dia379/utt2,EAQ103583
MELD,MELD/train/dia379/utt3,EAQ103584
MELD,MELD/train/dia379/utt4,EAQ103585
MELD,MELD/train/dia379/utt5,EAQ103586
MELD,MELD/train/dia379/utt6,EAQ103587
MELD,MELD/train/dia379/utt7,EAQ103588
MELD,MELD/train/dia379/utt8,EAQ103589
MELD,MELD/train/dia379/utt9,EAQ103590
MELD,MELD/train/dia379/utt10,EAQ103591
MELD,MELD/train/dia380/utt0,EAQ103592
MELD,MELD/train/dia380/utt1,EAQ103593
MELD,MELD/train/dia380/utt2,EAQ103594
MELD,MELD/train/dia380/utt3,EAQ103595
MELD,MELD/train/dia380/utt4,EAQ103596
MELD,MELD/train/dia381/utt0,EAQ103597
MELD,MELD/train/dia382/utt0,EAQ103598
MELD,MELD/train/dia382/utt1,EAQ103599
MELD,MELD/train/dia382/utt2,EAQ103600
MELD,MELD/train/dia383/utt0,EAQ103601
MELD,MELD/train/dia383/utt1,EAQ103602
MELD,MELD/train/dia383/utt2,EAQ103603
MELD,MELD/train/dia383/utt3,EAQ103604
MELD,MELD/train/dia383/utt4,EAQ103605
MELD,MELD/train/dia383/utt5,EAQ103606
MELD,MELD/train/dia383/utt6,EAQ103607
MELD,MELD/train/dia383/utt7,EAQ103608
MELD,MELD/train/dia383/utt8,EAQ103609
MELD,MELD/train/dia383/utt9,EAQ103610
MELD,MELD/train/dia383/utt10,EAQ103611
MELD,MELD/train/dia383/utt11,EAQ103612
MELD,MELD/train/dia384/utt0,EAQ103613
MELD,MELD/train/dia384/utt1,EAQ103614
MELD,MELD/train/dia384/utt2,EAQ103615
MELD,MELD/train/dia384/utt3,EAQ103616
MELD,MELD/train/dia384/utt4,EAQ103617
MELD,MELD/train/dia385/utt0,EAQ103618
MELD,MELD/train/dia385/utt1,EAQ103619
MELD,MELD/train/dia385/utt2,EAQ103620
MELD,MELD/train/dia385/utt3,EAQ103621
MELD,MELD/train/dia385/utt4,EAQ103622
MELD,MELD/train/dia385/utt5,EAQ103623
MELD,MELD/train/dia386/utt0,EAQ103624
MELD,MELD/train/dia387/utt0,EAQ103625
MELD,MELD/train/dia387/utt1,EAQ103626
MELD,MELD/train/dia387/utt2,EAQ103627
MELD,MELD/train/dia387/utt3,EAQ103628
MELD,MELD/train/dia387/utt4,EAQ103629
MELD,MELD/train/dia388/utt0,EAQ103630
MELD,MELD/train/dia388/utt1,EAQ103631
MELD,MELD/train/dia388/utt2,EAQ103632
MELD,MELD/train/dia388/utt3,EAQ103633
MELD,MELD/train/dia388/utt4,EAQ103634
MELD,MELD/train/dia388/utt5,EAQ103635
MELD,MELD/train/dia388/utt6,EAQ103636
MELD,MELD/train/dia388/utt7,EAQ103637
MELD,MELD/train/dia388/utt8,EAQ103638
MELD,MELD/train/dia388/utt9,EAQ103639
MELD,MELD/train/dia388/utt10,EAQ103640
MELD,MELD/train/dia388/utt11,EAQ103641
MELD,MELD/train/dia388/utt12,EAQ103642
MELD,MELD/train/dia388/utt13,EAQ103643
MELD,MELD/train/dia388/utt14,EAQ103644
MELD,MELD/train/dia388/utt15,EAQ103645
MELD,MELD/train/dia388/utt16,EAQ103646
MELD,MELD/train/dia389/utt0,EAQ103647
MELD,MELD/train/dia389/utt1,EAQ103648
MELD,MELD/train/dia389/utt2,EAQ103649
MELD,MELD/train/dia389/utt3,EAQ103650
MELD,MELD/train/dia389/utt4,EAQ103651
MELD,MELD/train/dia389/utt5,EAQ103652
MELD,MELD/train/dia389/utt6,EAQ103653
MELD,MELD/train/dia389/utt7,EAQ103654
MELD,MELD/train/dia389/utt8,EAQ103655
MELD,MELD/train/dia389/utt9,EAQ103656
MELD,MELD/train/dia389/utt10,EAQ103657
MELD,MELD/train/dia389/utt11,EAQ103658
MELD,MELD/train/dia389/utt12,EAQ103659
MELD,MELD/train/dia390/utt0,EAQ103660
MELD,MELD/train/dia390/utt1,EAQ103661
MELD,MELD/train/dia390/utt2,EAQ103662
MELD,MELD/train/dia391/utt0,EAQ103663
MELD,MELD/train/dia392/utt0,EAQ103664
MELD,MELD/train/dia392/utt1,EAQ103665
MELD,MELD/train/dia392/utt2,EAQ103666
MELD,MELD/train/dia392/utt3,EAQ103667
MELD,MELD/train/dia392/utt4,EAQ103668
MELD,MELD/train/dia392/utt5,EAQ103669
MELD,MELD/train/dia392/utt6,EAQ103670
MELD,MELD/train/dia392/utt7,EAQ103671
MELD,MELD/train/dia392/utt8,EAQ103672
MELD,MELD/train/dia392/utt9,EAQ103673
MELD,MELD/train/dia392/utt10,EAQ103674
MELD,MELD/train/dia392/utt11,EAQ103675
MELD,MELD/train/dia392/utt12,EAQ103676
MELD,MELD/train/dia393/utt0,EAQ103677
MELD,MELD/train/dia393/utt1,EAQ103678
MELD,MELD/train/dia393/utt2,EAQ103679
MELD,MELD/train/dia393/utt3,EAQ103680
MELD,MELD/train/dia393/utt4,EAQ103681
MELD,MELD/dev/dia0/utt0,EAQ103682
MELD,MELD/dev/dia0/utt1,EAQ103683
MELD,MELD/dev/dia1/utt0,EAQ103684
MELD,MELD/dev/dia1/utt1,EAQ103685
MELD,MELD/dev/dia1/utt2,EAQ103686
MELD,MELD/dev/dia1/utt3,EAQ103687
MELD,MELD/dev/dia1/utt4,EAQ103688
MELD,MELD/dev/dia1/utt5,EAQ103689
MELD,MELD/dev/dia1/utt6,EAQ103690
MELD,MELD/dev/dia1/utt7,EAQ103691
MELD,MELD/dev/dia1/utt8,EAQ103692
MELD,MELD/dev/dia1/utt9,EAQ103693
MELD,MELD/dev/dia1/utt10,EAQ103694
MELD,MELD/dev/dia1/utt11,EAQ103695
MELD,MELD/dev/dia1/utt12,EAQ103696
MELD,MELD/dev/dia1/utt13,EAQ103697
MELD,MELD/dev/dia1/utt14,EAQ103698
MELD,MELD/dev/dia1/utt15,EAQ103699
MELD,MELD/dev/dia2/utt0,EAQ103700
MELD,MELD/dev/dia2/utt1,EAQ103701
MELD,MELD/dev/dia2/utt2,EAQ103702
MELD,MELD/dev/dia2/utt3,EAQ103703
MELD,MELD/dev/dia2/utt4,EAQ103704
MELD,MELD/dev/dia2/utt5,EAQ103705
MELD,MELD/dev/dia3/utt0,EAQ103706
MELD,MELD/dev/dia3/utt1,EAQ103707
MELD,MELD/dev/dia3/utt2,EAQ103708
MELD,MELD/dev/dia4/utt0,EAQ103709
MELD,MELD/dev/dia4/utt1,EAQ103710
MELD,MELD/dev/dia4/utt2,EAQ103711
MELD,MELD/dev/dia4/utt3,EAQ103712
MELD,MELD/dev/dia4/utt4,EAQ103713
MELD,MELD/dev/dia4/utt5,EAQ103714
MELD,MELD/dev/dia4/utt6,EAQ103715
MELD,MELD/dev/dia4/utt7,EAQ103716
MELD,MELD/dev/dia4/utt8,EAQ103717
MELD,MELD/dev/dia4/utt9,EAQ103718
MELD,MELD/dev/dia4/utt10,EAQ103719
MELD,MELD/dev/dia4/utt11,EAQ103720
MELD,MELD/dev/dia4/utt12,EAQ103721
MELD,MELD/dev/dia4/utt13,EAQ103722
MELD,MELD/dev/dia4/utt14,EAQ103723
MELD,MELD/dev/dia5/utt0,EAQ103724
MELD,MELD/dev/dia5/utt1,EAQ103725
MELD,MELD/dev/dia5/utt2,EAQ103726
MELD,MELD/dev/dia5/utt3,EAQ103727
MELD,MELD/dev/dia5/utt4,EAQ103728
MELD,MELD/dev/dia5/utt5,EAQ103729
MELD,MELD/dev/dia5/utt6,EAQ103730
MELD,MELD/dev/dia5/utt7,EAQ103731
MELD,MELD/dev/dia5/utt8,EAQ103732
MELD,MELD/dev/dia5/utt9,EAQ103733
MELD,MELD/dev/dia5/utt10,EAQ103734
MELD,MELD/dev/dia5/utt11,EAQ103735
MELD,MELD/dev/dia5/utt12,EAQ103736
MELD,MELD/dev/dia6/utt0,EAQ103737
MELD,MELD/dev/dia6/utt1,EAQ103738
MELD,MELD/dev/dia6/utt2,EAQ103739
MELD,MELD/dev/dia6/utt3,EAQ103740
MELD,MELD/dev/dia6/utt4,EAQ103741
MELD,MELD/dev/dia6/utt5,EAQ103742
MELD,MELD/dev/dia6/utt6,EAQ103743
MELD,MELD/dev/dia6/utt7,EAQ103744
MELD,MELD/dev/dia6/utt8,EAQ103745
MELD,MELD/dev/dia6/utt9,EAQ103746
MELD,MELD/dev/dia7/utt0,EAQ103747
MELD,MELD/dev/dia7/utt1,EAQ103748
MELD,MELD/dev/dia7/utt2,EAQ103749
MELD,MELD/dev/dia7/utt3,EAQ103750
MELD,MELD/dev/dia7/utt4,EAQ103751
MELD,MELD/dev/dia7/utt5,EAQ103752
MELD,MELD/dev/dia7/utt6,EAQ103753
MELD,MELD/dev/dia7/utt7,EAQ103754
MELD,MELD/dev/dia7/utt8,EAQ103755
MELD,MELD/dev/dia7/utt9,EAQ103756
MELD,MELD/dev/dia7/utt10,EAQ103757
MELD,MELD/dev/dia8/utt0,EAQ103758
MELD,MELD/dev/dia8/utt1,EAQ103759
MELD,MELD/dev/dia8/utt2,EAQ103760
MELD,MELD/dev/dia8/utt3,EAQ103761
MELD,MELD/dev/dia8/utt4,EAQ103762
MELD,MELD/dev/dia8/utt5,EAQ103763
MELD,MELD/dev/dia8/utt6,EAQ103764
MELD,MELD/dev/dia8/utt7,EAQ103765
MELD,MELD/dev/dia8/utt8,EAQ103766
MELD,MELD/dev/dia8/utt9,EAQ103767
MELD,MELD/dev/dia8/utt10,EAQ103768
MELD,MELD/dev/dia8/utt11,EAQ103769
MELD,MELD/dev/dia8/utt12,EAQ103770
MELD,MELD/dev/dia8/utt13,EAQ103771
MELD,MELD/dev/dia8/utt14,EAQ103772
MELD,MELD/dev/dia9/utt0,EAQ103773
MELD,MELD/dev/dia9/utt1,EAQ103774
MELD,MELD/dev/dia9/utt2,EAQ103775
MELD,MELD/dev/dia9/utt3,EAQ103776
MELD,MELD/dev/dia9/utt4,EAQ103777
MELD,MELD/dev/dia9/utt5,EAQ103778
MELD,MELD/dev/dia9/utt6,EAQ103779
MELD,MELD/dev/dia9/utt7,EAQ103780
MELD,MELD/dev/dia10/utt0,EAQ103781
MELD,MELD/dev/dia10/utt1,EAQ103782
MELD,MELD/dev/dia10/utt2,EAQ103783
MELD,MELD/dev/dia10/utt3,EAQ103784
MELD,MELD/dev/dia10/utt4,EAQ103785
MELD,MELD/dev/dia10/utt5,EAQ103786
MELD,MELD/dev/dia10/utt6,EAQ103787
MELD,MELD/dev/dia10/utt7,EAQ103788
MELD,MELD/dev/dia10/utt8,EAQ103789
MELD,MELD/dev/dia10/utt9,EAQ103790
MELD,MELD/dev/dia11/utt0,EAQ103791
MELD,MELD/dev/dia11/utt1,EAQ103792
MELD,MELD/dev/dia11/utt2,EAQ103793
MELD,MELD/dev/dia11/utt3,EAQ103794
MELD,MELD/dev/dia11/utt4,EAQ103795
MELD,MELD/dev/dia11/utt5,EAQ103796
MELD,MELD/dev/dia11/utt6,EAQ103797
MELD,MELD/dev/dia11/utt7,EAQ103798
MELD,MELD/dev/dia11/utt8,EAQ103799
MELD,MELD/dev/dia11/utt9,EAQ103800
MELD,MELD/dev/dia11/utt10,EAQ103801
MELD,MELD/dev/dia11/utt11,EAQ103802
MELD,MELD/dev/dia11/utt12,EAQ103803
MELD,MELD/dev/dia12/utt0,EAQ103804
MELD,MELD/dev/dia12/utt1,EAQ103805
MELD,MELD/dev/dia12/utt2,EAQ103806
MELD,MELD/dev/dia12/utt3,EAQ103807
MELD,MELD/dev/dia12/utt4,EAQ103808
MELD,MELD/dev/dia13/utt0,EAQ103809
MELD,MELD/dev/dia13/utt1,EAQ103810
MELD,MELD/dev/dia13/utt2,EAQ103811
MELD,MELD/dev/dia13/utt3,EAQ103812
MELD,MELD/dev/dia13/utt4,EAQ103813
MELD,MELD/dev/dia13/utt5,EAQ103814
MELD,MELD/dev/dia13/utt6,EAQ103815
MELD,MELD/dev/dia13/utt7,EAQ103816
MELD,MELD/dev/dia13/utt8,EAQ103817
MELD,MELD/dev/dia13/utt9,EAQ103818
MELD,MELD/dev/dia13/utt10,EAQ103819
MELD,MELD/dev/dia13/utt11,EAQ103820
MELD,MELD/dev/dia13/utt12,EAQ103821
MELD,MELD/dev/dia13/utt13,EAQ103822
MELD,MELD/dev/dia13/utt14,EAQ103823
MELD,MELD/dev/dia13/utt15,EAQ103824
MELD,MELD/dev/dia13/utt16,EAQ103825
MELD,MELD/dev/dia13/utt17,EAQ103826
MELD,MELD/dev/dia13/utt18,EAQ103827
MELD,MELD/dev/dia13/utt19,EAQ103828
MELD,MELD/dev/dia13/utt20,EAQ103829
MELD,MELD/dev/dia13/utt21,EAQ103830
MELD,MELD/dev/dia14/utt0,EAQ103831
MELD,MELD/dev/dia14/utt1,EAQ103832
MELD,MELD/dev/dia14/utt2,EAQ103833
MELD,MELD/dev/dia14/utt3,EAQ103834
MELD,MELD/dev/dia14/utt4,EAQ103835
MELD,MELD/dev/dia14/utt5,EAQ103836
MELD,MELD/dev/dia14/utt6,EAQ103837
MELD,MELD/dev/dia14/utt7,EAQ103838
MELD,MELD/dev/dia14/utt8,EAQ103839
MELD,MELD/dev/dia15/utt0,EAQ103840
MELD,MELD/dev/dia15/utt1,EAQ103841
MELD,MELD/dev/dia15/utt2,EAQ103842
MELD,MELD/dev/dia15/utt3,EAQ103843
MELD,MELD/dev/dia15/utt4,EAQ103844
MELD,MELD/dev/dia15/utt5,EAQ103845
MELD,MELD/dev/dia15/utt6,EAQ103846
MELD,MELD/dev/dia15/utt7,EAQ103847
MELD,MELD/dev/dia15/utt8,EAQ103848
MELD,MELD/dev/dia15/utt9,EAQ103849
MELD,MELD/dev/dia16/utt0,EAQ103850
MELD,MELD/dev/dia16/utt1,EAQ103851
MELD,MELD/dev/dia16/utt2,EAQ103852
MELD,MELD/dev/dia16/utt3,EAQ103853
MELD,MELD/dev/dia16/utt4,EAQ103854
MELD,MELD/dev/dia16/utt5,EAQ103855
MELD,MELD/dev/dia16/utt6,EAQ103856
MELD,MELD/dev/dia16/utt7,EAQ103857
MELD,MELD/dev/dia16/utt8,EAQ103858
MELD,MELD/dev/dia16/utt9,EAQ103859
MELD,MELD/dev/dia16/utt10,EAQ103860
MELD,MELD/dev/dia16/utt11,EAQ103861
MELD,MELD/dev/dia16/utt12,EAQ103862
MELD,MELD/dev/dia16/utt13,EAQ103863
MELD,MELD/dev/dia16/utt14,EAQ103864
MELD,MELD/dev/dia16/utt15,EAQ103865
MELD,MELD/dev/dia16/utt16,EAQ103866
MELD,MELD/dev/dia16/utt17,EAQ103867
MELD,MELD/dev/dia16/utt18,EAQ103868
MELD,MELD/dev/dia17/utt0,EAQ103869
MELD,MELD/dev/dia17/utt1,EAQ103870
MELD,MELD/dev/dia17/utt2,EAQ103871
MELD,MELD/dev/dia17/utt3,EAQ103872
MELD,MELD/dev/dia17/utt4,EAQ103873
MELD,MELD/dev/dia18/utt0,EAQ103874
MELD,MELD/dev/dia18/utt1,EAQ103875
MELD,MELD/dev/dia18/utt2,EAQ103876
MELD,MELD/dev/dia18/utt3,EAQ103877
MELD,MELD/dev/dia18/utt4,EAQ103878
MELD,MELD/dev/dia18/utt5,EAQ103879
MELD,MELD/dev/dia18/utt6,EAQ103880
MELD,MELD/dev/dia18/utt7,EAQ103881
MELD,MELD/dev/dia18/utt8,EAQ103882
MELD,MELD/dev/dia18/utt9,EAQ103883
MELD,MELD/dev/dia18/utt10,EAQ103884
MELD,MELD/dev/dia18/utt11,EAQ103885
MELD,MELD/dev/dia18/utt12,EAQ103886
MELD,MELD/dev/dia18/utt13,EAQ103887
MELD,MELD/dev/dia19/utt0,EAQ103888
MELD,MELD/dev/dia19/utt1,EAQ103889
MELD,MELD/dev/dia19/utt2,EAQ103890
MELD,MELD/dev/dia19/utt3,EAQ103891
MELD,MELD/dev/dia19/utt4,EAQ103892
MELD,MELD/dev/dia19/utt5,EAQ103893
MELD,MELD/dev/dia19/utt6,EAQ103894
MELD,MELD/dev/dia19/utt7,EAQ103895
MELD,MELD/dev/dia19/utt8,EAQ103896
MELD,MELD/dev/dia19/utt9,EAQ103897
MELD,MELD/dev/dia19/utt10,EAQ103898
MELD,MELD/dev/dia19/utt11,EAQ103899
MELD,MELD/dev/dia19/utt12,EAQ103900
MELD,MELD/dev/dia19/utt13,EAQ103901
MELD,MELD/dev/dia19/utt14,EAQ103902
MELD,MELD/dev/dia19/utt15,EAQ103903
MELD,MELD/dev/dia19/utt16,EAQ103904
MELD,MELD/dev/dia19/utt17,EAQ103905
MELD,MELD/dev/dia19/utt18,EAQ103906
MELD,MELD/dev/dia19/utt19,EAQ103907
MELD,MELD/dev/dia19/utt20,EAQ103908
MELD,MELD/dev/dia19/utt21,EAQ103909
MELD,MELD/dev/dia19/utt22,EAQ103910
MELD,MELD/dev/dia20/utt0,EAQ103911
MELD,MELD/dev/dia20/utt1,EAQ103912
MELD,MELD/dev/dia20/utt2,EAQ103913
MELD,MELD/dev/dia20/utt3,EAQ103914
MELD,MELD/dev/dia20/utt4,EAQ103915
MELD,MELD/dev/dia20/utt5,EAQ103916
MELD,MELD/dev/dia20/utt6,EAQ103917
MELD,MELD/dev/dia20/utt7,EAQ103918
MELD,MELD/dev/dia21/utt0,EAQ103919
MELD,MELD/dev/dia21/utt1,EAQ103920
MELD,MELD/dev/dia21/utt2,EAQ103921
MELD,MELD/dev/dia21/utt3,EAQ103922
MELD,MELD/dev/dia21/utt4,EAQ103923
MELD,MELD/dev/dia21/utt5,EAQ103924
MELD,MELD/dev/dia21/utt6,EAQ103925
MELD,MELD/dev/dia22/utt0,EAQ103926
MELD,MELD/dev/dia22/utt1,EAQ103927
MELD,MELD/dev/dia22/utt2,EAQ103928
MELD,MELD/dev/dia22/utt3,EAQ103929
MELD,MELD/dev/dia22/utt4,EAQ103930
MELD,MELD/dev/dia22/utt5,EAQ103931
MELD,MELD/dev/dia22/utt6,EAQ103932
MELD,MELD/dev/dia22/utt7,EAQ103933
MELD,MELD/dev/dia22/utt8,EAQ103934
MELD,MELD/dev/dia22/utt9,EAQ103935
MELD,MELD/dev/dia22/utt10,EAQ103936
MELD,MELD/dev/dia22/utt11,EAQ103937
MELD,MELD/dev/dia22/utt12,EAQ103938
MELD,MELD/dev/dia22/utt13,EAQ103939
MELD,MELD/dev/dia23/utt0,EAQ103940
MELD,MELD/dev/dia23/utt1,EAQ103941
MELD,MELD/dev/dia23/utt2,EAQ103942
MELD,MELD/dev/dia23/utt3,EAQ103943
MELD,MELD/dev/dia23/utt4,EAQ103944
MELD,MELD/dev/dia23/utt5,EAQ103945
MELD,MELD/dev/dia23/utt6,EAQ103946
MELD,MELD/dev/dia23/utt7,EAQ103947
MELD,MELD/dev/dia23/utt8,EAQ103948
MELD,MELD/dev/dia23/utt9,EAQ103949
MELD,MELD/dev/dia23/utt10,EAQ103950
MELD,MELD/dev/dia23/utt11,EAQ103951
MELD,MELD/dev/dia23/utt12,EAQ103952
MELD,MELD/dev/dia23/utt13,EAQ103953
MELD,MELD/dev/dia24/utt0,EAQ103954
MELD,MELD/dev/dia24/utt1,EAQ103955
MELD,MELD/dev/dia24/utt2,EAQ103956
MELD,MELD/dev/dia24/utt3,EAQ103957
MELD,MELD/dev/dia24/utt4,EAQ103958
MELD,MELD/dev/dia24/utt5,EAQ103959
MELD,MELD/dev/dia24/utt6,EAQ103960
MELD,MELD/dev/dia24/utt7,EAQ103961
MELD,MELD/dev/dia24/utt8,EAQ103962
MELD,MELD/dev/dia25/utt0,EAQ103963
MELD,MELD/dev/dia25/utt1,EAQ103964
MELD,MELD/dev/dia25/utt2,EAQ103965
MELD,MELD/dev/dia25/utt3,EAQ103966
MELD,MELD/dev/dia25/utt4,EAQ103967
MELD,MELD/dev/dia25/utt5,EAQ103968
MELD,MELD/dev/dia26/utt0,EAQ103969
MELD,MELD/dev/dia26/utt1,EAQ103970
MELD,MELD/dev/dia26/utt2,EAQ103971
MELD,MELD/dev/dia26/utt3,EAQ103972
MELD,MELD/dev/dia26/utt4,EAQ103973
MELD,MELD/dev/dia26/utt5,EAQ103974
MELD,MELD/dev/dia26/utt6,EAQ103975
MELD,MELD/dev/dia26/utt7,EAQ103976
MELD,MELD/dev/dia26/utt8,EAQ103977
MELD,MELD/dev/dia26/utt9,EAQ103978
MELD,MELD/dev/dia26/utt10,EAQ103979
MELD,MELD/dev/dia26/utt11,EAQ103980
MELD,MELD/dev/dia26/utt12,EAQ103981
MELD,MELD/dev/dia26/utt13,EAQ103982
MELD,MELD/dev/dia26/utt14,EAQ103983
MELD,MELD/dev/dia26/utt15,EAQ103984
MELD,MELD/dev/dia26/utt16,EAQ103985
MELD,MELD/dev/dia27/utt0,EAQ103986
MELD,MELD/dev/dia27/utt1,EAQ103987
MELD,MELD/dev/dia27/utt2,EAQ103988
MELD,MELD/dev/dia27/utt3,EAQ103989
MELD,MELD/dev/dia27/utt4,EAQ103990
MELD,MELD/dev/dia27/utt5,EAQ103991
MELD,MELD/dev/dia27/utt6,EAQ103992
MELD,MELD/dev/dia27/utt7,EAQ103993
MELD,MELD/dev/dia27/utt8,EAQ103994
MELD,MELD/dev/dia27/utt9,EAQ103995
MELD,MELD/dev/dia28/utt0,EAQ103996
MELD,MELD/dev/dia28/utt1,EAQ103997
MELD,MELD/dev/dia28/utt2,EAQ103998
MELD,MELD/dev/dia28/utt3,EAQ103999
MELD,MELD/dev/dia28/utt4,EAQ104000
MELD,MELD/dev/dia28/utt5,EAQ104001
MELD,MELD/dev/dia28/utt6,EAQ104002
MELD,MELD/dev/dia28/utt7,EAQ104003
MELD,MELD/dev/dia28/utt8,EAQ104004
MELD,MELD/dev/dia28/utt9,EAQ104005
MELD,MELD/dev/dia28/utt10,EAQ104006
MELD,MELD/dev/dia29/utt0,EAQ104007
MELD,MELD/dev/dia29/utt1,EAQ104008
MELD,MELD/dev/dia29/utt2,EAQ104009
MELD,MELD/dev/dia29/utt3,EAQ104010
MELD,MELD/dev/dia29/utt4,EAQ104011
MELD,MELD/dev/dia29/utt5,EAQ104012
MELD,MELD/dev/dia29/utt6,EAQ104013
MELD,MELD/dev/dia29/utt7,EAQ104014
MELD,MELD/dev/dia29/utt8,EAQ104015
MELD,MELD/dev/dia29/utt9,EAQ104016
MELD,MELD/dev/dia29/utt10,EAQ104017
MELD,MELD/dev/dia30/utt0,EAQ104018
MELD,MELD/dev/dia30/utt1,EAQ104019
MELD,MELD/dev/dia30/utt2,EAQ104020
MELD,MELD/dev/dia30/utt3,EAQ104021
MELD,MELD/dev/dia30/utt4,EAQ104022
MELD,MELD/dev/dia30/utt5,EAQ104023
MELD,MELD/dev/dia30/utt6,EAQ104024
MELD,MELD/dev/dia30/utt7,EAQ104025
MELD,MELD/dev/dia30/utt8,EAQ104026
MELD,MELD/dev/dia30/utt9,EAQ104027
MELD,MELD/dev/dia30/utt10,EAQ104028
MELD,MELD/dev/dia30/utt11,EAQ104029
MELD,MELD/dev/dia30/utt12,EAQ104030
MELD,MELD/dev/dia30/utt13,EAQ104031
MELD,MELD/dev/dia30/utt14,EAQ104032
MELD,MELD/dev/dia30/utt15,EAQ104033
MELD,MELD/dev/dia30/utt16,EAQ104034
MELD,MELD/dev/dia30/utt17,EAQ104035
MELD,MELD/dev/dia30/utt18,EAQ104036
MELD,MELD/dev/dia31/utt0,EAQ104037
MELD,MELD/dev/dia31/utt1,EAQ104038
MELD,MELD/dev/dia31/utt2,EAQ104039
MELD,MELD/dev/dia31/utt3,EAQ104040
MELD,MELD/dev/dia31/utt4,EAQ104041
MELD,MELD/dev/dia31/utt5,EAQ104042
MELD,MELD/dev/dia31/utt6,EAQ104043
MELD,MELD/dev/dia31/utt7,EAQ104044
MELD,MELD/dev/dia31/utt8,EAQ104045
MELD,MELD/dev/dia31/utt9,EAQ104046
MELD,MELD/dev/dia31/utt10,EAQ104047
MELD,MELD/dev/dia31/utt11,EAQ104048
MELD,MELD/dev/dia31/utt12,EAQ104049
MELD,MELD/dev/dia32/utt0,EAQ104050
MELD,MELD/dev/dia32/utt1,EAQ104051
MELD,MELD/dev/dia32/utt2,EAQ104052
MELD,MELD/dev/dia32/utt3,EAQ104053
MELD,MELD/dev/dia32/utt4,EAQ104054
MELD,MELD/dev/dia32/utt5,EAQ104055
MELD,MELD/dev/dia32/utt6,EAQ104056
MELD,MELD/dev/dia32/utt7,EAQ104057
MELD,MELD/dev/dia32/utt8,EAQ104058
MELD,MELD/dev/dia32/utt9,EAQ104059
MELD,MELD/dev/dia32/utt10,EAQ104060
MELD,MELD/dev/dia32/utt11,EAQ104061
MELD,MELD/dev/dia32/utt12,EAQ104062
MELD,MELD/dev/dia32/utt13,EAQ104063
MELD,MELD/dev/dia33/utt0,EAQ104064
MELD,MELD/dev/dia33/utt1,EAQ104065
MELD,MELD/dev/dia34/utt0,EAQ104066
MELD,MELD/dev/dia34/utt1,EAQ104067
MELD,MELD/dev/dia34/utt2,EAQ104068
MELD,MELD/dev/dia34/utt3,EAQ104069
MELD,MELD/dev/dia34/utt4,EAQ104070
MELD,MELD/dev/dia34/utt5,EAQ104071
MELD,MELD/dev/dia34/utt6,EAQ104072
MELD,MELD/dev/dia34/utt7,EAQ104073
MELD,MELD/dev/dia34/utt8,EAQ104074
MELD,MELD/dev/dia34/utt9,EAQ104075
MELD,MELD/dev/dia34/utt10,EAQ104076
MELD,MELD/dev/dia35/utt0,EAQ104077
MELD,MELD/dev/dia36/utt0,EAQ104078
MELD,MELD/dev/dia36/utt1,EAQ104079
MELD,MELD/dev/dia36/utt2,EAQ104080
MELD,MELD/dev/dia36/utt3,EAQ104081
MELD,MELD/dev/dia36/utt4,EAQ104082
MELD,MELD/dev/dia36/utt5,EAQ104083
MELD,MELD/dev/dia36/utt6,EAQ104084
MELD,MELD/dev/dia36/utt7,EAQ104085
MELD,MELD/dev/dia36/utt8,EAQ104086
MELD,MELD/dev/dia36/utt9,EAQ104087
MELD,MELD/dev/dia36/utt10,EAQ104088
MELD,MELD/dev/dia36/utt11,EAQ104089
MELD,MELD/dev/dia37/utt0,EAQ104090
MELD,MELD/dev/dia37/utt1,EAQ104091
MELD,MELD/dev/dia37/utt2,EAQ104092
MELD,MELD/dev/dia37/utt3,EAQ104093
MELD,MELD/dev/dia37/utt4,EAQ104094
MELD,MELD/dev/dia37/utt5,EAQ104095
MELD,MELD/dev/dia37/utt6,EAQ104096
MELD,MELD/dev/dia37/utt7,EAQ104097
MELD,MELD/dev/dia37/utt8,EAQ104098
MELD,MELD/dev/dia37/utt9,EAQ104099
MELD,MELD/dev/dia37/utt10,EAQ104100
MELD,MELD/dev/dia38/utt0,EAQ104101
MELD,MELD/dev/dia39/utt0,EAQ104102
MELD,MELD/dev/dia39/utt1,EAQ104103
MELD,MELD/dev/dia39/utt2,EAQ104104
MELD,MELD/dev/dia40/utt0,EAQ104105
MELD,MELD/dev/dia40/utt1,EAQ104106
MELD,MELD/dev/dia40/utt2,EAQ104107
MELD,MELD/dev/dia40/utt3,EAQ104108
MELD,MELD/dev/dia40/utt4,EAQ104109
MELD,MELD/dev/dia40/utt5,EAQ104110
MELD,MELD/dev/dia40/utt6,EAQ104111
MELD,MELD/dev/dia40/utt7,EAQ104112
MELD,MELD/dev/dia40/utt8,EAQ104113
MELD,MELD/dev/dia40/utt9,EAQ104114
MELD,MELD/dev/dia40/utt10,EAQ104115
MELD,MELD/dev/dia41/utt0,EAQ104116
MELD,MELD/dev/dia41/utt1,EAQ104117
MELD,MELD/dev/dia41/utt2,EAQ104118
MELD,MELD/dev/dia42/utt0,EAQ104119
MELD,MELD/dev/dia42/utt1,EAQ104120
MELD,MELD/dev/dia42/utt2,EAQ104121
MELD,MELD/dev/dia42/utt3,EAQ104122
MELD,MELD/dev/dia42/utt4,EAQ104123
MELD,MELD/dev/dia43/utt0,EAQ104124
MELD,MELD/dev/dia43/utt1,EAQ104125
MELD,MELD/dev/dia44/utt0,EAQ104126
MELD,MELD/dev/dia44/utt1,EAQ104127
MELD,MELD/dev/dia44/utt2,EAQ104128
MELD,MELD/dev/dia44/utt3,EAQ104129
MELD,MELD/dev/dia44/utt4,EAQ104130
MELD,MELD/dev/dia44/utt5,EAQ104131
MELD,MELD/dev/dia44/utt6,EAQ104132
MELD,MELD/dev/dia44/utt7,EAQ104133
MELD,MELD/dev/dia44/utt8,EAQ104134
MELD,MELD/dev/dia44/utt9,EAQ104135
MELD,MELD/dev/dia44/utt10,EAQ104136
MELD,MELD/dev/dia44/utt11,EAQ104137
MELD,MELD/dev/dia45/utt0,EAQ104138
MELD,MELD/dev/dia45/utt1,EAQ104139
MELD,MELD/dev/dia45/utt2,EAQ104140
MELD,MELD/dev/dia45/utt3,EAQ104141
MELD,MELD/dev/dia45/utt4,EAQ104142
MELD,MELD/dev/dia45/utt5,EAQ104143
MELD,MELD/dev/dia45/utt6,EAQ104144
MELD,MELD/dev/dia45/utt7,EAQ104145
MELD,MELD/dev/dia45/utt8,EAQ104146
MELD,MELD/dev/dia45/utt9,EAQ104147
MELD,MELD/dev/dia45/utt10,EAQ104148
MELD,MELD/dev/dia45/utt11,EAQ104149
MELD,MELD/dev/dia46/utt0,EAQ104150
MELD,MELD/dev/dia46/utt1,EAQ104151
MELD,MELD/dev/dia46/utt2,EAQ104152
MELD,MELD/dev/dia46/utt3,EAQ104153
MELD,MELD/dev/dia46/utt4,EAQ104154
MELD,MELD/dev/dia46/utt5,EAQ104155
MELD,MELD/dev/dia46/utt6,EAQ104156
MELD,MELD/dev/dia46/utt7,EAQ104157
MELD,MELD/dev/dia46/utt8,EAQ104158
MELD,MELD/dev/dia46/utt9,EAQ104159
MELD,MELD/dev/dia47/utt0,EAQ104160
MELD,MELD/dev/dia47/utt1,EAQ104161
MELD,MELD/dev/dia47/utt2,EAQ104162
MELD,MELD/dev/dia47/utt3,EAQ104163
MELD,MELD/dev/dia47/utt4,EAQ104164
MELD,MELD/dev/dia47/utt5,EAQ104165
MELD,MELD/dev/dia47/utt6,EAQ104166
MELD,MELD/dev/dia47/utt7,EAQ104167
MELD,MELD/dev/dia47/utt8,EAQ104168
MELD,MELD/dev/dia47/utt9,EAQ104169
MELD,MELD/dev/dia47/utt10,EAQ104170
MELD,MELD/dev/dia48/utt0,EAQ104171
MELD,MELD/dev/dia48/utt1,EAQ104172
MELD,MELD/dev/dia48/utt2,EAQ104173
MELD,MELD/dev/dia48/utt3,EAQ104174
MELD,MELD/dev/dia48/utt4,EAQ104175
MELD,MELD/dev/dia48/utt5,EAQ104176
MELD,MELD/dev/dia48/utt6,EAQ104177
MELD,MELD/dev/dia48/utt7,EAQ104178
MELD,MELD/dev/dia49/utt0,EAQ104179
MELD,MELD/dev/dia49/utt1,EAQ104180
MELD,MELD/dev/dia49/utt2,EAQ104181
MELD,MELD/dev/dia49/utt3,EAQ104182
MELD,MELD/dev/dia49/utt6,EAQ104183
MELD,MELD/dev/dia49/utt7,EAQ104184
MELD,MELD/dev/dia49/utt8,EAQ104185
MELD,MELD/dev/dia49/utt9,EAQ104186
MELD,MELD/dev/dia49/utt10,EAQ104187
MELD,MELD/dev/dia49/utt11,EAQ104188
MELD,MELD/dev/dia49/utt12,EAQ104189
MELD,MELD/dev/dia49/utt13,EAQ104190
MELD,MELD/dev/dia49/utt14,EAQ104191
MELD,MELD/dev/dia50/utt0,EAQ104192
MELD,MELD/dev/dia50/utt1,EAQ104193
MELD,MELD/dev/dia50/utt2,EAQ104194
MELD,MELD/dev/dia50/utt3,EAQ104195
MELD,MELD/dev/dia51/utt0,EAQ104196
MELD,MELD/dev/dia51/utt1,EAQ104197
MELD,MELD/dev/dia51/utt2,EAQ104198
MELD,MELD/dev/dia51/utt3,EAQ104199
MELD,MELD/dev/dia51/utt4,EAQ104200
MELD,MELD/dev/dia51/utt5,EAQ104201
MELD,MELD/dev/dia51/utt6,EAQ104202
MELD,MELD/dev/dia52/utt0,EAQ104203
MELD,MELD/dev/dia52/utt1,EAQ104204
MELD,MELD/dev/dia52/utt2,EAQ104205
MELD,MELD/dev/dia53/utt0,EAQ104206
MELD,MELD/dev/dia53/utt1,EAQ104207
MELD,MELD/dev/dia53/utt2,EAQ104208
MELD,MELD/dev/dia53/utt3,EAQ104209
MELD,MELD/dev/dia53/utt4,EAQ104210
MELD,MELD/dev/dia53/utt5,EAQ104211
MELD,MELD/dev/dia53/utt6,EAQ104212
MELD,MELD/dev/dia53/utt7,EAQ104213
MELD,MELD/dev/dia53/utt8,EAQ104214
MELD,MELD/dev/dia54/utt0,EAQ104215
MELD,MELD/dev/dia54/utt1,EAQ104216
MELD,MELD/dev/dia54/utt2,EAQ104217
MELD,MELD/dev/dia54/utt3,EAQ104218
MELD,MELD/dev/dia54/utt4,EAQ104219
MELD,MELD/dev/dia54/utt5,EAQ104220
MELD,MELD/dev/dia54/utt6,EAQ104221
MELD,MELD/dev/dia54/utt7,EAQ104222
MELD,MELD/dev/dia54/utt8,EAQ104223
MELD,MELD/dev/dia54/utt9,EAQ104224
MELD,MELD/dev/dia54/utt10,EAQ104225
MELD,MELD/dev/dia54/utt11,EAQ104226
MELD,MELD/dev/dia54/utt12,EAQ104227
MELD,MELD/dev/dia55/utt0,EAQ104228
MELD,MELD/dev/dia56/utt0,EAQ104229
MELD,MELD/dev/dia56/utt1,EAQ104230
MELD,MELD/dev/dia56/utt2,EAQ104231
MELD,MELD/dev/dia56/utt3,EAQ104232
MELD,MELD/dev/dia56/utt4,EAQ104233
MELD,MELD/dev/dia56/utt5,EAQ104234
MELD,MELD/dev/dia56/utt6,EAQ104235
MELD,MELD/dev/dia56/utt7,EAQ104236
MELD,MELD/dev/dia56/utt8,EAQ104237
MELD,MELD/dev/dia56/utt9,EAQ104238
MELD,MELD/dev/dia56/utt10,EAQ104239
MELD,MELD/dev/dia56/utt11,EAQ104240
MELD,MELD/dev/dia56/utt12,EAQ104241
MELD,MELD/dev/dia56/utt13,EAQ104242
MELD,MELD/dev/dia56/utt14,EAQ104243
MELD,MELD/dev/dia56/utt15,EAQ104244
MELD,MELD/dev/dia56/utt16,EAQ104245
MELD,MELD/dev/dia57/utt0,EAQ104246
MELD,MELD/dev/dia57/utt1,EAQ104247
MELD,MELD/dev/dia57/utt2,EAQ104248
MELD,MELD/dev/dia57/utt3,EAQ104249
MELD,MELD/dev/dia57/utt4,EAQ104250
MELD,MELD/dev/dia57/utt5,EAQ104251
MELD,MELD/dev/dia57/utt6,EAQ104252
MELD,MELD/dev/dia57/utt7,EAQ104253
MELD,MELD/dev/dia57/utt8,EAQ104254
MELD,MELD/dev/dia57/utt9,EAQ104255
MELD,MELD/dev/dia57/utt10,EAQ104256
MELD,MELD/dev/dia57/utt11,EAQ104257
MELD,MELD/dev/dia57/utt12,EAQ104258
MELD,MELD/dev/dia58/utt0,EAQ104259
MELD,MELD/dev/dia58/utt1,EAQ104260
MELD,MELD/dev/dia58/utt2,EAQ104261
MELD,MELD/dev/dia58/utt3,EAQ104262
MELD,MELD/dev/dia58/utt4,EAQ104263
MELD,MELD/dev/dia58/utt5,EAQ104264
MELD,MELD/dev/dia58/utt6,EAQ104265
MELD,MELD/dev/dia58/utt7,EAQ104266
MELD,MELD/dev/dia58/utt8,EAQ104267
MELD,MELD/dev/dia58/utt9,EAQ104268
MELD,MELD/dev/dia58/utt10,EAQ104269
MELD,MELD/dev/dia58/utt11,EAQ104270
MELD,MELD/dev/dia59/utt0,EAQ104271
MELD,MELD/dev/dia59/utt1,EAQ104272
MELD,MELD/dev/dia59/utt2,EAQ104273
MELD,MELD/dev/dia59/utt3,EAQ104274
MELD,MELD/dev/dia59/utt4,EAQ104275
MELD,MELD/dev/dia60/utt0,EAQ104276
MELD,MELD/dev/dia60/utt1,EAQ104277
MELD,MELD/dev/dia60/utt2,EAQ104278
MELD,MELD/dev/dia60/utt3,EAQ104279
MELD,MELD/dev/dia60/utt4,EAQ104280
MELD,MELD/dev/dia60/utt5,EAQ104281
MELD,MELD/dev/dia60/utt6,EAQ104282
MELD,MELD/dev/dia61/utt0,EAQ104283
MELD,MELD/dev/dia61/utt1,EAQ104284
MELD,MELD/dev/dia61/utt2,EAQ104285
MELD,MELD/dev/dia61/utt3,EAQ104286
MELD,MELD/dev/dia61/utt4,EAQ104287
MELD,MELD/dev/dia61/utt5,EAQ104288
MELD,MELD/dev/dia62/utt0,EAQ104289
MELD,MELD/dev/dia62/utt1,EAQ104290
MELD,MELD/dev/dia62/utt2,EAQ104291
MELD,MELD/dev/dia62/utt3,EAQ104292
MELD,MELD/dev/dia62/utt4,EAQ104293
MELD,MELD/dev/dia62/utt5,EAQ104294
MELD,MELD/dev/dia63/utt0,EAQ104295
MELD,MELD/dev/dia63/utt1,EAQ104296
MELD,MELD/dev/dia63/utt2,EAQ104297
MELD,MELD/dev/dia63/utt3,EAQ104298
MELD,MELD/dev/dia63/utt4,EAQ104299
MELD,MELD/dev/dia63/utt5,EAQ104300
MELD,MELD/dev/dia63/utt6,EAQ104301
MELD,MELD/dev/dia63/utt7,EAQ104302
MELD,MELD/dev/dia63/utt8,EAQ104303
MELD,MELD/dev/dia63/utt9,EAQ104304
MELD,MELD/dev/dia63/utt10,EAQ104305
MELD,MELD/dev/dia63/utt11,EAQ104306
MELD,MELD/dev/dia63/utt12,EAQ104307
MELD,MELD/dev/dia63/utt13,EAQ104308
MELD,MELD/dev/dia63/utt14,EAQ104309
MELD,MELD/dev/dia63/utt15,EAQ104310
MELD,MELD/dev/dia63/utt16,EAQ104311
MELD,MELD/dev/dia63/utt17,EAQ104312
MELD,MELD/dev/dia63/utt18,EAQ104313
MELD,MELD/dev/dia63/utt19,EAQ104314
MELD,MELD/dev/dia63/utt20,EAQ104315
MELD,MELD/dev/dia64/utt0,EAQ104316
MELD,MELD/dev/dia64/utt1,EAQ104317
MELD,MELD/dev/dia64/utt2,EAQ104318
MELD,MELD/dev/dia64/utt3,EAQ104319
MELD,MELD/dev/dia64/utt4,EAQ104320
MELD,MELD/dev/dia65/utt0,EAQ104321
MELD,MELD/dev/dia65/utt1,EAQ104322
MELD,MELD/dev/dia65/utt2,EAQ104323
MELD,MELD/dev/dia65/utt3,EAQ104324
MELD,MELD/dev/dia65/utt4,EAQ104325
MELD,MELD/dev/dia65/utt5,EAQ104326
MELD,MELD/dev/dia65/utt6,EAQ104327
MELD,MELD/dev/dia65/utt7,EAQ104328
MELD,MELD/dev/dia65/utt8,EAQ104329
MELD,MELD/dev/dia65/utt9,EAQ104330
MELD,MELD/dev/dia65/utt10,EAQ104331
MELD,MELD/dev/dia66/utt0,EAQ104332
MELD,MELD/dev/dia66/utt1,EAQ104333
MELD,MELD/dev/dia66/utt2,EAQ104334
MELD,MELD/dev/dia66/utt3,EAQ104335
MELD,MELD/dev/dia66/utt4,EAQ104336
MELD,MELD/dev/dia66/utt5,EAQ104337
MELD,MELD/dev/dia66/utt6,EAQ104338
MELD,MELD/dev/dia66/utt7,EAQ104339
MELD,MELD/dev/dia66/utt8,EAQ104340
MELD,MELD/dev/dia66/utt11,EAQ104341
MELD,MELD/dev/dia67/utt0,EAQ104342
MELD,MELD/dev/dia67/utt1,EAQ104343
MELD,MELD/dev/dia67/utt2,EAQ104344
MELD,MELD/dev/dia67/utt3,EAQ104345
MELD,MELD/dev/dia67/utt4,EAQ104346
MELD,MELD/dev/dia67/utt5,EAQ104347
MELD,MELD/dev/dia67/utt6,EAQ104348
MELD,MELD/dev/dia67/utt7,EAQ104349
MELD,MELD/dev/dia67/utt8,EAQ104350
MELD,MELD/dev/dia67/utt9,EAQ104351
MELD,MELD/dev/dia67/utt10,EAQ104352
MELD,MELD/dev/dia68/utt0,EAQ104353
MELD,MELD/dev/dia68/utt1,EAQ104354
MELD,MELD/dev/dia68/utt2,EAQ104355
MELD,MELD/dev/dia68/utt3,EAQ104356
MELD,MELD/dev/dia68/utt4,EAQ104357
MELD,MELD/dev/dia68/utt5,EAQ104358
MELD,MELD/dev/dia68/utt6,EAQ104359
MELD,MELD/dev/dia68/utt7,EAQ104360
MELD,MELD/dev/dia68/utt8,EAQ104361
MELD,MELD/dev/dia68/utt9,EAQ104362
MELD,MELD/dev/dia68/utt10,EAQ104363
MELD,MELD/dev/dia68/utt11,EAQ104364
MELD,MELD/dev/dia69/utt0,EAQ104365
MELD,MELD/dev/dia69/utt1,EAQ104366
MELD,MELD/dev/dia69/utt2,EAQ104367
MELD,MELD/dev/dia69/utt3,EAQ104368
MELD,MELD/dev/dia69/utt4,EAQ104369
MELD,MELD/dev/dia69/utt5,EAQ104370
MELD,MELD/dev/dia69/utt6,EAQ104371
MELD,MELD/dev/dia69/utt7,EAQ104372
MELD,MELD/dev/dia69/utt8,EAQ104373
MELD,MELD/dev/dia69/utt9,EAQ104374
MELD,MELD/dev/dia69/utt10,EAQ104375
MELD,MELD/dev/dia69/utt11,EAQ104376
MELD,MELD/dev/dia69/utt12,EAQ104377
MELD,MELD/dev/dia69/utt13,EAQ104378
MELD,MELD/dev/dia69/utt14,EAQ104379
MELD,MELD/dev/dia69/utt15,EAQ104380
MELD,MELD/dev/dia69/utt16,EAQ104381
MELD,MELD/dev/dia69/utt17,EAQ104382
MELD,MELD/dev/dia69/utt18,EAQ104383
MELD,MELD/dev/dia69/utt19,EAQ104384
MELD,MELD/dev/dia70/utt0,EAQ104385
MELD,MELD/dev/dia70/utt1,EAQ104386
MELD,MELD/dev/dia70/utt2,EAQ104387
MELD,MELD/dev/dia70/utt3,EAQ104388
MELD,MELD/dev/dia70/utt4,EAQ104389
MELD,MELD/dev/dia70/utt5,EAQ104390
MELD,MELD/dev/dia71/utt0,EAQ104391
MELD,MELD/dev/dia71/utt1,EAQ104392
MELD,MELD/dev/dia71/utt2,EAQ104393
MELD,MELD/dev/dia71/utt3,EAQ104394
MELD,MELD/dev/dia71/utt4,EAQ104395
MELD,MELD/dev/dia71/utt5,EAQ104396
MELD,MELD/dev/dia72/utt0,EAQ104397
MELD,MELD/dev/dia72/utt1,EAQ104398
MELD,MELD/dev/dia72/utt2,EAQ104399
MELD,MELD/dev/dia72/utt3,EAQ104400
MELD,MELD/dev/dia72/utt4,EAQ104401
MELD,MELD/dev/dia72/utt5,EAQ104402
MELD,MELD/dev/dia72/utt6,EAQ104403
MELD,MELD/dev/dia72/utt7,EAQ104404
MELD,MELD/dev/dia72/utt8,EAQ104405
MELD,MELD/dev/dia72/utt9,EAQ104406
MELD,MELD/dev/dia72/utt10,EAQ104407
MELD,MELD/dev/dia72/utt11,EAQ104408
MELD,MELD/dev/dia72/utt12,EAQ104409
MELD,MELD/dev/dia72/utt13,EAQ104410
MELD,MELD/dev/dia72/utt14,EAQ104411
MELD,MELD/dev/dia72/utt15,EAQ104412
MELD,MELD/dev/dia72/utt16,EAQ104413
MELD,MELD/dev/dia72/utt17,EAQ104414
MELD,MELD/dev/dia72/utt18,EAQ104415
MELD,MELD/dev/dia73/utt0,EAQ104416
MELD,MELD/dev/dia73/utt1,EAQ104417
MELD,MELD/dev/dia73/utt2,EAQ104418
MELD,MELD/dev/dia74/utt0,EAQ104419
MELD,MELD/dev/dia74/utt1,EAQ104420
MELD,MELD/dev/dia74/utt2,EAQ104421
MELD,MELD/dev/dia74/utt3,EAQ104422
MELD,MELD/dev/dia74/utt4,EAQ104423
MELD,MELD/dev/dia74/utt5,EAQ104424
MELD,MELD/dev/dia74/utt6,EAQ104425
MELD,MELD/dev/dia74/utt7,EAQ104426
MELD,MELD/dev/dia74/utt8,EAQ104427
MELD,MELD/dev/dia74/utt9,EAQ104428
MELD,MELD/dev/dia74/utt10,EAQ104429
MELD,MELD/dev/dia74/utt11,EAQ104430
MELD,MELD/dev/dia74/utt12,EAQ104431
MELD,MELD/dev/dia74/utt13,EAQ104432
MELD,MELD/dev/dia74/utt14,EAQ104433
MELD,MELD/dev/dia74/utt15,EAQ104434
MELD,MELD/dev/dia74/utt16,EAQ104435
MELD,MELD/dev/dia74/utt17,EAQ104436
MELD,MELD/dev/dia74/utt18,EAQ104437
MELD,MELD/dev/dia74/utt19,EAQ104438
MELD,MELD/dev/dia75/utt0,EAQ104439
MELD,MELD/dev/dia76/utt0,EAQ104440
MELD,MELD/dev/dia76/utt1,EAQ104441
MELD,MELD/dev/dia76/utt2,EAQ104442
MELD,MELD/dev/dia76/utt3,EAQ104443
MELD,MELD/dev/dia76/utt4,EAQ104444
MELD,MELD/dev/dia76/utt5,EAQ104445
MELD,MELD/dev/dia76/utt6,EAQ104446
MELD,MELD/dev/dia76/utt7,EAQ104447
MELD,MELD/dev/dia76/utt8,EAQ104448
MELD,MELD/dev/dia76/utt9,EAQ104449
MELD,MELD/dev/dia76/utt10,EAQ104450
MELD,MELD/dev/dia76/utt11,EAQ104451
MELD,MELD/dev/dia76/utt12,EAQ104452
MELD,MELD/dev/dia76/utt13,EAQ104453
MELD,MELD/dev/dia76/utt14,EAQ104454
MELD,MELD/dev/dia76/utt15,EAQ104455
MELD,MELD/dev/dia76/utt16,EAQ104456
MELD,MELD/dev/dia77/utt0,EAQ104457
MELD,MELD/dev/dia77/utt1,EAQ104458
MELD,MELD/dev/dia77/utt2,EAQ104459
MELD,MELD/dev/dia77/utt3,EAQ104460
MELD,MELD/dev/dia77/utt4,EAQ104461
MELD,MELD/dev/dia77/utt5,EAQ104462
MELD,MELD/dev/dia77/utt6,EAQ104463
MELD,MELD/dev/dia77/utt7,EAQ104464
MELD,MELD/dev/dia77/utt8,EAQ104465
MELD,MELD/dev/dia77/utt9,EAQ104466
MELD,MELD/dev/dia77/utt10,EAQ104467
MELD,MELD/dev/dia77/utt11,EAQ104468
MELD,MELD/dev/dia77/utt12,EAQ104469
MELD,MELD/dev/dia77/utt13,EAQ104470
MELD,MELD/dev/dia77/utt14,EAQ104471
MELD,MELD/dev/dia77/utt15,EAQ104472
MELD,MELD/dev/dia77/utt16,EAQ104473
MELD,MELD/dev/dia77/utt17,EAQ104474
MELD,MELD/dev/dia77/utt18,EAQ104475
MELD,MELD/dev/dia77/utt19,EAQ104476
MELD,MELD/dev/dia78/utt0,EAQ104477
MELD,MELD/dev/dia78/utt1,EAQ104478
MELD,MELD/dev/dia78/utt2,EAQ104479
MELD,MELD/dev/dia78/utt3,EAQ104480
MELD,MELD/dev/dia78/utt4,EAQ104481
MELD,MELD/dev/dia78/utt5,EAQ104482
MELD,MELD/dev/dia78/utt6,EAQ104483
MELD,MELD/dev/dia78/utt7,EAQ104484
MELD,MELD/dev/dia78/utt8,EAQ104485
MELD,MELD/dev/dia79/utt0,EAQ104486
MELD,MELD/dev/dia79/utt1,EAQ104487
MELD,MELD/dev/dia79/utt2,EAQ104488
MELD,MELD/dev/dia79/utt3,EAQ104489
MELD,MELD/dev/dia79/utt4,EAQ104490
MELD,MELD/dev/dia79/utt5,EAQ104491
MELD,MELD/dev/dia79/utt6,EAQ104492
MELD,MELD/dev/dia79/utt7,EAQ104493
MELD,MELD/dev/dia79/utt8,EAQ104494
MELD,MELD/dev/dia79/utt9,EAQ104495
MELD,MELD/dev/dia79/utt10,EAQ104496
MELD,MELD/dev/dia80/utt0,EAQ104497
MELD,MELD/dev/dia80/utt1,EAQ104498
MELD,MELD/dev/dia80/utt2,EAQ104499
MELD,MELD/dev/dia80/utt3,EAQ104500
MELD,MELD/dev/dia80/utt4,EAQ104501
MELD,MELD/dev/dia80/utt5,EAQ104502
MELD,MELD/dev/dia80/utt6,EAQ104503
MELD,MELD/dev/dia80/utt7,EAQ104504
MELD,MELD/dev/dia80/utt8,EAQ104505
MELD,MELD/dev/dia80/utt9,EAQ104506
MELD,MELD/dev/dia81/utt0,EAQ104507
MELD,MELD/dev/dia81/utt1,EAQ104508
MELD,MELD/dev/dia81/utt2,EAQ104509
MELD,MELD/dev/dia82/utt0,EAQ104510
MELD,MELD/dev/dia82/utt1,EAQ104511
MELD,MELD/dev/dia82/utt2,EAQ104512
MELD,MELD/dev/dia82/utt3,EAQ104513
MELD,MELD/dev/dia82/utt4,EAQ104514
MELD,MELD/dev/dia82/utt5,EAQ104515
MELD,MELD/dev/dia82/utt6,EAQ104516
MELD,MELD/dev/dia82/utt7,EAQ104517
MELD,MELD/dev/dia82/utt8,EAQ104518
MELD,MELD/dev/dia82/utt9,EAQ104519
MELD,MELD/dev/dia82/utt10,EAQ104520
MELD,MELD/dev/dia82/utt11,EAQ104521
MELD,MELD/dev/dia82/utt12,EAQ104522
MELD,MELD/dev/dia82/utt13,EAQ104523
MELD,MELD/dev/dia82/utt14,EAQ104524
MELD,MELD/dev/dia82/utt15,EAQ104525
MELD,MELD/dev/dia82/utt16,EAQ104526
MELD,MELD/dev/dia82/utt17,EAQ104527
MELD,MELD/dev/dia82/utt18,EAQ104528
MELD,MELD/dev/dia83/utt0,EAQ104529
MELD,MELD/dev/dia83/utt1,EAQ104530
MELD,MELD/dev/dia83/utt2,EAQ104531
MELD,MELD/dev/dia83/utt3,EAQ104532
MELD,MELD/dev/dia83/utt4,EAQ104533
MELD,MELD/dev/dia83/utt5,EAQ104534
MELD,MELD/dev/dia83/utt6,EAQ104535
MELD,MELD/dev/dia83/utt7,EAQ104536
MELD,MELD/dev/dia84/utt0,EAQ104537
MELD,MELD/dev/dia84/utt1,EAQ104538
MELD,MELD/dev/dia84/utt2,EAQ104539
MELD,MELD/dev/dia84/utt3,EAQ104540
MELD,MELD/dev/dia84/utt4,EAQ104541
MELD,MELD/dev/dia84/utt5,EAQ104542
MELD,MELD/dev/dia84/utt6,EAQ104543
MELD,MELD/dev/dia84/utt7,EAQ104544
MELD,MELD/dev/dia85/utt0,EAQ104545
MELD,MELD/dev/dia85/utt1,EAQ104546
MELD,MELD/dev/dia85/utt2,EAQ104547
MELD,MELD/dev/dia85/utt3,EAQ104548
MELD,MELD/dev/dia85/utt4,EAQ104549
MELD,MELD/dev/dia85/utt5,EAQ104550
MELD,MELD/dev/dia85/utt6,EAQ104551
MELD,MELD/dev/dia85/utt7,EAQ104552
MELD,MELD/dev/dia85/utt8,EAQ104553
MELD,MELD/dev/dia85/utt9,EAQ104554
MELD,MELD/dev/dia85/utt10,EAQ104555
MELD,MELD/dev/dia85/utt11,EAQ104556
MELD,MELD/dev/dia85/utt12,EAQ104557
MELD,MELD/dev/dia85/utt13,EAQ104558
MELD,MELD/dev/dia85/utt14,EAQ104559
MELD,MELD/dev/dia85/utt15,EAQ104560
MELD,MELD/dev/dia85/utt16,EAQ104561
MELD,MELD/dev/dia86/utt0,EAQ104562
MELD,MELD/dev/dia86/utt1,EAQ104563
MELD,MELD/dev/dia86/utt2,EAQ104564
MELD,MELD/dev/dia86/utt3,EAQ104565
MELD,MELD/dev/dia87/utt0,EAQ104566
MELD,MELD/dev/dia87/utt1,EAQ104567
MELD,MELD/dev/dia87/utt2,EAQ104568
MELD,MELD/dev/dia87/utt3,EAQ104569
MELD,MELD/dev/dia87/utt4,EAQ104570
MELD,MELD/dev/dia88/utt0,EAQ104571
MELD,MELD/dev/dia88/utt1,EAQ104572
MELD,MELD/dev/dia88/utt2,EAQ104573
MELD,MELD/dev/dia88/utt3,EAQ104574
MELD,MELD/dev/dia88/utt4,EAQ104575
MELD,MELD/dev/dia88/utt5,EAQ104576
MELD,MELD/dev/dia89/utt0,EAQ104577
MELD,MELD/dev/dia89/utt1,EAQ104578
MELD,MELD/dev/dia89/utt2,EAQ104579
MELD,MELD/dev/dia89/utt3,EAQ104580
MELD,MELD/dev/dia89/utt4,EAQ104581
MELD,MELD/dev/dia89/utt5,EAQ104582
MELD,MELD/dev/dia89/utt6,EAQ104583
MELD,MELD/dev/dia89/utt7,EAQ104584
MELD,MELD/dev/dia89/utt8,EAQ104585
MELD,MELD/dev/dia89/utt9,EAQ104586
MELD,MELD/dev/dia89/utt10,EAQ104587
MELD,MELD/dev/dia90/utt0,EAQ104588
MELD,MELD/dev/dia90/utt1,EAQ104589
MELD,MELD/dev/dia90/utt2,EAQ104590
MELD,MELD/dev/dia90/utt3,EAQ104591
MELD,MELD/dev/dia90/utt4,EAQ104592
MELD,MELD/dev/dia90/utt5,EAQ104593
MELD,MELD/dev/dia90/utt6,EAQ104594
MELD,MELD/dev/dia91/utt0,EAQ104595
MELD,MELD/dev/dia91/utt1,EAQ104596
MELD,MELD/dev/dia91/utt2,EAQ104597
MELD,MELD/dev/dia91/utt3,EAQ104598
MELD,MELD/dev/dia91/utt4,EAQ104599
MELD,MELD/dev/dia91/utt5,EAQ104600
MELD,MELD/dev/dia91/utt6,EAQ104601
MELD,MELD/dev/dia91/utt7,EAQ104602
MELD,MELD/dev/dia91/utt8,EAQ104603
MELD,MELD/dev/dia91/utt9,EAQ104604
MELD,MELD/dev/dia91/utt10,EAQ104605
MELD,MELD/dev/dia92/utt0,EAQ104606
MELD,MELD/dev/dia92/utt1,EAQ104607
MELD,MELD/dev/dia92/utt2,EAQ104608
MELD,MELD/dev/dia92/utt3,EAQ104609
MELD,MELD/dev/dia92/utt4,EAQ104610
MELD,MELD/dev/dia92/utt5,EAQ104611
MELD,MELD/dev/dia92/utt6,EAQ104612
MELD,MELD/dev/dia92/utt7,EAQ104613
MELD,MELD/dev/dia92/utt8,EAQ104614
MELD,MELD/dev/dia92/utt9,EAQ104615
MELD,MELD/dev/dia92/utt10,EAQ104616
MELD,MELD/dev/dia92/utt11,EAQ104617
MELD,MELD/dev/dia93/utt0,EAQ104618
MELD,MELD/dev/dia93/utt1,EAQ104619
MELD,MELD/dev/dia93/utt2,EAQ104620
MELD,MELD/dev/dia93/utt3,EAQ104621
MELD,MELD/dev/dia93/utt4,EAQ104622
MELD,MELD/dev/dia93/utt5,EAQ104623
MELD,MELD/dev/dia93/utt6,EAQ104624
MELD,MELD/dev/dia93/utt7,EAQ104625
MELD,MELD/dev/dia94/utt0,EAQ104626
MELD,MELD/dev/dia94/utt1,EAQ104627
MELD,MELD/dev/dia94/utt2,EAQ104628
MELD,MELD/dev/dia94/utt3,EAQ104629
MELD,MELD/dev/dia94/utt4,EAQ104630
MELD,MELD/dev/dia94/utt5,EAQ104631
MELD,MELD/dev/dia94/utt6,EAQ104632
MELD,MELD/dev/dia94/utt7,EAQ104633
MELD,MELD/dev/dia94/utt8,EAQ104634
MELD,MELD/dev/dia94/utt9,EAQ104635
MELD,MELD/dev/dia94/utt10,EAQ104636
MELD,MELD/dev/dia94/utt11,EAQ104637
MELD,MELD/dev/dia95/utt0,EAQ104638
MELD,MELD/dev/dia95/utt1,EAQ104639
MELD,MELD/dev/dia95/utt2,EAQ104640
MELD,MELD/dev/dia95/utt3,EAQ104641
MELD,MELD/dev/dia95/utt4,EAQ104642
MELD,MELD/dev/dia95/utt5,EAQ104643
MELD,MELD/dev/dia95/utt6,EAQ104644
MELD,MELD/dev/dia95/utt7,EAQ104645
MELD,MELD/dev/dia95/utt8,EAQ104646
MELD,MELD/dev/dia95/utt9,EAQ104647
MELD,MELD/dev/dia95/utt10,EAQ104648
MELD,MELD/dev/dia96/utt0,EAQ104649
MELD,MELD/dev/dia96/utt1,EAQ104650
MELD,MELD/dev/dia96/utt2,EAQ104651
MELD,MELD/dev/dia96/utt3,EAQ104652
MELD,MELD/dev/dia97/utt0,EAQ104653
MELD,MELD/dev/dia97/utt1,EAQ104654
MELD,MELD/dev/dia97/utt2,EAQ104655
MELD,MELD/dev/dia97/utt3,EAQ104656
MELD,MELD/dev/dia97/utt4,EAQ104657
MELD,MELD/dev/dia97/utt5,EAQ104658
MELD,MELD/dev/dia97/utt6,EAQ104659
MELD,MELD/dev/dia97/utt7,EAQ104660
MELD,MELD/dev/dia97/utt8,EAQ104661
MELD,MELD/dev/dia97/utt9,EAQ104662
MELD,MELD/dev/dia97/utt10,EAQ104663
MELD,MELD/dev/dia97/utt11,EAQ104664
MELD,MELD/dev/dia97/utt12,EAQ104665
MELD,MELD/dev/dia97/utt13,EAQ104666
MELD,MELD/dev/dia97/utt14,EAQ104667
MELD,MELD/dev/dia97/utt15,EAQ104668
MELD,MELD/dev/dia97/utt16,EAQ104669
MELD,MELD/dev/dia97/utt17,EAQ104670
MELD,MELD/dev/dia97/utt18,EAQ104671
MELD,MELD/dev/dia97/utt19,EAQ104672
MELD,MELD/dev/dia97/utt20,EAQ104673
MELD,MELD/dev/dia97/utt21,EAQ104674
MELD,MELD/dev/dia98/utt0,EAQ104675
MELD,MELD/dev/dia98/utt1,EAQ104676
MELD,MELD/dev/dia98/utt2,EAQ104677
MELD,MELD/dev/dia98/utt3,EAQ104678
MELD,MELD/dev/dia98/utt4,EAQ104679
MELD,MELD/dev/dia99/utt0,EAQ104680
MELD,MELD/dev/dia99/utt1,EAQ104681
MELD,MELD/dev/dia99/utt2,EAQ104682
MELD,MELD/dev/dia99/utt3,EAQ104683
MELD,MELD/dev/dia99/utt4,EAQ104684
MELD,MELD/dev/dia99/utt5,EAQ104685
MELD,MELD/dev/dia99/utt6,EAQ104686
MELD,MELD/dev/dia99/utt7,EAQ104687
MELD,MELD/dev/dia99/utt8,EAQ104688
MELD,MELD/dev/dia100/utt0,EAQ104689
MELD,MELD/dev/dia101/utt0,EAQ104690
MELD,MELD/dev/dia102/utt0,EAQ104691
MELD,MELD/dev/dia102/utt1,EAQ104692
MELD,MELD/dev/dia103/utt0,EAQ104693
MELD,MELD/dev/dia103/utt1,EAQ104694
MELD,MELD/dev/dia103/utt2,EAQ104695
MELD,MELD/dev/dia103/utt3,EAQ104696
MELD,MELD/dev/dia103/utt4,EAQ104697
MELD,MELD/dev/dia104/utt0,EAQ104698
MELD,MELD/dev/dia104/utt1,EAQ104699
MELD,MELD/dev/dia104/utt2,EAQ104700
MELD,MELD/dev/dia104/utt3,EAQ104701
MELD,MELD/dev/dia104/utt4,EAQ104702
MELD,MELD/dev/dia104/utt5,EAQ104703
MELD,MELD/dev/dia104/utt6,EAQ104704
MELD,MELD/dev/dia104/utt7,EAQ104705
MELD,MELD/dev/dia104/utt8,EAQ104706
MELD,MELD/dev/dia104/utt9,EAQ104707
MELD,MELD/dev/dia104/utt10,EAQ104708
MELD,MELD/dev/dia104/utt11,EAQ104709
MELD,MELD/dev/dia104/utt12,EAQ104710
MELD,MELD/dev/dia104/utt13,EAQ104711
MELD,MELD/dev/dia104/utt14,EAQ104712
MELD,MELD/dev/dia104/utt15,EAQ104713
MELD,MELD/dev/dia105/utt0,EAQ104714
MELD,MELD/dev/dia105/utt1,EAQ104715
MELD,MELD/dev/dia105/utt2,EAQ104716
MELD,MELD/dev/dia105/utt3,EAQ104717
MELD,MELD/dev/dia105/utt4,EAQ104718
MELD,MELD/dev/dia105/utt5,EAQ104719
MELD,MELD/dev/dia105/utt6,EAQ104720
MELD,MELD/dev/dia105/utt7,EAQ104721
MELD,MELD/dev/dia105/utt8,EAQ104722
MELD,MELD/dev/dia105/utt9,EAQ104723
MELD,MELD/dev/dia105/utt10,EAQ104724
MELD,MELD/dev/dia105/utt11,EAQ104725
MELD,MELD/dev/dia106/utt0,EAQ104726
MELD,MELD/dev/dia106/utt1,EAQ104727
MELD,MELD/dev/dia106/utt2,EAQ104728
MELD,MELD/dev/dia106/utt3,EAQ104729
MELD,MELD/dev/dia106/utt4,EAQ104730
MELD,MELD/dev/dia106/utt5,EAQ104731
MELD,MELD/dev/dia107/utt0,EAQ104732
MELD,MELD/dev/dia107/utt1,EAQ104733
MELD,MELD/dev/dia107/utt2,EAQ104734
MELD,MELD/dev/dia107/utt3,EAQ104735
MELD,MELD/dev/dia108/utt0,EAQ104736
MELD,MELD/dev/dia108/utt1,EAQ104737
MELD,MELD/dev/dia108/utt2,EAQ104738
MELD,MELD/dev/dia108/utt3,EAQ104739
MELD,MELD/dev/dia108/utt4,EAQ104740
MELD,MELD/dev/dia108/utt5,EAQ104741
MELD,MELD/dev/dia108/utt6,EAQ104742
MELD,MELD/dev/dia108/utt7,EAQ104743
MELD,MELD/dev/dia108/utt8,EAQ104744
MELD,MELD/dev/dia108/utt9,EAQ104745
MELD,MELD/dev/dia108/utt10,EAQ104746
MELD,MELD/dev/dia108/utt11,EAQ104747
MELD,MELD/dev/dia108/utt12,EAQ104748
MELD,MELD/dev/dia108/utt13,EAQ104749
MELD,MELD/dev/dia108/utt14,EAQ104750
MELD,MELD/dev/dia109/utt0,EAQ104751
MELD,MELD/dev/dia109/utt1,EAQ104752
MELD,MELD/dev/dia109/utt2,EAQ104753
MELD,MELD/dev/dia109/utt3,EAQ104754
MELD,MELD/dev/dia109/utt4,EAQ104755
MELD,MELD/dev/dia109/utt5,EAQ104756
MELD,MELD/dev/dia109/utt6,EAQ104757
MELD,MELD/dev/dia109/utt7,EAQ104758
MELD,MELD/dev/dia110/utt0,EAQ104759
MELD,MELD/dev/dia110/utt1,EAQ104760
MELD,MELD/dev/dia110/utt2,EAQ104761
MELD,MELD/dev/dia110/utt3,EAQ104762
MELD,MELD/dev/dia110/utt4,EAQ104763
MELD,MELD/dev/dia110/utt5,EAQ104764
MELD,MELD/dev/dia110/utt6,EAQ104765
MELD,MELD/dev/dia110/utt7,EAQ104766
MELD,MELD/dev/dia110/utt8,EAQ104767
MELD,MELD/dev/dia110/utt9,EAQ104768
MELD,MELD/dev/dia111/utt0,EAQ104769
MELD,MELD/dev/dia111/utt1,EAQ104770
MELD,MELD/dev/dia111/utt2,EAQ104771
MELD,MELD/dev/dia112/utt0,EAQ104772
MELD,MELD/dev/dia112/utt1,EAQ104773
MELD,MELD/dev/dia112/utt2,EAQ104774
MELD,MELD/dev/dia112/utt3,EAQ104775
MELD,MELD/dev/dia112/utt4,EAQ104776
MELD,MELD/dev/dia113/utt0,EAQ104777
MELD,MELD/dev/dia113/utt1,EAQ104778
MELD,MELD/dev/dia113/utt2,EAQ104779
MELD,MELD/dev/dia113/utt3,EAQ104780
MELD,MELD/dev/dia113/utt4,EAQ104781
MELD,MELD/dev/dia113/utt5,EAQ104782
MELD,MELD/dev/dia113/utt6,EAQ104783
MELD,MELD/dev/dia113/utt7,EAQ104784
MELD,MELD/dev/dia113/utt8,EAQ104785
MELD,MELD/dev/dia113/utt9,EAQ104786
MELD,MELD/dev/dia113/utt10,EAQ104787
MELD,MELD/dev/dia113/utt11,EAQ104788
MELD,MELD/dev/dia113/utt12,EAQ104789
MELD,MELD/dev/dia113/utt13,EAQ104790
MELD,MELD/test/dia0/utt2,EAQ104793
MELD,MELD/test/dia1/utt0,EAQ104794
MELD,MELD/test/dia1/utt1,EAQ104795
MELD,MELD/test/dia1/utt3,EAQ104797
MELD,MELD/test/dia1/utt4,EAQ104798
MELD,MELD/test/dia1/utt5,EAQ104799
MELD,MELD/test/dia1/utt6,EAQ104800
MELD,MELD/test/dia1/utt7,EAQ104801
MELD,MELD/test/dia2/utt0,EAQ104802
MELD,MELD/test/dia2/utt1,EAQ104803
MELD,MELD/test/dia2/utt2,EAQ104804
MELD,MELD/test/dia2/utt3,EAQ104805
MELD,MELD/test/dia2/utt5,EAQ104807
MELD,MELD/test/dia2/utt6,EAQ104808
MELD,MELD/test/dia2/utt7,EAQ104809
MELD,MELD/test/dia2/utt8,EAQ104810
MELD,MELD/test/dia2/utt9,EAQ104811
MELD,MELD/test/dia2/utt10,EAQ104812
MELD,MELD/test/dia3/utt0,EAQ104813
MELD,MELD/test/dia3/utt1,EAQ104814
MELD,MELD/test/dia3/utt2,EAQ104815
MELD,MELD/test/dia3/utt3,EAQ104816
MELD,MELD/test/dia3/utt4,EAQ104817
MELD,MELD/test/dia3/utt5,EAQ104818
MELD,MELD/test/dia3/utt6,EAQ104819
MELD,MELD/test/dia4/utt0,EAQ104820
MELD,MELD/test/dia4/utt1,EAQ104821
MELD,MELD/test/dia4/utt2,EAQ104822
MELD,MELD/test/dia4/utt3,EAQ104823
MELD,MELD/test/dia4/utt4,EAQ104824
MELD,MELD/test/dia4/utt5,EAQ104825
MELD,MELD/test/dia4/utt6,EAQ104826
MELD,MELD/test/dia4/utt7,EAQ104827
MELD,MELD/test/dia4/utt8,EAQ104828
MELD,MELD/test/dia5/utt0,EAQ104829
MELD,MELD/test/dia5/utt1,EAQ104830
MELD,MELD/test/dia5/utt2,EAQ104831
MELD,MELD/test/dia5/utt3,EAQ104832
MELD,MELD/test/dia5/utt4,EAQ104833
MELD,MELD/test/dia5/utt5,EAQ104834
MELD,MELD/test/dia5/utt6,EAQ104835
MELD,MELD/test/dia5/utt7,EAQ104836
MELD,MELD/test/dia5/utt8,EAQ104837
MELD,MELD/test/dia6/utt0,EAQ104838
MELD,MELD/test/dia6/utt1,EAQ104839
MELD,MELD/test/dia6/utt2,EAQ104840
MELD,MELD/test/dia7/utt0,EAQ104841
MELD,MELD/test/dia7/utt1,EAQ104842
MELD,MELD/test/dia7/utt2,EAQ104843
MELD,MELD/test/dia7/utt3,EAQ104844
MELD,MELD/test/dia7/utt4,EAQ104845
MELD,MELD/test/dia7/utt5,EAQ104846
MELD,MELD/test/dia7/utt6,EAQ104847
MELD,MELD/test/dia7/utt7,EAQ104848
MELD,MELD/test/dia7/utt8,EAQ104849
MELD,MELD/test/dia8/utt0,EAQ104850
MELD,MELD/test/dia8/utt1,EAQ104851
MELD,MELD/test/dia8/utt2,EAQ104852
MELD,MELD/test/dia8/utt3,EAQ104853
MELD,MELD/test/dia8/utt4,EAQ104854
MELD,MELD/test/dia8/utt5,EAQ104855
MELD,MELD/test/dia8/utt6,EAQ104856
MELD,MELD/test/dia9/utt0,EAQ104857
MELD,MELD/test/dia9/utt1,EAQ104858
MELD,MELD/test/dia9/utt2,EAQ104859
MELD,MELD/test/dia9/utt3,EAQ104860
MELD,MELD/test/dia9/utt4,EAQ104861
MELD,MELD/test/dia9/utt5,EAQ104862
MELD,MELD/test/dia9/utt6,EAQ104863
MELD,MELD/test/dia9/utt7,EAQ104864
MELD,MELD/test/dia9/utt8,EAQ104865
MELD,MELD/test/dia9/utt9,EAQ104866
MELD,MELD/test/dia9/utt10,EAQ104867
MELD,MELD/test/dia9/utt11,EAQ104868
MELD,MELD/test/dia9/utt12,EAQ104869
MELD,MELD/test/dia9/utt13,EAQ104870
MELD,MELD/test/dia9/utt14,EAQ104871
MELD,MELD/test/dia9/utt15,EAQ104872
MELD,MELD/test/dia9/utt16,EAQ104873
MELD,MELD/test/dia9/utt17,EAQ104874
MELD,MELD/test/dia10/utt0,EAQ104875
MELD,MELD/test/dia10/utt1,EAQ104876
MELD,MELD/test/dia10/utt2,EAQ104877
MELD,MELD/test/dia10/utt3,EAQ104878
MELD,MELD/test/dia11/utt0,EAQ104879
MELD,MELD/test/dia11/utt1,EAQ104880
MELD,MELD/test/dia11/utt2,EAQ104881
MELD,MELD/test/dia11/utt3,EAQ104882
MELD,MELD/test/dia11/utt4,EAQ104883
MELD,MELD/test/dia12/utt0,EAQ104884
MELD,MELD/test/dia12/utt1,EAQ104885
MELD,MELD/test/dia12/utt2,EAQ104886
MELD,MELD/test/dia12/utt3,EAQ104887
MELD,MELD/test/dia12/utt4,EAQ104888
MELD,MELD/test/dia12/utt5,EAQ104889
MELD,MELD/test/dia12/utt6,EAQ104890
MELD,MELD/test/dia12/utt7,EAQ104891
MELD,MELD/test/dia12/utt8,EAQ104892
MELD,MELD/test/dia12/utt9,EAQ104893
MELD,MELD/test/dia12/utt10,EAQ104894
MELD,MELD/test/dia12/utt11,EAQ104895
MELD,MELD/test/dia12/utt12,EAQ104896
MELD,MELD/test/dia12/utt13,EAQ104897
MELD,MELD/test/dia12/utt14,EAQ104898
MELD,MELD/test/dia12/utt15,EAQ104899
MELD,MELD/test/dia12/utt16,EAQ104900
MELD,MELD/test/dia12/utt17,EAQ104901
MELD,MELD/test/dia12/utt18,EAQ104902
MELD,MELD/test/dia12/utt19,EAQ104903
MELD,MELD/test/dia13/utt0,EAQ104904
MELD,MELD/test/dia13/utt1,EAQ104905
MELD,MELD/test/dia13/utt2,EAQ104906
MELD,MELD/test/dia13/utt3,EAQ104907
MELD,MELD/test/dia13/utt4,EAQ104908
MELD,MELD/test/dia13/utt5,EAQ104909
MELD,MELD/test/dia13/utt6,EAQ104910
MELD,MELD/test/dia13/utt7,EAQ104911
MELD,MELD/test/dia14/utt0,EAQ104912
MELD,MELD/test/dia14/utt1,EAQ104913
MELD,MELD/test/dia14/utt2,EAQ104914
MELD,MELD/test/dia14/utt3,EAQ104915
MELD,MELD/test/dia14/utt4,EAQ104916
MELD,MELD/test/dia14/utt5,EAQ104917
MELD,MELD/test/dia14/utt6,EAQ104918
MELD,MELD/test/dia14/utt7,EAQ104919
MELD,MELD/test/dia14/utt8,EAQ104920
MELD,MELD/test/dia14/utt9,EAQ104921
MELD,MELD/test/dia14/utt10,EAQ104922
MELD,MELD/test/dia15/utt0,EAQ104923
MELD,MELD/test/dia15/utt1,EAQ104924
MELD,MELD/test/dia15/utt2,EAQ104925
MELD,MELD/test/dia15/utt3,EAQ104926
MELD,MELD/test/dia15/utt4,EAQ104927
MELD,MELD/test/dia15/utt5,EAQ104928
MELD,MELD/test/dia16/utt0,EAQ104929
MELD,MELD/test/dia16/utt1,EAQ104930
MELD,MELD/test/dia16/utt2,EAQ104931
MELD,MELD/test/dia16/utt3,EAQ104932
MELD,MELD/test/dia16/utt4,EAQ104933
MELD,MELD/test/dia16/utt5,EAQ104934
MELD,MELD/test/dia16/utt6,EAQ104935
MELD,MELD/test/dia16/utt7,EAQ104936
MELD,MELD/test/dia16/utt8,EAQ104937
MELD,MELD/test/dia16/utt9,EAQ104938
MELD,MELD/test/dia17/utt0,EAQ104939
MELD,MELD/test/dia17/utt1,EAQ104940
MELD,MELD/test/dia17/utt2,EAQ104941
MELD,MELD/test/dia17/utt3,EAQ104942
MELD,MELD/test/dia17/utt4,EAQ104943
MELD,MELD/test/dia17/utt5,EAQ104944
MELD,MELD/test/dia17/utt6,EAQ104945
MELD,MELD/test/dia17/utt7,EAQ104946
MELD,MELD/test/dia17/utt8,EAQ104947
MELD,MELD/test/dia17/utt9,EAQ104948
MELD,MELD/test/dia17/utt10,EAQ104949
MELD,MELD/test/dia17/utt11,EAQ104950
MELD,MELD/test/dia17/utt12,EAQ104951
MELD,MELD/test/dia17/utt13,EAQ104952
MELD,MELD/test/dia17/utt14,EAQ104953
MELD,MELD/test/dia17/utt15,EAQ104954
MELD,MELD/test/dia17/utt16,EAQ104955
MELD,MELD/test/dia17/utt17,EAQ104956
MELD,MELD/test/dia17/utt18,EAQ104957
MELD,MELD/test/dia17/utt19,EAQ104958
MELD,MELD/test/dia17/utt20,EAQ104959
MELD,MELD/test/dia17/utt21,EAQ104960
MELD,MELD/test/dia17/utt22,EAQ104961
MELD,MELD/test/dia17/utt23,EAQ104962
MELD,MELD/test/dia17/utt24,EAQ104963
MELD,MELD/test/dia17/utt25,EAQ104964
MELD,MELD/test/dia17/utt26,EAQ104965
MELD,MELD/test/dia17/utt27,EAQ104966
MELD,MELD/test/dia17/utt28,EAQ104967
MELD,MELD/test/dia17/utt29,EAQ104968
MELD,MELD/test/dia17/utt30,EAQ104969
MELD,MELD/test/dia17/utt31,EAQ104970
MELD,MELD/test/dia17/utt32,EAQ104971
MELD,MELD/test/dia18/utt0,EAQ104972
MELD,MELD/test/dia18/utt1,EAQ104973
MELD,MELD/test/dia18/utt2,EAQ104974
MELD,MELD/test/dia19/utt0,EAQ104975
MELD,MELD/test/dia20/utt0,EAQ104976
MELD,MELD/test/dia20/utt1,EAQ104977
MELD,MELD/test/dia20/utt2,EAQ104978
MELD,MELD/test/dia20/utt3,EAQ104979
MELD,MELD/test/dia20/utt4,EAQ104980
MELD,MELD/test/dia20/utt5,EAQ104981
MELD,MELD/test/dia20/utt6,EAQ104982
MELD,MELD/test/dia20/utt7,EAQ104983
MELD,MELD/test/dia21/utt0,EAQ104984
MELD,MELD/test/dia21/utt1,EAQ104985
MELD,MELD/test/dia21/utt2,EAQ104986
MELD,MELD/test/dia21/utt3,EAQ104987
MELD,MELD/test/dia21/utt4,EAQ104988
MELD,MELD/test/dia21/utt5,EAQ104989
MELD,MELD/test/dia21/utt6,EAQ104990
MELD,MELD/test/dia22/utt0,EAQ104991
MELD,MELD/test/dia22/utt1,EAQ104992
MELD,MELD/test/dia22/utt2,EAQ104993
MELD,MELD/test/dia22/utt3,EAQ104994
MELD,MELD/test/dia22/utt4,EAQ104995
MELD,MELD/test/dia22/utt5,EAQ104996
MELD,MELD/test/dia22/utt6,EAQ104997
MELD,MELD/test/dia22/utt7,EAQ104998
MELD,MELD/test/dia22/utt8,EAQ104999
MELD,MELD/test/dia22/utt9,EAQ105000
MELD,MELD/test/dia22/utt10,EAQ105001
MELD,MELD/test/dia22/utt11,EAQ105002
MELD,MELD/test/dia22/utt12,EAQ105003
MELD,MELD/test/dia22/utt13,EAQ105004
MELD,MELD/test/dia22/utt14,EAQ105005
MELD,MELD/test/dia22/utt15,EAQ105006
MELD,MELD/test/dia22/utt16,EAQ105007
MELD,MELD/test/dia22/utt17,EAQ105008
MELD,MELD/test/dia22/utt18,EAQ105009
MELD,MELD/test/dia22/utt19,EAQ105010
MELD,MELD/test/dia22/utt20,EAQ105011
MELD,MELD/test/dia22/utt21,EAQ105012
MELD,MELD/test/dia23/utt0,EAQ105013
MELD,MELD/test/dia23/utt1,EAQ105014
MELD,MELD/test/dia23/utt2,EAQ105015
MELD,MELD/test/dia24/utt0,EAQ105016
MELD,MELD/test/dia24/utt1,EAQ105017
MELD,MELD/test/dia24/utt2,EAQ105018
MELD,MELD/test/dia24/utt3,EAQ105019
MELD,MELD/test/dia25/utt0,EAQ105020
MELD,MELD/test/dia25/utt1,EAQ105021
MELD,MELD/test/dia25/utt2,EAQ105022
MELD,MELD/test/dia25/utt3,EAQ105023
MELD,MELD/test/dia25/utt4,EAQ105024
MELD,MELD/test/dia25/utt5,EAQ105025
MELD,MELD/test/dia25/utt6,EAQ105026
MELD,MELD/test/dia25/utt7,EAQ105027
MELD,MELD/test/dia25/utt8,EAQ105028
MELD,MELD/test/dia25/utt9,EAQ105029
MELD,MELD/test/dia25/utt10,EAQ105030
MELD,MELD/test/dia25/utt11,EAQ105031
MELD,MELD/test/dia25/utt12,EAQ105032
MELD,MELD/test/dia25/utt13,EAQ105033
MELD,MELD/test/dia25/utt14,EAQ105034
MELD,MELD/test/dia25/utt15,EAQ105035
MELD,MELD/test/dia25/utt16,EAQ105036
MELD,MELD/test/dia26/utt0,EAQ105037
MELD,MELD/test/dia27/utt0,EAQ105038
MELD,MELD/test/dia27/utt1,EAQ105039
MELD,MELD/test/dia28/utt0,EAQ105040
MELD,MELD/test/dia28/utt1,EAQ105041
MELD,MELD/test/dia28/utt2,EAQ105042
MELD,MELD/test/dia28/utt3,EAQ105043
MELD,MELD/test/dia28/utt4,EAQ105044
MELD,MELD/test/dia28/utt5,EAQ105045
MELD,MELD/test/dia28/utt6,EAQ105046
MELD,MELD/test/dia28/utt7,EAQ105047
MELD,MELD/test/dia28/utt8,EAQ105048
MELD,MELD/test/dia28/utt9,EAQ105049
MELD,MELD/test/dia28/utt10,EAQ105050
MELD,MELD/test/dia28/utt11,EAQ105051
MELD,MELD/test/dia28/utt12,EAQ105052
MELD,MELD/test/dia28/utt13,EAQ105053
MELD,MELD/test/dia28/utt14,EAQ105054
MELD,MELD/test/dia28/utt15,EAQ105055
MELD,MELD/test/dia28/utt16,EAQ105056
MELD,MELD/test/dia29/utt0,EAQ105057
MELD,MELD/test/dia29/utt1,EAQ105058
MELD,MELD/test/dia29/utt2,EAQ105059
MELD,MELD/test/dia29/utt3,EAQ105060
MELD,MELD/test/dia29/utt4,EAQ105061
MELD,MELD/test/dia29/utt5,EAQ105062
MELD,MELD/test/dia29/utt6,EAQ105063
MELD,MELD/test/dia29/utt7,EAQ105064
MELD,MELD/test/dia29/utt8,EAQ105065
MELD,MELD/test/dia29/utt9,EAQ105066
MELD,MELD/test/dia29/utt10,EAQ105067
MELD,MELD/test/dia29/utt11,EAQ105068
MELD,MELD/test/dia29/utt12,EAQ105069
MELD,MELD/test/dia30/utt0,EAQ105070
MELD,MELD/test/dia30/utt1,EAQ105071
MELD,MELD/test/dia30/utt2,EAQ105072
MELD,MELD/test/dia30/utt3,EAQ105073
MELD,MELD/test/dia30/utt4,EAQ105074
MELD,MELD/test/dia30/utt5,EAQ105075
MELD,MELD/test/dia31/utt0,EAQ105076
MELD,MELD/test/dia32/utt0,EAQ105077
MELD,MELD/test/dia32/utt1,EAQ105078
MELD,MELD/test/dia32/utt2,EAQ105079
MELD,MELD/test/dia32/utt3,EAQ105080
MELD,MELD/test/dia32/utt4,EAQ105081
MELD,MELD/test/dia32/utt5,EAQ105082
MELD,MELD/test/dia32/utt6,EAQ105083
MELD,MELD/test/dia32/utt7,EAQ105084
MELD,MELD/test/dia32/utt8,EAQ105085
MELD,MELD/test/dia32/utt9,EAQ105086
MELD,MELD/test/dia32/utt10,EAQ105087
MELD,MELD/test/dia32/utt11,EAQ105088
MELD,MELD/test/dia32/utt12,EAQ105089
MELD,MELD/test/dia33/utt0,EAQ105090
MELD,MELD/test/dia33/utt1,EAQ105091
MELD,MELD/test/dia33/utt2,EAQ105092
MELD,MELD/test/dia33/utt3,EAQ105093
MELD,MELD/test/dia33/utt4,EAQ105094
MELD,MELD/test/dia33/utt5,EAQ105095
MELD,MELD/test/dia33/utt6,EAQ105096
MELD,MELD/test/dia33/utt7,EAQ105097
MELD,MELD/test/dia33/utt8,EAQ105098
MELD,MELD/test/dia33/utt9,EAQ105099
MELD,MELD/test/dia33/utt10,EAQ105100
MELD,MELD/test/dia34/utt0,EAQ105101
MELD,MELD/test/dia34/utt1,EAQ105102
MELD,MELD/test/dia34/utt2,EAQ105103
MELD,MELD/test/dia34/utt3,EAQ105104
MELD,MELD/test/dia34/utt4,EAQ105105
MELD,MELD/test/dia34/utt5,EAQ105106
MELD,MELD/test/dia34/utt6,EAQ105107
MELD,MELD/test/dia34/utt7,EAQ105108
MELD,MELD/test/dia34/utt8,EAQ105109
MELD,MELD/test/dia34/utt9,EAQ105110
MELD,MELD/test/dia34/utt10,EAQ105111
MELD,MELD/test/dia34/utt11,EAQ105112
MELD,MELD/test/dia34/utt12,EAQ105113
MELD,MELD/test/dia34/utt13,EAQ105114
MELD,MELD/test/dia34/utt14,EAQ105115
MELD,MELD/test/dia34/utt15,EAQ105116
MELD,MELD/test/dia34/utt16,EAQ105117
MELD,MELD/test/dia34/utt17,EAQ105118
MELD,MELD/test/dia34/utt18,EAQ105119
MELD,MELD/test/dia35/utt0,EAQ105120
MELD,MELD/test/dia35/utt1,EAQ105121
MELD,MELD/test/dia35/utt2,EAQ105122
MELD,MELD/test/dia35/utt3,EAQ105123
MELD,MELD/test/dia35/utt4,EAQ105124
MELD,MELD/test/dia36/utt0,EAQ105125
MELD,MELD/test/dia36/utt1,EAQ105126
MELD,MELD/test/dia37/utt0,EAQ105127
MELD,MELD/test/dia37/utt1,EAQ105128
MELD,MELD/test/dia37/utt2,EAQ105129
MELD,MELD/test/dia37/utt3,EAQ105130
MELD,MELD/test/dia37/utt4,EAQ105131
MELD,MELD/test/dia37/utt5,EAQ105132
MELD,MELD/test/dia37/utt6,EAQ105133
MELD,MELD/test/dia37/utt7,EAQ105134
MELD,MELD/test/dia38/utt0,EAQ105135
MELD,MELD/test/dia38/utt1,EAQ105136
MELD,MELD/test/dia38/utt2,EAQ105137
MELD,MELD/test/dia38/utt3,EAQ105138
MELD,MELD/test/dia38/utt4,EAQ105139
MELD,MELD/test/dia39/utt0,EAQ105140
MELD,MELD/test/dia39/utt1,EAQ105141
MELD,MELD/test/dia39/utt2,EAQ105142
MELD,MELD/test/dia39/utt3,EAQ105143
MELD,MELD/test/dia39/utt4,EAQ105144
MELD,MELD/test/dia39/utt5,EAQ105145
MELD,MELD/test/dia39/utt6,EAQ105146
MELD,MELD/test/dia39/utt7,EAQ105147
MELD,MELD/test/dia39/utt8,EAQ105148
MELD,MELD/test/dia39/utt9,EAQ105149
MELD,MELD/test/dia39/utt10,EAQ105150
MELD,MELD/test/dia39/utt11,EAQ105151
MELD,MELD/test/dia40/utt0,EAQ105152
MELD,MELD/test/dia40/utt1,EAQ105153
MELD,MELD/test/dia41/utt0,EAQ105154
MELD,MELD/test/dia41/utt1,EAQ105155
MELD,MELD/test/dia41/utt2,EAQ105156
MELD,MELD/test/dia41/utt3,EAQ105157
MELD,MELD/test/dia41/utt4,EAQ105158
MELD,MELD/test/dia41/utt5,EAQ105159
MELD,MELD/test/dia41/utt6,EAQ105160
MELD,MELD/test/dia41/utt7,EAQ105161
MELD,MELD/test/dia41/utt8,EAQ105162
MELD,MELD/test/dia41/utt9,EAQ105163
MELD,MELD/test/dia41/utt10,EAQ105164
MELD,MELD/test/dia41/utt11,EAQ105165
MELD,MELD/test/dia41/utt12,EAQ105166
MELD,MELD/test/dia42/utt0,EAQ105167
MELD,MELD/test/dia42/utt1,EAQ105168
MELD,MELD/test/dia42/utt2,EAQ105169
MELD,MELD/test/dia42/utt3,EAQ105170
MELD,MELD/test/dia42/utt4,EAQ105171
MELD,MELD/test/dia42/utt5,EAQ105172
MELD,MELD/test/dia42/utt6,EAQ105173
MELD,MELD/test/dia42/utt7,EAQ105174
MELD,MELD/test/dia42/utt8,EAQ105175
MELD,MELD/test/dia43/utt0,EAQ105176
MELD,MELD/test/dia43/utt1,EAQ105177
MELD,MELD/test/dia43/utt2,EAQ105178
MELD,MELD/test/dia43/utt3,EAQ105179
MELD,MELD/test/dia43/utt4,EAQ105180
MELD,MELD/test/dia43/utt5,EAQ105181
MELD,MELD/test/dia43/utt6,EAQ105182
MELD,MELD/test/dia44/utt0,EAQ105183
MELD,MELD/test/dia44/utt1,EAQ105184
MELD,MELD/test/dia44/utt2,EAQ105185
MELD,MELD/test/dia44/utt3,EAQ105186
MELD,MELD/test/dia45/utt0,EAQ105187
MELD,MELD/test/dia45/utt1,EAQ105188
MELD,MELD/test/dia45/utt2,EAQ105189
MELD,MELD/test/dia45/utt3,EAQ105190
MELD,MELD/test/dia45/utt4,EAQ105191
MELD,MELD/test/dia45/utt5,EAQ105192
MELD,MELD/test/dia45/utt6,EAQ105193
MELD,MELD/test/dia45/utt7,EAQ105194
MELD,MELD/test/dia45/utt8,EAQ105195
MELD,MELD/test/dia46/utt0,EAQ105196
MELD,MELD/test/dia46/utt1,EAQ105197
MELD,MELD/test/dia46/utt2,EAQ105198
MELD,MELD/test/dia46/utt3,EAQ105199
MELD,MELD/test/dia46/utt4,EAQ105200
MELD,MELD/test/dia46/utt5,EAQ105201
MELD,MELD/test/dia46/utt6,EAQ105202
MELD,MELD/test/dia46/utt7,EAQ105203
MELD,MELD/test/dia46/utt8,EAQ105204
MELD,MELD/test/dia47/utt0,EAQ105205
MELD,MELD/test/dia47/utt1,EAQ105206
MELD,MELD/test/dia47/utt2,EAQ105207
MELD,MELD/test/dia47/utt3,EAQ105208
MELD,MELD/test/dia47/utt4,EAQ105209
MELD,MELD/test/dia47/utt5,EAQ105210
MELD,MELD/test/dia47/utt6,EAQ105211
MELD,MELD/test/dia47/utt7,EAQ105212
MELD,MELD/test/dia47/utt8,EAQ105213
MELD,MELD/test/dia47/utt9,EAQ105214
MELD,MELD/test/dia47/utt10,EAQ105215
MELD,MELD/test/dia47/utt11,EAQ105216
MELD,MELD/test/dia47/utt12,EAQ105217
MELD,MELD/test/dia47/utt13,EAQ105218
MELD,MELD/test/dia48/utt0,EAQ105219
MELD,MELD/test/dia48/utt1,EAQ105220
MELD,MELD/test/dia48/utt2,EAQ105221
MELD,MELD/test/dia48/utt3,EAQ105222
MELD,MELD/test/dia48/utt4,EAQ105223
MELD,MELD/test/dia48/utt5,EAQ105224
MELD,MELD/test/dia48/utt6,EAQ105225
MELD,MELD/test/dia49/utt0,EAQ105226
MELD,MELD/test/dia49/utt1,EAQ105227
MELD,MELD/test/dia49/utt2,EAQ105228
MELD,MELD/test/dia49/utt3,EAQ105229
MELD,MELD/test/dia49/utt4,EAQ105230
MELD,MELD/test/dia49/utt5,EAQ105231
MELD,MELD/test/dia49/utt6,EAQ105232
MELD,MELD/test/dia49/utt7,EAQ105233
MELD,MELD/test/dia49/utt8,EAQ105234
MELD,MELD/test/dia49/utt9,EAQ105235
MELD,MELD/test/dia49/utt10,EAQ105236
MELD,MELD/test/dia49/utt11,EAQ105237
MELD,MELD/test/dia49/utt12,EAQ105238
MELD,MELD/test/dia49/utt13,EAQ105239
MELD,MELD/test/dia49/utt14,EAQ105240
MELD,MELD/test/dia49/utt15,EAQ105241
MELD,MELD/test/dia49/utt16,EAQ105242
MELD,MELD/test/dia50/utt0,EAQ105243
MELD,MELD/test/dia50/utt1,EAQ105244
MELD,MELD/test/dia50/utt2,EAQ105245
MELD,MELD/test/dia50/utt3,EAQ105246
MELD,MELD/test/dia51/utt0,EAQ105247
MELD,MELD/test/dia51/utt1,EAQ105248
MELD,MELD/test/dia51/utt2,EAQ105249
MELD,MELD/test/dia52/utt0,EAQ105250
MELD,MELD/test/dia52/utt1,EAQ105251
MELD,MELD/test/dia52/utt2,EAQ105252
MELD,MELD/test/dia52/utt3,EAQ105253
MELD,MELD/test/dia52/utt4,EAQ105254
MELD,MELD/test/dia52/utt5,EAQ105255
MELD,MELD/test/dia52/utt6,EAQ105256
MELD,MELD/test/dia52/utt7,EAQ105257
MELD,MELD/test/dia52/utt8,EAQ105258
MELD,MELD/test/dia52/utt9,EAQ105259
MELD,MELD/test/dia52/utt10,EAQ105260
MELD,MELD/test/dia52/utt11,EAQ105261
MELD,MELD/test/dia53/utt0,EAQ105262
MELD,MELD/test/dia53/utt1,EAQ105263
MELD,MELD/test/dia53/utt2,EAQ105264
MELD,MELD/test/dia53/utt3,EAQ105265
MELD,MELD/test/dia53/utt4,EAQ105266
MELD,MELD/test/dia53/utt5,EAQ105267
MELD,MELD/test/dia53/utt6,EAQ105268
MELD,MELD/test/dia53/utt7,EAQ105269
MELD,MELD/test/dia53/utt8,EAQ105270
MELD,MELD/test/dia53/utt9,EAQ105271
MELD,MELD/test/dia53/utt10,EAQ105272
MELD,MELD/test/dia53/utt11,EAQ105273
MELD,MELD/test/dia53/utt12,EAQ105274
MELD,MELD/test/dia54/utt0,EAQ105275
MELD,MELD/test/dia54/utt1,EAQ105276
MELD,MELD/test/dia54/utt2,EAQ105277
MELD,MELD/test/dia54/utt3,EAQ105278
MELD,MELD/test/dia54/utt4,EAQ105279
MELD,MELD/test/dia54/utt5,EAQ105280
MELD,MELD/test/dia54/utt6,EAQ105281
MELD,MELD/test/dia54/utt7,EAQ105282
MELD,MELD/test/dia54/utt8,EAQ105283
MELD,MELD/test/dia54/utt9,EAQ105284
MELD,MELD/test/dia54/utt10,EAQ105285
MELD,MELD/test/dia54/utt11,EAQ105286
MELD,MELD/test/dia55/utt0,EAQ105287
MELD,MELD/test/dia55/utt1,EAQ105288
MELD,MELD/test/dia55/utt2,EAQ105289
MELD,MELD/test/dia56/utt0,EAQ105290
MELD,MELD/test/dia56/utt1,EAQ105291
MELD,MELD/test/dia56/utt2,EAQ105292
MELD,MELD/test/dia56/utt3,EAQ105293
MELD,MELD/test/dia56/utt4,EAQ105294
MELD,MELD/test/dia56/utt5,EAQ105295
MELD,MELD/test/dia56/utt6,EAQ105296
MELD,MELD/test/dia56/utt7,EAQ105297
MELD,MELD/test/dia56/utt8,EAQ105298
MELD,MELD/test/dia56/utt9,EAQ105299
MELD,MELD/test/dia56/utt10,EAQ105300
MELD,MELD/test/dia56/utt11,EAQ105301
MELD,MELD/test/dia57/utt0,EAQ105302
MELD,MELD/test/dia57/utt1,EAQ105303
MELD,MELD/test/dia57/utt2,EAQ105304
MELD,MELD/test/dia57/utt3,EAQ105305
MELD,MELD/test/dia57/utt4,EAQ105306
MELD,MELD/test/dia57/utt5,EAQ105307
MELD,MELD/test/dia58/utt0,EAQ105308
MELD,MELD/test/dia58/utt1,EAQ105309
MELD,MELD/test/dia58/utt2,EAQ105310
MELD,MELD/test/dia58/utt3,EAQ105311
MELD,MELD/test/dia58/utt4,EAQ105312
MELD,MELD/test/dia58/utt5,EAQ105313
MELD,MELD/test/dia58/utt6,EAQ105314
MELD,MELD/test/dia58/utt7,EAQ105315
MELD,MELD/test/dia58/utt8,EAQ105316
MELD,MELD/test/dia58/utt9,EAQ105317
MELD,MELD/test/dia58/utt10,EAQ105318
MELD,MELD/test/dia58/utt11,EAQ105319
MELD,MELD/test/dia58/utt12,EAQ105320
MELD,MELD/test/dia58/utt13,EAQ105321
MELD,MELD/test/dia58/utt14,EAQ105322
MELD,MELD/test/dia58/utt15,EAQ105323
MELD,MELD/test/dia58/utt16,EAQ105324
MELD,MELD/test/dia59/utt0,EAQ105325
MELD,MELD/test/dia59/utt1,EAQ105326
MELD,MELD/test/dia59/utt2,EAQ105327
MELD,MELD/test/dia60/utt0,EAQ105328
MELD,MELD/test/dia60/utt1,EAQ105329
MELD,MELD/test/dia60/utt2,EAQ105330
MELD,MELD/test/dia60/utt3,EAQ105331
MELD,MELD/test/dia60/utt4,EAQ105332
MELD,MELD/test/dia60/utt5,EAQ105333
MELD,MELD/test/dia60/utt6,EAQ105334
MELD,MELD/test/dia61/utt0,EAQ105335
MELD,MELD/test/dia61/utt1,EAQ105336
MELD,MELD/test/dia61/utt2,EAQ105337
MELD,MELD/test/dia62/utt0,EAQ105338
MELD,MELD/test/dia62/utt1,EAQ105339
MELD,MELD/test/dia63/utt0,EAQ105340
MELD,MELD/test/dia63/utt1,EAQ105341
MELD,MELD/test/dia64/utt0,EAQ105342
MELD,MELD/test/dia64/utt1,EAQ105343
MELD,MELD/test/dia64/utt2,EAQ105344
MELD,MELD/test/dia64/utt3,EAQ105345
MELD,MELD/test/dia64/utt4,EAQ105346
MELD,MELD/test/dia64/utt5,EAQ105347
MELD,MELD/test/dia64/utt6,EAQ105348
MELD,MELD/test/dia64/utt7,EAQ105349
MELD,MELD/test/dia64/utt8,EAQ105350
MELD,MELD/test/dia64/utt9,EAQ105351
MELD,MELD/test/dia64/utt10,EAQ105352
MELD,MELD/test/dia64/utt11,EAQ105353
MELD,MELD/test/dia64/utt12,EAQ105354
MELD,MELD/test/dia64/utt13,EAQ105355
MELD,MELD/test/dia64/utt14,EAQ105356
MELD,MELD/test/dia64/utt15,EAQ105357
MELD,MELD/test/dia64/utt16,EAQ105358
MELD,MELD/test/dia65/utt0,EAQ105359
MELD,MELD/test/dia65/utt1,EAQ105360
MELD,MELD/test/dia65/utt2,EAQ105361
MELD,MELD/test/dia65/utt3,EAQ105362
MELD,MELD/test/dia65/utt4,EAQ105363
MELD,MELD/test/dia65/utt5,EAQ105364
MELD,MELD/test/dia65/utt6,EAQ105365
MELD,MELD/test/dia65/utt7,EAQ105366
MELD,MELD/test/dia65/utt8,EAQ105367
MELD,MELD/test/dia65/utt9,EAQ105368
MELD,MELD/test/dia65/utt10,EAQ105369
MELD,MELD/test/dia66/utt0,EAQ105370
MELD,MELD/test/dia66/utt1,EAQ105371
MELD,MELD/test/dia66/utt2,EAQ105372
MELD,MELD/test/dia66/utt3,EAQ105373
MELD,MELD/test/dia66/utt4,EAQ105374
MELD,MELD/test/dia67/utt0,EAQ105375
MELD,MELD/test/dia67/utt1,EAQ105376
MELD,MELD/test/dia67/utt2,EAQ105377
MELD,MELD/test/dia67/utt3,EAQ105378
MELD,MELD/test/dia68/utt0,EAQ105379
MELD,MELD/test/dia68/utt1,EAQ105380
MELD,MELD/test/dia68/utt2,EAQ105381
MELD,MELD/test/dia68/utt3,EAQ105382
MELD,MELD/test/dia68/utt4,EAQ105383
MELD,MELD/test/dia68/utt5,EAQ105384
MELD,MELD/test/dia68/utt6,EAQ105385
MELD,MELD/test/dia68/utt7,EAQ105386
MELD,MELD/test/dia68/utt8,EAQ105387
MELD,MELD/test/dia68/utt9,EAQ105388
MELD,MELD/test/dia68/utt10,EAQ105389
MELD,MELD/test/dia68/utt11,EAQ105390
MELD,MELD/test/dia68/utt12,EAQ105391
MELD,MELD/test/dia68/utt13,EAQ105392
MELD,MELD/test/dia68/utt14,EAQ105393
MELD,MELD/test/dia69/utt0,EAQ105394
MELD,MELD/test/dia69/utt1,EAQ105395
MELD,MELD/test/dia69/utt2,EAQ105396
MELD,MELD/test/dia69/utt3,EAQ105397
MELD,MELD/test/dia69/utt4,EAQ105398
MELD,MELD/test/dia69/utt5,EAQ105399
MELD,MELD/test/dia70/utt0,EAQ105400
MELD,MELD/test/dia70/utt1,EAQ105401
MELD,MELD/test/dia70/utt2,EAQ105402
MELD,MELD/test/dia70/utt3,EAQ105403
MELD,MELD/test/dia70/utt4,EAQ105404
MELD,MELD/test/dia70/utt5,EAQ105405
MELD,MELD/test/dia70/utt6,EAQ105406
MELD,MELD/test/dia70/utt7,EAQ105407
MELD,MELD/test/dia70/utt8,EAQ105408
MELD,MELD/test/dia70/utt9,EAQ105409
MELD,MELD/test/dia70/utt10,EAQ105410
MELD,MELD/test/dia70/utt11,EAQ105411
MELD,MELD/test/dia70/utt12,EAQ105412
MELD,MELD/test/dia70/utt13,EAQ105413
MELD,MELD/test/dia70/utt14,EAQ105414
MELD,MELD/test/dia70/utt15,EAQ105415
MELD,MELD/test/dia70/utt16,EAQ105416
MELD,MELD/test/dia70/utt17,EAQ105417
MELD,MELD/test/dia70/utt18,EAQ105418
MELD,MELD/test/dia70/utt19,EAQ105419
MELD,MELD/test/dia70/utt20,EAQ105420
MELD,MELD/test/dia70/utt21,EAQ105421
MELD,MELD/test/dia70/utt22,EAQ105422
MELD,MELD/test/dia71/utt0,EAQ105423
MELD,MELD/test/dia71/utt1,EAQ105424
MELD,MELD/test/dia71/utt2,EAQ105425
MELD,MELD/test/dia71/utt3,EAQ105426
MELD,MELD/test/dia71/utt4,EAQ105427
MELD,MELD/test/dia71/utt5,EAQ105428
MELD,MELD/test/dia71/utt6,EAQ105429
MELD,MELD/test/dia71/utt7,EAQ105430
MELD,MELD/test/dia71/utt8,EAQ105431
MELD,MELD/test/dia71/utt9,EAQ105432
MELD,MELD/test/dia71/utt10,EAQ105433
MELD,MELD/test/dia71/utt11,EAQ105434
MELD,MELD/test/dia71/utt12,EAQ105435
MELD,MELD/test/dia71/utt13,EAQ105436
MELD,MELD/test/dia72/utt0,EAQ105437
MELD,MELD/test/dia72/utt1,EAQ105438
MELD,MELD/test/dia72/utt2,EAQ105439
MELD,MELD/test/dia72/utt3,EAQ105440
MELD,MELD/test/dia72/utt4,EAQ105441
MELD,MELD/test/dia72/utt5,EAQ105442
MELD,MELD/test/dia72/utt6,EAQ105443
MELD,MELD/test/dia72/utt7,EAQ105444
MELD,MELD/test/dia72/utt8,EAQ105445
MELD,MELD/test/dia72/utt9,EAQ105446
MELD,MELD/test/dia72/utt10,EAQ105447
MELD,MELD/test/dia72/utt11,EAQ105448
MELD,MELD/test/dia72/utt12,EAQ105449
MELD,MELD/test/dia72/utt13,EAQ105450
MELD,MELD/test/dia72/utt14,EAQ105451
MELD,MELD/test/dia72/utt15,EAQ105452
MELD,MELD/test/dia72/utt16,EAQ105453
MELD,MELD/test/dia73/utt0,EAQ105454
MELD,MELD/test/dia73/utt1,EAQ105455
MELD,MELD/test/dia73/utt2,EAQ105456
MELD,MELD/test/dia73/utt3,EAQ105457
MELD,MELD/test/dia73/utt4,EAQ105458
MELD,MELD/test/dia73/utt5,EAQ105459
MELD,MELD/test/dia73/utt6,EAQ105460
MELD,MELD/test/dia73/utt7,EAQ105461
MELD,MELD/test/dia73/utt8,EAQ105462
MELD,MELD/test/dia73/utt9,EAQ105463
MELD,MELD/test/dia73/utt10,EAQ105464
MELD,MELD/test/dia74/utt0,EAQ105465
MELD,MELD/test/dia74/utt1,EAQ105466
MELD,MELD/test/dia74/utt2,EAQ105467
MELD,MELD/test/dia74/utt3,EAQ105468
MELD,MELD/test/dia74/utt4,EAQ105469
MELD,MELD/test/dia75/utt0,EAQ105470
MELD,MELD/test/dia75/utt1,EAQ105471
MELD,MELD/test/dia75/utt2,EAQ105472
MELD,MELD/test/dia75/utt3,EAQ105473
MELD,MELD/test/dia75/utt4,EAQ105474
MELD,MELD/test/dia75/utt5,EAQ105475
MELD,MELD/test/dia76/utt0,EAQ105476
MELD,MELD/test/dia76/utt1,EAQ105477
MELD,MELD/test/dia76/utt2,EAQ105478
MELD,MELD/test/dia76/utt3,EAQ105479
MELD,MELD/test/dia76/utt4,EAQ105480
MELD,MELD/test/dia76/utt5,EAQ105481
MELD,MELD/test/dia76/utt6,EAQ105482
MELD,MELD/test/dia76/utt7,EAQ105483
MELD,MELD/test/dia76/utt8,EAQ105484
MELD,MELD/test/dia76/utt9,EAQ105485
MELD,MELD/test/dia76/utt10,EAQ105486
MELD,MELD/test/dia76/utt11,EAQ105487
MELD,MELD/test/dia76/utt12,EAQ105488
MELD,MELD/test/dia76/utt13,EAQ105489
MELD,MELD/test/dia76/utt14,EAQ105490
MELD,MELD/test/dia76/utt15,EAQ105491
MELD,MELD/test/dia76/utt16,EAQ105492
MELD,MELD/test/dia76/utt17,EAQ105493
MELD,MELD/test/dia76/utt18,EAQ105494
MELD,MELD/test/dia77/utt0,EAQ105495
MELD,MELD/test/dia77/utt1,EAQ105496
MELD,MELD/test/dia77/utt2,EAQ105497
MELD,MELD/test/dia77/utt3,EAQ105498
MELD,MELD/test/dia77/utt4,EAQ105499
MELD,MELD/test/dia78/utt0,EAQ105500
MELD,MELD/test/dia78/utt1,EAQ105501
MELD,MELD/test/dia78/utt2,EAQ105502
MELD,MELD/test/dia78/utt3,EAQ105503
MELD,MELD/test/dia78/utt4,EAQ105504
MELD,MELD/test/dia78/utt5,EAQ105505
MELD,MELD/test/dia78/utt6,EAQ105506
MELD,MELD/test/dia78/utt7,EAQ105507
MELD,MELD/test/dia78/utt8,EAQ105508
MELD,MELD/test/dia78/utt9,EAQ105509
MELD,MELD/test/dia79/utt0,EAQ105510
MELD,MELD/test/dia79/utt1,EAQ105511
MELD,MELD/test/dia80/utt0,EAQ105512
MELD,MELD/test/dia80/utt1,EAQ105513
MELD,MELD/test/dia80/utt2,EAQ105514
MELD,MELD/test/dia80/utt3,EAQ105515
MELD,MELD/test/dia80/utt4,EAQ105516
MELD,MELD/test/dia80/utt5,EAQ105517
MELD,MELD/test/dia80/utt6,EAQ105518
MELD,MELD/test/dia80/utt7,EAQ105519
MELD,MELD/test/dia80/utt8,EAQ105520
MELD,MELD/test/dia80/utt9,EAQ105521
MELD,MELD/test/dia81/utt0,EAQ105522
MELD,MELD/test/dia81/utt1,EAQ105523
MELD,MELD/test/dia82/utt0,EAQ105524
MELD,MELD/test/dia83/utt0,EAQ105525
MELD,MELD/test/dia83/utt1,EAQ105526
MELD,MELD/test/dia83/utt2,EAQ105527
MELD,MELD/test/dia83/utt3,EAQ105528
MELD,MELD/test/dia83/utt4,EAQ105529
MELD,MELD/test/dia83/utt5,EAQ105530
MELD,MELD/test/dia83/utt6,EAQ105531
MELD,MELD/test/dia83/utt7,EAQ105532
MELD,MELD/test/dia83/utt8,EAQ105533
MELD,MELD/test/dia83/utt9,EAQ105534
MELD,MELD/test/dia83/utt10,EAQ105535
MELD,MELD/test/dia84/utt0,EAQ105536
MELD,MELD/test/dia84/utt1,EAQ105537
MELD,MELD/test/dia84/utt2,EAQ105538
MELD,MELD/test/dia85/utt0,EAQ105539
MELD,MELD/test/dia85/utt1,EAQ105540
MELD,MELD/test/dia85/utt2,EAQ105541
MELD,MELD/test/dia85/utt3,EAQ105542
MELD,MELD/test/dia85/utt4,EAQ105543
MELD,MELD/test/dia85/utt5,EAQ105544
MELD,MELD/test/dia86/utt0,EAQ105545
MELD,MELD/test/dia86/utt1,EAQ105546
MELD,MELD/test/dia86/utt2,EAQ105547
MELD,MELD/test/dia86/utt3,EAQ105548
MELD,MELD/test/dia86/utt4,EAQ105549
MELD,MELD/test/dia86/utt5,EAQ105550
MELD,MELD/test/dia86/utt6,EAQ105551
MELD,MELD/test/dia86/utt7,EAQ105552
MELD,MELD/test/dia87/utt0,EAQ105553
MELD,MELD/test/dia87/utt1,EAQ105554
MELD,MELD/test/dia88/utt0,EAQ105555
MELD,MELD/test/dia88/utt1,EAQ105556
MELD,MELD/test/dia88/utt2,EAQ105557
MELD,MELD/test/dia88/utt3,EAQ105558
MELD,MELD/test/dia88/utt4,EAQ105559
MELD,MELD/test/dia88/utt5,EAQ105560
MELD,MELD/test/dia88/utt6,EAQ105561
MELD,MELD/test/dia88/utt7,EAQ105562
MELD,MELD/test/dia88/utt8,EAQ105563
MELD,MELD/test/dia88/utt9,EAQ105564
MELD,MELD/test/dia88/utt10,EAQ105565
MELD,MELD/test/dia88/utt11,EAQ105566
MELD,MELD/test/dia88/utt12,EAQ105567
MELD,MELD/test/dia88/utt13,EAQ105568
MELD,MELD/test/dia89/utt0,EAQ105569
MELD,MELD/test/dia89/utt1,EAQ105570
MELD,MELD/test/dia89/utt2,EAQ105571
MELD,MELD/test/dia90/utt0,EAQ105572
MELD,MELD/test/dia90/utt1,EAQ105573
MELD,MELD/test/dia90/utt2,EAQ105574
MELD,MELD/test/dia90/utt3,EAQ105575
MELD,MELD/test/dia90/utt4,EAQ105576
MELD,MELD/test/dia90/utt5,EAQ105577
MELD,MELD/test/dia91/utt0,EAQ105578
MELD,MELD/test/dia92/utt0,EAQ105579
MELD,MELD/test/dia92/utt1,EAQ105580
MELD,MELD/test/dia92/utt2,EAQ105581
MELD,MELD/test/dia92/utt3,EAQ105582
MELD,MELD/test/dia92/utt4,EAQ105583
MELD,MELD/test/dia92/utt5,EAQ105584
MELD,MELD/test/dia93/utt0,EAQ105585
MELD,MELD/test/dia93/utt1,EAQ105586
MELD,MELD/test/dia93/utt2,EAQ105587
MELD,MELD/test/dia93/utt3,EAQ105588
MELD,MELD/test/dia93/utt4,EAQ105589
MELD,MELD/test/dia93/utt8,EAQ105590
MELD,MELD/test/dia93/utt9,EAQ105591
MELD,MELD/test/dia93/utt10,EAQ105592
MELD,MELD/test/dia93/utt11,EAQ105593
MELD,MELD/test/dia93/utt12,EAQ105594
MELD,MELD/test/dia93/utt13,EAQ105595
MELD,MELD/test/dia93/utt14,EAQ105596
MELD,MELD/test/dia93/utt15,EAQ105597
MELD,MELD/test/dia94/utt0,EAQ105598
MELD,MELD/test/dia94/utt1,EAQ105599
MELD,MELD/test/dia94/utt2,EAQ105600
MELD,MELD/test/dia95/utt0,EAQ105601
MELD,MELD/test/dia95/utt1,EAQ105602
MELD,MELD/test/dia95/utt2,EAQ105603
MELD,MELD/test/dia95/utt3,EAQ105604
MELD,MELD/test/dia95/utt4,EAQ105605
MELD,MELD/test/dia95/utt5,EAQ105606
MELD,MELD/test/dia95/utt6,EAQ105607
MELD,MELD/test/dia95/utt7,EAQ105608
MELD,MELD/test/dia95/utt8,EAQ105609
MELD,MELD/test/dia95/utt9,EAQ105610
MELD,MELD/test/dia95/utt10,EAQ105611
MELD,MELD/test/dia95/utt11,EAQ105612
MELD,MELD/test/dia95/utt12,EAQ105613
MELD,MELD/test/dia95/utt13,EAQ105614
MELD,MELD/test/dia95/utt14,EAQ105615
MELD,MELD/test/dia95/utt15,EAQ105616
MELD,MELD/test/dia95/utt16,EAQ105617
MELD,MELD/test/dia95/utt17,EAQ105618
MELD,MELD/test/dia95/utt18,EAQ105619
MELD,MELD/test/dia95/utt19,EAQ105620
MELD,MELD/test/dia96/utt0,EAQ105621
MELD,MELD/test/dia96/utt1,EAQ105622
MELD,MELD/test/dia96/utt2,EAQ105623
MELD,MELD/test/dia96/utt3,EAQ105624
MELD,MELD/test/dia96/utt4,EAQ105625
MELD,MELD/test/dia96/utt5,EAQ105626
MELD,MELD/test/dia96/utt6,EAQ105627
MELD,MELD/test/dia96/utt7,EAQ105628
MELD,MELD/test/dia96/utt8,EAQ105629
MELD,MELD/test/dia96/utt9,EAQ105630
MELD,MELD/test/dia96/utt10,EAQ105631
MELD,MELD/test/dia96/utt11,EAQ105632
MELD,MELD/test/dia96/utt12,EAQ105633
MELD,MELD/test/dia96/utt13,EAQ105634
MELD,MELD/test/dia96/utt14,EAQ105635
MELD,MELD/test/dia96/utt15,EAQ105636
MELD,MELD/test/dia96/utt16,EAQ105637
MELD,MELD/test/dia96/utt17,EAQ105638
MELD,MELD/test/dia96/utt18,EAQ105639
MELD,MELD/test/dia96/utt19,EAQ105640
MELD,MELD/test/dia96/utt20,EAQ105641
MELD,MELD/test/dia97/utt0,EAQ105642
MELD,MELD/test/dia97/utt1,EAQ105643
MELD,MELD/test/dia97/utt2,EAQ105644
MELD,MELD/test/dia97/utt3,EAQ105645
MELD,MELD/test/dia97/utt4,EAQ105646
MELD,MELD/test/dia97/utt5,EAQ105647
MELD,MELD/test/dia97/utt6,EAQ105648
MELD,MELD/test/dia97/utt7,EAQ105649
MELD,MELD/test/dia97/utt8,EAQ105650
MELD,MELD/test/dia97/utt9,EAQ105651
MELD,MELD/test/dia97/utt10,EAQ105652
MELD,MELD/test/dia97/utt11,EAQ105653
MELD,MELD/test/dia98/utt0,EAQ105654
MELD,MELD/test/dia98/utt1,EAQ105655
MELD,MELD/test/dia98/utt2,EAQ105656
MELD,MELD/test/dia98/utt3,EAQ105657
MELD,MELD/test/dia98/utt4,EAQ105658
MELD,MELD/test/dia98/utt5,EAQ105659
MELD,MELD/test/dia98/utt6,EAQ105660
MELD,MELD/test/dia98/utt7,EAQ105661
MELD,MELD/test/dia98/utt8,EAQ105662
MELD,MELD/test/dia98/utt9,EAQ105663
MELD,MELD/test/dia98/utt10,EAQ105664
MELD,MELD/test/dia98/utt11,EAQ105665
MELD,MELD/test/dia99/utt0,EAQ105666
MELD,MELD/test/dia99/utt1,EAQ105667
MELD,MELD/test/dia99/utt2,EAQ105668
MELD,MELD/test/dia99/utt3,EAQ105669
MELD,MELD/test/dia99/utt4,EAQ105670
MELD,MELD/test/dia99/utt5,EAQ105671
MELD,MELD/test/dia99/utt6,EAQ105672
MELD,MELD/test/dia99/utt7,EAQ105673
MELD,MELD/test/dia99/utt8,EAQ105674
MELD,MELD/test/dia99/utt9,EAQ105675
MELD,MELD/test/dia100/utt0,EAQ105676
MELD,MELD/test/dia100/utt1,EAQ105677
MELD,MELD/test/dia100/utt2,EAQ105678
MELD,MELD/test/dia100/utt3,EAQ105679
MELD,MELD/test/dia100/utt4,EAQ105680
MELD,MELD/test/dia100/utt5,EAQ105681
MELD,MELD/test/dia100/utt6,EAQ105682
MELD,MELD/test/dia100/utt7,EAQ105683
MELD,MELD/test/dia100/utt8,EAQ105684
MELD,MELD/test/dia100/utt9,EAQ105685
MELD,MELD/test/dia100/utt10,EAQ105686
MELD,MELD/test/dia100/utt11,EAQ105687
MELD,MELD/test/dia100/utt12,EAQ105688
MELD,MELD/test/dia100/utt13,EAQ105689
MELD,MELD/test/dia100/utt14,EAQ105690
MELD,MELD/test/dia100/utt15,EAQ105691
MELD,MELD/test/dia100/utt16,EAQ105692
MELD,MELD/test/dia100/utt17,EAQ105693
MELD,MELD/test/dia100/utt18,EAQ105694
MELD,MELD/test/dia100/utt19,EAQ105695
MELD,MELD/test/dia101/utt0,EAQ105696
MELD,MELD/test/dia101/utt1,EAQ105697
MELD,MELD/test/dia101/utt2,EAQ105698
MELD,MELD/test/dia101/utt3,EAQ105699
MELD,MELD/test/dia102/utt0,EAQ105700
MELD,MELD/test/dia102/utt1,EAQ105701
MELD,MELD/test/dia102/utt2,EAQ105702
MELD,MELD/test/dia102/utt3,EAQ105703
MELD,MELD/test/dia102/utt4,EAQ105704
MELD,MELD/test/dia102/utt5,EAQ105705
MELD,MELD/test/dia102/utt6,EAQ105706
MELD,MELD/test/dia102/utt7,EAQ105707
MELD,MELD/test/dia102/utt8,EAQ105708
MELD,MELD/test/dia102/utt9,EAQ105709
MELD,MELD/test/dia103/utt0,EAQ105710
MELD,MELD/test/dia103/utt1,EAQ105711
MELD,MELD/test/dia103/utt2,EAQ105712
MELD,MELD/test/dia103/utt3,EAQ105713
MELD,MELD/test/dia103/utt4,EAQ105714
MELD,MELD/test/dia103/utt5,EAQ105715
MELD,MELD/test/dia104/utt0,EAQ105716
MELD,MELD/test/dia104/utt1,EAQ105717
MELD,MELD/test/dia104/utt2,EAQ105718
MELD,MELD/test/dia105/utt0,EAQ105719
MELD,MELD/test/dia105/utt1,EAQ105720
MELD,MELD/test/dia105/utt2,EAQ105721
MELD,MELD/test/dia106/utt0,EAQ105722
MELD,MELD/test/dia106/utt1,EAQ105723
MELD,MELD/test/dia106/utt2,EAQ105724
MELD,MELD/test/dia106/utt3,EAQ105725
MELD,MELD/test/dia107/utt0,EAQ105726
MELD,MELD/test/dia107/utt1,EAQ105727
MELD,MELD/test/dia107/utt2,EAQ105728
MELD,MELD/test/dia107/utt3,EAQ105729
MELD,MELD/test/dia107/utt4,EAQ105730
MELD,MELD/test/dia107/utt5,EAQ105731
MELD,MELD/test/dia107/utt6,EAQ105732
MELD,MELD/test/dia107/utt7,EAQ105733
MELD,MELD/test/dia107/utt8,EAQ105734
MELD,MELD/test/dia107/utt9,EAQ105735
MELD,MELD/test/dia107/utt10,EAQ105736
MELD,MELD/test/dia107/utt11,EAQ105737
MELD,MELD/test/dia107/utt12,EAQ105738
MELD,MELD/test/dia108/utt0,EAQ105739
MELD,MELD/test/dia108/utt3,EAQ105740
MELD,MELD/test/dia108/utt4,EAQ105741
MELD,MELD/test/dia108/utt5,EAQ105742
MELD,MELD/test/dia108/utt6,EAQ105743
MELD,MELD/test/dia108/utt7,EAQ105744
MELD,MELD/test/dia108/utt8,EAQ105745
MELD,MELD/test/dia108/utt9,EAQ105746
MELD,MELD/test/dia109/utt0,EAQ105747
MELD,MELD/test/dia109/utt1,EAQ105748
MELD,MELD/test/dia109/utt2,EAQ105749
MELD,MELD/test/dia109/utt3,EAQ105750
MELD,MELD/test/dia109/utt4,EAQ105751
MELD,MELD/test/dia109/utt5,EAQ105752
MELD,MELD/test/dia109/utt6,EAQ105753
MELD,MELD/test/dia109/utt7,EAQ105754
MELD,MELD/test/dia110/utt0,EAQ105755
MELD,MELD/test/dia110/utt1,EAQ105756
MELD,MELD/test/dia110/utt2,EAQ105757
MELD,MELD/test/dia110/utt3,EAQ105758
MELD,MELD/test/dia110/utt4,EAQ105759
MELD,MELD/test/dia110/utt5,EAQ105760
MELD,MELD/test/dia110/utt6,EAQ105761
MELD,MELD/test/dia110/utt7,EAQ105762
MELD,MELD/test/dia110/utt8,EAQ105763
MELD,MELD/test/dia111/utt0,EAQ105764
MELD,MELD/test/dia111/utt1,EAQ105765
MELD,MELD/test/dia111/utt2,EAQ105766
MELD,MELD/test/dia111/utt3,EAQ105767
MELD,MELD/test/dia111/utt4,EAQ105768
MELD,MELD/test/dia111/utt5,EAQ105769
MELD,MELD/test/dia111/utt6,EAQ105770
MELD,MELD/test/dia111/utt7,EAQ105771
MELD,MELD/test/dia111/utt8,EAQ105772
MELD,MELD/test/dia111/utt9,EAQ105773
MELD,MELD/test/dia111/utt10,EAQ105774
MELD,MELD/test/dia111/utt11,EAQ105775
MELD,MELD/test/dia111/utt12,EAQ105776
MELD,MELD/test/dia111/utt13,EAQ105777
MELD,MELD/test/dia111/utt14,EAQ105778
MELD,MELD/test/dia112/utt0,EAQ105779
MELD,MELD/test/dia112/utt1,EAQ105780
MELD,MELD/test/dia112/utt2,EAQ105781
MELD,MELD/test/dia112/utt3,EAQ105782
MELD,MELD/test/dia112/utt4,EAQ105783
MELD,MELD/test/dia112/utt5,EAQ105784
MELD,MELD/test/dia112/utt6,EAQ105785
MELD,MELD/test/dia112/utt7,EAQ105786
MELD,MELD/test/dia112/utt8,EAQ105787
MELD,MELD/test/dia112/utt9,EAQ105788
MELD,MELD/test/dia112/utt10,EAQ105789
MELD,MELD/test/dia112/utt11,EAQ105790
MELD,MELD/test/dia112/utt12,EAQ105791
MELD,MELD/test/dia112/utt13,EAQ105792
MELD,MELD/test/dia112/utt14,EAQ105793
MELD,MELD/test/dia112/utt15,EAQ105794
MELD,MELD/test/dia112/utt16,EAQ105795
MELD,MELD/test/dia112/utt17,EAQ105796
MELD,MELD/test/dia112/utt18,EAQ105797
MELD,MELD/test/dia112/utt19,EAQ105798
MELD,MELD/test/dia112/utt20,EAQ105799
MELD,MELD/test/dia112/utt21,EAQ105800
MELD,MELD/test/dia113/utt0,EAQ105801
MELD,MELD/test/dia113/utt1,EAQ105802
MELD,MELD/test/dia113/utt2,EAQ105803
MELD,MELD/test/dia113/utt3,EAQ105804
MELD,MELD/test/dia113/utt4,EAQ105805
MELD,MELD/test/dia113/utt5,EAQ105806
MELD,MELD/test/dia113/utt6,EAQ105807
MELD,MELD/test/dia113/utt7,EAQ105808
MELD,MELD/test/dia113/utt8,EAQ105809
MELD,MELD/test/dia113/utt9,EAQ105810
MELD,MELD/test/dia113/utt10,EAQ105811
MELD,MELD/test/dia113/utt11,EAQ105812
MELD,MELD/test/dia113/utt12,EAQ105813
MELD,MELD/test/dia113/utt13,EAQ105814
MELD,MELD/test/dia113/utt14,EAQ105815
MELD,MELD/test/dia113/utt15,EAQ105816
MELD,MELD/test/dia113/utt16,EAQ105817
MELD,MELD/test/dia114/utt0,EAQ105818
MELD,MELD/test/dia114/utt1,EAQ105819
MELD,MELD/test/dia114/utt2,EAQ105820
MELD,MELD/test/dia114/utt3,EAQ105821
MELD,MELD/test/dia114/utt4,EAQ105822
MELD,MELD/test/dia114/utt5,EAQ105823
MELD,MELD/test/dia115/utt0,EAQ105824
MELD,MELD/test/dia115/utt1,EAQ105825
MELD,MELD/test/dia115/utt2,EAQ105826
MELD,MELD/test/dia115/utt3,EAQ105827
MELD,MELD/test/dia115/utt4,EAQ105828
MELD,MELD/test/dia115/utt5,EAQ105829
MELD,MELD/test/dia116/utt0,EAQ105830
MELD,MELD/test/dia116/utt1,EAQ105831
MELD,MELD/test/dia116/utt2,EAQ105832
MELD,MELD/test/dia116/utt3,EAQ105833
MELD,MELD/test/dia116/utt4,EAQ105834
MELD,MELD/test/dia116/utt5,EAQ105835
MELD,MELD/test/dia116/utt6,EAQ105836
MELD,MELD/test/dia116/utt7,EAQ105837
MELD,MELD/test/dia116/utt8,EAQ105838
MELD,MELD/test/dia116/utt9,EAQ105839
MELD,MELD/test/dia116/utt10,EAQ105840
MELD,MELD/test/dia116/utt11,EAQ105841
MELD,MELD/test/dia117/utt0,EAQ105842
MELD,MELD/test/dia117/utt1,EAQ105843
MELD,MELD/test/dia117/utt2,EAQ105844
MELD,MELD/test/dia117/utt3,EAQ105845
MELD,MELD/test/dia117/utt4,EAQ105846
MELD,MELD/test/dia117/utt5,EAQ105847
MELD,MELD/test/dia117/utt6,EAQ105848
MELD,MELD/test/dia117/utt7,EAQ105849
MELD,MELD/test/dia117/utt8,EAQ105850
MELD,MELD/test/dia118/utt0,EAQ105851
MELD,MELD/test/dia118/utt1,EAQ105852
MELD,MELD/test/dia118/utt2,EAQ105853
MELD,MELD/test/dia118/utt3,EAQ105854
MELD,MELD/test/dia118/utt4,EAQ105855
MELD,MELD/test/dia118/utt5,EAQ105856
MELD,MELD/test/dia118/utt6,EAQ105857
MELD,MELD/test/dia118/utt7,EAQ105858
MELD,MELD/test/dia118/utt8,EAQ105859
MELD,MELD/test/dia118/utt9,EAQ105860
MELD,MELD/test/dia118/utt10,EAQ105861
MELD,MELD/test/dia118/utt11,EAQ105862
MELD,MELD/test/dia119/utt0,EAQ105863
MELD,MELD/test/dia119/utt1,EAQ105864
MELD,MELD/test/dia119/utt2,EAQ105865
MELD,MELD/test/dia119/utt3,EAQ105866
MELD,MELD/test/dia119/utt4,EAQ105867
MELD,MELD/test/dia119/utt5,EAQ105868
MELD,MELD/test/dia119/utt6,EAQ105869
MELD,MELD/test/dia120/utt0,EAQ105870
MELD,MELD/test/dia120/utt1,EAQ105871
MELD,MELD/test/dia120/utt2,EAQ105872
MELD,MELD/test/dia120/utt3,EAQ105873
MELD,MELD/test/dia120/utt4,EAQ105874
MELD,MELD/test/dia120/utt5,EAQ105875
MELD,MELD/test/dia120/utt6,EAQ105876
MELD,MELD/test/dia120/utt7,EAQ105877
MELD,MELD/test/dia120/utt8,EAQ105878
MELD,MELD/test/dia120/utt9,EAQ105879
MELD,MELD/test/dia120/utt10,EAQ105880
MELD,MELD/test/dia120/utt11,EAQ105881
MELD,MELD/test/dia120/utt12,EAQ105882
MELD,MELD/test/dia120/utt13,EAQ105883
MELD,MELD/test/dia120/utt14,EAQ105884
MELD,MELD/test/dia120/utt15,EAQ105885
MELD,MELD/test/dia120/utt16,EAQ105886
MELD,MELD/test/dia120/utt17,EAQ105887
MELD,MELD/test/dia120/utt18,EAQ105888
MELD,MELD/test/dia121/utt0,EAQ105889
MELD,MELD/test/dia121/utt1,EAQ105890
MELD,MELD/test/dia121/utt2,EAQ105891
MELD,MELD/test/dia121/utt3,EAQ105892
MELD,MELD/test/dia121/utt4,EAQ105893
MELD,MELD/test/dia121/utt5,EAQ105894
MELD,MELD/test/dia122/utt0,EAQ105895
MELD,MELD/test/dia122/utt1,EAQ105896
MELD,MELD/test/dia122/utt2,EAQ105897
MELD,MELD/test/dia122/utt3,EAQ105898
MELD,MELD/test/dia122/utt4,EAQ105899
MELD,MELD/test/dia123/utt0,EAQ105900
MELD,MELD/test/dia123/utt1,EAQ105901
MELD,MELD/test/dia123/utt2,EAQ105902
MELD,MELD/test/dia123/utt3,EAQ105903
MELD,MELD/test/dia123/utt4,EAQ105904
MELD,MELD/test/dia123/utt5,EAQ105905
MELD,MELD/test/dia123/utt6,EAQ105906
MELD,MELD/test/dia123/utt7,EAQ105907
MELD,MELD/test/dia123/utt8,EAQ105908
MELD,MELD/test/dia123/utt9,EAQ105909
MELD,MELD/test/dia123/utt10,EAQ105910
MELD,MELD/test/dia123/utt11,EAQ105911
MELD,MELD/test/dia123/utt12,EAQ105912
MELD,MELD/test/dia123/utt13,EAQ105913
MELD,MELD/test/dia123/utt14,EAQ105914
MELD,MELD/test/dia123/utt15,EAQ105915
MELD,MELD/test/dia124/utt0,EAQ105916
MELD,MELD/test/dia124/utt1,EAQ105917
MELD,MELD/test/dia124/utt2,EAQ105918
MELD,MELD/test/dia124/utt3,EAQ105919
MELD,MELD/test/dia124/utt4,EAQ105920
MELD,MELD/test/dia124/utt5,EAQ105921
MELD,MELD/test/dia124/utt6,EAQ105922
MELD,MELD/test/dia124/utt7,EAQ105923
MELD,MELD/test/dia124/utt8,EAQ105924
MELD,MELD/test/dia124/utt9,EAQ105925
MELD,MELD/test/dia124/utt10,EAQ105926
MELD,MELD/test/dia124/utt11,EAQ105927
MELD,MELD/test/dia124/utt12,EAQ105928
MELD,MELD/test/dia124/utt13,EAQ105929
MELD,MELD/test/dia124/utt14,EAQ105930
MELD,MELD/test/dia125/utt0,EAQ105931
MELD,MELD/test/dia125/utt1,EAQ105932
MELD,MELD/test/dia125/utt2,EAQ105933
MELD,MELD/test/dia125/utt3,EAQ105934
MELD,MELD/test/dia125/utt4,EAQ105935
MELD,MELD/test/dia125/utt5,EAQ105936
MELD,MELD/test/dia125/utt6,EAQ105937
MELD,MELD/test/dia125/utt7,EAQ105938
MELD,MELD/test/dia125/utt8,EAQ105939
MELD,MELD/test/dia125/utt9,EAQ105940
MELD,MELD/test/dia125/utt10,EAQ105941
MELD,MELD/test/dia125/utt11,EAQ105942
MELD,MELD/test/dia125/utt12,EAQ105943
MELD,MELD/test/dia125/utt13,EAQ105944
MELD,MELD/test/dia125/utt14,EAQ105945
MELD,MELD/test/dia125/utt15,EAQ105946
MELD,MELD/test/dia125/utt16,EAQ105947
MELD,MELD/test/dia125/utt17,EAQ105948
MELD,MELD/test/dia125/utt18,EAQ105949
MELD,MELD/test/dia125/utt19,EAQ105950
MELD,MELD/test/dia125/utt20,EAQ105951
MELD,MELD/test/dia125/utt21,EAQ105952
MELD,MELD/test/dia125/utt22,EAQ105953
MELD,MELD/test/dia126/utt0,EAQ105954
MELD,MELD/test/dia126/utt1,EAQ105955
MELD,MELD/test/dia126/utt2,EAQ105956
MELD,MELD/test/dia126/utt3,EAQ105957
MELD,MELD/test/dia126/utt4,EAQ105958
MELD,MELD/test/dia126/utt5,EAQ105959
MELD,MELD/test/dia126/utt6,EAQ105960
MELD,MELD/test/dia126/utt7,EAQ105961
MELD,MELD/test/dia126/utt8,EAQ105962
MELD,MELD/test/dia126/utt9,EAQ105963
MELD,MELD/test/dia126/utt10,EAQ105964
MELD,MELD/test/dia126/utt11,EAQ105965
MELD,MELD/test/dia126/utt12,EAQ105966
MELD,MELD/test/dia126/utt13,EAQ105967
MELD,MELD/test/dia126/utt14,EAQ105968
MELD,MELD/test/dia126/utt15,EAQ105969
MELD,MELD/test/dia127/utt0,EAQ105970
MELD,MELD/test/dia127/utt1,EAQ105971
MELD,MELD/test/dia127/utt2,EAQ105972
MELD,MELD/test/dia127/utt3,EAQ105973
MELD,MELD/test/dia127/utt4,EAQ105974
MELD,MELD/test/dia127/utt5,EAQ105975
MELD,MELD/test/dia128/utt0,EAQ105976
MELD,MELD/test/dia128/utt1,EAQ105977
MELD,MELD/test/dia128/utt2,EAQ105978
MELD,MELD/test/dia128/utt3,EAQ105979
MELD,MELD/test/dia128/utt4,EAQ105980
MELD,MELD/test/dia128/utt5,EAQ105981
MELD,MELD/test/dia128/utt6,EAQ105982
MELD,MELD/test/dia128/utt7,EAQ105983
MELD,MELD/test/dia128/utt8,EAQ105984
MELD,MELD/test/dia128/utt9,EAQ105985
MELD,MELD/test/dia129/utt0,EAQ105986
MELD,MELD/test/dia129/utt1,EAQ105987
MELD,MELD/test/dia129/utt2,EAQ105988
MELD,MELD/test/dia129/utt3,EAQ105989
MELD,MELD/test/dia129/utt4,EAQ105990
MELD,MELD/test/dia129/utt5,EAQ105991
MELD,MELD/test/dia129/utt6,EAQ105992
MELD,MELD/test/dia129/utt7,EAQ105993
MELD,MELD/test/dia130/utt0,EAQ105994
MELD,MELD/test/dia130/utt1,EAQ105995
MELD,MELD/test/dia130/utt2,EAQ105996
MELD,MELD/test/dia130/utt3,EAQ105997
MELD,MELD/test/dia130/utt4,EAQ105998
MELD,MELD/test/dia130/utt5,EAQ105999
MELD,MELD/test/dia130/utt6,EAQ106000
MELD,MELD/test/dia130/utt7,EAQ106001
MELD,MELD/test/dia130/utt8,EAQ106002
MELD,MELD/test/dia130/utt9,EAQ106003
MELD,MELD/test/dia130/utt10,EAQ106004
MELD,MELD/test/dia130/utt11,EAQ106005
MELD,MELD/test/dia130/utt12,EAQ106006
MELD,MELD/test/dia130/utt13,EAQ106007
MELD,MELD/test/dia130/utt14,EAQ106008
MELD,MELD/test/dia130/utt15,EAQ106009
MELD,MELD/test/dia130/utt16,EAQ106010
MELD,MELD/test/dia130/utt17,EAQ106011
MELD,MELD/test/dia131/utt0,EAQ106012
MELD,MELD/test/dia131/utt1,EAQ106013
MELD,MELD/test/dia131/utt2,EAQ106014
MELD,MELD/test/dia131/utt3,EAQ106015
MELD,MELD/test/dia131/utt4,EAQ106016
MELD,MELD/test/dia131/utt5,EAQ106017
MELD,MELD/test/dia131/utt6,EAQ106018
MELD,MELD/test/dia131/utt7,EAQ106019
MELD,MELD/test/dia131/utt8,EAQ106020
MELD,MELD/test/dia132/utt0,EAQ106021
MELD,MELD/test/dia132/utt1,EAQ106022
MELD,MELD/test/dia132/utt2,EAQ106023
MELD,MELD/test/dia132/utt3,EAQ106024
MELD,MELD/test/dia132/utt4,EAQ106025
MELD,MELD/test/dia132/utt5,EAQ106026
MELD,MELD/test/dia132/utt6,EAQ106027
MELD,MELD/test/dia132/utt7,EAQ106028
MELD,MELD/test/dia132/utt8,EAQ106029
MELD,MELD/test/dia132/utt9,EAQ106030
MELD,MELD/test/dia132/utt10,EAQ106031
MELD,MELD/test/dia132/utt11,EAQ106032
MELD,MELD/test/dia132/utt12,EAQ106033
MELD,MELD/test/dia132/utt13,EAQ106034
MELD,MELD/test/dia132/utt14,EAQ106035
MELD,MELD/test/dia132/utt15,EAQ106036
MELD,MELD/test/dia132/utt16,EAQ106037
MELD,MELD/test/dia132/utt17,EAQ106038
MELD,MELD/test/dia132/utt18,EAQ106039
MELD,MELD/test/dia132/utt19,EAQ106040
MELD,MELD/test/dia133/utt0,EAQ106041
MELD,MELD/test/dia133/utt1,EAQ106042
MELD,MELD/test/dia133/utt2,EAQ106043
MELD,MELD/test/dia133/utt3,EAQ106044
MELD,MELD/test/dia133/utt4,EAQ106045
MELD,MELD/test/dia133/utt5,EAQ106046
MELD,MELD/test/dia133/utt6,EAQ106047
MELD,MELD/test/dia133/utt7,EAQ106048
MELD,MELD/test/dia133/utt8,EAQ106049
MELD,MELD/test/dia133/utt9,EAQ106050
MELD,MELD/test/dia133/utt10,EAQ106051
MELD,MELD/test/dia133/utt11,EAQ106052
MELD,MELD/test/dia133/utt12,EAQ106053
MELD,MELD/test/dia133/utt13,EAQ106054
MELD,MELD/test/dia133/utt14,EAQ106055
MELD,MELD/test/dia133/utt15,EAQ106056
MELD,MELD/test/dia134/utt0,EAQ106057
MELD,MELD/test/dia134/utt1,EAQ106058
MELD,MELD/test/dia134/utt2,EAQ106059
MELD,MELD/test/dia134/utt3,EAQ106060
MELD,MELD/test/dia135/utt0,EAQ106061
MELD,MELD/test/dia135/utt1,EAQ106062
MELD,MELD/test/dia135/utt2,EAQ106063
MELD,MELD/test/dia135/utt3,EAQ106064
MELD,MELD/test/dia135/utt4,EAQ106065
MELD,MELD/test/dia135/utt5,EAQ106066
MELD,MELD/test/dia136/utt0,EAQ106067
MELD,MELD/test/dia137/utt0,EAQ106068
MELD,MELD/test/dia137/utt1,EAQ106069
MELD,MELD/test/dia137/utt2,EAQ106070
MELD,MELD/test/dia137/utt3,EAQ106071
MELD,MELD/test/dia137/utt4,EAQ106072
MELD,MELD/test/dia137/utt5,EAQ106073
MELD,MELD/test/dia137/utt6,EAQ106074
MELD,MELD/test/dia137/utt7,EAQ106075
MELD,MELD/test/dia137/utt8,EAQ106076
MELD,MELD/test/dia137/utt9,EAQ106077
MELD,MELD/test/dia137/utt10,EAQ106078
MELD,MELD/test/dia137/utt11,EAQ106079
MELD,MELD/test/dia137/utt12,EAQ106080
MELD,MELD/test/dia137/utt13,EAQ106081
MELD,MELD/test/dia137/utt14,EAQ106082
MELD,MELD/test/dia138/utt0,EAQ106083
MELD,MELD/test/dia138/utt1,EAQ106084
MELD,MELD/test/dia138/utt2,EAQ106085
MELD,MELD/test/dia138/utt3,EAQ106086
MELD,MELD/test/dia139/utt0,EAQ106087
MELD,MELD/test/dia139/utt1,EAQ106088
MELD,MELD/test/dia139/utt2,EAQ106089
MELD,MELD/test/dia139/utt3,EAQ106090
MELD,MELD/test/dia139/utt4,EAQ106091
MELD,MELD/test/dia139/utt5,EAQ106092
MELD,MELD/test/dia139/utt6,EAQ106093
MELD,MELD/test/dia139/utt7,EAQ106094
MELD,MELD/test/dia139/utt8,EAQ106095
MELD,MELD/test/dia139/utt9,EAQ106096
MELD,MELD/test/dia140/utt0,EAQ106097
MELD,MELD/test/dia140/utt1,EAQ106098
MELD,MELD/test/dia140/utt2,EAQ106099
MELD,MELD/test/dia140/utt3,EAQ106100
MELD,MELD/test/dia140/utt4,EAQ106101
MELD,MELD/test/dia140/utt5,EAQ106102
MELD,MELD/test/dia140/utt6,EAQ106103
MELD,MELD/test/dia140/utt7,EAQ106104
MELD,MELD/test/dia140/utt8,EAQ106105
MELD,MELD/test/dia140/utt9,EAQ106106
MELD,MELD/test/dia140/utt10,EAQ106107
MELD,MELD/test/dia140/utt11,EAQ106108
MELD,MELD/test/dia140/utt12,EAQ106109
MELD,MELD/test/dia140/utt13,EAQ106110
MELD,MELD/test/dia140/utt14,EAQ106111
MELD,MELD/test/dia140/utt15,EAQ106112
MELD,MELD/test/dia140/utt16,EAQ106113
MELD,MELD/test/dia141/utt0,EAQ106114
MELD,MELD/test/dia141/utt1,EAQ106115
MELD,MELD/test/dia141/utt2,EAQ106116
MELD,MELD/test/dia141/utt3,EAQ106117
MELD,MELD/test/dia141/utt4,EAQ106118
MELD,MELD/test/dia142/utt0,EAQ106119
MELD,MELD/test/dia142/utt1,EAQ106120
MELD,MELD/test/dia143/utt0,EAQ106121
MELD,MELD/test/dia143/utt1,EAQ106122
MELD,MELD/test/dia143/utt2,EAQ106123
MELD,MELD/test/dia143/utt3,EAQ106124
MELD,MELD/test/dia143/utt4,EAQ106125
MELD,MELD/test/dia143/utt5,EAQ106126
MELD,MELD/test/dia143/utt6,EAQ106127
MELD,MELD/test/dia143/utt7,EAQ106128
MELD,MELD/test/dia143/utt8,EAQ106129
MELD,MELD/test/dia144/utt0,EAQ106130
MELD,MELD/test/dia144/utt1,EAQ106131
MELD,MELD/test/dia144/utt2,EAQ106132
MELD,MELD/test/dia144/utt3,EAQ106133
MELD,MELD/test/dia144/utt4,EAQ106134
MELD,MELD/test/dia144/utt5,EAQ106135
MELD,MELD/test/dia144/utt6,EAQ106136
MELD,MELD/test/dia144/utt7,EAQ106137
MELD,MELD/test/dia144/utt8,EAQ106138
MELD,MELD/test/dia144/utt9,EAQ106139
MELD,MELD/test/dia144/utt10,EAQ106140
MELD,MELD/test/dia144/utt11,EAQ106141
MELD,MELD/test/dia144/utt12,EAQ106142
MELD,MELD/test/dia144/utt13,EAQ106143
MELD,MELD/test/dia144/utt14,EAQ106144
MELD,MELD/test/dia145/utt0,EAQ106145
MELD,MELD/test/dia145/utt1,EAQ106146
MELD,MELD/test/dia145/utt2,EAQ106147
MELD,MELD/test/dia145/utt3,EAQ106148
MELD,MELD/test/dia145/utt4,EAQ106149
MELD,MELD/test/dia145/utt5,EAQ106150
MELD,MELD/test/dia145/utt6,EAQ106151
MELD,MELD/test/dia145/utt7,EAQ106152
MELD,MELD/test/dia145/utt8,EAQ106153
MELD,MELD/test/dia145/utt9,EAQ106154
MELD,MELD/test/dia145/utt10,EAQ106155
MELD,MELD/test/dia145/utt11,EAQ106156
MELD,MELD/test/dia145/utt12,EAQ106157
MELD,MELD/test/dia146/utt0,EAQ106158
MELD,MELD/test/dia146/utt1,EAQ106159
MELD,MELD/test/dia146/utt2,EAQ106160
MELD,MELD/test/dia146/utt3,EAQ106161
MELD,MELD/test/dia146/utt4,EAQ106162
MELD,MELD/test/dia146/utt5,EAQ106163
MELD,MELD/test/dia146/utt6,EAQ106164
MELD,MELD/test/dia147/utt0,EAQ106165
MELD,MELD/test/dia147/utt1,EAQ106166
MELD,MELD/test/dia147/utt2,EAQ106167
MELD,MELD/test/dia147/utt3,EAQ106168
MELD,MELD/test/dia147/utt4,EAQ106169
MELD,MELD/test/dia147/utt5,EAQ106170
MELD,MELD/test/dia147/utt6,EAQ106171
MELD,MELD/test/dia147/utt7,EAQ106172
MELD,MELD/test/dia147/utt8,EAQ106173
MELD,MELD/test/dia147/utt9,EAQ106174
MELD,MELD/test/dia147/utt10,EAQ106175
MELD,MELD/test/dia148/utt0,EAQ106176
MELD,MELD/test/dia149/utt0,EAQ106177
MELD,MELD/test/dia149/utt1,EAQ106178
MELD,MELD/test/dia149/utt2,EAQ106179
MELD,MELD/test/dia150/utt0,EAQ106180
MELD,MELD/test/dia150/utt1,EAQ106181
MELD,MELD/test/dia150/utt2,EAQ106182
MELD,MELD/test/dia150/utt3,EAQ106183
MELD,MELD/test/dia150/utt4,EAQ106184
MELD,MELD/test/dia150/utt5,EAQ106185
MELD,MELD/test/dia151/utt0,EAQ106186
MELD,MELD/test/dia151/utt1,EAQ106187
MELD,MELD/test/dia151/utt2,EAQ106188
MELD,MELD/test/dia151/utt3,EAQ106189
MELD,MELD/test/dia152/utt0,EAQ106190
MELD,MELD/test/dia152/utt1,EAQ106191
MELD,MELD/test/dia152/utt2,EAQ106192
MELD,MELD/test/dia152/utt3,EAQ106193
MELD,MELD/test/dia152/utt4,EAQ106194
MELD,MELD/test/dia153/utt0,EAQ106195
MELD,MELD/test/dia153/utt1,EAQ106196
MELD,MELD/test/dia153/utt2,EAQ106197
MELD,MELD/test/dia153/utt3,EAQ106198
MELD,MELD/test/dia153/utt4,EAQ106199
MELD,MELD/test/dia153/utt5,EAQ106200
MELD,MELD/test/dia153/utt6,EAQ106201
MELD,MELD/test/dia153/utt7,EAQ106202
MELD,MELD/test/dia153/utt8,EAQ106203
MELD,MELD/test/dia153/utt9,EAQ106204
MELD,MELD/test/dia153/utt10,EAQ106205
MELD,MELD/test/dia153/utt11,EAQ106206
MELD,MELD/test/dia154/utt0,EAQ106207
MELD,MELD/test/dia154/utt1,EAQ106208
MELD,MELD/test/dia154/utt2,EAQ106209
MELD,MELD/test/dia154/utt3,EAQ106210
MELD,MELD/test/dia154/utt4,EAQ106211
MELD,MELD/test/dia154/utt5,EAQ106212
MELD,MELD/test/dia154/utt6,EAQ106213
MELD,MELD/test/dia154/utt7,EAQ106214
MELD,MELD/test/dia154/utt8,EAQ106215
MELD,MELD/test/dia154/utt9,EAQ106216
MELD,MELD/test/dia154/utt10,EAQ106217
MELD,MELD/test/dia154/utt11,EAQ106218
MELD,MELD/test/dia154/utt12,EAQ106219
MELD,MELD/test/dia154/utt13,EAQ106220
MELD,MELD/test/dia154/utt14,EAQ106221
MELD,MELD/test/dia154/utt15,EAQ106222
MELD,MELD/test/dia154/utt16,EAQ106223
MELD,MELD/test/dia154/utt17,EAQ106224
MELD,MELD/test/dia154/utt18,EAQ106225
MELD,MELD/test/dia154/utt19,EAQ106226
MELD,MELD/test/dia154/utt20,EAQ106227
MELD,MELD/test/dia155/utt0,EAQ106228
MELD,MELD/test/dia155/utt1,EAQ106229
MELD,MELD/test/dia155/utt2,EAQ106230
MELD,MELD/test/dia155/utt3,EAQ106231
MELD,MELD/test/dia155/utt4,EAQ106232
MELD,MELD/test/dia155/utt5,EAQ106233
MELD,MELD/test/dia155/utt6,EAQ106234
MELD,MELD/test/dia155/utt7,EAQ106235
MELD,MELD/test/dia155/utt8,EAQ106236
MELD,MELD/test/dia156/utt0,EAQ106237
MELD,MELD/test/dia156/utt1,EAQ106238
MELD,MELD/test/dia156/utt2,EAQ106239
MELD,MELD/test/dia156/utt3,EAQ106240
MELD,MELD/test/dia156/utt4,EAQ106241
MELD,MELD/test/dia156/utt5,EAQ106242
MELD,MELD/test/dia156/utt6,EAQ106243
MELD,MELD/test/dia156/utt7,EAQ106244
MELD,MELD/test/dia156/utt8,EAQ106245
MELD,MELD/test/dia156/utt9,EAQ106246
MELD,MELD/test/dia156/utt10,EAQ106247
MELD,MELD/test/dia156/utt11,EAQ106248
MELD,MELD/test/dia156/utt12,EAQ106249
MELD,MELD/test/dia156/utt13,EAQ106250
MELD,MELD/test/dia156/utt14,EAQ106251
MELD,MELD/test/dia156/utt15,EAQ106252
MELD,MELD/test/dia157/utt0,EAQ106253
MELD,MELD/test/dia157/utt1,EAQ106254
MELD,MELD/test/dia157/utt2,EAQ106255
MELD,MELD/test/dia157/utt3,EAQ106256
MELD,MELD/test/dia157/utt4,EAQ106257
MELD,MELD/test/dia157/utt5,EAQ106258
MELD,MELD/test/dia157/utt6,EAQ106259
MELD,MELD/test/dia157/utt7,EAQ106260
MELD,MELD/test/dia158/utt0,EAQ106261
MELD,MELD/test/dia158/utt1,EAQ106262
MELD,MELD/test/dia158/utt2,EAQ106263
MELD,MELD/test/dia158/utt3,EAQ106264
MELD,MELD/test/dia158/utt4,EAQ106265
MELD,MELD/test/dia158/utt5,EAQ106266
MELD,MELD/test/dia158/utt6,EAQ106267
MELD,MELD/test/dia159/utt0,EAQ106268
MELD,MELD/test/dia159/utt1,EAQ106269
MELD,MELD/test/dia160/utt0,EAQ106270
MELD,MELD/test/dia160/utt1,EAQ106271
MELD,MELD/test/dia160/utt2,EAQ106272
MELD,MELD/test/dia160/utt3,EAQ106273
MELD,MELD/test/dia160/utt4,EAQ106274
MELD,MELD/test/dia160/utt5,EAQ106275
MELD,MELD/test/dia160/utt6,EAQ106276
MELD,MELD/test/dia160/utt7,EAQ106277
MELD,MELD/test/dia160/utt8,EAQ106278
MELD,MELD/test/dia160/utt9,EAQ106279
MELD,MELD/test/dia160/utt10,EAQ106280
MELD,MELD/test/dia160/utt11,EAQ106281
MELD,MELD/test/dia160/utt12,EAQ106282
MELD,MELD/test/dia160/utt13,EAQ106283
MELD,MELD/test/dia161/utt0,EAQ106284
MELD,MELD/test/dia161/utt1,EAQ106285
MELD,MELD/test/dia161/utt2,EAQ106286
MELD,MELD/test/dia161/utt3,EAQ106287
MELD,MELD/test/dia161/utt4,EAQ106288
MELD,MELD/test/dia161/utt5,EAQ106289
MELD,MELD/test/dia161/utt6,EAQ106290
MELD,MELD/test/dia161/utt7,EAQ106291
MELD,MELD/test/dia161/utt8,EAQ106292
MELD,MELD/test/dia161/utt9,EAQ106293
MELD,MELD/test/dia161/utt10,EAQ106294
MELD,MELD/test/dia161/utt11,EAQ106295
MELD,MELD/test/dia162/utt0,EAQ106296
MELD,MELD/test/dia162/utt1,EAQ106297
MELD,MELD/test/dia162/utt2,EAQ106298
MELD,MELD/test/dia162/utt3,EAQ106299
MELD,MELD/test/dia162/utt4,EAQ106300
MELD,MELD/test/dia162/utt5,EAQ106301
MELD,MELD/test/dia163/utt0,EAQ106302
MELD,MELD/test/dia163/utt1,EAQ106303
MELD,MELD/test/dia163/utt2,EAQ106304
MELD,MELD/test/dia163/utt3,EAQ106305
MELD,MELD/test/dia163/utt4,EAQ106306
MELD,MELD/test/dia163/utt5,EAQ106307
MELD,MELD/test/dia163/utt6,EAQ106308
MELD,MELD/test/dia163/utt7,EAQ106309
MELD,MELD/test/dia163/utt8,EAQ106310
MELD,MELD/test/dia163/utt9,EAQ106311
MELD,MELD/test/dia164/utt0,EAQ106312
MELD,MELD/test/dia164/utt1,EAQ106313
MELD,MELD/test/dia164/utt2,EAQ106314
MELD,MELD/test/dia164/utt3,EAQ106315
MELD,MELD/test/dia164/utt4,EAQ106316
MELD,MELD/test/dia164/utt5,EAQ106317
MELD,MELD/test/dia164/utt6,EAQ106318
MELD,MELD/test/dia164/utt7,EAQ106319
MELD,MELD/test/dia164/utt8,EAQ106320
MELD,MELD/test/dia165/utt0,EAQ106321
MELD,MELD/test/dia165/utt1,EAQ106322
MELD,MELD/test/dia165/utt2,EAQ106323
MELD,MELD/test/dia165/utt3,EAQ106324
MELD,MELD/test/dia165/utt4,EAQ106325
MELD,MELD/test/dia166/utt0,EAQ106326
MELD,MELD/test/dia166/utt1,EAQ106327
MELD,MELD/test/dia166/utt2,EAQ106328
MELD,MELD/test/dia166/utt3,EAQ106329
MELD,MELD/test/dia166/utt4,EAQ106330
MELD,MELD/test/dia166/utt5,EAQ106331
MELD,MELD/test/dia166/utt6,EAQ106332
MELD,MELD/test/dia166/utt7,EAQ106333
MELD,MELD/test/dia166/utt8,EAQ106334
MELD,MELD/test/dia166/utt9,EAQ106335
MELD,MELD/test/dia166/utt10,EAQ106336
MELD,MELD/test/dia166/utt11,EAQ106337
MELD,MELD/test/dia166/utt12,EAQ106338
MELD,MELD/test/dia166/utt13,EAQ106339
MELD,MELD/test/dia167/utt0,EAQ106340
MELD,MELD/test/dia167/utt1,EAQ106341
MELD,MELD/test/dia167/utt2,EAQ106342
MELD,MELD/test/dia167/utt3,EAQ106343
MELD,MELD/test/dia167/utt4,EAQ106344
MELD,MELD/test/dia167/utt5,EAQ106345
MELD,MELD/test/dia167/utt6,EAQ106346
MELD,MELD/test/dia167/utt7,EAQ106347
MELD,MELD/test/dia167/utt8,EAQ106348
MELD,MELD/test/dia167/utt9,EAQ106349
MELD,MELD/test/dia167/utt10,EAQ106350
MELD,MELD/test/dia167/utt11,EAQ106351
MELD,MELD/test/dia167/utt12,EAQ106352
MELD,MELD/test/dia167/utt13,EAQ106353
MELD,MELD/test/dia167/utt14,EAQ106354
MELD,MELD/test/dia167/utt15,EAQ106355
MELD,MELD/test/dia167/utt16,EAQ106356
MELD,MELD/test/dia168/utt0,EAQ106357
MELD,MELD/test/dia168/utt1,EAQ106358
MELD,MELD/test/dia168/utt2,EAQ106359
MELD,MELD/test/dia168/utt3,EAQ106360
MELD,MELD/test/dia168/utt4,EAQ106361
MELD,MELD/test/dia168/utt5,EAQ106362
MELD,MELD/test/dia168/utt6,EAQ106363
MELD,MELD/test/dia168/utt7,EAQ106364
MELD,MELD/test/dia168/utt8,EAQ106365
MELD,MELD/test/dia168/utt9,EAQ106366
MELD,MELD/test/dia168/utt10,EAQ106367
MELD,MELD/test/dia168/utt11,EAQ106368
MELD,MELD/test/dia168/utt12,EAQ106369
MELD,MELD/test/dia168/utt13,EAQ106370
MELD,MELD/test/dia168/utt14,EAQ106371
MELD,MELD/test/dia168/utt15,EAQ106372
MELD,MELD/test/dia168/utt16,EAQ106373
MELD,MELD/test/dia168/utt17,EAQ106374
MELD,MELD/test/dia168/utt18,EAQ106375
MELD,MELD/test/dia169/utt0,EAQ106376
MELD,MELD/test/dia169/utt1,EAQ106377
MELD,MELD/test/dia169/utt2,EAQ106378
MELD,MELD/test/dia169/utt3,EAQ106379
MELD,MELD/test/dia169/utt4,EAQ106380
MELD,MELD/test/dia169/utt5,EAQ106381
MELD,MELD/test/dia169/utt6,EAQ106382
MELD,MELD/test/dia169/utt7,EAQ106383
MELD,MELD/test/dia169/utt8,EAQ106384
MELD,MELD/test/dia169/utt9,EAQ106385
MELD,MELD/test/dia169/utt10,EAQ106386
MELD,MELD/test/dia169/utt11,EAQ106387
MELD,MELD/test/dia169/utt12,EAQ106388
MELD,MELD/test/dia169/utt13,EAQ106389
MELD,MELD/test/dia169/utt14,EAQ106390
MELD,MELD/test/dia169/utt15,EAQ106391
MELD,MELD/test/dia169/utt16,EAQ106392
MELD,MELD/test/dia169/utt17,EAQ106393
MELD,MELD/test/dia169/utt18,EAQ106394
MELD,MELD/test/dia169/utt19,EAQ106395
MELD,MELD/test/dia169/utt20,EAQ106396
MELD,MELD/test/dia169/utt21,EAQ106397
MELD,MELD/test/dia169/utt22,EAQ106398
MELD,MELD/test/dia170/utt0,EAQ106399
MELD,MELD/test/dia170/utt1,EAQ106400
MELD,MELD/test/dia170/utt2,EAQ106401
MELD,MELD/test/dia170/utt3,EAQ106402
MELD,MELD/test/dia170/utt4,EAQ106403
MELD,MELD/test/dia171/utt0,EAQ106404
MELD,MELD/test/dia171/utt1,EAQ106405
MELD,MELD/test/dia171/utt2,EAQ106406
MELD,MELD/test/dia171/utt3,EAQ106407
MELD,MELD/test/dia171/utt4,EAQ106408
MELD,MELD/test/dia171/utt5,EAQ106409
MELD,MELD/test/dia171/utt6,EAQ106410
MELD,MELD/test/dia171/utt7,EAQ106411
MELD,MELD/test/dia171/utt8,EAQ106412
MELD,MELD/test/dia172/utt0,EAQ106413
MELD,MELD/test/dia172/utt1,EAQ106414
MELD,MELD/test/dia172/utt2,EAQ106415
MELD,MELD/test/dia173/utt0,EAQ106416
MELD,MELD/test/dia173/utt1,EAQ106417
MELD,MELD/test/dia173/utt2,EAQ106418
MELD,MELD/test/dia173/utt3,EAQ106419
MELD,MELD/test/dia173/utt4,EAQ106420
MELD,MELD/test/dia173/utt5,EAQ106421
MELD,MELD/test/dia173/utt6,EAQ106422
MELD,MELD/test/dia173/utt7,EAQ106423
MELD,MELD/test/dia173/utt8,EAQ106424
MELD,MELD/test/dia173/utt9,EAQ106425
MELD,MELD/test/dia173/utt10,EAQ106426
MELD,MELD/test/dia173/utt11,EAQ106427
MELD,MELD/test/dia173/utt12,EAQ106428
MELD,MELD/test/dia173/utt13,EAQ106429
MELD,MELD/test/dia173/utt14,EAQ106430
MELD,MELD/test/dia173/utt15,EAQ106431
MELD,MELD/test/dia173/utt16,EAQ106432
MELD,MELD/test/dia173/utt17,EAQ106433
MELD,MELD/test/dia173/utt18,EAQ106434
MELD,MELD/test/dia174/utt0,EAQ106435
MELD,MELD/test/dia174/utt1,EAQ106436
MELD,MELD/test/dia174/utt2,EAQ106437
MELD,MELD/test/dia174/utt3,EAQ106438
MELD,MELD/test/dia174/utt4,EAQ106439
MELD,MELD/test/dia174/utt5,EAQ106440
MELD,MELD/test/dia174/utt6,EAQ106441
MELD,MELD/test/dia174/utt7,EAQ106442
MELD,MELD/test/dia174/utt8,EAQ106443
MELD,MELD/test/dia174/utt9,EAQ106444
MELD,MELD/test/dia174/utt10,EAQ106445
MELD,MELD/test/dia174/utt11,EAQ106446
MELD,MELD/test/dia174/utt12,EAQ106447
MELD,MELD/test/dia174/utt13,EAQ106448
MELD,MELD/test/dia174/utt14,EAQ106449
MELD,MELD/test/dia174/utt15,EAQ106450
MELD,MELD/test/dia174/utt16,EAQ106451
MELD,MELD/test/dia174/utt17,EAQ106452
MELD,MELD/test/dia174/utt18,EAQ106453
MELD,MELD/test/dia175/utt0,EAQ106454
MELD,MELD/test/dia175/utt1,EAQ106455
MELD,MELD/test/dia175/utt2,EAQ106456
MELD,MELD/test/dia175/utt3,EAQ106457
MELD,MELD/test/dia175/utt4,EAQ106458
MELD,MELD/test/dia175/utt5,EAQ106459
MELD,MELD/test/dia175/utt6,EAQ106460
MELD,MELD/test/dia175/utt7,EAQ106461
MELD,MELD/test/dia175/utt8,EAQ106462
MELD,MELD/test/dia175/utt9,EAQ106463
MELD,MELD/test/dia175/utt10,EAQ106464
MELD,MELD/test/dia175/utt11,EAQ106465
MELD,MELD/test/dia175/utt12,EAQ106466
MELD,MELD/test/dia175/utt13,EAQ106467
MELD,MELD/test/dia175/utt14,EAQ106468
MELD,MELD/test/dia175/utt15,EAQ106469
MELD,MELD/test/dia175/utt16,EAQ106470
MELD,MELD/test/dia175/utt17,EAQ106471
MELD,MELD/test/dia175/utt18,EAQ106472
MELD,MELD/test/dia175/utt19,EAQ106473
MELD,MELD/test/dia175/utt20,EAQ106474
MELD,MELD/test/dia175/utt21,EAQ106475
MELD,MELD/test/dia175/utt22,EAQ106476
MELD,MELD/test/dia176/utt0,EAQ106477
MELD,MELD/test/dia176/utt1,EAQ106478
MELD,MELD/test/dia177/utt0,EAQ106479
MELD,MELD/test/dia177/utt1,EAQ106480
MELD,MELD/test/dia177/utt2,EAQ106481
MELD,MELD/test/dia178/utt0,EAQ106482
MELD,MELD/test/dia178/utt1,EAQ106483
MELD,MELD/test/dia178/utt2,EAQ106484
MELD,MELD/test/dia178/utt3,EAQ106485
MELD,MELD/test/dia178/utt4,EAQ106486
MELD,MELD/test/dia178/utt5,EAQ106487
MELD,MELD/test/dia178/utt6,EAQ106488
MELD,MELD/test/dia178/utt7,EAQ106489
MELD,MELD/test/dia178/utt8,EAQ106490
MELD,MELD/test/dia178/utt9,EAQ106491
MELD,MELD/test/dia179/utt0,EAQ106492
MELD,MELD/test/dia179/utt1,EAQ106493
MELD,MELD/test/dia179/utt2,EAQ106494
MELD,MELD/test/dia179/utt3,EAQ106495
MELD,MELD/test/dia180/utt0,EAQ106496
MELD,MELD/test/dia180/utt1,EAQ106497
MELD,MELD/test/dia180/utt2,EAQ106498
MELD,MELD/test/dia180/utt3,EAQ106499
MELD,MELD/test/dia180/utt4,EAQ106500
MELD,MELD/test/dia180/utt5,EAQ106501
MELD,MELD/test/dia180/utt6,EAQ106502
MELD,MELD/test/dia180/utt7,EAQ106503
MELD,MELD/test/dia180/utt8,EAQ106504
MELD,MELD/test/dia180/utt9,EAQ106505
MELD,MELD/test/dia181/utt0,EAQ106506
MELD,MELD/test/dia181/utt1,EAQ106507
MELD,MELD/test/dia181/utt2,EAQ106508
MELD,MELD/test/dia181/utt3,EAQ106509
MELD,MELD/test/dia181/utt4,EAQ106510
MELD,MELD/test/dia181/utt5,EAQ106511
MELD,MELD/test/dia182/utt0,EAQ106512
MELD,MELD/test/dia182/utt1,EAQ106513
MELD,MELD/test/dia182/utt2,EAQ106514
MELD,MELD/test/dia182/utt3,EAQ106515
MELD,MELD/test/dia182/utt4,EAQ106516
MELD,MELD/test/dia182/utt5,EAQ106517
MELD,MELD/test/dia182/utt6,EAQ106518
MELD,MELD/test/dia182/utt7,EAQ106519
MELD,MELD/test/dia182/utt8,EAQ106520
MELD,MELD/test/dia182/utt9,EAQ106521
MELD,MELD/test/dia183/utt0,EAQ106522
MELD,MELD/test/dia183/utt1,EAQ106523
MELD,MELD/test/dia183/utt2,EAQ106524
MELD,MELD/test/dia183/utt3,EAQ106525
MELD,MELD/test/dia183/utt4,EAQ106526
MELD,MELD/test/dia183/utt5,EAQ106527
MELD,MELD/test/dia183/utt6,EAQ106528
MELD,MELD/test/dia183/utt7,EAQ106529
MELD,MELD/test/dia183/utt8,EAQ106530
MELD,MELD/test/dia184/utt0,EAQ106531
MELD,MELD/test/dia184/utt1,EAQ106532
MELD,MELD/test/dia184/utt2,EAQ106533
MELD,MELD/test/dia184/utt3,EAQ106534
MELD,MELD/test/dia184/utt4,EAQ106535
MELD,MELD/test/dia184/utt5,EAQ106536
MELD,MELD/test/dia184/utt6,EAQ106537
MELD,MELD/test/dia184/utt7,EAQ106538
MELD,MELD/test/dia184/utt8,EAQ106539
MELD,MELD/test/dia184/utt9,EAQ106540
MELD,MELD/test/dia184/utt10,EAQ106541
MELD,MELD/test/dia184/utt11,EAQ106542
MELD,MELD/test/dia184/utt12,EAQ106543
MELD,MELD/test/dia184/utt13,EAQ106544
MELD,MELD/test/dia184/utt14,EAQ106545
MELD,MELD/test/dia185/utt0,EAQ106546
MELD,MELD/test/dia185/utt1,EAQ106547
MELD,MELD/test/dia185/utt2,EAQ106548
MELD,MELD/test/dia185/utt3,EAQ106549
MELD,MELD/test/dia185/utt4,EAQ106550
MELD,MELD/test/dia185/utt5,EAQ106551
MELD,MELD/test/dia185/utt6,EAQ106552
MELD,MELD/test/dia185/utt7,EAQ106553
MELD,MELD/test/dia186/utt0,EAQ106554
MELD,MELD/test/dia186/utt1,EAQ106555
MELD,MELD/test/dia186/utt2,EAQ106556
MELD,MELD/test/dia186/utt3,EAQ106557
MELD,MELD/test/dia187/utt0,EAQ106558
MELD,MELD/test/dia187/utt1,EAQ106559
MELD,MELD/test/dia187/utt2,EAQ106560
MELD,MELD/test/dia187/utt3,EAQ106561
MELD,MELD/test/dia187/utt4,EAQ106562
MELD,MELD/test/dia187/utt5,EAQ106563
MELD,MELD/test/dia187/utt6,EAQ106564
MELD,MELD/test/dia187/utt7,EAQ106565
MELD,MELD/test/dia187/utt8,EAQ106566
MELD,MELD/test/dia188/utt0,EAQ106567
MELD,MELD/test/dia188/utt1,EAQ106568
MELD,MELD/test/dia188/utt2,EAQ106569
MELD,MELD/test/dia188/utt3,EAQ106570
MELD,MELD/test/dia188/utt4,EAQ106571
MELD,MELD/test/dia188/utt5,EAQ106572
MELD,MELD/test/dia188/utt6,EAQ106573
MELD,MELD/test/dia188/utt7,EAQ106574
MELD,MELD/test/dia188/utt8,EAQ106575
MELD,MELD/test/dia189/utt0,EAQ106576
MELD,MELD/test/dia189/utt1,EAQ106577
MELD,MELD/test/dia189/utt2,EAQ106578
MELD,MELD/test/dia189/utt3,EAQ106579
MELD,MELD/test/dia189/utt4,EAQ106580
MELD,MELD/test/dia189/utt5,EAQ106581
MELD,MELD/test/dia189/utt6,EAQ106582
MELD,MELD/test/dia189/utt7,EAQ106583
MELD,MELD/test/dia189/utt8,EAQ106584
MELD,MELD/test/dia189/utt9,EAQ106585
MELD,MELD/test/dia190/utt0,EAQ106586
MELD,MELD/test/dia190/utt1,EAQ106587
MELD,MELD/test/dia190/utt2,EAQ106588
MELD,MELD/test/dia190/utt3,EAQ106589
MELD,MELD/test/dia190/utt4,EAQ106590
MELD,MELD/test/dia191/utt0,EAQ106591
MELD,MELD/test/dia191/utt1,EAQ106592
MELD,MELD/test/dia191/utt2,EAQ106593
MELD,MELD/test/dia191/utt3,EAQ106594
MELD,MELD/test/dia191/utt4,EAQ106595
MELD,MELD/test/dia191/utt5,EAQ106596
MELD,MELD/test/dia191/utt6,EAQ106597
MELD,MELD/test/dia191/utt7,EAQ106598
MELD,MELD/test/dia191/utt8,EAQ106599
MELD,MELD/test/dia191/utt9,EAQ106600
MELD,MELD/test/dia192/utt0,EAQ106601
MELD,MELD/test/dia192/utt1,EAQ106602
MELD,MELD/test/dia192/utt2,EAQ106603
MELD,MELD/test/dia192/utt3,EAQ106604
MELD,MELD/test/dia192/utt4,EAQ106605
MELD,MELD/test/dia192/utt5,EAQ106606
MELD,MELD/test/dia192/utt6,EAQ106607
MELD,MELD/test/dia192/utt7,EAQ106608
MELD,MELD/test/dia192/utt8,EAQ106609
MELD,MELD/test/dia192/utt9,EAQ106610
MELD,MELD/test/dia192/utt10,EAQ106611
MELD,MELD/test/dia192/utt11,EAQ106612
MELD,MELD/test/dia193/utt0,EAQ106613
MELD,MELD/test/dia193/utt1,EAQ106614
MELD,MELD/test/dia193/utt2,EAQ106615
MELD,MELD/test/dia193/utt3,EAQ106616
MELD,MELD/test/dia193/utt4,EAQ106617
MELD,MELD/test/dia194/utt0,EAQ106618
MELD,MELD/test/dia194/utt1,EAQ106619
MELD,MELD/test/dia194/utt2,EAQ106620
MELD,MELD/test/dia194/utt3,EAQ106621
MELD,MELD/test/dia194/utt4,EAQ106622
MELD,MELD/test/dia195/utt0,EAQ106623
MELD,MELD/test/dia195/utt1,EAQ106624
MELD,MELD/test/dia195/utt2,EAQ106625
MELD,MELD/test/dia195/utt3,EAQ106626
MELD,MELD/test/dia195/utt4,EAQ106627
MELD,MELD/test/dia195/utt5,EAQ106628
MELD,MELD/test/dia195/utt6,EAQ106629
MELD,MELD/test/dia195/utt7,EAQ106630
MELD,MELD/test/dia195/utt8,EAQ106631
MELD,MELD/test/dia195/utt9,EAQ106632
MELD,MELD/test/dia195/utt10,EAQ106633
MELD,MELD/test/dia195/utt11,EAQ106634
MELD,MELD/test/dia196/utt0,EAQ106635
MELD,MELD/test/dia196/utt1,EAQ106636
MELD,MELD/test/dia196/utt2,EAQ106637
MELD,MELD/test/dia196/utt3,EAQ106638
MELD,MELD/test/dia196/utt4,EAQ106639
MELD,MELD/test/dia196/utt5,EAQ106640
MELD,MELD/test/dia196/utt6,EAQ106641
MELD,MELD/test/dia196/utt7,EAQ106642
MELD,MELD/test/dia196/utt8,EAQ106643
MELD,MELD/test/dia196/utt9,EAQ106644
MELD,MELD/test/dia196/utt10,EAQ106645
MELD,MELD/test/dia196/utt11,EAQ106646
MELD,MELD/test/dia196/utt12,EAQ106647
MELD,MELD/test/dia196/utt13,EAQ106648
MELD,MELD/test/dia196/utt14,EAQ106649
MELD,MELD/test/dia196/utt15,EAQ106650
MELD,MELD/test/dia196/utt16,EAQ106651
MELD,MELD/test/dia196/utt17,EAQ106652
MELD,MELD/test/dia197/utt0,EAQ106653
MELD,MELD/test/dia197/utt1,EAQ106654
MELD,MELD/test/dia197/utt2,EAQ106655
MELD,MELD/test/dia197/utt3,EAQ106656
MELD,MELD/test/dia197/utt4,EAQ106657
MELD,MELD/test/dia198/utt0,EAQ106658
MELD,MELD/test/dia198/utt1,EAQ106659
MELD,MELD/test/dia198/utt2,EAQ106660
MELD,MELD/test/dia198/utt3,EAQ106661
MELD,MELD/test/dia198/utt4,EAQ106662
MELD,MELD/test/dia198/utt5,EAQ106663
MELD,MELD/test/dia198/utt6,EAQ106664
MELD,MELD/test/dia198/utt7,EAQ106665
MELD,MELD/test/dia198/utt8,EAQ106666
MELD,MELD/test/dia198/utt9,EAQ106667
MELD,MELD/test/dia198/utt10,EAQ106668
MELD,MELD/test/dia198/utt11,EAQ106669
MELD,MELD/test/dia198/utt12,EAQ106670
MELD,MELD/test/dia199/utt0,EAQ106671
MELD,MELD/test/dia199/utt1,EAQ106672
MELD,MELD/test/dia199/utt2,EAQ106673
MELD,MELD/test/dia199/utt3,EAQ106674
MELD,MELD/test/dia199/utt4,EAQ106675
MELD,MELD/test/dia199/utt5,EAQ106676
MELD,MELD/test/dia199/utt6,EAQ106677
MELD,MELD/test/dia199/utt7,EAQ106678
MELD,MELD/test/dia199/utt8,EAQ106679
MELD,MELD/test/dia199/utt9,EAQ106680
MELD,MELD/test/dia199/utt10,EAQ106681
MELD,MELD/test/dia199/utt11,EAQ106682
MELD,MELD/test/dia199/utt12,EAQ106683
MELD,MELD/test/dia199/utt13,EAQ106684
MELD,MELD/test/dia199/utt14,EAQ106685
MELD,MELD/test/dia199/utt15,EAQ106686
MELD,MELD/test/dia200/utt0,EAQ106687
MELD,MELD/test/dia200/utt1,EAQ106688
MELD,MELD/test/dia200/utt2,EAQ106689
MELD,MELD/test/dia200/utt3,EAQ106690
MELD,MELD/test/dia200/utt4,EAQ106691
MELD,MELD/test/dia201/utt0,EAQ106692
MELD,MELD/test/dia201/utt1,EAQ106693
MELD,MELD/test/dia201/utt2,EAQ106694
MELD,MELD/test/dia201/utt3,EAQ106695
MELD,MELD/test/dia201/utt4,EAQ106696
MELD,MELD/test/dia201/utt5,EAQ106697
MELD,MELD/test/dia201/utt6,EAQ106698
MELD,MELD/test/dia201/utt7,EAQ106699
MELD,MELD/test/dia201/utt8,EAQ106700
MELD,MELD/test/dia201/utt9,EAQ106701
MELD,MELD/test/dia201/utt10,EAQ106702
MELD,MELD/test/dia201/utt11,EAQ106703
MELD,MELD/test/dia202/utt0,EAQ106704
MELD,MELD/test/dia202/utt1,EAQ106705
MELD,MELD/test/dia202/utt2,EAQ106706
MELD,MELD/test/dia202/utt3,EAQ106707
MELD,MELD/test/dia202/utt4,EAQ106708
MELD,MELD/test/dia202/utt5,EAQ106709
MELD,MELD/test/dia202/utt6,EAQ106710
MELD,MELD/test/dia202/utt7,EAQ106711
MELD,MELD/test/dia203/utt0,EAQ106712
MELD,MELD/test/dia203/utt1,EAQ106713
MELD,MELD/test/dia203/utt2,EAQ106714
MELD,MELD/test/dia203/utt3,EAQ106715
MELD,MELD/test/dia203/utt4,EAQ106716
MELD,MELD/test/dia203/utt5,EAQ106717
MELD,MELD/test/dia203/utt6,EAQ106718
MELD,MELD/test/dia203/utt7,EAQ106719
MELD,MELD/test/dia203/utt8,EAQ106720
MELD,MELD/test/dia203/utt9,EAQ106721
MELD,MELD/test/dia203/utt10,EAQ106722
MELD,MELD/test/dia203/utt11,EAQ106723
MELD,MELD/test/dia203/utt12,EAQ106724
MELD,MELD/test/dia204/utt0,EAQ106725
MELD,MELD/test/dia204/utt1,EAQ106726
MELD,MELD/test/dia204/utt2,EAQ106727
MELD,MELD/test/dia204/utt3,EAQ106728
MELD,MELD/test/dia204/utt4,EAQ106729
MELD,MELD/test/dia204/utt5,EAQ106730
MELD,MELD/test/dia204/utt6,EAQ106731
MELD,MELD/test/dia204/utt7,EAQ106732
MELD,MELD/test/dia204/utt8,EAQ106733
MELD,MELD/test/dia204/utt9,EAQ106734
MELD,MELD/test/dia205/utt0,EAQ106735
MELD,MELD/test/dia205/utt1,EAQ106736
MELD,MELD/test/dia205/utt2,EAQ106737
MELD,MELD/test/dia205/utt3,EAQ106738
MELD,MELD/test/dia205/utt4,EAQ106739
MELD,MELD/test/dia205/utt5,EAQ106740
MELD,MELD/test/dia205/utt6,EAQ106741
MELD,MELD/test/dia205/utt7,EAQ106742
MELD,MELD/test/dia206/utt0,EAQ106743
MELD,MELD/test/dia206/utt1,EAQ106744
MELD,MELD/test/dia206/utt2,EAQ106745
MELD,MELD/test/dia206/utt3,EAQ106746
MELD,MELD/test/dia206/utt4,EAQ106747
MELD,MELD/test/dia207/utt0,EAQ106748
MELD,MELD/test/dia207/utt1,EAQ106749
MELD,MELD/test/dia208/utt0,EAQ106750
MELD,MELD/test/dia208/utt1,EAQ106751
MELD,MELD/test/dia208/utt2,EAQ106752
MELD,MELD/test/dia208/utt3,EAQ106753
MELD,MELD/test/dia208/utt4,EAQ106754
MELD,MELD/test/dia208/utt5,EAQ106755
MELD,MELD/test/dia208/utt6,EAQ106756
MELD,MELD/test/dia208/utt7,EAQ106757
MELD,MELD/test/dia208/utt8,EAQ106758
MELD,MELD/test/dia208/utt9,EAQ106759
MELD,MELD/test/dia208/utt10,EAQ106760
MELD,MELD/test/dia208/utt11,EAQ106761
MELD,MELD/test/dia208/utt12,EAQ106762
MELD,MELD/test/dia208/utt13,EAQ106763
MELD,MELD/test/dia209/utt0,EAQ106764
MELD,MELD/test/dia209/utt1,EAQ106765
MELD,MELD/test/dia210/utt0,EAQ106766
MELD,MELD/test/dia210/utt1,EAQ106767
MELD,MELD/test/dia210/utt2,EAQ106768
MELD,MELD/test/dia210/utt3,EAQ106769
MELD,MELD/test/dia210/utt4,EAQ106770
MELD,MELD/test/dia210/utt5,EAQ106771
MELD,MELD/test/dia210/utt6,EAQ106772
MELD,MELD/test/dia210/utt7,EAQ106773
MELD,MELD/test/dia210/utt8,EAQ106774
MELD,MELD/test/dia210/utt9,EAQ106775
MELD,MELD/test/dia211/utt0,EAQ106776
MELD,MELD/test/dia211/utt1,EAQ106777
MELD,MELD/test/dia211/utt2,EAQ106778
MELD,MELD/test/dia211/utt3,EAQ106779
MELD,MELD/test/dia211/utt4,EAQ106780
MELD,MELD/test/dia211/utt5,EAQ106781
MELD,MELD/test/dia211/utt6,EAQ106782
MELD,MELD/test/dia211/utt7,EAQ106783
MELD,MELD/test/dia212/utt0,EAQ106784
MELD,MELD/test/dia212/utt1,EAQ106785
MELD,MELD/test/dia212/utt2,EAQ106786
MELD,MELD/test/dia212/utt3,EAQ106787
MELD,MELD/test/dia212/utt4,EAQ106788
MELD,MELD/test/dia212/utt5,EAQ106789
MELD,MELD/test/dia212/utt6,EAQ106790
MELD,MELD/test/dia213/utt0,EAQ106791
MELD,MELD/test/dia213/utt1,EAQ106792
MELD,MELD/test/dia213/utt2,EAQ106793
MELD,MELD/test/dia213/utt3,EAQ106794
MELD,MELD/test/dia213/utt4,EAQ106795
MELD,MELD/test/dia213/utt5,EAQ106796
MELD,MELD/test/dia213/utt6,EAQ106797
MELD,MELD/test/dia213/utt7,EAQ106798
MELD,MELD/test/dia213/utt8,EAQ106799
MELD,MELD/test/dia213/utt9,EAQ106800
MELD,MELD/test/dia213/utt10,EAQ106801
MELD,MELD/test/dia213/utt11,EAQ106802
MELD,MELD/test/dia214/utt0,EAQ106803
MELD,MELD/test/dia214/utt1,EAQ106804
MELD,MELD/test/dia214/utt2,EAQ106805
MELD,MELD/test/dia214/utt3,EAQ106806
MELD,MELD/test/dia214/utt4,EAQ106807
MELD,MELD/test/dia214/utt5,EAQ106808
MELD,MELD/test/dia214/utt6,EAQ106809
MELD,MELD/test/dia214/utt7,EAQ106810
MELD,MELD/test/dia215/utt0,EAQ106811
MELD,MELD/test/dia215/utt1,EAQ106812
MELD,MELD/test/dia215/utt2,EAQ106813
MELD,MELD/test/dia215/utt3,EAQ106814
MELD,MELD/test/dia215/utt4,EAQ106815
MELD,MELD/test/dia215/utt5,EAQ106816
MELD,MELD/test/dia215/utt6,EAQ106817
MELD,MELD/test/dia215/utt7,EAQ106818
MELD,MELD/test/dia215/utt8,EAQ106819
MELD,MELD/test/dia215/utt9,EAQ106820
MELD,MELD/test/dia215/utt10,EAQ106821
MELD,MELD/test/dia216/utt0,EAQ106822
MELD,MELD/test/dia216/utt1,EAQ106823
MELD,MELD/test/dia216/utt2,EAQ106824
MELD,MELD/test/dia216/utt3,EAQ106825
MELD,MELD/test/dia217/utt0,EAQ106826
MELD,MELD/test/dia217/utt1,EAQ106827
MELD,MELD/test/dia217/utt2,EAQ106828
MELD,MELD/test/dia217/utt3,EAQ106829
MELD,MELD/test/dia217/utt4,EAQ106830
MELD,MELD/test/dia217/utt5,EAQ106831
MELD,MELD/test/dia217/utt6,EAQ106832
MELD,MELD/test/dia217/utt7,EAQ106833
MELD,MELD/test/dia217/utt8,EAQ106834
MELD,MELD/test/dia217/utt9,EAQ106835
MELD,MELD/test/dia217/utt10,EAQ106836
MELD,MELD/test/dia217/utt11,EAQ106837
MELD,MELD/test/dia218/utt0,EAQ106838
MELD,MELD/test/dia218/utt1,EAQ106839
MELD,MELD/test/dia218/utt2,EAQ106840
MELD,MELD/test/dia219/utt0,EAQ106841
MELD,MELD/test/dia219/utt1,EAQ106842
MELD,MELD/test/dia220/utt0,EAQ106843
MELD,MELD/test/dia220/utt1,EAQ106844
MELD,MELD/test/dia221/utt0,EAQ106845
MELD,MELD/test/dia221/utt1,EAQ106846
MELD,MELD/test/dia221/utt2,EAQ106847
MELD,MELD/test/dia221/utt3,EAQ106848
MELD,MELD/test/dia221/utt4,EAQ106849
MELD,MELD/test/dia222/utt0,EAQ106850
MELD,MELD/test/dia222/utt1,EAQ106851
MELD,MELD/test/dia222/utt2,EAQ106852
MELD,MELD/test/dia222/utt3,EAQ106853
MELD,MELD/test/dia222/utt4,EAQ106854
MELD,MELD/test/dia222/utt5,EAQ106855
MELD,MELD/test/dia222/utt6,EAQ106856
MELD,MELD/test/dia222/utt7,EAQ106857
MELD,MELD/test/dia222/utt8,EAQ106858
MELD,MELD/test/dia222/utt9,EAQ106859
MELD,MELD/test/dia222/utt10,EAQ106860
MELD,MELD/test/dia222/utt11,EAQ106861
MELD,MELD/test/dia222/utt12,EAQ106862
MELD,MELD/test/dia222/utt13,EAQ106863
MELD,MELD/test/dia223/utt0,EAQ106864
MELD,MELD/test/dia223/utt1,EAQ106865
MELD,MELD/test/dia223/utt2,EAQ106866
MELD,MELD/test/dia223/utt3,EAQ106867
MELD,MELD/test/dia223/utt4,EAQ106868
MELD,MELD/test/dia223/utt5,EAQ106869
MELD,MELD/test/dia223/utt6,EAQ106870
MELD,MELD/test/dia224/utt0,EAQ106871
MELD,MELD/test/dia224/utt1,EAQ106872
MELD,MELD/test/dia224/utt2,EAQ106873
MELD,MELD/test/dia224/utt3,EAQ106874
MELD,MELD/test/dia224/utt4,EAQ106875
MELD,MELD/test/dia224/utt5,EAQ106876
MELD,MELD/test/dia224/utt6,EAQ106877
MELD,MELD/test/dia224/utt7,EAQ106878
MELD,MELD/test/dia224/utt8,EAQ106879
MELD,MELD/test/dia225/utt0,EAQ106880
MELD,MELD/test/dia225/utt1,EAQ106881
MELD,MELD/test/dia225/utt2,EAQ106882
MELD,MELD/test/dia225/utt3,EAQ106883
MELD,MELD/test/dia225/utt4,EAQ106884
MELD,MELD/test/dia225/utt5,EAQ106885
MELD,MELD/test/dia226/utt0,EAQ106886
MELD,MELD/test/dia226/utt1,EAQ106887
MELD,MELD/test/dia226/utt2,EAQ106888
MELD,MELD/test/dia226/utt3,EAQ106889
MELD,MELD/test/dia226/utt4,EAQ106890
MELD,MELD/test/dia226/utt5,EAQ106891
MELD,MELD/test/dia226/utt6,EAQ106892
MELD,MELD/test/dia226/utt7,EAQ106893
MELD,MELD/test/dia226/utt8,EAQ106894
MELD,MELD/test/dia227/utt0,EAQ106895
MELD,MELD/test/dia227/utt1,EAQ106896
MELD,MELD/test/dia227/utt2,EAQ106897
MELD,MELD/test/dia227/utt3,EAQ106898
MELD,MELD/test/dia228/utt0,EAQ106899
MELD,MELD/test/dia228/utt1,EAQ106900
MELD,MELD/test/dia228/utt2,EAQ106901
MELD,MELD/test/dia228/utt3,EAQ106902
MELD,MELD/test/dia228/utt4,EAQ106903
MELD,MELD/test/dia228/utt5,EAQ106904
MELD,MELD/test/dia228/utt6,EAQ106905
MELD,MELD/test/dia228/utt7,EAQ106906
MELD,MELD/test/dia228/utt8,EAQ106907
MELD,MELD/test/dia228/utt9,EAQ106908
MELD,MELD/test/dia228/utt10,EAQ106909
MELD,MELD/test/dia228/utt11,EAQ106910
MELD,MELD/test/dia228/utt12,EAQ106911
MELD,MELD/test/dia229/utt0,EAQ106912
MELD,MELD/test/dia229/utt1,EAQ106913
MELD,MELD/test/dia229/utt2,EAQ106914
MELD,MELD/test/dia229/utt3,EAQ106915
MELD,MELD/test/dia229/utt4,EAQ106916
MELD,MELD/test/dia229/utt5,EAQ106917
MELD,MELD/test/dia229/utt6,EAQ106918
MELD,MELD/test/dia229/utt7,EAQ106919
MELD,MELD/test/dia229/utt8,EAQ106920
MELD,MELD/test/dia229/utt9,EAQ106921
MELD,MELD/test/dia229/utt10,EAQ106922
MELD,MELD/test/dia230/utt0,EAQ106923
MELD,MELD/test/dia230/utt1,EAQ106924
MELD,MELD/test/dia230/utt2,EAQ106925
MELD,MELD/test/dia230/utt3,EAQ106926
MELD,MELD/test/dia230/utt4,EAQ106927
MELD,MELD/test/dia230/utt5,EAQ106928
MELD,MELD/test/dia230/utt6,EAQ106929
MELD,MELD/test/dia230/utt7,EAQ106930
MELD,MELD/test/dia230/utt8,EAQ106931
MELD,MELD/test/dia231/utt0,EAQ106932
MELD,MELD/test/dia231/utt1,EAQ106933
MELD,MELD/test/dia231/utt2,EAQ106934
MELD,MELD/test/dia231/utt3,EAQ106935
MELD,MELD/test/dia231/utt4,EAQ106936
MELD,MELD/test/dia231/utt5,EAQ106937
MELD,MELD/test/dia231/utt6,EAQ106938
MELD,MELD/test/dia231/utt7,EAQ106939
MELD,MELD/test/dia231/utt8,EAQ106940
MELD,MELD/test/dia231/utt9,EAQ106941
MELD,MELD/test/dia231/utt10,EAQ106942
MELD,MELD/test/dia231/utt11,EAQ106943
MELD,MELD/test/dia231/utt12,EAQ106944
MELD,MELD/test/dia231/utt13,EAQ106945
MELD,MELD/test/dia232/utt0,EAQ106946
MELD,MELD/test/dia232/utt1,EAQ106947
MELD,MELD/test/dia232/utt2,EAQ106948
MELD,MELD/test/dia232/utt3,EAQ106949
MELD,MELD/test/dia232/utt4,EAQ106950
MELD,MELD/test/dia232/utt5,EAQ106951
MELD,MELD/test/dia232/utt6,EAQ106952
MELD,MELD/test/dia232/utt7,EAQ106953
MELD,MELD/test/dia232/utt8,EAQ106954
MELD,MELD/test/dia232/utt9,EAQ106955
MELD,MELD/test/dia233/utt0,EAQ106956
MELD,MELD/test/dia233/utt1,EAQ106957
MELD,MELD/test/dia233/utt2,EAQ106958
MELD,MELD/test/dia233/utt3,EAQ106959
MELD,MELD/test/dia233/utt4,EAQ106960
MELD,MELD/test/dia233/utt5,EAQ106961
MELD,MELD/test/dia233/utt6,EAQ106962
MELD,MELD/test/dia233/utt7,EAQ106963
MELD,MELD/test/dia233/utt8,EAQ106964
MELD,MELD/test/dia233/utt9,EAQ106965
MELD,MELD/test/dia233/utt10,EAQ106966
MELD,MELD/test/dia233/utt11,EAQ106967
MELD,MELD/test/dia233/utt12,EAQ106968
MELD,MELD/test/dia233/utt13,EAQ106969
MELD,MELD/test/dia234/utt0,EAQ106970
MELD,MELD/test/dia234/utt1,EAQ106971
MELD,MELD/test/dia234/utt2,EAQ106972
MELD,MELD/test/dia234/utt3,EAQ106973
MELD,MELD/test/dia234/utt4,EAQ106974
MELD,MELD/test/dia234/utt5,EAQ106975
MELD,MELD/test/dia234/utt6,EAQ106976
MELD,MELD/test/dia234/utt7,EAQ106977
MELD,MELD/test/dia234/utt8,EAQ106978
MELD,MELD/test/dia234/utt9,EAQ106979
MELD,MELD/test/dia234/utt10,EAQ106980
MELD,MELD/test/dia234/utt11,EAQ106981
MELD,MELD/test/dia234/utt12,EAQ106982
MELD,MELD/test/dia234/utt13,EAQ106983
MELD,MELD/test/dia234/utt14,EAQ106984
MELD,MELD/test/dia235/utt0,EAQ106985
MELD,MELD/test/dia236/utt0,EAQ106986
MELD,MELD/test/dia237/utt0,EAQ106987
MELD,MELD/test/dia237/utt1,EAQ106988
MELD,MELD/test/dia237/utt2,EAQ106989
MELD,MELD/test/dia237/utt3,EAQ106990
MELD,MELD/test/dia237/utt4,EAQ106991
MELD,MELD/test/dia237/utt5,EAQ106992
MELD,MELD/test/dia237/utt6,EAQ106993
MELD,MELD/test/dia237/utt7,EAQ106994
MELD,MELD/test/dia237/utt8,EAQ106995
MELD,MELD/test/dia237/utt9,EAQ106996
MELD,MELD/test/dia237/utt10,EAQ106997
MELD,MELD/test/dia237/utt11,EAQ106998
MELD,MELD/test/dia238/utt0,EAQ106999
MELD,MELD/test/dia238/utt1,EAQ107000
MELD,MELD/test/dia238/utt2,EAQ107001
MELD,MELD/test/dia238/utt3,EAQ107002
MELD,MELD/test/dia238/utt4,EAQ107003
MELD,MELD/test/dia239/utt0,EAQ107004
MELD,MELD/test/dia239/utt1,EAQ107005
MELD,MELD/test/dia239/utt2,EAQ107006
MELD,MELD/test/dia239/utt3,EAQ107007
MELD,MELD/test/dia239/utt4,EAQ107008
MELD,MELD/test/dia239/utt5,EAQ107009
MELD,MELD/test/dia239/utt6,EAQ107010
MELD,MELD/test/dia239/utt7,EAQ107011
MELD,MELD/test/dia239/utt8,EAQ107012
MELD,MELD/test/dia239/utt9,EAQ107013
MELD,MELD/test/dia239/utt10,EAQ107014
MELD,MELD/test/dia239/utt11,EAQ107015
MELD,MELD/test/dia240/utt0,EAQ107016
MELD,MELD/test/dia240/utt1,EAQ107017
MELD,MELD/test/dia240/utt2,EAQ107018
MELD,MELD/test/dia240/utt3,EAQ107019
MELD,MELD/test/dia240/utt4,EAQ107020
MELD,MELD/test/dia240/utt5,EAQ107021
MELD,MELD/test/dia240/utt6,EAQ107022
MELD,MELD/test/dia240/utt7,EAQ107023
MELD,MELD/test/dia240/utt8,EAQ107024
MELD,MELD/test/dia240/utt9,EAQ107025
MELD,MELD/test/dia240/utt10,EAQ107026
MELD,MELD/test/dia240/utt11,EAQ107027
MELD,MELD/test/dia240/utt12,EAQ107028
MELD,MELD/test/dia240/utt13,EAQ107029
MELD,MELD/test/dia240/utt14,EAQ107030
MELD,MELD/test/dia240/utt15,EAQ107031
MELD,MELD/test/dia240/utt16,EAQ107032
MELD,MELD/test/dia241/utt0,EAQ107033
MELD,MELD/test/dia241/utt1,EAQ107034
MELD,MELD/test/dia241/utt2,EAQ107035
MELD,MELD/test/dia241/utt3,EAQ107036
MELD,MELD/test/dia241/utt4,EAQ107037
MELD,MELD/test/dia241/utt5,EAQ107038
MELD,MELD/test/dia241/utt6,EAQ107039
MELD,MELD/test/dia241/utt7,EAQ107040
MELD,MELD/test/dia241/utt8,EAQ107041
MELD,MELD/test/dia241/utt9,EAQ107042
MELD,MELD/test/dia241/utt10,EAQ107043
MELD,MELD/test/dia241/utt11,EAQ107044
MELD,MELD/test/dia241/utt12,EAQ107045
MELD,MELD/test/dia241/utt13,EAQ107046
MELD,MELD/test/dia241/utt14,EAQ107047
MELD,MELD/test/dia242/utt0,EAQ107048
MELD,MELD/test/dia242/utt1,EAQ107049
MELD,MELD/test/dia242/utt2,EAQ107050
MELD,MELD/test/dia242/utt3,EAQ107051
MELD,MELD/test/dia242/utt4,EAQ107052
MELD,MELD/test/dia242/utt5,EAQ107053
MELD,MELD/test/dia242/utt6,EAQ107054
MELD,MELD/test/dia242/utt7,EAQ107055
MELD,MELD/test/dia243/utt0,EAQ107056
MELD,MELD/test/dia243/utt1,EAQ107057
MELD,MELD/test/dia243/utt2,EAQ107058
MELD,MELD/test/dia243/utt3,EAQ107059
MELD,MELD/test/dia243/utt4,EAQ107060
MELD,MELD/test/dia243/utt5,EAQ107061
MELD,MELD/test/dia244/utt0,EAQ107062
MELD,MELD/test/dia244/utt1,EAQ107063
MELD,MELD/test/dia244/utt2,EAQ107064
MELD,MELD/test/dia244/utt3,EAQ107065
MELD,MELD/test/dia244/utt4,EAQ107066
MELD,MELD/test/dia244/utt5,EAQ107067
MELD,MELD/test/dia244/utt6,EAQ107068
MELD,MELD/test/dia244/utt7,EAQ107069
MELD,MELD/test/dia244/utt8,EAQ107070
MELD,MELD/test/dia244/utt9,EAQ107071
MELD,MELD/test/dia244/utt10,EAQ107072
MELD,MELD/test/dia244/utt11,EAQ107073
MELD,MELD/test/dia244/utt12,EAQ107074
MELD,MELD/test/dia244/utt13,EAQ107075
MELD,MELD/test/dia244/utt14,EAQ107076
MELD,MELD/test/dia244/utt15,EAQ107077
MELD,MELD/test/dia244/utt16,EAQ107078
MELD,MELD/test/dia244/utt17,EAQ107079
MELD,MELD/test/dia244/utt18,EAQ107080
MELD,MELD/test/dia244/utt19,EAQ107081
MELD,MELD/test/dia244/utt20,EAQ107082
MELD,MELD/test/dia244/utt21,EAQ107083
MELD,MELD/test/dia245/utt0,EAQ107084
MELD,MELD/test/dia245/utt1,EAQ107085
MELD,MELD/test/dia245/utt2,EAQ107086
MELD,MELD/test/dia245/utt3,EAQ107087
MELD,MELD/test/dia245/utt4,EAQ107088
MELD,MELD/test/dia246/utt0,EAQ107089
MELD,MELD/test/dia246/utt1,EAQ107090
MELD,MELD/test/dia246/utt2,EAQ107091
MELD,MELD/test/dia246/utt3,EAQ107092
MELD,MELD/test/dia246/utt4,EAQ107093
MELD,MELD/test/dia246/utt5,EAQ107094
MELD,MELD/test/dia246/utt6,EAQ107095
MELD,MELD/test/dia246/utt7,EAQ107096
MELD,MELD/test/dia246/utt8,EAQ107097
MELD,MELD/test/dia246/utt9,EAQ107098
MELD,MELD/test/dia246/utt10,EAQ107099
MELD,MELD/test/dia246/utt11,EAQ107100
MELD,MELD/test/dia246/utt12,EAQ107101
MELD,MELD/test/dia246/utt13,EAQ107102
MELD,MELD/test/dia247/utt0,EAQ107103
MELD,MELD/test/dia247/utt1,EAQ107104
MELD,MELD/test/dia247/utt2,EAQ107105
MELD,MELD/test/dia247/utt3,EAQ107106
MELD,MELD/test/dia247/utt4,EAQ107107
MELD,MELD/test/dia248/utt0,EAQ107108
MELD,MELD/test/dia249/utt0,EAQ107109
MELD,MELD/test/dia249/utt1,EAQ107110
MELD,MELD/test/dia249/utt2,EAQ107111
MELD,MELD/test/dia249/utt3,EAQ107112
MELD,MELD/test/dia249/utt4,EAQ107113
MELD,MELD/test/dia249/utt5,EAQ107114
MELD,MELD/test/dia249/utt6,EAQ107115
MELD,MELD/test/dia249/utt7,EAQ107116
MELD,MELD/test/dia250/utt0,EAQ107117
MELD,MELD/test/dia250/utt1,EAQ107118
MELD,MELD/test/dia250/utt2,EAQ107119
MELD,MELD/test/dia250/utt3,EAQ107120
MELD,MELD/test/dia250/utt4,EAQ107121
MELD,MELD/test/dia250/utt5,EAQ107122
MELD,MELD/test/dia250/utt6,EAQ107123
MELD,MELD/test/dia250/utt7,EAQ107124
MELD,MELD/test/dia250/utt8,EAQ107125
MELD,MELD/test/dia251/utt0,EAQ107126
MELD,MELD/test/dia251/utt1,EAQ107127
MELD,MELD/test/dia251/utt2,EAQ107128
MELD,MELD/test/dia251/utt3,EAQ107129
MELD,MELD/test/dia251/utt4,EAQ107130
MELD,MELD/test/dia252/utt0,EAQ107131
MELD,MELD/test/dia252/utt1,EAQ107132
MELD,MELD/test/dia252/utt2,EAQ107133
MELD,MELD/test/dia252/utt3,EAQ107134
MELD,MELD/test/dia252/utt4,EAQ107135
MELD,MELD/test/dia252/utt5,EAQ107136
MELD,MELD/test/dia252/utt6,EAQ107137
MELD,MELD/test/dia252/utt7,EAQ107138
MELD,MELD/test/dia252/utt8,EAQ107139
MELD,MELD/test/dia252/utt9,EAQ107140
MELD,MELD/test/dia252/utt10,EAQ107141
MELD,MELD/test/dia252/utt11,EAQ107142
MELD,MELD/test/dia252/utt12,EAQ107143
MELD,MELD/test/dia252/utt13,EAQ107144
MELD,MELD/test/dia252/utt14,EAQ107145
MELD,MELD/test/dia252/utt15,EAQ107146
MELD,MELD/test/dia252/utt16,EAQ107147
MELD,MELD/test/dia252/utt17,EAQ107148
MELD,MELD/test/dia252/utt18,EAQ107149
MELD,MELD/test/dia253/utt0,EAQ107150
MELD,MELD/test/dia253/utt1,EAQ107151
MELD,MELD/test/dia253/utt2,EAQ107152
MELD,MELD/test/dia253/utt3,EAQ107153
MELD,MELD/test/dia253/utt4,EAQ107154
MELD,MELD/test/dia253/utt5,EAQ107155
MELD,MELD/test/dia253/utt6,EAQ107156
MELD,MELD/test/dia253/utt7,EAQ107157
MELD,MELD/test/dia253/utt8,EAQ107158
MELD,MELD/test/dia253/utt9,EAQ107159
MELD,MELD/test/dia253/utt10,EAQ107160
MELD,MELD/test/dia253/utt11,EAQ107161
MELD,MELD/test/dia253/utt12,EAQ107162
MELD,MELD/test/dia254/utt0,EAQ107163
MELD,MELD/test/dia254/utt1,EAQ107164
MELD,MELD/test/dia254/utt2,EAQ107165
MELD,MELD/test/dia254/utt3,EAQ107166
MELD,MELD/test/dia254/utt4,EAQ107167
MELD,MELD/test/dia254/utt5,EAQ107168
MELD,MELD/test/dia254/utt6,EAQ107169
MELD,MELD/test/dia254/utt7,EAQ107170
MELD,MELD/test/dia254/utt8,EAQ107171
MELD,MELD/test/dia254/utt9,EAQ107172
MELD,MELD/test/dia254/utt10,EAQ107173
MELD,MELD/test/dia254/utt11,EAQ107174
MELD,MELD/test/dia254/utt12,EAQ107175
MELD,MELD/test/dia254/utt13,EAQ107176
MELD,MELD/test/dia254/utt14,EAQ107177
MELD,MELD/test/dia254/utt15,EAQ107178
MELD,MELD/test/dia254/utt16,EAQ107179
MELD,MELD/test/dia254/utt17,EAQ107180
MELD,MELD/test/dia255/utt0,EAQ107181
MELD,MELD/test/dia255/utt1,EAQ107182
MELD,MELD/test/dia255/utt2,EAQ107183
MELD,MELD/test/dia255/utt3,EAQ107184
MELD,MELD/test/dia255/utt4,EAQ107185
MELD,MELD/test/dia255/utt5,EAQ107186
MELD,MELD/test/dia255/utt6,EAQ107187
MELD,MELD/test/dia255/utt7,EAQ107188
MELD,MELD/test/dia255/utt8,EAQ107189
MELD,MELD/test/dia256/utt0,EAQ107190
MELD,MELD/test/dia256/utt1,EAQ107191
MELD,MELD/test/dia257/utt0,EAQ107192
MELD,MELD/test/dia257/utt1,EAQ107193
MELD,MELD/test/dia257/utt2,EAQ107194
MELD,MELD/test/dia257/utt3,EAQ107195
MELD,MELD/test/dia257/utt4,EAQ107196
MELD,MELD/test/dia258/utt0,EAQ107197
MELD,MELD/test/dia258/utt1,EAQ107198
MELD,MELD/test/dia258/utt2,EAQ107199
MELD,MELD/test/dia258/utt3,EAQ107200
MELD,MELD/test/dia258/utt4,EAQ107201
MELD,MELD/test/dia258/utt5,EAQ107202
MELD,MELD/test/dia258/utt6,EAQ107203
MELD,MELD/test/dia258/utt7,EAQ107204
MELD,MELD/test/dia258/utt8,EAQ107205
MELD,MELD/test/dia258/utt9,EAQ107206
MELD,MELD/test/dia258/utt10,EAQ107207
MELD,MELD/test/dia258/utt11,EAQ107208
MELD,MELD/test/dia258/utt12,EAQ107209
MELD,MELD/test/dia259/utt0,EAQ107210
MELD,MELD/test/dia259/utt1,EAQ107211
MELD,MELD/test/dia259/utt2,EAQ107212
MELD,MELD/test/dia259/utt3,EAQ107213
MELD,MELD/test/dia259/utt4,EAQ107214
MELD,MELD/test/dia259/utt5,EAQ107215
MELD,MELD/test/dia259/utt6,EAQ107216
MELD,MELD/test/dia259/utt7,EAQ107217
MELD,MELD/test/dia259/utt8,EAQ107218
MELD,MELD/test/dia259/utt9,EAQ107219
MELD,MELD/test/dia259/utt10,EAQ107220
MELD,MELD/test/dia259/utt11,EAQ107221
MELD,MELD/test/dia259/utt12,EAQ107222
MELD,MELD/test/dia259/utt13,EAQ107223
MELD,MELD/test/dia259/utt14,EAQ107224
MELD,MELD/test/dia259/utt15,EAQ107225
MELD,MELD/test/dia260/utt0,EAQ107226
MELD,MELD/test/dia260/utt1,EAQ107227
MELD,MELD/test/dia260/utt2,EAQ107228
MELD,MELD/test/dia260/utt3,EAQ107229
MELD,MELD/test/dia260/utt4,EAQ107230
MELD,MELD/test/dia260/utt5,EAQ107231
MELD,MELD/test/dia260/utt6,EAQ107232
MELD,MELD/test/dia260/utt7,EAQ107233
MELD,MELD/test/dia260/utt8,EAQ107234
MELD,MELD/test/dia260/utt9,EAQ107235
MELD,MELD/test/dia260/utt10,EAQ107236
MELD,MELD/test/dia261/utt0,EAQ107237
MELD,MELD/test/dia261/utt1,EAQ107238
MELD,MELD/test/dia261/utt2,EAQ107239
MELD,MELD/test/dia261/utt3,EAQ107240
MELD,MELD/test/dia261/utt4,EAQ107241
MELD,MELD/test/dia261/utt5,EAQ107242
MELD,MELD/test/dia261/utt6,EAQ107243
MELD,MELD/test/dia261/utt7,EAQ107244
MELD,MELD/test/dia261/utt8,EAQ107245
MELD,MELD/test/dia262/utt0,EAQ107246
MELD,MELD/test/dia262/utt1,EAQ107247
MELD,MELD/test/dia262/utt2,EAQ107248
MELD,MELD/test/dia262/utt3,EAQ107249
MELD,MELD/test/dia262/utt4,EAQ107250
MELD,MELD/test/dia262/utt5,EAQ107251
MELD,MELD/test/dia262/utt6,EAQ107252
MELD,MELD/test/dia262/utt7,EAQ107253
MELD,MELD/test/dia262/utt8,EAQ107254
MELD,MELD/test/dia262/utt9,EAQ107255
MELD,MELD/test/dia262/utt10,EAQ107256
MELD,MELD/test/dia262/utt11,EAQ107257
MELD,MELD/test/dia262/utt12,EAQ107258
MELD,MELD/test/dia262/utt13,EAQ107259
MELD,MELD/test/dia262/utt14,EAQ107260
MELD,MELD/test/dia262/utt15,EAQ107261
MELD,MELD/test/dia262/utt16,EAQ107262
MELD,MELD/test/dia263/utt0,EAQ107263
MELD,MELD/test/dia263/utt1,EAQ107264
MELD,MELD/test/dia263/utt2,EAQ107265
MELD,MELD/test/dia263/utt3,EAQ107266
MELD,MELD/test/dia263/utt4,EAQ107267
MELD,MELD/test/dia263/utt5,EAQ107268
MELD,MELD/test/dia263/utt6,EAQ107269
MELD,MELD/test/dia263/utt7,EAQ107270
MELD,MELD/test/dia263/utt8,EAQ107271
MELD,MELD/test/dia263/utt9,EAQ107272
MELD,MELD/test/dia264/utt0,EAQ107273
MELD,MELD/test/dia264/utt1,EAQ107274
MELD,MELD/test/dia264/utt2,EAQ107275
MELD,MELD/test/dia264/utt3,EAQ107276
MELD,MELD/test/dia265/utt0,EAQ107277
MELD,MELD/test/dia265/utt1,EAQ107278
MELD,MELD/test/dia266/utt0,EAQ107279
MELD,MELD/test/dia266/utt1,EAQ107280
MELD,MELD/test/dia266/utt2,EAQ107281
MELD,MELD/test/dia266/utt3,EAQ107282
MELD,MELD/test/dia266/utt4,EAQ107283
MELD,MELD/test/dia266/utt5,EAQ107284
MELD,MELD/test/dia266/utt6,EAQ107285
MELD,MELD/test/dia266/utt7,EAQ107286
MELD,MELD/test/dia266/utt8,EAQ107287
MELD,MELD/test/dia266/utt9,EAQ107288
MELD,MELD/test/dia266/utt10,EAQ107289
MELD,MELD/test/dia266/utt11,EAQ107290
MELD,MELD/test/dia266/utt12,EAQ107291
MELD,MELD/test/dia266/utt13,EAQ107292
MELD,MELD/test/dia266/utt14,EAQ107293
MELD,MELD/test/dia266/utt15,EAQ107294
MELD,MELD/test/dia266/utt16,EAQ107295
MELD,MELD/test/dia267/utt0,EAQ107296
MELD,MELD/test/dia267/utt1,EAQ107297
MELD,MELD/test/dia267/utt2,EAQ107298
MELD,MELD/test/dia267/utt3,EAQ107299
MELD,MELD/test/dia267/utt4,EAQ107300
MELD,MELD/test/dia267/utt5,EAQ107301
MELD,MELD/test/dia267/utt6,EAQ107302
MELD,MELD/test/dia267/utt7,EAQ107303
MELD,MELD/test/dia267/utt8,EAQ107304
MELD,MELD/test/dia267/utt9,EAQ107305
MELD,MELD/test/dia267/utt10,EAQ107306
MELD,MELD/test/dia268/utt0,EAQ107307
MELD,MELD/test/dia268/utt1,EAQ107308
MELD,MELD/test/dia268/utt2,EAQ107309
MELD,MELD/test/dia268/utt3,EAQ107310
MELD,MELD/test/dia268/utt4,EAQ107311
MELD,MELD/test/dia268/utt5,EAQ107312
MELD,MELD/test/dia268/utt6,EAQ107313
MELD,MELD/test/dia268/utt7,EAQ107314
MELD,MELD/test/dia268/utt8,EAQ107315
MELD,MELD/test/dia268/utt9,EAQ107316
MELD,MELD/test/dia268/utt10,EAQ107317
MELD,MELD/test/dia268/utt11,EAQ107318
MELD,MELD/test/dia268/utt12,EAQ107319
MELD,MELD/test/dia268/utt13,EAQ107320
MELD,MELD/test/dia269/utt0,EAQ107321
MELD,MELD/test/dia269/utt1,EAQ107322
MELD,MELD/test/dia269/utt2,EAQ107323
MELD,MELD/test/dia269/utt3,EAQ107324
MELD,MELD/test/dia269/utt4,EAQ107325
MELD,MELD/test/dia270/utt0,EAQ107326
MELD,MELD/test/dia270/utt1,EAQ107327
MELD,MELD/test/dia270/utt2,EAQ107328
MELD,MELD/test/dia270/utt3,EAQ107329
MELD,MELD/test/dia270/utt4,EAQ107330
MELD,MELD/test/dia270/utt5,EAQ107331
MELD,MELD/test/dia270/utt6,EAQ107332
MELD,MELD/test/dia270/utt7,EAQ107333
MELD,MELD/test/dia270/utt8,EAQ107334
MELD,MELD/test/dia270/utt9,EAQ107335
MELD,MELD/test/dia270/utt10,EAQ107336
MELD,MELD/test/dia270/utt11,EAQ107337
MELD,MELD/test/dia270/utt12,EAQ107338
MELD,MELD/test/dia270/utt13,EAQ107339
MELD,MELD/test/dia270/utt14,EAQ107340
MELD,MELD/test/dia271/utt0,EAQ107341
MELD,MELD/test/dia271/utt1,EAQ107342
MELD,MELD/test/dia271/utt2,EAQ107343
MELD,MELD/test/dia271/utt3,EAQ107344
MELD,MELD/test/dia271/utt4,EAQ107345
MELD,MELD/test/dia271/utt5,EAQ107346
MELD,MELD/test/dia272/utt0,EAQ107347
MELD,MELD/test/dia272/utt1,EAQ107348
MELD,MELD/test/dia272/utt2,EAQ107349
MELD,MELD/test/dia272/utt3,EAQ107350
MELD,MELD/test/dia272/utt4,EAQ107351
MELD,MELD/test/dia272/utt5,EAQ107352
MELD,MELD/test/dia273/utt0,EAQ107353
MELD,MELD/test/dia273/utt1,EAQ107354
MELD,MELD/test/dia273/utt2,EAQ107355
MELD,MELD/test/dia273/utt3,EAQ107356
MELD,MELD/test/dia274/utt0,EAQ107357
MELD,MELD/test/dia274/utt1,EAQ107358
MELD,MELD/test/dia274/utt2,EAQ107359
MELD,MELD/test/dia274/utt3,EAQ107360
MELD,MELD/test/dia274/utt4,EAQ107361
MELD,MELD/test/dia275/utt0,EAQ107362
MELD,MELD/test/dia275/utt1,EAQ107363
MELD,MELD/test/dia275/utt2,EAQ107364
MELD,MELD/test/dia275/utt3,EAQ107365
MELD,MELD/test/dia276/utt0,EAQ107366
MELD,MELD/test/dia277/utt0,EAQ107367
MELD,MELD/test/dia278/utt0,EAQ107368
MELD,MELD/test/dia278/utt1,EAQ107369
MELD,MELD/test/dia278/utt2,EAQ107370
MELD,MELD/test/dia278/utt3,EAQ107371
MELD,MELD/test/dia278/utt4,EAQ107372
MELD,MELD/test/dia278/utt5,EAQ107373
MELD,MELD/test/dia278/utt6,EAQ107374
MELD,MELD/test/dia278/utt7,EAQ107375
MELD,MELD/test/dia278/utt8,EAQ107376
MELD,MELD/test/dia278/utt9,EAQ107377
MELD,MELD/test/dia278/utt10,EAQ107378
MELD,MELD/test/dia278/utt11,EAQ107379
MELD,MELD/test/dia278/utt12,EAQ107380
MELD,MELD/test/dia278/utt13,EAQ107381
MELD,MELD/test/dia278/utt14,EAQ107382
MELD,MELD/test/dia278/utt15,EAQ107383
MELD,MELD/test/dia278/utt16,EAQ107384
MELD,MELD/test/dia279/utt0,EAQ107385
MELD,MELD/test/dia279/utt1,EAQ107386
MELD,MELD/test/dia279/utt2,EAQ107387
MELD,MELD/test/dia279/utt3,EAQ107388
MELD,MELD/test/dia279/utt4,EAQ107389
MELD,MELD/test/dia279/utt5,EAQ107390
MELD,MELD/test/dia279/utt6,EAQ107391
MELD,MELD/test/dia279/utt7,EAQ107392
MELD,MELD/test/dia279/utt8,EAQ107393
MELD,MELD/test/dia279/utt9,EAQ107394
MELD,MELD/test/dia279/utt10,EAQ107395
MELD,MELD/test/dia279/utt11,EAQ107396
MELD,MELD/test/dia279/utt12,EAQ107397
MELD,MELD/test/dia279/utt13,EAQ107398
MELD,MELD/test/dia279/utt14,EAQ107399
MELD,MELD/test/dia279/utt15,EAQ107400
MUStARD,1_10004,EAQ200000
MUStARD,1_10009,EAQ200001
MUStARD,1_1001,EAQ200002
MUStARD,1_1003,EAQ200003
MUStARD,1_10190,EAQ200004
MUStARD,1_10462,EAQ200005
MUStARD,1_10495,EAQ200006
MUStARD,1_10496,EAQ200007
MUStARD,1_105,EAQ200008
MUStARD,1_10748,EAQ200009
MUStARD,1_10797,EAQ200010
MUStARD,1_10810,EAQ200011
MUStARD,1_10829,EAQ200012
MUStARD,1_10849,EAQ200013
MUStARD,1_10853,EAQ200014
MUStARD,1_10857,EAQ200015
MUStARD,1_10859,EAQ200016
MUStARD,1_10890,EAQ200017
MUStARD,1_10977,EAQ200018
MUStARD,1_11006,EAQ200019
MUStARD,1_11021,EAQ200020
MUStARD,1_11042,EAQ200021
MUStARD,1_11046,EAQ200022
MUStARD,1_11051,EAQ200023
MUStARD,1_11055,EAQ200024
MUStARD,1_11098,EAQ200025
MUStARD,1_11120,EAQ200026
MUStARD,1_11177,EAQ200027
MUStARD,1_11201,EAQ200028
MUStARD,1_11224,EAQ200029
MUStARD,1_11232,EAQ200030
MUStARD,1_11236,EAQ200031
MUStARD,1_11242,EAQ200032
MUStARD,1_11243,EAQ200033
MUStARD,1_11253,EAQ200034
MUStARD,1_11257,EAQ200035
MUStARD,1_11306,EAQ200036
MUStARD,1_11322,EAQ200037
MUStARD,1_11378,EAQ200038
MUStARD,1_11439,EAQ200039
MUStARD,1_1144,EAQ200040
MUStARD,1_11485,EAQ200041
MUStARD,1_11526,EAQ200042
MUStARD,1_11529,EAQ200043
MUStARD,1_11609,EAQ200044
MUStARD,1_11697,EAQ200045
MUStARD,1_11699,EAQ200046
MUStARD,1_11723,EAQ200047
MUStARD,1_11736,EAQ200048
MUStARD,1_11773,EAQ200049
MUStARD,1_1180,EAQ200050
MUStARD,1_1185,EAQ200051
MUStARD,1_11885,EAQ200052
MUStARD,1_11889,EAQ200053
MUStARD,1_1189,EAQ200054
MUStARD,1_11901,EAQ200055
MUStARD,1_11913,EAQ200056
MUStARD,1_11924,EAQ200057
MUStARD,1_11928,EAQ200058
MUStARD,1_12002,EAQ200059
MUStARD,1_12083,EAQ200060
MUStARD,1_12202,EAQ200061
MUStARD,1_12275,EAQ200062
MUStARD,1_12320,EAQ200063
MUStARD,1_12331,EAQ200064
MUStARD,1_1262,EAQ200065
MUStARD,1_1296,EAQ200066
MUStARD,1_1466,EAQ200067
MUStARD,1_1470,EAQ200068
MUStARD,1_1478,EAQ200069
MUStARD,1_1484,EAQ200070
MUStARD,1_1549,EAQ200071
MUStARD,1_1560,EAQ200072
MUStARD,1_162,EAQ200073
MUStARD,1_1627,EAQ200074
MUStARD,1_1638,EAQ200075
MUStARD,1_1666,EAQ200076
MUStARD,1_1678,EAQ200077
MUStARD,1_1722,EAQ200078
MUStARD,1_1732,EAQ200079
MUStARD,1_175,EAQ200080
MUStARD,1_1772,EAQ200081
MUStARD,1_1798,EAQ200082
MUStARD,1_1803,EAQ200083
MUStARD,1_182,EAQ200084
MUStARD,1_1931,EAQ200085
MUStARD,1_1973,EAQ200086
MUStARD,1_1987,EAQ200087
MUStARD,1_2075,EAQ200088
MUStARD,1_2119,EAQ200089
MUStARD,1_213,EAQ200090
MUStARD,1_2198,EAQ200091
MUStARD,1_2216,EAQ200092
MUStARD,1_2354,EAQ200093
MUStARD,1_2361,EAQ200094
MUStARD,1_2420,EAQ200095
MUStARD,1_2423,EAQ200096
MUStARD,1_2464,EAQ200097
MUStARD,1_2575,EAQ200098
MUStARD,1_2580,EAQ200099
MUStARD,1_2614,EAQ200100
MUStARD,1_2616,EAQ200101
MUStARD,1_2664,EAQ200102
MUStARD,1_2669,EAQ200103
MUStARD,1_276,EAQ200104
MUStARD,1_2778,EAQ200105
MUStARD,1_2792,EAQ200106
MUStARD,1_2797,EAQ200107
MUStARD,1_2819,EAQ200108
MUStARD,1_2830,EAQ200109
MUStARD,1_2837,EAQ200110
MUStARD,1_2842,EAQ200111
MUStARD,1_2853,EAQ200112
MUStARD,1_3064,EAQ200113
MUStARD,1_3069,EAQ200114
MUStARD,1_3125,EAQ200115
MUStARD,1_3177,EAQ200116
MUStARD,1_3204,EAQ200117
MUStARD,1_3256,EAQ200118
MUStARD,1_3259,EAQ200119
MUStARD,1_3287,EAQ200120
MUStARD,1_3293,EAQ200121
MUStARD,1_3333,EAQ200122
MUStARD,1_3348,EAQ200123
MUStARD,1_3371,EAQ200124
MUStARD,1_340,EAQ200125
MUStARD,1_3419,EAQ200126
MUStARD,1_3476,EAQ200127
MUStARD,1_3545,EAQ200128
MUStARD,1_3573,EAQ200129
MUStARD,1_3599,EAQ200130
MUStARD,1_3649,EAQ200131
MUStARD,1_3660,EAQ200132
MUStARD,1_3707,EAQ200133
MUStARD,1_3766,EAQ200134
MUStARD,1_3837,EAQ200135
MUStARD,1_3840,EAQ200136
MUStARD,1_3842,EAQ200137
MUStARD,1_3911,EAQ200138
MUStARD,1_4031,EAQ200139
MUStARD,1_410,EAQ200140
MUStARD,1_4145,EAQ200141
MUStARD,1_427,EAQ200142
MUStARD,1_4281,EAQ200143
MUStARD,1_4286,EAQ200144
MUStARD,1_4290,EAQ200145
MUStARD,1_430,EAQ200146
MUStARD,1_4352,EAQ200147
MUStARD,1_4477,EAQ200148
MUStARD,1_4544,EAQ200149
MUStARD,1_4552,EAQ200150
MUStARD,1_4576,EAQ200151
MUStARD,1_4603,EAQ200152
MUStARD,1_4639,EAQ200153
MUStARD,1_467,EAQ200154
MUStARD,1_4743,EAQ200155
MUStARD,1_4760,EAQ200156
MUStARD,1_4789,EAQ200157
MUStARD,1_4792,EAQ200158
MUStARD,1_4850,EAQ200159
MUStARD,1_4949,EAQ200160
MUStARD,1_4967,EAQ200161
MUStARD,1_4995,EAQ200162
MUStARD,1_5058,EAQ200163
MUStARD,1_506,EAQ200164
MUStARD,1_507,EAQ200165
MUStARD,1_5109,EAQ200166
MUStARD,1_5134,EAQ200167
MUStARD,1_5156,EAQ200168
MUStARD,1_5166,EAQ200169
MUStARD,1_5169,EAQ200170
MUStARD,1_5211,EAQ200171
MUStARD,1_5212,EAQ200172
MUStARD,1_533,EAQ200173
MUStARD,1_536,EAQ200174
MUStARD,1_537,EAQ200175
MUStARD,1_5496,EAQ200176
MUStARD,1_5571,EAQ200177
MUStARD,1_5572,EAQ200178
MUStARD,1_5580,EAQ200179
MUStARD,1_5581,EAQ200180
MUStARD,1_5617,EAQ200181
MUStARD,1_5627,EAQ200182
MUStARD,1_5679,EAQ200183
MUStARD,1_5699,EAQ200184
MUStARD,1_5751,EAQ200185
MUStARD,1_5758,EAQ200186
MUStARD,1_5786,EAQ200187
MUStARD,1_5880,EAQ200188
MUStARD,1_5919,EAQ200189
MUStARD,1_5953,EAQ200190
MUStARD,1_5964,EAQ200191
MUStARD,1_60,EAQ200192
MUStARD,1_6020,EAQ200193
MUStARD,1_6032,EAQ200194
MUStARD,1_6039,EAQ200195
MUStARD,1_6065,EAQ200196
MUStARD,1_6092,EAQ200197
MUStARD,1_6113,EAQ200198
MUStARD,1_6134,EAQ200199
MUStARD,1_6165,EAQ200200
MUStARD,1_6183,EAQ200201
MUStARD,1_6188,EAQ200202
MUStARD,1_6211,EAQ200203
MUStARD,1_6221,EAQ200204
MUStARD,1_6355,EAQ200205
MUStARD,1_6370,EAQ200206
MUStARD,1_6426,EAQ200207
MUStARD,1_6427,EAQ200208
MUStARD,1_6428,EAQ200209
MUStARD,1_6472,EAQ200210
MUStARD,1_6504,EAQ200211
MUStARD,1_6534,EAQ200212
MUStARD,1_6627,EAQ200213
MUStARD,1_6645,EAQ200214
MUStARD,1_6648,EAQ200215
MUStARD,1_6683,EAQ200216
MUStARD,1_672,EAQ200217
MUStARD,1_6766,EAQ200218
MUStARD,1_6769,EAQ200219
MUStARD,1_6835,EAQ200220
MUStARD,1_6860,EAQ200221
MUStARD,1_70,EAQ200222
MUStARD,1_7047,EAQ200223
MUStARD,1_7082,EAQ200224
MUStARD,1_7089,EAQ200225
MUStARD,1_7186,EAQ200226
MUStARD,1_7281,EAQ200227
MUStARD,1_7341,EAQ200228
MUStARD,1_7357,EAQ200229
MUStARD,1_7395,EAQ200230
MUStARD,1_7400,EAQ200231
MUStARD,1_7402,EAQ200232
MUStARD,1_7442,EAQ200233
MUStARD,1_7443,EAQ200234
MUStARD,1_7445,EAQ200235
MUStARD,1_7449,EAQ200236
MUStARD,1_7487,EAQ200237
MUStARD,1_7490,EAQ200238
MUStARD,1_7494,EAQ200239
MUStARD,1_7504,EAQ200240
MUStARD,1_7575,EAQ200241
MUStARD,1_7593,EAQ200242
MUStARD,1_7641,EAQ200243
MUStARD,1_7661,EAQ200244
MUStARD,1_7675,EAQ200245
MUStARD,1_7722,EAQ200246
MUStARD,1_7894,EAQ200247
MUStARD,1_7938,EAQ200248
MUStARD,1_7953,EAQ200249
MUStARD,1_80,EAQ200250
MUStARD,1_8042,EAQ200251
MUStARD,1_8045,EAQ200252
MUStARD,1_8052,EAQ200253
MUStARD,1_8078,EAQ200254
MUStARD,1_8136,EAQ200255
MUStARD,1_8159,EAQ200256
MUStARD,1_8185,EAQ200257
MUStARD,1_8217,EAQ200258
MUStARD,1_8407,EAQ200259
MUStARD,1_8417,EAQ200260
MUStARD,1_8452,EAQ200261
MUStARD,1_8505,EAQ200262
MUStARD,1_8717,EAQ200263
MUStARD,1_8746,EAQ200264
MUStARD,1_8749,EAQ200265
MUStARD,1_8827,EAQ200266
MUStARD,1_8837,EAQ200267
MUStARD,1_90,EAQ200268
MUStARD,1_9003,EAQ200269
MUStARD,1_9009,EAQ200270
MUStARD,1_9087,EAQ200271
MUStARD,1_9245,EAQ200272
MUStARD,1_9594,EAQ200273
MUStARD,1_9668,EAQ200274
MUStARD,1_971,EAQ200275
MUStARD,1_9963,EAQ200276
MUStARD,1_9971,EAQ200277
MUStARD,1_9972,EAQ200278
MUStARD,1_9993,EAQ200279
MUStARD,2_1,EAQ200280
MUStARD,2_102,EAQ200281
MUStARD,2_103,EAQ200282
MUStARD,2_104,EAQ200283
MUStARD,2_105,EAQ200284
MUStARD,2_107,EAQ200285
MUStARD,2_109,EAQ200286
MUStARD,2_11,EAQ200287
MUStARD,2_111,EAQ200288
MUStARD,2_112,EAQ200289
MUStARD,2_113,EAQ200290
MUStARD,2_114,EAQ200291
MUStARD,2_115,EAQ200292
MUStARD,2_118,EAQ200293
MUStARD,2_119,EAQ200294
MUStARD,2_12,EAQ200295
MUStARD,2_120,EAQ200296
MUStARD,2_121,EAQ200297
MUStARD,2_123,EAQ200298
MUStARD,2_124,EAQ200299
MUStARD,2_125,EAQ200300
MUStARD,2_126,EAQ200301
MUStARD,2_127,EAQ200302
MUStARD,2_128,EAQ200303
MUStARD,2_129,EAQ200304
MUStARD,2_13,EAQ200305
MUStARD,2_131,EAQ200306
MUStARD,2_134,EAQ200307
MUStARD,2_135,EAQ200308
MUStARD,2_137,EAQ200309
MUStARD,2_140,EAQ200310
MUStARD,2_141,EAQ200311
MUStARD,2_144,EAQ200312
MUStARD,2_146,EAQ200313
MUStARD,2_147,EAQ200314
MUStARD,2_148,EAQ200315
MUStARD,2_149,EAQ200316
MUStARD,2_15,EAQ200317
MUStARD,2_150,EAQ200318
MUStARD,2_151,EAQ200319
MUStARD,2_152,EAQ200320
MUStARD,2_154,EAQ200321
MUStARD,2_155,EAQ200322
MUStARD,2_158,EAQ200323
MUStARD,2_160,EAQ200324
MUStARD,2_161,EAQ200325
MUStARD,2_162,EAQ200326
MUStARD,2_163,EAQ200327
MUStARD,2_166,EAQ200328
MUStARD,2_167,EAQ200329
MUStARD,2_168,EAQ200330
MUStARD,2_169,EAQ200331
MUStARD,2_170,EAQ200332
MUStARD,2_171,EAQ200333
MUStARD,2_172,EAQ200334
MUStARD,2_173,EAQ200335
MUStARD,2_174,EAQ200336
MUStARD,2_176,EAQ200337
MUStARD,2_177,EAQ200338
MUStARD,2_178,EAQ200339
MUStARD,2_180,EAQ200340
MUStARD,2_181,EAQ200341
MUStARD,2_182,EAQ200342
MUStARD,2_183,EAQ200343
MUStARD,2_186,EAQ200344
MUStARD,2_187,EAQ200345
MUStARD,2_188,EAQ200346
MUStARD,2_189,EAQ200347
MUStARD,2_190,EAQ200348
MUStARD,2_191,EAQ200349
MUStARD,2_193,EAQ200350
MUStARD,2_194,EAQ200351
MUStARD,2_196,EAQ200352
MUStARD,2_197,EAQ200353
MUStARD,2_198,EAQ200354
MUStARD,2_2,EAQ200355
MUStARD,2_20,EAQ200356
MUStARD,2_202,EAQ200357
MUStARD,2_203,EAQ200358
MUStARD,2_204,EAQ200359
MUStARD,2_205,EAQ200360
MUStARD,2_206,EAQ200361
MUStARD,2_208,EAQ200362
MUStARD,2_209,EAQ200363
MUStARD,2_210,EAQ200364
MUStARD,2_213,EAQ200365
MUStARD,2_217,EAQ200366
MUStARD,2_218,EAQ200367
MUStARD,2_221,EAQ200368
MUStARD,2_222,EAQ200369
MUStARD,2_223,EAQ200370
MUStARD,2_225,EAQ200371
MUStARD,2_226,EAQ200372
MUStARD,2_227,EAQ200373
MUStARD,2_228,EAQ200374
MUStARD,2_230,EAQ200375
MUStARD,2_231,EAQ200376
MUStARD,2_232,EAQ200377
MUStARD,2_234,EAQ200378
MUStARD,2_235,EAQ200379
MUStARD,2_236,EAQ200380
MUStARD,2_24,EAQ200381
MUStARD,2_240,EAQ200382
MUStARD,2_241,EAQ200383
MUStARD,2_242,EAQ200384
MUStARD,2_243,EAQ200385
MUStARD,2_245,EAQ200386
MUStARD,2_246,EAQ200387
MUStARD,2_247,EAQ200388
MUStARD,2_248,EAQ200389
MUStARD,2_250,EAQ200390
MUStARD,2_251,EAQ200391
MUStARD,2_253,EAQ200392
MUStARD,2_254,EAQ200393
MUStARD,2_255,EAQ200394
MUStARD,2_257,EAQ200395
MUStARD,2_258,EAQ200396
MUStARD,2_259,EAQ200397
MUStARD,2_260,EAQ200398
MUStARD,2_261,EAQ200399
MUStARD,2_263,EAQ200400
MUStARD,2_264,EAQ200401
MUStARD,2_267,EAQ200402
MUStARD,2_268,EAQ200403
MUStARD,2_27,EAQ200404
MUStARD,2_270,EAQ200405
MUStARD,2_271,EAQ200406
MUStARD,2_272,EAQ200407
MUStARD,2_278,EAQ200408
MUStARD,2_279,EAQ200409
MUStARD,2_28,EAQ200410
MUStARD,2_280,EAQ200411
MUStARD,2_281,EAQ200412
MUStARD,2_282,EAQ200413
MUStARD,2_283,EAQ200414
MUStARD,2_284,EAQ200415
MUStARD,2_286,EAQ200416
MUStARD,2_287,EAQ200417
MUStARD,2_288,EAQ200418
MUStARD,2_289,EAQ200419
MUStARD,2_29,EAQ200420
MUStARD,2_291,EAQ200421
MUStARD,2_292,EAQ200422
MUStARD,2_293,EAQ200423
MUStARD,2_294,EAQ200424
MUStARD,2_295,EAQ200425
MUStARD,2_297,EAQ200426
MUStARD,2_299,EAQ200427
MUStARD,2_3,EAQ200428
MUStARD,2_30,EAQ200429
MUStARD,2_300,EAQ200430
MUStARD,2_301,EAQ200431
MUStARD,2_302,EAQ200432
MUStARD,2_303,EAQ200433
MUStARD,2_305,EAQ200434
MUStARD,2_306,EAQ200435
MUStARD,2_31,EAQ200436
MUStARD,2_310,EAQ200437
MUStARD,2_312,EAQ200438
MUStARD,2_313,EAQ200439
MUStARD,2_314,EAQ200440
MUStARD,2_315,EAQ200441
MUStARD,2_316,EAQ200442
MUStARD,2_317,EAQ200443
MUStARD,2_318,EAQ200444
MUStARD,2_319,EAQ200445
MUStARD,2_322,EAQ200446
MUStARD,2_323,EAQ200447
MUStARD,2_326,EAQ200448
MUStARD,2_33,EAQ200449
MUStARD,2_334,EAQ200450
MUStARD,2_337,EAQ200451
MUStARD,2_338,EAQ200452
MUStARD,2_339,EAQ200453
MUStARD,2_34,EAQ200454
MUStARD,2_340,EAQ200455
MUStARD,2_341,EAQ200456
MUStARD,2_342,EAQ200457
MUStARD,2_343,EAQ200458
MUStARD,2_344,EAQ200459
MUStARD,2_345,EAQ200460
MUStARD,2_347,EAQ200461
MUStARD,2_35,EAQ200462
MUStARD,2_350,EAQ200463
MUStARD,2_351,EAQ200464
MUStARD,2_352,EAQ200465
MUStARD,2_353,EAQ200466
MUStARD,2_356,EAQ200467
MUStARD,2_357,EAQ200468
MUStARD,2_358,EAQ200469
MUStARD,2_359,EAQ200470
MUStARD,2_36,EAQ200471
MUStARD,2_361,EAQ200472
MUStARD,2_365,EAQ200473
MUStARD,2_367,EAQ200474
MUStARD,2_369,EAQ200475
MUStARD,2_370,EAQ200476
MUStARD,2_371,EAQ200477
MUStARD,2_372,EAQ200478
MUStARD,2_373,EAQ200479
MUStARD,2_374,EAQ200480
MUStARD,2_375,EAQ200481
MUStARD,2_376,EAQ200482
MUStARD,2_377,EAQ200483
MUStARD,2_378,EAQ200484
MUStARD,2_38,EAQ200485
MUStARD,2_380,EAQ200486
MUStARD,2_381,EAQ200487
MUStARD,2_385,EAQ200488
MUStARD,2_387,EAQ200489
MUStARD,2_388,EAQ200490
MUStARD,2_389,EAQ200491
MUStARD,2_39,EAQ200492
MUStARD,2_390,EAQ200493
MUStARD,2_392,EAQ200494
MUStARD,2_393,EAQ200495
MUStARD,2_397,EAQ200496
MUStARD,2_398,EAQ200497
MUStARD,2_400,EAQ200498
MUStARD,2_405,EAQ200499
MUStARD,2_406,EAQ200500
MUStARD,2_407,EAQ200501
MUStARD,2_408,EAQ200502
MUStARD,2_409,EAQ200503
MUStARD,2_410,EAQ200504
MUStARD,2_413,EAQ200505
MUStARD,2_415,EAQ200506
MUStARD,2_416,EAQ200507
MUStARD,2_419,EAQ200508
MUStARD,2_42,EAQ200509
MUStARD,2_420,EAQ200510
MUStARD,2_421,EAQ200511
MUStARD,2_422,EAQ200512
MUStARD,2_423,EAQ200513
MUStARD,2_425,EAQ200514
MUStARD,2_426,EAQ200515
MUStARD,2_427,EAQ200516
MUStARD,2_428,EAQ200517
MUStARD,2_429,EAQ200518
MUStARD,2_43,EAQ200519
MUStARD,2_430,EAQ200520
MUStARD,2_431,EAQ200521
MUStARD,2_433,EAQ200522
MUStARD,2_434,EAQ200523
MUStARD,2_435,EAQ200524
MUStARD,2_437,EAQ200525
MUStARD,2_438,EAQ200526
MUStARD,2_439,EAQ200527
MUStARD,2_44,EAQ200528
MUStARD,2_440,EAQ200529
MUStARD,2_441,EAQ200530
MUStARD,2_442,EAQ200531
MUStARD,2_443,EAQ200532
MUStARD,2_444,EAQ200533
MUStARD,2_445,EAQ200534
MUStARD,2_446,EAQ200535
MUStARD,2_447,EAQ200536
MUStARD,2_448,EAQ200537
MUStARD,2_449,EAQ200538
MUStARD,2_45,EAQ200539
MUStARD,2_450,EAQ200540
MUStARD,2_454,EAQ200541
MUStARD,2_456,EAQ200542
MUStARD,2_457,EAQ200543
MUStARD,2_458,EAQ200544
MUStARD,2_461,EAQ200545
MUStARD,2_462,EAQ200546
MUStARD,2_463,EAQ200547
MUStARD,2_464,EAQ200548
MUStARD,2_465,EAQ200549
MUStARD,2_467,EAQ200550
MUStARD,2_471,EAQ200551
MUStARD,2_472,EAQ200552
MUStARD,2_473,EAQ200553
MUStARD,2_474,EAQ200554
MUStARD,2_475,EAQ200555
MUStARD,2_477,EAQ200556
MUStARD,2_478,EAQ200557
MUStARD,2_479,EAQ200558
MUStARD,2_48,EAQ200559
MUStARD,2_481,EAQ200560
MUStARD,2_482,EAQ200561
MUStARD,2_484,EAQ200562
MUStARD,2_485,EAQ200563
MUStARD,2_486,EAQ200564
MUStARD,2_487,EAQ200565
MUStARD,2_488,EAQ200566
MUStARD,2_489,EAQ200567
MUStARD,2_49,EAQ200568
MUStARD,2_490,EAQ200569
MUStARD,2_491,EAQ200570
MUStARD,2_492,EAQ200571
MUStARD,2_493,EAQ200572
MUStARD,2_494,EAQ200573
MUStARD,2_495,EAQ200574
MUStARD,2_498,EAQ200575
MUStARD,2_499,EAQ200576
MUStARD,2_50,EAQ200577
MUStARD,2_500,EAQ200578
MUStARD,2_502,EAQ200579
MUStARD,2_504,EAQ200580
MUStARD,2_505,EAQ200581
MUStARD,2_506,EAQ200582
MUStARD,2_507,EAQ200583
MUStARD,2_508,EAQ200584
MUStARD,2_509,EAQ200585
MUStARD,2_51,EAQ200586
MUStARD,2_511,EAQ200587
MUStARD,2_512,EAQ200588
MUStARD,2_514,EAQ200589
MUStARD,2_517,EAQ200590
MUStARD,2_518,EAQ200591
MUStARD,2_521,EAQ200592
MUStARD,2_522,EAQ200593
MUStARD,2_523,EAQ200594
MUStARD,2_524,EAQ200595
MUStARD,2_525,EAQ200596
MUStARD,2_526,EAQ200597
MUStARD,2_527,EAQ200598
MUStARD,2_53,EAQ200599
MUStARD,2_530,EAQ200600
MUStARD,2_531,EAQ200601
MUStARD,2_532,EAQ200602
MUStARD,2_534,EAQ200603
MUStARD,2_535,EAQ200604
MUStARD,2_536,EAQ200605
MUStARD,2_537,EAQ200606
MUStARD,2_54,EAQ200607
MUStARD,2_540,EAQ200608
MUStARD,2_541,EAQ200609
MUStARD,2_542,EAQ200610
MUStARD,2_546,EAQ200611
MUStARD,2_547,EAQ200612
MUStARD,2_548,EAQ200613
MUStARD,2_549,EAQ200614
MUStARD,2_55,EAQ200615
MUStARD,2_550,EAQ200616
MUStARD,2_552,EAQ200617
MUStARD,2_553,EAQ200618
MUStARD,2_555,EAQ200619
MUStARD,2_556,EAQ200620
MUStARD,2_557,EAQ200621
MUStARD,2_558,EAQ200622
MUStARD,2_559,EAQ200623
MUStARD,2_56,EAQ200624
MUStARD,2_560,EAQ200625
MUStARD,2_562,EAQ200626
MUStARD,2_564,EAQ200627
MUStARD,2_567,EAQ200628
MUStARD,2_569,EAQ200629
MUStARD,2_570,EAQ200630
MUStARD,2_572,EAQ200631
MUStARD,2_573,EAQ200632
MUStARD,2_574,EAQ200633
MUStARD,2_575,EAQ200634
MUStARD,2_576,EAQ200635
MUStARD,2_577,EAQ200636
MUStARD,2_579,EAQ200637
MUStARD,2_58,EAQ200638
MUStARD,2_581,EAQ200639
MUStARD,2_583,EAQ200640
MUStARD,2_585,EAQ200641
MUStARD,2_586,EAQ200642
MUStARD,2_587,EAQ200643
MUStARD,2_588,EAQ200644
MUStARD,2_589,EAQ200645
MUStARD,2_590,EAQ200646
MUStARD,2_591,EAQ200647
MUStARD,2_594,EAQ200648
MUStARD,2_595,EAQ200649
MUStARD,2_596,EAQ200650
MUStARD,2_598,EAQ200651
MUStARD,2_599,EAQ200652
MUStARD,2_602,EAQ200653
MUStARD,2_604,EAQ200654
MUStARD,2_607,EAQ200655
MUStARD,2_608,EAQ200656
MUStARD,2_609,EAQ200657
MUStARD,2_611,EAQ200658
MUStARD,2_612,EAQ200659
MUStARD,2_615,EAQ200660
MUStARD,2_617,EAQ200661
MUStARD,2_622,EAQ200662
MUStARD,2_623,EAQ200663
MUStARD,2_626,EAQ200664
MUStARD,2_627,EAQ200665
MUStARD,2_65,EAQ200666
MUStARD,2_66,EAQ200667
MUStARD,2_69,EAQ200668
MUStARD,2_7,EAQ200669
MUStARD,2_71,EAQ200670
MUStARD,2_72,EAQ200671
MUStARD,2_73,EAQ200672
MUStARD,2_74,EAQ200673
MUStARD,2_77,EAQ200674
MUStARD,2_78,EAQ200675
MUStARD,2_79,EAQ200676
MUStARD,2_8,EAQ200677
MUStARD,2_84,EAQ200678
MUStARD,2_86,EAQ200679
MUStARD,2_87,EAQ200680
MUStARD,2_88,EAQ200681
MUStARD,2_89,EAQ200682
MUStARD,2_9,EAQ200683
MUStARD,2_91,EAQ200684
MUStARD,2_92,EAQ200685
MUStARD,2_94,EAQ200686
MUStARD,2_96,EAQ200687
MUStARD,2_97,EAQ200688
MUStARD,2_99,EAQ200689
