ea_id,source_dataset,source_split,source_id,video_path,audio_path,text_path,start,end,language,face_quality,audio_quality,text_quality,usable_for_micro,usable_for_l4,raw_emotion,raw_sentiment,raw_valence,raw_arousal,weak_label_hint,label_source
EAQ005787,MOSEI,unknown,MOSEI/cSrM5mHACmA/1,/root/autodl-tmp/data/datasets/baidupcs/CMU-MOSEI/extracted/Raw/Videos/Full/Combined/cSrM5mHACmA.mp4,/root/autodl-tmp/data/datasets/baidupcs/CMU-MOSEI/extracted/Raw/Audio/Full/WAV_16000/cSrM5mHACmA.wav,/root/autodl-tmp/data/datasets/baidupcs/CMU-MOSEI/extracted/Raw/Labels/extreme_sentiment_results.csv#1,0.00,0.00,en,high,high,high,true,true,0,2,,,positive,/root/autodl-tmp/data/datasets/baidupcs/CMU-MOSEI/extracted/Raw/Labels/extreme_sentiment_results.csv#cSrM5mHACmA/1
EAQ005788,MOSEI,unknown,MOSEI/wNx1ZnQ0MDQ/6,/root/autodl-tmp/data/datasets/baidupcs/CMU-MOSEI/extracted/Raw/Videos/Full/Combined/wNx1ZnQ0MDQ.mp4,/root/autodl-tmp/data/datasets/baidupcs/CMU-MOSEI/extracted/Raw/Audio/Full/WAV_16000/wNx1ZnQ0MDQ.wav,/root/autodl-tmp/data/datasets/baidupcs/CMU-MOSEI/extracted/Raw/Labels/extreme_sentiment_results.csv#6,0.00,0.00,en,high,high,high,true,true,0,0,,,neutral,/root/autodl-tmp/data/datasets/baidupcs/CMU-MOSEI/extracted/Raw/Labels/extreme_sentiment_results.csv#wNx1ZnQ0MDQ/6
EAQ005789,MOSEI,unknown,MOSEI/Uu_XyXyKHAk/10,/root/autodl-tmp/data/datasets/baidupcs/CMU-MOSEI/extracted/Raw/Videos/Full/Combined/Uu_XyXyKHAk.mp4,/root/autodl-tmp/data/datasets/baidupcs/CMU-MOSEI/extracted/Raw/Audio/Full/WAV_16000/Uu_XyXyKHAk.wav,/root/autodl-tmp/data/datasets/baidupcs/CMU-MOSEI/extracted/Raw/Labels/extreme_sentiment_results.csv#10,0.00,0.00,en,high,high,high,true,true,0,-2,,,negative,/root/autodl-tmp/data/datasets/baidupcs/CMU-MOSEI/extracted/Raw/Labels/extreme_sentiment_results.csv#Uu_XyXyKHAk/10
EAQ005790,MOSEI,unknown,MOSEI/UXvMaHD9kmA/8,/root/autodl-tmp/data/datasets/baidupcs/CMU-MOSEI/extracted/Raw/Videos/Full/Combined/UXvMaHD9kmA.mp4,/root/autodl-tmp/data/datasets/baidupcs/CMU-MOSEI/extracted/Raw/Audio/Full/WAV_16000/UXvMaHD9kmA.wav,/root/autodl-tmp/data/datasets/baidupcs/CMU-MOSEI/extracted/Raw/Labels/extreme_sentiment_results.csv#8,0.00,0.00,en,high,high,high,true,true,0,0,,,neutral,/root/autodl-tmp/data/datasets/baidupcs/CMU-MOSEI/extracted/Raw/Labels/extreme_sentiment_results.csv#UXvMaHD9kmA/8
EAQ005791,MOSEI,unknown,MOSEI/xZ1FrxU6hcg/6,/root/autodl-tmp/data/datasets/baidupcs/CMU-MOSEI/extracted/Raw/Videos/Full/Combined/xZ1FrxU6hcg.mp4,/root/autodl-tmp/data/datasets/baidupcs/CMU-MOSEI/extracted/Raw/Audio/Full/WAV_16000/xZ1FrxU6hcg.wav,/root/autodl-tmp/data/datasets/baidupcs/CMU-MOSEI/extracted/Raw/Labels/extreme_sentiment_results.csv#6,0.00,0.00,en,high,high,high,true,true,0,0,,,neutral,/root/autodl-tmp/data/datasets/baidupcs/CMU-MOSEI/extracted/Raw/Labels/extreme_sentiment_results.csv#xZ1FrxU6hcg/6
EAQ005792,MOSEI,unknown,MOSEI/hntnelpiyl8/11,/root/autodl-tmp/data/datasets/baidupcs/CMU-MOSEI/extracted/Raw/Videos/Full/Combined/hntnelpiyl8.mp4,/root/autodl-tmp/data/datasets/baidupcs/CMU-MOSEI/extracted/Raw/Audio/Full/WAV_16000/hntnelpiyl8.wav,/root/autodl-tmp/data/datasets/baidupcs/CMU-MOSEI/extracted/Raw/Labels/extreme_sentiment_results.csv#11,0.00,0.00,en,high,high,high,true,true,0,2,,,positive,/root/autodl-tmp/data/datasets/baidupcs/CMU-MOSEI/extracted/Raw/Labels/extreme_sentiment_results.csv#hntnelpiyl8/11
EAQ005793,MOSEI,unknown,MOSEI/kZfcQ4a0kx4/7,/root/autodl-tmp/data/datasets/baidupcs/CMU-MOSEI/extracted/Raw/Videos/Full/Combined/kZfcQ4a0kx4.mp4,/root/autodl-tmp/data/datasets/baidupcs/CMU-MOSEI/extracted/Raw/Audio/Full/WAV_16000/kZfcQ4a0kx4.wav,/root/autodl-tmp/data/datasets/baidupcs/CMU-MOSEI/extracted/Raw/Labels/extreme_sentiment_results.csv#7,0.00,0.00,en,high,high,high,true,true,0,2,,,positive,/root/autodl-tmp/data/datasets/baidupcs/CMU-MOSEI/extracted/Raw/Labels/extreme_sentiment_results.csv#kZfcQ4a0kx4/7
EAQ005794,MOSEI,unknown,MOSEI/Xq7zLxYHxd8/4,/root/autodl-tmp/data/datasets/baidupcs/CMU-MOSEI/extracted/Raw/Videos/Full/Combined/Xq7zLxYHxd8.mp4,/root/autodl-tmp/data/datasets/baidupcs/CMU-MOSEI/extracted/Raw/Audio/Full/WAV_16000/Xq7zLxYHxd8.wav,/root/autodl-tmp/data/datasets/baidupcs/CMU-MOSEI/extracted/Raw/Labels/extreme_sentiment_results.csv#4,0.00,0.00,en,high,high,high,true,true,0,1,,,positive,/root/autodl-tmp/data/datasets/baidupcs/CMU-MOSEI/extracted/Raw/Labels/extreme_sentiment_results.csv#Xq7zLxYHxd8/4
EAQ005795,MOSEI,unknown,MOSEI/f6S2XNPIiFk/4,/root/autodl-tmp/data/datasets/baidupcs/CMU-MOSEI/extracted/Raw/Videos/Full/Combined/f6S2XNPIiFk.mp4,/root/autodl-tmp/data/datasets/baidupcs/CMU-MOSEI/extracted/Raw/Audio/Full/WAV_16000/f6S2XNPIiFk.wav,/root/autodl-tmp/data/datasets/baidupcs/CMU-MOSEI/extracted/Raw/Labels/extreme_sentiment_results.csv#4,0.00,0.00,en,high,high,high,true,true,0,-1,,,negative,/root/autodl-tmp/data/datasets/baidupcs/CMU-MOSEI/extracted/Raw/Labels/extreme_sentiment_results.csv#f6S2XNPIiFk/4
EAQ005796,MOSEI,unknown,MOSEI/2JY5HXBWO84/29,/root/autodl-tmp/data/datasets/baidupcs/CMU-MOSEI/extracted/Raw/Videos/Full/Combined/2JY5HXBWO84.mp4,/root/autodl-tmp/data/datasets/baidupcs/CMU-MOSEI/extracted/Raw/Audio/Full/WAV_16000/2JY5HXBWO84.wav,/root/autodl-tmp/data/datasets/baidupcs/CMU-MOSEI/extracted/Raw/Labels/extreme_sentiment_results.csv#29,0.00,0.00,en,high,high,high,true,true,0,0,,,neutral,/root/autodl-tmp/data/datasets/baidupcs/CMU-MOSEI/extracted/Raw/Labels/extreme_sentiment_results.csv#2JY5HXBWO84/29
EAQ005797,MOSEI,unknown,MOSEI/2YwgSmmLibs/9,/root/autodl-tmp/data/datasets/baidupcs/CMU-MOSEI/extracted/Raw/Videos/Full/Combined/2YwgSmmLibs.mp4,/root/autodl-tmp/data/datasets/baidupcs/CMU-MOSEI/extracted/Raw/Audio/Full/WAV_16000/2YwgSmmLibs.wav,/root/autodl-tmp/data/datasets/baidupcs/CMU-MOSEI/extracted/Raw/Labels/extreme_sentiment_results.csv#9,0.00,0.00,en,high,high,high,true,true,0,2,,,positive,/root/autodl-tmp/data/datasets/baidupcs/CMU-MOSEI/extracted/Raw/Labels/extreme_sentiment_results.csv#2YwgSmmLibs/9
EAQ005798,MOSEI,unknown,MOSEI/XAgD-xoil40/15,/root/autodl-tmp/data/datasets/baidupcs/CMU-MOSEI/extracted/Raw/Videos/Full/Combined/XAgD-xoil40.mp4,/root/autodl-tmp/data/datasets/baidupcs/CMU-MOSEI/extracted/Raw/Audio/Full/WAV_16000/XAgD-xoil40.wav,/root/autodl-tmp/data/datasets/baidupcs/CMU-MOSEI/extracted/Raw/Labels/extreme_sentiment_results.csv#15,0.00,0.00,en,high,high,high,true,true,0,0,,,neutral,/root/autodl-tmp/data/datasets/baidupcs/CMU-MOSEI/extracted/Raw/Labels/extreme_sentiment_results.csv#XAgD-xoil40/15
EAQ005799,MOSEI,unknown,MOSEI/emtvrtk-jsU/1,/root/autodl-tmp/data/datasets/baidupcs/CMU-MOSEI/extracted/Raw/Videos/Full/Combined/emtvrtk-jsU.mp4,/root/autodl-tmp/data/datasets/baidupcs/CMU-MOSEI/extracted/Raw/Audio/Full/WAV_16000/emtvrtk-jsU.wav,/root/autodl-tmp/data/datasets/baidupcs/CMU-MOSEI/extracted/Raw/Labels/extreme_sentiment_results.csv#1,0.00,0.00,en,high,high,high,true,true,0,0,,,neutral,/root/autodl-tmp/data/datasets/baidupcs/CMU-MOSEI/extracted/Raw/Labels/extreme_sentiment_results.csv#emtvrtk-jsU/1
EAQ005800,MOSEI,unknown,MOSEI/x0rLwBIocuI/4,/root/autodl-tmp/data/datasets/baidupcs/CMU-MOSEI/extracted/Raw/Videos/Full/Combined/x0rLwBIocuI.mp4,/root/autodl-tmp/data/datasets/baidupcs/CMU-MOSEI/extracted/Raw/Audio/Full/WAV_16000/x0rLwBIocuI.wav,/root/autodl-tmp/data/datasets/baidupcs/CMU-MOSEI/extracted/Raw/Labels/extreme_sentiment_results.csv#4,0.00,0.00,en,high,high,high,true,true,0,0,,,neutral,/root/autodl-tmp/data/datasets/baidupcs/CMU-MOSEI/extracted/Raw/Labels/extreme_sentiment_results.csv#x0rLwBIocuI/4
EAQ005801,MOSEI,unknown,MOSEI/0jtdrsmVzYQ/5,/root/autodl-tmp/data/datasets/baidupcs/CMU-MOSEI/extracted/Raw/Videos/Full/Combined/0jtdrsmVzYQ.mp4,/root/autodl-tmp/data/datasets/baidupcs/CMU-MOSEI/extracted/Raw/Audio/Full/WAV_16000/0jtdrsmVzYQ.wav,/root/autodl-tmp/data/datasets/baidupcs/CMU-MOSEI/extracted/Raw/Labels/extreme_sentiment_results.csv#5,0.00,0.00,en,high,high,high,true,true,0,0,,,neutral,/root/autodl-tmp/data/datasets/baidupcs/CMU-MOSEI/extracted/Raw/Labels/extreme_sentiment_results.csv#0jtdrsmVzYQ/5
EAQ005802,MOSEI,unknown,MOSEI/qtI3CB1jslQ/8,/root/autodl-tmp/data/datasets/baidupcs/CMU-MOSEI/extracted/Raw/Videos/Full/Combined/qtI3CB1jslQ.mp4,/root/autodl-tmp/data/datasets/baidupcs/CMU-MOSEI/extracted/Raw/Audio/Full/WAV_16000/qtI3CB1jslQ.wav,/root/autodl-tmp/data/datasets/baidupcs/CMU-MOSEI/extracted/Raw/Labels/extreme_sentiment_results.csv#8,0.00,0.00,en,high,high,high,true,true,0,1,,,positive,/root/autodl-tmp/data/datasets/baidupcs/CMU-MOSEI/extracted/Raw/Labels/extreme_sentiment_results.csv#qtI3CB1jslQ/8
EAQ005803,MOSEI,unknown,MOSEI/AxNy9TeTLq8/0,/root/autodl-tmp/data/datasets/baidupcs/CMU-MOSEI/extracted/Raw/Videos/Full/Combined/AxNy9TeTLq8.mp4,/root/autodl-tmp/data/datasets/baidupcs/CMU-MOSEI/extracted/Raw/Audio/Full/WAV_16000/AxNy9TeTLq8.wav,/root/autodl-tmp/data/datasets/baidupcs/CMU-MOSEI/extracted/Raw/Labels/extreme_sentiment_results.csv#0,0.00,0.00,en,high,high,high,true,true,0,2,,,positive,/root/autodl-tmp/data/datasets/baidupcs/CMU-MOSEI/extracted/Raw/Labels/extreme_sentiment_results.csv#AxNy9TeTLq8/0
EAQ005804,MOSEI,unknown,MOSEI/zFuRNvfC4So/2,/root/autodl-tmp/data/datasets/baidupcs/CMU-MOSEI/extracted/Raw/Videos/Full/Combined/zFuRNvfC4So.mp4,/root/autodl-tmp/data/datasets/baidupcs/CMU-MOSEI/extracted/Raw/Audio/Full/WAV_16000/zFuRNvfC4So.wav,/root/autodl-tmp/data/datasets/baidupcs/CMU-MOSEI/extracted/Raw/Labels/extreme_sentiment_results.csv#2,0.00,0.00,en,high,high,high,true,true,0,0,,,neutral,/root/autodl-tmp/data/datasets/baidupcs/CMU-MOSEI/extracted/Raw/Labels/extreme_sentiment_results.csv#zFuRNvfC4So/2
EAQ005805,MOSEI,unknown,MOSEI/puum3vabpb4/27,/root/autodl-tmp/data/datasets/baidupcs/CMU-MOSEI/extracted/Raw/Videos/Full/Combined/puum3vabpb4.mp4,/root/autodl-tmp/data/datasets/baidupcs/CMU-MOSEI/extracted/Raw/Audio/Full/WAV_16000/puum3vabpb4.wav,/root/autodl-tmp/data/datasets/baidupcs/CMU-MOSEI/extracted/Raw/Labels/extreme_sentiment_results.csv#27,0.00,0.00,en,high,high,high,true,true,0,0,,,neutral,/root/autodl-tmp/data/datasets/baidupcs/CMU-MOSEI/extracted/Raw/Labels/extreme_sentiment_results.csv#puum3vabpb4/27
EAQ005806,MOSEI,unknown,MOSEI/0r8KVXUCV6c/16,/root/autodl-tmp/data/datasets/baidupcs/CMU-MOSEI/extracted/Raw/Videos/Full/Combined/0r8KVXUCV6c.mp4,/root/autodl-tmp/data/datasets/baidupcs/CMU-MOSEI/extracted/Raw/Audio/Full/WAV_16000/0r8KVXUCV6c.wav,/root/autodl-tmp/data/datasets/baidupcs/CMU-MOSEI/extracted/Raw/Labels/extreme_sentiment_results.csv#16,0.00,0.00,en,high,high,high,true,true,0,-1,,,negative,/root/autodl-tmp/data/datasets/baidupcs/CMU-MOSEI/extracted/Raw/Labels/extreme_sentiment_results.csv#0r8KVXUCV6c/16
EAQ005807,MOSEI,unknown,MOSEI/Es9MkKsMsjU/12,/root/autodl-tmp/data/datasets/baidupcs/CMU-MOSEI/extracted/Raw/Videos/Full/Combined/Es9MkKsMsjU.mp4,/root/autodl-tmp/data/datasets/baidupcs/CMU-MOSEI/extracted/Raw/Audio/Full/WAV_16000/Es9MkKsMsjU.wav,/root/autodl-tmp/data/datasets/baidupcs/CMU-MOSEI/extracted/Raw/Labels/extreme_sentiment_results.csv#12,0.00,0.00,en,high,high,high,true,true,1,-1,,,negative,/root/autodl-tmp/data/datasets/baidupcs/CMU-MOSEI/extracted/Raw/Labels/extreme_sentiment_results.csv#Es9MkKsMsjU/12
EAQ005808,MOSEI,unknown,MOSEI/1HK7Nea0PFo/2,/root/autodl-tmp/data/datasets/baidupcs/CMU-MOSEI/extracted/Raw/Videos/Full/Combined/1HK7Nea0PFo.mp4,/root/autodl-tmp/data/datasets/baidupcs/CMU-MOSEI/extracted/Raw/Audio/Full/WAV_16000/1HK7Nea0PFo.wav,/root/autodl-tmp/data/datasets/baidupcs/CMU-MOSEI/extracted/Raw/Labels/extreme_sentiment_results.csv#2,0.00,0.00,en,high,high,high,true,true,0,0,,,neutral,/root/autodl-tmp/data/datasets/baidupcs/CMU-MOSEI/extracted/Raw/Labels/extreme_sentiment_results.csv#1HK7Nea0PFo/2
EAQ005809,MOSEI,unknown,MOSEI/G4HMKRdIva0/16,/root/autodl-tmp/data/datasets/baidupcs/CMU-MOSEI/extracted/Raw/Videos/Full/Combined/G4HMKRdIva0.mp4,/root/autodl-tmp/data/datasets/baidupcs/CMU-MOSEI/extracted/Raw/Audio/Full/WAV_16000/G4HMKRdIva0.wav,/root/autodl-tmp/data/datasets/baidupcs/CMU-MOSEI/extracted/Raw/Labels/extreme_sentiment_results.csv#16,0.00,0.00,en,high,high,high,true,true,0,0,,,neutral,/root/autodl-tmp/data/datasets/baidupcs/CMU-MOSEI/extracted/Raw/Labels/extreme_sentiment_results.csv#G4HMKRdIva0/16
EAQ005810,MOSEI,unknown,MOSEI/Uc-0G7RRxoY/6,/root/autodl-tmp/data/datasets/baidupcs/CMU-MOSEI/extracted/Raw/Videos/Full/Combined/Uc-0G7RRxoY.mp4,/root/autodl-tmp/data/datasets/baidupcs/CMU-MOSEI/extracted/Raw/Audio/Full/WAV_16000/Uc-0G7RRxoY.wav,/root/autodl-tmp/data/datasets/baidupcs/CMU-MOSEI/extracted/Raw/Labels/extreme_sentiment_results.csv#6,0.00,0.00,en,high,high,high,true,true,0,0,,,neutral,/root/autodl-tmp/data/datasets/baidupcs/CMU-MOSEI/extracted/Raw/Labels/extreme_sentiment_results.csv#Uc-0G7RRxoY/6
EAQ005811,MOSEI,unknown,MOSEI/iEOBNT0HFtU/16,/root/autodl-tmp/data/datasets/baidupcs/CMU-MOSEI/extracted/Raw/Videos/Full/Combined/iEOBNT0HFtU.mp4,/root/autodl-tmp/data/datasets/baidupcs/CMU-MOSEI/extracted/Raw/Audio/Full/WAV_16000/iEOBNT0HFtU.wav,/root/autodl-tmp/data/datasets/baidupcs/CMU-MOSEI/extracted/Raw/Labels/extreme_sentiment_results.csv#16,0.00,0.00,en,high,high,high,true,true,0,1,,,positive,/root/autodl-tmp/data/datasets/baidupcs/CMU-MOSEI/extracted/Raw/Labels/extreme_sentiment_results.csv#iEOBNT0HFtU/16
EAQ005812,MOSEI,unknown,MOSEI/88S1BjwMfdw/22,/root/autodl-tmp/data/datasets/baidupcs/CMU-MOSEI/extracted/Raw/Videos/Full/Combined/88S1BjwMfdw.mp4,/root/autodl-tmp/data/datasets/baidupcs/CMU-MOSEI/extracted/Raw/Audio/Full/WAV_16000/88S1BjwMfdw.wav,/root/autodl-tmp/data/datasets/baidupcs/CMU-MOSEI/extracted/Raw/Labels/extreme_sentiment_results.csv#22,0.00,0.00,en,high,high,high,true,true,0,0,,,neutral,/root/autodl-tmp/data/datasets/baidupcs/CMU-MOSEI/extracted/Raw/Labels/extreme_sentiment_results.csv#88S1BjwMfdw/22
EAQ005813,MOSEI,unknown,MOSEI/0zl_GDVzykw/5,/root/autodl-tmp/data/datasets/baidupcs/CMU-MOSEI/extracted/Raw/Videos/Full/Combined/0zl_GDVzykw.mp4,/root/autodl-tmp/data/datasets/baidupcs/CMU-MOSEI/extracted/Raw/Audio/Full/WAV_16000/0zl_GDVzykw.wav,/root/autodl-tmp/data/datasets/baidupcs/CMU-MOSEI/extracted/Raw/Labels/extreme_sentiment_results.csv#5,0.00,0.00,en,high,high,high,true,true,0,0,,,neutral,/root/autodl-tmp/data/datasets/baidupcs/CMU-MOSEI/extracted/Raw/Labels/extreme_sentiment_results.csv#0zl_GDVzykw/5
EAQ005814,MOSEI,unknown,MOSEI/svsbGQn389o/8,/root/autodl-tmp/data/datasets/baidupcs/CMU-MOSEI/extracted/Raw/Videos/Full/Combined/svsbGQn389o.mp4,/root/autodl-tmp/data/datasets/baidupcs/CMU-MOSEI/extracted/Raw/Audio/Full/WAV_16000/svsbGQn389o.wav,/root/autodl-tmp/data/datasets/baidupcs/CMU-MOSEI/extracted/Raw/Labels/extreme_sentiment_results.csv#8,0.00,0.00,en,high,high,high,true,true,0,-1,,,negative,/root/autodl-tmp/data/datasets/baidupcs/CMU-MOSEI/extracted/Raw/Labels/extreme_sentiment_results.csv#svsbGQn389o/8
EAQ005815,MOSEI,unknown,MOSEI/S6S2XL0-ZpM/7,/root/autodl-tmp/data/datasets/baidupcs/CMU-MOSEI/extracted/Raw/Videos/Full/Combined/S6S2XL0-ZpM.mp4,/root/autodl-tmp/data/datasets/baidupcs/CMU-MOSEI/extracted/Raw/Audio/Full/WAV_16000/S6S2XL0-ZpM.wav,/root/autodl-tmp/data/datasets/baidupcs/CMU-MOSEI/extracted/Raw/Labels/extreme_sentiment_results.csv#7,0.00,0.00,en,high,high,high,true,true,0,0,,,neutral,/root/autodl-tmp/data/datasets/baidupcs/CMU-MOSEI/extracted/Raw/Labels/extreme_sentiment_results.csv#S6S2XL0-ZpM/7
EAQ005816,MOSEI,unknown,MOSEI/hfK8QtTd7fo/6,/root/autodl-tmp/data/datasets/baidupcs/CMU-MOSEI/extracted/Raw/Videos/Full/Combined/hfK8QtTd7fo.mp4,/root/autodl-tmp/data/datasets/baidupcs/CMU-MOSEI/extracted/Raw/Audio/Full/WAV_16000/hfK8QtTd7fo.wav,/root/autodl-tmp/data/datasets/baidupcs/CMU-MOSEI/extracted/Raw/Labels/extreme_sentiment_results.csv#6,0.00,0.00,en,high,high,high,true,true,2,1,,,positive,/root/autodl-tmp/data/datasets/baidupcs/CMU-MOSEI/extracted/Raw/Labels/extreme_sentiment_results.csv#hfK8QtTd7fo/6
EAQ005817,MOSEI,unknown,MOSEI/wRKVNiABc0w/0,/root/autodl-tmp/data/datasets/baidupcs/CMU-MOSEI/extracted/Raw/Videos/Full/Combined/wRKVNiABc0w.mp4,/root/autodl-tmp/data/datasets/baidupcs/CMU-MOSEI/extracted/Raw/Audio/Full/WAV_16000/wRKVNiABc0w.wav,/root/autodl-tmp/data/datasets/baidupcs/CMU-MOSEI/extracted/Raw/Labels/extreme_sentiment_results.csv#0,0.00,0.00,en,high,high,high,true,true,0,0,,,neutral,/root/autodl-tmp/data/datasets/baidupcs/CMU-MOSEI/extracted/Raw/Labels/extreme_sentiment_results.csv#wRKVNiABc0w/0
EAQ005818,MOSEI,unknown,MOSEI/1dWsw38VDjY/7,/root/autodl-tmp/data/datasets/baidupcs/CMU-MOSEI/extracted/Raw/Videos/Full/Combined/1dWsw38VDjY.mp4,/root/autodl-tmp/data/datasets/baidupcs/CMU-MOSEI/extracted/Raw/Audio/Full/WAV_16000/1dWsw38VDjY.wav,/root/autodl-tmp/data/datasets/baidupcs/CMU-MOSEI/extracted/Raw/Labels/extreme_sentiment_results.csv#7,0.00,0.00,en,high,high,high,true,true,0,2,,,positive,/root/autodl-tmp/data/datasets/baidupcs/CMU-MOSEI/extracted/Raw/Labels/extreme_sentiment_results.csv#1dWsw38VDjY/7
EAQ005819,MOSEI,unknown,MOSEI/aXla94xd_AQ/1,/root/autodl-tmp/data/datasets/baidupcs/CMU-MOSEI/extracted/Raw/Videos/Full/Combined/aXla94xd_AQ.mp4,/root/autodl-tmp/data/datasets/baidupcs/CMU-MOSEI/extracted/Raw/Audio/Full/WAV_16000/aXla94xd_AQ.wav,/root/autodl-tmp/data/datasets/baidupcs/CMU-MOSEI/extracted/Raw/Labels/extreme_sentiment_results.csv#1,0.00,0.00,en,high,high,high,true,true,0,0,,,neutral,/root/autodl-tmp/data/datasets/baidupcs/CMU-MOSEI/extracted/Raw/Labels/extreme_sentiment_results.csv#aXla94xd_AQ/1
EAQ005820,MOSEI,unknown,MOSEI/MD6Tq_4VlGc/7,/root/autodl-tmp/data/datasets/baidupcs/CMU-MOSEI/extracted/Raw/Videos/Full/Combined/MD6Tq_4VlGc.mp4,/root/autodl-tmp/data/datasets/baidupcs/CMU-MOSEI/extracted/Raw/Audio/Full/WAV_16000/MD6Tq_4VlGc.wav,/root/autodl-tmp/data/datasets/baidupcs/CMU-MOSEI/extracted/Raw/Labels/extreme_sentiment_results.csv#7,0.00,0.00,en,high,high,high,true,true,0,2,,,positive,/root/autodl-tmp/data/datasets/baidupcs/CMU-MOSEI/extracted/Raw/Labels/extreme_sentiment_results.csv#MD6Tq_4VlGc/7
EAQ005821,MOSEI,unknown,MOSEI/qkWdc-E6jGI/21,/root/autodl-tmp/data/datasets/baidupcs/CMU-MOSEI/extracted/Raw/Videos/Full/Combined/qkWdc-E6jGI.mp4,/root/autodl-tmp/data/datasets/baidupcs/CMU-MOSEI/extracted/Raw/Audio/Full/WAV_16000/qkWdc-E6jGI.wav,/root/autodl-tmp/data/datasets/baidupcs/CMU-MOSEI/extracted/Raw/Labels/extreme_sentiment_results.csv#21,0.00,0.00,en,high,high,high,true,true,0,2,,,positive,/root/autodl-tmp/data/datasets/baidupcs/CMU-MOSEI/extracted/Raw/Labels/extreme_sentiment_results.csv#qkWdc-E6jGI/21
EAQ005822,MOSEI,unknown,MOSEI/C03473pYcRM/6,/root/autodl-tmp/data/datasets/baidupcs/CMU-MOSEI/extracted/Raw/Videos/Full/Combined/C03473pYcRM.mp4,/root/autodl-tmp/data/datasets/baidupcs/CMU-MOSEI/extracted/Raw/Audio/Full/WAV_16000/C03473pYcRM.wav,/root/autodl-tmp/data/datasets/baidupcs/CMU-MOSEI/extracted/Raw/Labels/extreme_sentiment_results.csv#6,0.00,0.00,en,high,high,high,true,true,0,0,,,neutral,/root/autodl-tmp/data/datasets/baidupcs/CMU-MOSEI/extracted/Raw/Labels/extreme_sentiment_results.csv#C03473pYcRM/6
EAQ005823,MOSEI,unknown,MOSEI/zknhrUs7-lI/9,/root/autodl-tmp/data/datasets/baidupcs/CMU-MOSEI/extracted/Raw/Videos/Full/Combined/zknhrUs7-lI.mp4,/root/autodl-tmp/data/datasets/baidupcs/CMU-MOSEI/extracted/Raw/Audio/Full/WAV_16000/zknhrUs7-lI.wav,/root/autodl-tmp/data/datasets/baidupcs/CMU-MOSEI/extracted/Raw/Labels/extreme_sentiment_results.csv#9,0.00,0.00,en,high,high,high,true,true,0,2,,,positive,/root/autodl-tmp/data/datasets/baidupcs/CMU-MOSEI/extracted/Raw/Labels/extreme_sentiment_results.csv#zknhrUs7-lI/9
EAQ005824,MOSEI,unknown,MOSEI/7ifnoHhrMtA/14,/root/autodl-tmp/data/datasets/baidupcs/CMU-MOSEI/extracted/Raw/Videos/Full/Combined/7ifnoHhrMtA.mp4,/root/autodl-tmp/data/datasets/baidupcs/CMU-MOSEI/extracted/Raw/Audio/Full/WAV_16000/7ifnoHhrMtA.wav,/root/autodl-tmp/data/datasets/baidupcs/CMU-MOSEI/extracted/Raw/Labels/extreme_sentiment_results.csv#14,0.00,0.00,en,high,high,high,true,true,0,-1,,,negative,/root/autodl-tmp/data/datasets/baidupcs/CMU-MOSEI/extracted/Raw/Labels/extreme_sentiment_results.csv#7ifnoHhrMtA/14
EAQ005825,MOSEI,unknown,MOSEI/trQLgl6ncmk/8,/root/autodl-tmp/data/datasets/baidupcs/CMU-MOSEI/extracted/Raw/Videos/Full/Combined/trQLgl6ncmk.mp4,/root/autodl-tmp/data/datasets/baidupcs/CMU-MOSEI/extracted/Raw/Audio/Full/WAV_16000/trQLgl6ncmk.wav,/root/autodl-tmp/data/datasets/baidupcs/CMU-MOSEI/extracted/Raw/Labels/extreme_sentiment_results.csv#8,0.00,0.00,en,high,high,high,true,true,0,-2,,,negative,/root/autodl-tmp/data/datasets/baidupcs/CMU-MOSEI/extracted/Raw/Labels/extreme_sentiment_results.csv#trQLgl6ncmk/8
EAQ005826,MOSEI,unknown,MOSEI/uogwnZGb-iE/6,/root/autodl-tmp/data/datasets/baidupcs/CMU-MOSEI/extracted/Raw/Videos/Full/Combined/uogwnZGb-iE.mp4,/root/autodl-tmp/data/datasets/baidupcs/CMU-MOSEI/extracted/Raw/Audio/Full/WAV_16000/uogwnZGb-iE.wav,/root/autodl-tmp/data/datasets/baidupcs/CMU-MOSEI/extracted/Raw/Labels/extreme_sentiment_results.csv#6,0.00,0.00,en,high,high,high,true,true,0,1,,,positive,/root/autodl-tmp/data/datasets/baidupcs/CMU-MOSEI/extracted/Raw/Labels/extreme_sentiment_results.csv#uogwnZGb-iE/6
EAQ005827,MOSEI,unknown,MOSEI/Gljee9uq_Rc/15,/root/autodl-tmp/data/datasets/baidupcs/CMU-MOSEI/extracted/Raw/Videos/Full/Combined/Gljee9uq_Rc.mp4,/root/autodl-tmp/data/datasets/baidupcs/CMU-MOSEI/extracted/Raw/Audio/Full/WAV_16000/Gljee9uq_Rc.wav,/root/autodl-tmp/data/datasets/baidupcs/CMU-MOSEI/extracted/Raw/Labels/extreme_sentiment_results.csv#15,0.00,0.00,en,high,high,high,true,true,0,-2,,,negative,/root/autodl-tmp/data/datasets/baidupcs/CMU-MOSEI/extracted/Raw/Labels/extreme_sentiment_results.csv#Gljee9uq_Rc/15
EAQ005828,MOSEI,unknown,MOSEI/TH32jop4FiI/14,/root/autodl-tmp/data/datasets/baidupcs/CMU-MOSEI/extracted/Raw/Videos/Full/Combined/TH32jop4FiI.mp4,/root/autodl-tmp/data/datasets/baidupcs/CMU-MOSEI/extracted/Raw/Audio/Full/WAV_16000/TH32jop4FiI.wav,/root/autodl-tmp/data/datasets/baidupcs/CMU-MOSEI/extracted/Raw/Labels/extreme_sentiment_results.csv#14,0.00,0.00,en,high,high,high,true,true,1,-2,,,negative,/root/autodl-tmp/data/datasets/baidupcs/CMU-MOSEI/extracted/Raw/Labels/extreme_sentiment_results.csv#TH32jop4FiI/14
EAQ005829,MOSEI,unknown,MOSEI/4dV3slGSc60/11,/root/autodl-tmp/data/datasets/baidupcs/CMU-MOSEI/extracted/Raw/Videos/Full/Combined/4dV3slGSc60.mp4,/root/autodl-tmp/data/datasets/baidupcs/CMU-MOSEI/extracted/Raw/Audio/Full/WAV_16000/4dV3slGSc60.wav,/root/autodl-tmp/data/datasets/baidupcs/CMU-MOSEI/extracted/Raw/Labels/extreme_sentiment_results.csv#11,0.00,0.00,en,high,high,high,true,true,0,0,,,neutral,/root/autodl-tmp/data/datasets/baidupcs/CMU-MOSEI/extracted/Raw/Labels/extreme_sentiment_results.csv#4dV3slGSc60/11
EAQ005830,MOSEI,unknown,MOSEI/cZDAM6NjBzE/11,/root/autodl-tmp/data/datasets/baidupcs/CMU-MOSEI/extracted/Raw/Videos/Full/Combined/cZDAM6NjBzE.mp4,/root/autodl-tmp/data/datasets/baidupcs/CMU-MOSEI/extracted/Raw/Audio/Full/WAV_16000/cZDAM6NjBzE.wav,/root/autodl-tmp/data/datasets/baidupcs/CMU-MOSEI/extracted/Raw/Labels/extreme_sentiment_results.csv#11,0.00,0.00,en,high,high,high,true,true,0,2,,,positive,/root/autodl-tmp/data/datasets/baidupcs/CMU-MOSEI/extracted/Raw/Labels/extreme_sentiment_results.csv#cZDAM6NjBzE/11
EAQ005831,MOSEI,unknown,MOSEI/zJWmmDk9fCE/0,/root/autodl-tmp/data/datasets/baidupcs/CMU-MOSEI/extracted/Raw/Videos/Full/Combined/zJWmmDk9fCE.mp4,/root/autodl-tmp/data/datasets/baidupcs/CMU-MOSEI/extracted/Raw/Audio/Full/WAV_16000/zJWmmDk9fCE.wav,/root/autodl-tmp/data/datasets/baidupcs/CMU-MOSEI/extracted/Raw/Labels/extreme_sentiment_results.csv#0,0.00,0.00,en,high,high,high,true,true,0,0,,,neutral,/root/autodl-tmp/data/datasets/baidupcs/CMU-MOSEI/extracted/Raw/Labels/extreme_sentiment_results.csv#zJWmmDk9fCE/0
EAQ005832,MOSEI,unknown,MOSEI/ejDe6hQWZOk/7,/root/autodl-tmp/data/datasets/baidupcs/CMU-MOSEI/extracted/Raw/Videos/Full/Combined/ejDe6hQWZOk.mp4,/root/autodl-tmp/data/datasets/baidupcs/CMU-MOSEI/extracted/Raw/Audio/Full/WAV_16000/ejDe6hQWZOk.wav,/root/autodl-tmp/data/datasets/baidupcs/CMU-MOSEI/extracted/Raw/Labels/extreme_sentiment_results.csv#7,0.00,0.00,en,high,high,high,true,true,0,0,,,neutral,/root/autodl-tmp/data/datasets/baidupcs/CMU-MOSEI/extracted/Raw/Labels/extreme_sentiment_results.csv#ejDe6hQWZOk/7
EAQ005833,MOSEI,unknown,MOSEI/Xx7Y2YIbleA/4,/root/autodl-tmp/data/datasets/baidupcs/CMU-MOSEI/extracted/Raw/Videos/Full/Combined/Xx7Y2YIbleA.mp4,/root/autodl-tmp/data/datasets/baidupcs/CMU-MOSEI/extracted/Raw/Audio/Full/WAV_16000/Xx7Y2YIbleA.wav,/root/autodl-tmp/data/datasets/baidupcs/CMU-MOSEI/extracted/Raw/Labels/extreme_sentiment_results.csv#4,0.00,0.00,en,high,high,high,true,true,0,1,,,positive,/root/autodl-tmp/data/datasets/baidupcs/CMU-MOSEI/extracted/Raw/Labels/extreme_sentiment_results.csv#Xx7Y2YIbleA/4
EAQ005834,MOSEI,unknown,MOSEI/uu1FqsR7JV0/5,/root/autodl-tmp/data/datasets/baidupcs/CMU-MOSEI/extracted/Raw/Videos/Full/Combined/uu1FqsR7JV0.mp4,/root/autodl-tmp/data/datasets/baidupcs/CMU-MOSEI/extracted/Raw/Audio/Full/WAV_16000/uu1FqsR7JV0.wav,/root/autodl-tmp/data/datasets/baidupcs/CMU-MOSEI/extracted/Raw/Labels/extreme_sentiment_results.csv#5,0.00,0.00,en,high,high,high,true,true,0,0,,,neutral,/root/autodl-tmp/data/datasets/baidupcs/CMU-MOSEI/extracted/Raw/Labels/extreme_sentiment_results.csv#uu1FqsR7JV0/5
EAQ005835,MOSEI,unknown,MOSEI/2S00zYaVrtc/16,/root/autodl-tmp/data/datasets/baidupcs/CMU-MOSEI/extracted/Raw/Videos/Full/Combined/2S00zYaVrtc.mp4,/root/autodl-tmp/data/datasets/baidupcs/CMU-MOSEI/extracted/Raw/Audio/Full/WAV_16000/2S00zYaVrtc.wav,/root/autodl-tmp/data/datasets/baidupcs/CMU-MOSEI/extracted/Raw/Labels/extreme_sentiment_results.csv#16,0.00,0.00,en,high,high,high,true,true,0,0,,,neutral,/root/autodl-tmp/data/datasets/baidupcs/CMU-MOSEI/extracted/Raw/Labels/extreme_sentiment_results.csv#2S00zYaVrtc/16
EAQ005836,MOSEI,unknown,MOSEI/McnbZjgCPLw/18,/root/autodl-tmp/data/datasets/baidupcs/CMU-MOSEI/extracted/Raw/Videos/Full/Combined/McnbZjgCPLw.mp4,/root/autodl-tmp/data/datasets/baidupcs/CMU-MOSEI/extracted/Raw/Audio/Full/WAV_16000/McnbZjgCPLw.wav,/root/autodl-tmp/data/datasets/baidupcs/CMU-MOSEI/extracted/Raw/Labels/extreme_sentiment_results.csv#18,0.00,0.00,en,high,high,high,true,true,0,0,,,neutral,/root/autodl-tmp/data/datasets/baidupcs/CMU-MOSEI/extracted/Raw/Labels/extreme_sentiment_results.csv#McnbZjgCPLw/18
EAQ005837,MOSEI,unknown,MOSEI/zrFZAofNGi4/14,/root/autodl-tmp/data/datasets/baidupcs/CMU-MOSEI/extracted/Raw/Videos/Full/Combined/zrFZAofNGi4.mp4,/root/autodl-tmp/data/datasets/baidupcs/CMU-MOSEI/extracted/Raw/Audio/Full/WAV_16000/zrFZAofNGi4.wav,/root/autodl-tmp/data/datasets/baidupcs/CMU-MOSEI/extracted/Raw/Labels/extreme_sentiment_results.csv#14,0.00,0.00,en,high,high,high,true,true,0,-1,,,negative,/root/autodl-tmp/data/datasets/baidupcs/CMU-MOSEI/extracted/Raw/Labels/extreme_sentiment_results.csv#zrFZAofNGi4/14
EAQ005838,MOSEI,unknown,MOSEI/MWCNzYUCys0/6,/root/autodl-tmp/data/datasets/baidupcs/CMU-MOSEI/extracted/Raw/Videos/Full/Combined/MWCNzYUCys0.mp4,/root/autodl-tmp/data/datasets/baidupcs/CMU-MOSEI/extracted/Raw/Audio/Full/WAV_16000/MWCNzYUCys0.wav,/root/autodl-tmp/data/datasets/baidupcs/CMU-MOSEI/extracted/Raw/Labels/extreme_sentiment_results.csv#6,0.00,0.00,en,high,high,high,true,true,0,-2,,,negative,/root/autodl-tmp/data/datasets/baidupcs/CMU-MOSEI/extracted/Raw/Labels/extreme_sentiment_results.csv#MWCNzYUCys0/6
EAQ005839,MOSEI,unknown,MOSEI/m-7yRWZLwLY/3,/root/autodl-tmp/data/datasets/baidupcs/CMU-MOSEI/extracted/Raw/Videos/Full/Combined/m-7yRWZLwLY.mp4,/root/autodl-tmp/data/datasets/baidupcs/CMU-MOSEI/extracted/Raw/Audio/Full/WAV_16000/m-7yRWZLwLY.wav,/root/autodl-tmp/data/datasets/baidupcs/CMU-MOSEI/extracted/Raw/Labels/extreme_sentiment_results.csv#3,0.00,0.00,en,high,high,high,true,true,0,2,,,positive,/root/autodl-tmp/data/datasets/baidupcs/CMU-MOSEI/extracted/Raw/Labels/extreme_sentiment_results.csv#m-7yRWZLwLY/3
EAQ005840,MOSEI,unknown,MOSEI/BBoe8-HWPSw/1,/root/autodl-tmp/data/datasets/baidupcs/CMU-MOSEI/extracted/Raw/Videos/Full/Combined/BBoe8-HWPSw.mp4,/root/autodl-tmp/data/datasets/baidupcs/CMU-MOSEI/extracted/Raw/Audio/Full/WAV_16000/BBoe8-HWPSw.wav,/root/autodl-tmp/data/datasets/baidupcs/CMU-MOSEI/extracted/Raw/Labels/extreme_sentiment_results.csv#1,0.00,0.00,en,high,high,high,true,true,0,1,,,positive,/root/autodl-tmp/data/datasets/baidupcs/CMU-MOSEI/extracted/Raw/Labels/extreme_sentiment_results.csv#BBoe8-HWPSw/1
EAQ005841,MOSEI,unknown,MOSEI/qszy_WSRFUM/10,/root/autodl-tmp/data/datasets/baidupcs/CMU-MOSEI/extracted/Raw/Videos/Full/Combined/qszy_WSRFUM.mp4,/root/autodl-tmp/data/datasets/baidupcs/CMU-MOSEI/extracted/Raw/Audio/Full/WAV_16000/qszy_WSRFUM.wav,/root/autodl-tmp/data/datasets/baidupcs/CMU-MOSEI/extracted/Raw/Labels/extreme_sentiment_results.csv#10,0.00,0.00,en,high,high,high,true,true,0,1,,,positive,/root/autodl-tmp/data/datasets/baidupcs/CMU-MOSEI/extracted/Raw/Labels/extreme_sentiment_results.csv#qszy_WSRFUM/10
EAQ005842,MOSEI,unknown,MOSEI/JATMzuV6sUE/2,/root/autodl-tmp/data/datasets/baidupcs/CMU-MOSEI/extracted/Raw/Videos/Full/Combined/JATMzuV6sUE.mp4,/root/autodl-tmp/data/datasets/baidupcs/CMU-MOSEI/extracted/Raw/Audio/Full/WAV_16000/JATMzuV6sUE.wav,/root/autodl-tmp/data/datasets/baidupcs/CMU-MOSEI/extracted/Raw/Labels/extreme_sentiment_results.csv#2,0.00,0.00,en,high,high,high,true,true,0,0,,,neutral,/root/autodl-tmp/data/datasets/baidupcs/CMU-MOSEI/extracted/Raw/Labels/extreme_sentiment_results.csv#JATMzuV6sUE/2
EAQ005843,MOSEI,unknown,MOSEI/PN3ApHIGopo/6,/root/autodl-tmp/data/datasets/baidupcs/CMU-MOSEI/extracted/Raw/Videos/Full/Combined/PN3ApHIGopo.mp4,/root/autodl-tmp/data/datasets/baidupcs/CMU-MOSEI/extracted/Raw/Audio/Full/WAV_16000/PN3ApHIGopo.wav,/root/autodl-tmp/data/datasets/baidupcs/CMU-MOSEI/extracted/Raw/Labels/extreme_sentiment_results.csv#6,0.00,0.00,en,high,high,high,true,true,0,1,,,positive,/root/autodl-tmp/data/datasets/baidupcs/CMU-MOSEI/extracted/Raw/Labels/extreme_sentiment_results.csv#PN3ApHIGopo/6
EAQ005844,MOSEI,unknown,MOSEI/3FpmKxZgihw/4,/root/autodl-tmp/data/datasets/baidupcs/CMU-MOSEI/extracted/Raw/Videos/Full/Combined/3FpmKxZgihw.mp4,/root/autodl-tmp/data/datasets/baidupcs/CMU-MOSEI/extracted/Raw/Audio/Full/WAV_16000/3FpmKxZgihw.wav,/root/autodl-tmp/data/datasets/baidupcs/CMU-MOSEI/extracted/Raw/Labels/extreme_sentiment_results.csv#4,0.00,0.00,en,high,high,high,true,true,0,0,,,neutral,/root/autodl-tmp/data/datasets/baidupcs/CMU-MOSEI/extracted/Raw/Labels/extreme_sentiment_results.csv#3FpmKxZgihw/4
EAQ005845,MOSEI,unknown,MOSEI/fOxg1NstCHA/4,/root/autodl-tmp/data/datasets/baidupcs/CMU-MOSEI/extracted/Raw/Videos/Full/Combined/fOxg1NstCHA.mp4,/root/autodl-tmp/data/datasets/baidupcs/CMU-MOSEI/extracted/Raw/Audio/Full/WAV_16000/fOxg1NstCHA.wav,/root/autodl-tmp/data/datasets/baidupcs/CMU-MOSEI/extracted/Raw/Labels/extreme_sentiment_results.csv#4,0.00,0.00,en,high,high,high,true,true,0,0,,,neutral,/root/autodl-tmp/data/datasets/baidupcs/CMU-MOSEI/extracted/Raw/Labels/extreme_sentiment_results.csv#fOxg1NstCHA/4
EAQ005846,MOSEI,unknown,MOSEI/IawsOlEKRf0/24,/root/autodl-tmp/data/datasets/baidupcs/CMU-MOSEI/extracted/Raw/Videos/Full/Combined/IawsOlEKRf0.mp4,/root/autodl-tmp/data/datasets/baidupcs/CMU-MOSEI/extracted/Raw/Audio/Full/WAV_16000/IawsOlEKRf0.wav,/root/autodl-tmp/data/datasets/baidupcs/CMU-MOSEI/extracted/Raw/Labels/extreme_sentiment_results.csv#24,0.00,0.00,en,high,high,high,true,true,0,2,,,positive,/root/autodl-tmp/data/datasets/baidupcs/CMU-MOSEI/extracted/Raw/Labels/extreme_sentiment_results.csv#IawsOlEKRf0/24
EAQ005847,MOSEI,unknown,MOSEI/emtvrtk-jsU/7,/root/autodl-tmp/data/datasets/baidupcs/CMU-MOSEI/extracted/Raw/Videos/Full/Combined/emtvrtk-jsU.mp4,/root/autodl-tmp/data/datasets/baidupcs/CMU-MOSEI/extracted/Raw/Audio/Full/WAV_16000/emtvrtk-jsU.wav,/root/autodl-tmp/data/datasets/baidupcs/CMU-MOSEI/extracted/Raw/Labels/extreme_sentiment_results.csv#7,0.00,0.00,en,high,high,high,true,true,0,0,,,neutral,/root/autodl-tmp/data/datasets/baidupcs/CMU-MOSEI/extracted/Raw/Labels/extreme_sentiment_results.csv#emtvrtk-jsU/7
EAQ005848,MOSEI,unknown,MOSEI/FR0B64ID-hA/6,/root/autodl-tmp/data/datasets/baidupcs/CMU-MOSEI/extracted/Raw/Videos/Full/Combined/FR0B64ID-hA.mp4,/root/autodl-tmp/data/datasets/baidupcs/CMU-MOSEI/extracted/Raw/Audio/Full/WAV_16000/FR0B64ID-hA.wav,/root/autodl-tmp/data/datasets/baidupcs/CMU-MOSEI/extracted/Raw/Labels/extreme_sentiment_results.csv#6,0.00,0.00,en,high,high,high,true,true,0,2,,,positive,/root/autodl-tmp/data/datasets/baidupcs/CMU-MOSEI/extracted/Raw/Labels/extreme_sentiment_results.csv#FR0B64ID-hA/6
EAQ005849,MOSEI,unknown,MOSEI/qszy_WSRFUM/1,/root/autodl-tmp/data/datasets/baidupcs/CMU-MOSEI/extracted/Raw/Videos/Full/Combined/qszy_WSRFUM.mp4,/root/autodl-tmp/data/datasets/baidupcs/CMU-MOSEI/extracted/Raw/Audio/Full/WAV_16000/qszy_WSRFUM.wav,/root/autodl-tmp/data/datasets/baidupcs/CMU-MOSEI/extracted/Raw/Labels/extreme_sentiment_results.csv#1,0.00,0.00,en,high,high,high,true,true,0,0,,,neutral,/root/autodl-tmp/data/datasets/baidupcs/CMU-MOSEI/extracted/Raw/Labels/extreme_sentiment_results.csv#qszy_WSRFUM/1
EAQ005850,MOSEI,unknown,MOSEI/FJgO-FICHlA/4,/root/autodl-tmp/data/datasets/baidupcs/CMU-MOSEI/extracted/Raw/Videos/Full/Combined/FJgO-FICHlA.mp4,/root/autodl-tmp/data/datasets/baidupcs/CMU-MOSEI/extracted/Raw/Audio/Full/WAV_16000/FJgO-FICHlA.wav,/root/autodl-tmp/data/datasets/baidupcs/CMU-MOSEI/extracted/Raw/Labels/extreme_sentiment_results.csv#4,0.00,0.00,en,high,high,high,true,true,1,0,,,neutral,/root/autodl-tmp/data/datasets/baidupcs/CMU-MOSEI/extracted/Raw/Labels/extreme_sentiment_results.csv#FJgO-FICHlA/4
EAQ005851,MOSEI,unknown,MOSEI/3VsrcbjPwZY/0,/root/autodl-tmp/data/datasets/baidupcs/CMU-MOSEI/extracted/Raw/Videos/Full/Combined/3VsrcbjPwZY.mp4,/root/autodl-tmp/data/datasets/baidupcs/CMU-MOSEI/extracted/Raw/Audio/Full/WAV_16000/3VsrcbjPwZY.wav,/root/autodl-tmp/data/datasets/baidupcs/CMU-MOSEI/extracted/Raw/Labels/extreme_sentiment_results.csv#0,0.00,0.00,en,high,high,high,true,true,1,0,,,neutral,/root/autodl-tmp/data/datasets/baidupcs/CMU-MOSEI/extracted/Raw/Labels/extreme_sentiment_results.csv#3VsrcbjPwZY/0
EAQ005852,MOSEI,unknown,MOSEI/TXCXFYIc3Yo/7,/root/autodl-tmp/data/datasets/baidupcs/CMU-MOSEI/extracted/Raw/Videos/Full/Combined/TXCXFYIc3Yo.mp4,/root/autodl-tmp/data/datasets/baidupcs/CMU-MOSEI/extracted/Raw/Audio/Full/WAV_16000/TXCXFYIc3Yo.wav,/root/autodl-tmp/data/datasets/baidupcs/CMU-MOSEI/extracted/Raw/Labels/extreme_sentiment_results.csv#7,0.00,0.00,en,high,high,high,true,true,0,2,,,positive,/root/autodl-tmp/data/datasets/baidupcs/CMU-MOSEI/extracted/Raw/Labels/extreme_sentiment_results.csv#TXCXFYIc3Yo/7
EAQ005853,MOSEI,unknown,MOSEI/7Vp6Lvin1rA/15,/root/autodl-tmp/data/datasets/baidupcs/CMU-MOSEI/extracted/Raw/Videos/Full/Combined/7Vp6Lvin1rA.mp4,/root/autodl-tmp/data/datasets/baidupcs/CMU-MOSEI/extracted/Raw/Audio/Full/WAV_16000/7Vp6Lvin1rA.wav,/root/autodl-tmp/data/datasets/baidupcs/CMU-MOSEI/extracted/Raw/Labels/extreme_sentiment_results.csv#15,0.00,0.00,en,high,high,high,true,true,0,2,,,positive,/root/autodl-tmp/data/datasets/baidupcs/CMU-MOSEI/extracted/Raw/Labels/extreme_sentiment_results.csv#7Vp6Lvin1rA/15
EAQ005854,MOSEI,unknown,MOSEI/gcGZp9JX_qE/8,/root/autodl-tmp/data/datasets/baidupcs/CMU-MOSEI/extracted/Raw/Videos/Full/Combined/gcGZp9JX_qE.mp4,/root/autodl-tmp/data/datasets/baidupcs/CMU-MOSEI/extracted/Raw/Audio/Full/WAV_16000/gcGZp9JX_qE.wav,/root/autodl-tmp/data/datasets/baidupcs/CMU-MOSEI/extracted/Raw/Labels/extreme_sentiment_results.csv#8,0.00,0.00,en,high,high,high,true,true,0,0,,,neutral,/root/autodl-tmp/data/datasets/baidupcs/CMU-MOSEI/extracted/Raw/Labels/extreme_sentiment_results.csv#gcGZp9JX_qE/8
EAQ005855,MOSEI,unknown,MOSEI/Oa2xVjzAMFc/3,/root/autodl-tmp/data/datasets/baidupcs/CMU-MOSEI/extracted/Raw/Videos/Full/Combined/Oa2xVjzAMFc.mp4,/root/autodl-tmp/data/datasets/baidupcs/CMU-MOSEI/extracted/Raw/Audio/Full/WAV_16000/Oa2xVjzAMFc.wav,/root/autodl-tmp/data/datasets/baidupcs/CMU-MOSEI/extracted/Raw/Labels/extreme_sentiment_results.csv#3,0.00,0.00,en,high,high,high,true,true,0,0,,,neutral,/root/autodl-tmp/data/datasets/baidupcs/CMU-MOSEI/extracted/Raw/Labels/extreme_sentiment_results.csv#Oa2xVjzAMFc/3
EAQ005856,MOSEI,unknown,MOSEI/21Kxt5L9OBE/3,/root/autodl-tmp/data/datasets/baidupcs/CMU-MOSEI/extracted/Raw/Videos/Full/Combined/21Kxt5L9OBE.mp4,/root/autodl-tmp/data/datasets/baidupcs/CMU-MOSEI/extracted/Raw/Audio/Full/WAV_16000/21Kxt5L9OBE.wav,/root/autodl-tmp/data/datasets/baidupcs/CMU-MOSEI/extracted/Raw/Labels/extreme_sentiment_results.csv#3,0.00,0.00,en,high,high,high,true,true,0,1,,,positive,/root/autodl-tmp/data/datasets/baidupcs/CMU-MOSEI/extracted/Raw/Labels/extreme_sentiment_results.csv#21Kxt5L9OBE/3
EAQ005857,MOSEI,unknown,MOSEI/FqEekswKPWE/1,/root/autodl-tmp/data/datasets/baidupcs/CMU-MOSEI/extracted/Raw/Videos/Full/Combined/FqEekswKPWE.mp4,/root/autodl-tmp/data/datasets/baidupcs/CMU-MOSEI/extracted/Raw/Audio/Full/WAV_16000/FqEekswKPWE.wav,/root/autodl-tmp/data/datasets/baidupcs/CMU-MOSEI/extracted/Raw/Labels/extreme_sentiment_results.csv#1,0.00,0.00,en,high,high,high,true,true,0,0,,,neutral,/root/autodl-tmp/data/datasets/baidupcs/CMU-MOSEI/extracted/Raw/Labels/extreme_sentiment_results.csv#FqEekswKPWE/1
EAQ005858,MOSEI,unknown,MOSEI/dDFyJp_OkeA/4,/root/autodl-tmp/data/datasets/baidupcs/CMU-MOSEI/extracted/Raw/Videos/Full/Combined/dDFyJp_OkeA.mp4,/root/autodl-tmp/data/datasets/baidupcs/CMU-MOSEI/extracted/Raw/Audio/Full/WAV_16000/dDFyJp_OkeA.wav,/root/autodl-tmp/data/datasets/baidupcs/CMU-MOSEI/extracted/Raw/Labels/extreme_sentiment_results.csv#4,0.00,0.00,en,high,high,high,true,true,0,1,,,positive,/root/autodl-tmp/data/datasets/baidupcs/CMU-MOSEI/extracted/Raw/Labels/extreme_sentiment_results.csv#dDFyJp_OkeA/4
EAQ005859,MOSEI,unknown,MOSEI/oZkWWCQw2Js/11,/root/autodl-tmp/data/datasets/baidupcs/CMU-MOSEI/extracted/Raw/Videos/Full/Combined/oZkWWCQw2Js.mp4,/root/autodl-tmp/data/datasets/baidupcs/CMU-MOSEI/extracted/Raw/Audio/Full/WAV_16000/oZkWWCQw2Js.wav,/root/autodl-tmp/data/datasets/baidupcs/CMU-MOSEI/extracted/Raw/Labels/extreme_sentiment_results.csv#11,0.00,0.00,en,high,high,high,true,true,0,0,,,neutral,/root/autodl-tmp/data/datasets/baidupcs/CMU-MOSEI/extracted/Raw/Labels/extreme_sentiment_results.csv#oZkWWCQw2Js/11
EAQ005860,MOSEI,unknown,MOSEI/OHWyYVux-yw/8,/root/autodl-tmp/data/datasets/baidupcs/CMU-MOSEI/extracted/Raw/Videos/Full/Combined/OHWyYVux-yw.mp4,/root/autodl-tmp/data/datasets/baidupcs/CMU-MOSEI/extracted/Raw/Audio/Full/WAV_16000/OHWyYVux-yw.wav,/root/autodl-tmp/data/datasets/baidupcs/CMU-MOSEI/extracted/Raw/Labels/extreme_sentiment_results.csv#8,0.00,0.00,en,high,high,high,true,true,0,0,,,neutral,/root/autodl-tmp/data/datasets/baidupcs/CMU-MOSEI/extracted/Raw/Labels/extreme_sentiment_results.csv#OHWyYVux-yw/8
EAQ005861,MOSEI,unknown,MOSEI/bdtwQxwySN0/18,/root/autodl-tmp/data/datasets/baidupcs/CMU-MOSEI/extracted/Raw/Videos/Full/Combined/bdtwQxwySN0.mp4,/root/autodl-tmp/data/datasets/baidupcs/CMU-MOSEI/extracted/Raw/Audio/Full/WAV_16000/bdtwQxwySN0.wav,/root/autodl-tmp/data/datasets/baidupcs/CMU-MOSEI/extracted/Raw/Labels/extreme_sentiment_results.csv#18,0.00,0.00,en,high,high,high,true,true,1,-1,,,negative,/root/autodl-tmp/data/datasets/baidupcs/CMU-MOSEI/extracted/Raw/Labels/extreme_sentiment_results.csv#bdtwQxwySN0/18
EAQ005862,MOSEI,unknown,MOSEI/gL8h7lOPv1Q/10,/root/autodl-tmp/data/datasets/baidupcs/CMU-MOSEI/extracted/Raw/Videos/Full/Combined/gL8h7lOPv1Q.mp4,/root/autodl-tmp/data/datasets/baidupcs/CMU-MOSEI/extracted/Raw/Audio/Full/WAV_16000/gL8h7lOPv1Q.wav,/root/autodl-tmp/data/datasets/baidupcs/CMU-MOSEI/extracted/Raw/Labels/extreme_sentiment_results.csv#10,0.00,0.00,en,high,high,high,true,true,0,0,,,neutral,/root/autodl-tmp/data/datasets/baidupcs/CMU-MOSEI/extracted/Raw/Labels/extreme_sentiment_results.csv#gL8h7lOPv1Q/10
EAQ005863,MOSEI,unknown,MOSEI/cKUPgzZu-Fk/7,/root/autodl-tmp/data/datasets/baidupcs/CMU-MOSEI/extracted/Raw/Videos/Full/Combined/cKUPgzZu-Fk.mp4,/root/autodl-tmp/data/datasets/baidupcs/CMU-MOSEI/extracted/Raw/Audio/Full/WAV_16000/cKUPgzZu-Fk.wav,/root/autodl-tmp/data/datasets/baidupcs/CMU-MOSEI/extracted/Raw/Labels/extreme_sentiment_results.csv#7,0.00,0.00,en,high,high,high,true,true,1,0,,,neutral,/root/autodl-tmp/data/datasets/baidupcs/CMU-MOSEI/extracted/Raw/Labels/extreme_sentiment_results.csv#cKUPgzZu-Fk/7
EAQ005864,MOSEI,unknown,MOSEI/n5J1ZkGUGnU/4,/root/autodl-tmp/data/datasets/baidupcs/CMU-MOSEI/extracted/Raw/Videos/Full/Combined/n5J1ZkGUGnU.mp4,/root/autodl-tmp/data/datasets/baidupcs/CMU-MOSEI/extracted/Raw/Audio/Full/WAV_16000/n5J1ZkGUGnU.wav,/root/autodl-tmp/data/datasets/baidupcs/CMU-MOSEI/extracted/Raw/Labels/extreme_sentiment_results.csv#4,0.00,0.00,en,high,high,high,true,true,0,0,,,neutral,/root/autodl-tmp/data/datasets/baidupcs/CMU-MOSEI/extracted/Raw/Labels/extreme_sentiment_results.csv#n5J1ZkGUGnU/4
EAQ005865,MOSEI,unknown,MOSEI/zJWmmDk9fCE/10,/root/autodl-tmp/data/datasets/baidupcs/CMU-MOSEI/extracted/Raw/Videos/Full/Combined/zJWmmDk9fCE.mp4,/root/autodl-tmp/data/datasets/baidupcs/CMU-MOSEI/extracted/Raw/Audio/Full/WAV_16000/zJWmmDk9fCE.wav,/root/autodl-tmp/data/datasets/baidupcs/CMU-MOSEI/extracted/Raw/Labels/extreme_sentiment_results.csv#10,0.00,0.00,en,high,high,high,true,true,0,1,,,positive,/root/autodl-tmp/data/datasets/baidupcs/CMU-MOSEI/extracted/Raw/Labels/extreme_sentiment_results.csv#zJWmmDk9fCE/10
EAQ005866,MOSEI,unknown,MOSEI/TfBVq9oWBmM/1,/root/autodl-tmp/data/datasets/baidupcs/CMU-MOSEI/extracted/Raw/Videos/Full/Combined/TfBVq9oWBmM.mp4,/root/autodl-tmp/data/datasets/baidupcs/CMU-MOSEI/extracted/Raw/Audio/Full/WAV_16000/TfBVq9oWBmM.wav,/root/autodl-tmp/data/datasets/baidupcs/CMU-MOSEI/extracted/Raw/Labels/extreme_sentiment_results.csv#1,0.00,0.00,en,high,high,high,true,true,0,0,,,neutral,/root/autodl-tmp/data/datasets/baidupcs/CMU-MOSEI/extracted/Raw/Labels/extreme_sentiment_results.csv#TfBVq9oWBmM/1
EAQ005867,MOSEI,unknown,MOSEI/f49boM5fb8U/2,/root/autodl-tmp/data/datasets/baidupcs/CMU-MOSEI/extracted/Raw/Videos/Full/Combined/f49boM5fb8U.mp4,/root/autodl-tmp/data/datasets/baidupcs/CMU-MOSEI/extracted/Raw/Audio/Full/WAV_16000/f49boM5fb8U.wav,/root/autodl-tmp/data/datasets/baidupcs/CMU-MOSEI/extracted/Raw/Labels/extreme_sentiment_results.csv#2,0.00,0.00,en,high,high,high,true,true,0,0,,,neutral,/root/autodl-tmp/data/datasets/baidupcs/CMU-MOSEI/extracted/Raw/Labels/extreme_sentiment_results.csv#f49boM5fb8U/2
EAQ005868,MOSEI,unknown,MOSEI/rC29Qub0U7A/0,/root/autodl-tmp/data/datasets/baidupcs/CMU-MOSEI/extracted/Raw/Videos/Full/Combined/rC29Qub0U7A.mp4,/root/autodl-tmp/data/datasets/baidupcs/CMU-MOSEI/extracted/Raw/Audio/Full/WAV_16000/rC29Qub0U7A.wav,/root/autodl-tmp/data/datasets/baidupcs/CMU-MOSEI/extracted/Raw/Labels/extreme_sentiment_results.csv#0,0.00,0.00,en,high,high,high,true,true,0,0,,,neutral,/root/autodl-tmp/data/datasets/baidupcs/CMU-MOSEI/extracted/Raw/Labels/extreme_sentiment_results.csv#rC29Qub0U7A/0
EAQ005869,MOSEI,unknown,MOSEI/xwvSYhQrHoA/0,/root/autodl-tmp/data/datasets/baidupcs/CMU-MOSEI/extracted/Raw/Videos/Full/Combined/xwvSYhQrHoA.mp4,/root/autodl-tmp/data/datasets/baidupcs/CMU-MOSEI/extracted/Raw/Audio/Full/WAV_16000/xwvSYhQrHoA.wav,/root/autodl-tmp/data/datasets/baidupcs/CMU-MOSEI/extracted/Raw/Labels/extreme_sentiment_results.csv#0,0.00,0.00,en,high,high,high,true,true,0,0,,,neutral,/root/autodl-tmp/data/datasets/baidupcs/CMU-MOSEI/extracted/Raw/Labels/extreme_sentiment_results.csv#xwvSYhQrHoA/0
EAQ005870,MOSEI,unknown,MOSEI/Yi6Qyn4X8is/10,/root/autodl-tmp/data/datasets/baidupcs/CMU-MOSEI/extracted/Raw/Videos/Full/Combined/Yi6Qyn4X8is.mp4,/root/autodl-tmp/data/datasets/baidupcs/CMU-MOSEI/extracted/Raw/Audio/Full/WAV_16000/Yi6Qyn4X8is.wav,/root/autodl-tmp/data/datasets/baidupcs/CMU-MOSEI/extracted/Raw/Labels/extreme_sentiment_results.csv#10,0.00,0.00,en,high,high,high,true,true,0,0,,,neutral,/root/autodl-tmp/data/datasets/baidupcs/CMU-MOSEI/extracted/Raw/Labels/extreme_sentiment_results.csv#Yi6Qyn4X8is/10
EAQ005871,MOSEI,unknown,MOSEI/1k7br8xXMSU/4,/root/autodl-tmp/data/datasets/baidupcs/CMU-MOSEI/extracted/Raw/Videos/Full/Combined/1k7br8xXMSU.mp4,/root/autodl-tmp/data/datasets/baidupcs/CMU-MOSEI/extracted/Raw/Audio/Full/WAV_16000/1k7br8xXMSU.wav,/root/autodl-tmp/data/datasets/baidupcs/CMU-MOSEI/extracted/Raw/Labels/extreme_sentiment_results.csv#4,0.00,0.00,en,high,high,high,true,true,0,1,,,positive,/root/autodl-tmp/data/datasets/baidupcs/CMU-MOSEI/extracted/Raw/Labels/extreme_sentiment_results.csv#1k7br8xXMSU/4
EAQ005872,MOSEI,unknown,MOSEI/G4HMKRdIva0/6,/root/autodl-tmp/data/datasets/baidupcs/CMU-MOSEI/extracted/Raw/Videos/Full/Combined/G4HMKRdIva0.mp4,/root/autodl-tmp/data/datasets/baidupcs/CMU-MOSEI/extracted/Raw/Audio/Full/WAV_16000/G4HMKRdIva0.wav,/root/autodl-tmp/data/datasets/baidupcs/CMU-MOSEI/extracted/Raw/Labels/extreme_sentiment_results.csv#6,0.00,0.00,en,high,high,high,true,true,1,-1,,,negative,/root/autodl-tmp/data/datasets/baidupcs/CMU-MOSEI/extracted/Raw/Labels/extreme_sentiment_results.csv#G4HMKRdIva0/6
EAQ005873,MOSEI,unknown,MOSEI/u9ZV8jb_-U0/0,/root/autodl-tmp/data/datasets/baidupcs/CMU-MOSEI/extracted/Raw/Videos/Full/Combined/u9ZV8jb_-U0.mp4,/root/autodl-tmp/data/datasets/baidupcs/CMU-MOSEI/extracted/Raw/Audio/Full/WAV_16000/u9ZV8jb_-U0.wav,/root/autodl-tmp/data/datasets/baidupcs/CMU-MOSEI/extracted/Raw/Labels/extreme_sentiment_results.csv#0,0.00,0.00,en,high,high,high,true,true,0,-3,,,negative,/root/autodl-tmp/data/datasets/baidupcs/CMU-MOSEI/extracted/Raw/Labels/extreme_sentiment_results.csv#u9ZV8jb_-U0/0
EAQ005874,MOSEI,unknown,MOSEI/EEjCkc82oyk/0,/root/autodl-tmp/data/datasets/baidupcs/CMU-MOSEI/extracted/Raw/Videos/Full/Combined/EEjCkc82oyk.mp4,/root/autodl-tmp/data/datasets/baidupcs/CMU-MOSEI/extracted/Raw/Audio/Full/WAV_16000/EEjCkc82oyk.wav,/root/autodl-tmp/data/datasets/baidupcs/CMU-MOSEI/extracted/Raw/Labels/extreme_sentiment_results.csv#0,0.00,0.00,en,high,high,high,true,true,3,0,,,neutral,/root/autodl-tmp/data/datasets/baidupcs/CMU-MOSEI/extracted/Raw/Labels/extreme_sentiment_results.csv#EEjCkc82oyk/0
EAQ005875,MOSEI,unknown,MOSEI/vbr3EA8cJTI/0,/root/autodl-tmp/data/datasets/baidupcs/CMU-MOSEI/extracted/Raw/Videos/Full/Combined/vbr3EA8cJTI.mp4,/root/autodl-tmp/data/datasets/baidupcs/CMU-MOSEI/extracted/Raw/Audio/Full/WAV_16000/vbr3EA8cJTI.wav,/root/autodl-tmp/data/datasets/baidupcs/CMU-MOSEI/extracted/Raw/Labels/extreme_sentiment_results.csv#0,0.00,0.00,en,high,high,high,true,true,0,1,,,positive,/root/autodl-tmp/data/datasets/baidupcs/CMU-MOSEI/extracted/Raw/Labels/extreme_sentiment_results.csv#vbr3EA8cJTI/0
EAQ005876,MOSEI,unknown,MOSEI/QDRtKv8PvFs/6,/root/autodl-tmp/data/datasets/baidupcs/CMU-MOSEI/extracted/Raw/Videos/Full/Combined/QDRtKv8PvFs.mp4,/root/autodl-tmp/data/datasets/baidupcs/CMU-MOSEI/extracted/Raw/Audio/Full/WAV_16000/QDRtKv8PvFs.wav,/root/autodl-tmp/data/datasets/baidupcs/CMU-MOSEI/extracted/Raw/Labels/extreme_sentiment_results.csv#6,0.00,0.00,en,high,high,high,true,true,0,3,,,positive,/root/autodl-tmp/data/datasets/baidupcs/CMU-MOSEI/extracted/Raw/Labels/extreme_sentiment_results.csv#QDRtKv8PvFs/6
EAQ005877,MOSEI,unknown,MOSEI/VwvptdTkwEE/2,/root/autodl-tmp/data/datasets/baidupcs/CMU-MOSEI/extracted/Raw/Videos/Full/Combined/VwvptdTkwEE.mp4,/root/autodl-tmp/data/datasets/baidupcs/CMU-MOSEI/extracted/Raw/Audio/Full/WAV_16000/VwvptdTkwEE.wav,/root/autodl-tmp/data/datasets/baidupcs/CMU-MOSEI/extracted/Raw/Labels/extreme_sentiment_results.csv#2,0.00,0.00,en,high,high,high,true,true,0,0,,,neutral,/root/autodl-tmp/data/datasets/baidupcs/CMU-MOSEI/extracted/Raw/Labels/extreme_sentiment_results.csv#VwvptdTkwEE/2
EAQ005878,MOSEI,unknown,MOSEI/grePRQ8zonA/6,/root/autodl-tmp/data/datasets/baidupcs/CMU-MOSEI/extracted/Raw/Videos/Full/Combined/grePRQ8zonA.mp4,/root/autodl-tmp/data/datasets/baidupcs/CMU-MOSEI/extracted/Raw/Audio/Full/WAV_16000/grePRQ8zonA.wav,/root/autodl-tmp/data/datasets/baidupcs/CMU-MOSEI/extracted/Raw/Labels/extreme_sentiment_results.csv#6,0.00,0.00,en,high,high,high,true,true,0,3,,,positive,/root/autodl-tmp/data/datasets/baidupcs/CMU-MOSEI/extracted/Raw/Labels/extreme_sentiment_results.csv#grePRQ8zonA/6
EAQ005879,MOSEI,unknown,MOSEI/K5cGfs3i-tk/11,/root/autodl-tmp/data/datasets/baidupcs/CMU-MOSEI/extracted/Raw/Videos/Full/Combined/K5cGfs3i-tk.mp4,/root/autodl-tmp/data/datasets/baidupcs/CMU-MOSEI/extracted/Raw/Audio/Full/WAV_16000/K5cGfs3i-tk.wav,/root/autodl-tmp/data/datasets/baidupcs/CMU-MOSEI/extracted/Raw/Labels/extreme_sentiment_results.csv#11,0.00,0.00,en,high,high,high,true,true,0,1,,,positive,/root/autodl-tmp/data/datasets/baidupcs/CMU-MOSEI/extracted/Raw/Labels/extreme_sentiment_results.csv#K5cGfs3i-tk/11
EAQ005880,MOSEI,unknown,MOSEI/JwzxqrD8tIo/4,/root/autodl-tmp/data/datasets/baidupcs/CMU-MOSEI/extracted/Raw/Videos/Full/Combined/JwzxqrD8tIo.mp4,/root/autodl-tmp/data/datasets/baidupcs/CMU-MOSEI/extracted/Raw/Audio/Full/WAV_16000/JwzxqrD8tIo.wav,/root/autodl-tmp/data/datasets/baidupcs/CMU-MOSEI/extracted/Raw/Labels/extreme_sentiment_results.csv#4,0.00,0.00,en,high,high,high,true,true,0,-1,,,negative,/root/autodl-tmp/data/datasets/baidupcs/CMU-MOSEI/extracted/Raw/Labels/extreme_sentiment_results.csv#JwzxqrD8tIo/4
EAQ005881,MOSEI,unknown,MOSEI/QUpI5kMw_nA/17,/root/autodl-tmp/data/datasets/baidupcs/CMU-MOSEI/extracted/Raw/Videos/Full/Combined/QUpI5kMw_nA.mp4,/root/autodl-tmp/data/datasets/baidupcs/CMU-MOSEI/extracted/Raw/Audio/Full/WAV_16000/QUpI5kMw_nA.wav,/root/autodl-tmp/data/datasets/baidupcs/CMU-MOSEI/extracted/Raw/Labels/extreme_sentiment_results.csv#17,0.00,0.00,en,high,high,high,true,true,0,2,,,positive,/root/autodl-tmp/data/datasets/baidupcs/CMU-MOSEI/extracted/Raw/Labels/extreme_sentiment_results.csv#QUpI5kMw_nA/17
EAQ005882,MOSEI,unknown,MOSEI/DlbYiwOnTyk/4,/root/autodl-tmp/data/datasets/baidupcs/CMU-MOSEI/extracted/Raw/Videos/Full/Combined/DlbYiwOnTyk.mp4,/root/autodl-tmp/data/datasets/baidupcs/CMU-MOSEI/extracted/Raw/Audio/Full/WAV_16000/DlbYiwOnTyk.wav,/root/autodl-tmp/data/datasets/baidupcs/CMU-MOSEI/extracted/Raw/Labels/extreme_sentiment_results.csv#4,0.00,0.00,en,high,high,high,true,true,0,1,,,positive,/root/autodl-tmp/data/datasets/baidupcs/CMU-MOSEI/extracted/Raw/Labels/extreme_sentiment_results.csv#DlbYiwOnTyk/4
EAQ005883,MOSEI,unknown,MOSEI/TM7cHOHfF70/6,/root/autodl-tmp/data/datasets/baidupcs/CMU-MOSEI/extracted/Raw/Videos/Full/Combined/TM7cHOHfF70.mp4,/root/autodl-tmp/data/datasets/baidupcs/CMU-MOSEI/extracted/Raw/Audio/Full/WAV_16000/TM7cHOHfF70.wav,/root/autodl-tmp/data/datasets/baidupcs/CMU-MOSEI/extracted/Raw/Labels/extreme_sentiment_results.csv#6,0.00,0.00,en,high,high,high,true,true,0,-1,,,negative,/root/autodl-tmp/data/datasets/baidupcs/CMU-MOSEI/extracted/Raw/Labels/extreme_sentiment_results.csv#TM7cHOHfF70/6
EAQ005884,MOSEI,unknown,MOSEI/2mWPHvbKzL8/12,/root/autodl-tmp/data/datasets/baidupcs/CMU-MOSEI/extracted/Raw/Videos/Full/Combined/2mWPHvbKzL8.mp4,/root/autodl-tmp/data/datasets/baidupcs/CMU-MOSEI/extracted/Raw/Audio/Full/WAV_16000/2mWPHvbKzL8.wav,/root/autodl-tmp/data/datasets/baidupcs/CMU-MOSEI/extracted/Raw/Labels/extreme_sentiment_results.csv#12,0.00,0.00,en,high,high,high,true,true,0,0,,,neutral,/root/autodl-tmp/data/datasets/baidupcs/CMU-MOSEI/extracted/Raw/Labels/extreme_sentiment_results.csv#2mWPHvbKzL8/12
EAQ005885,MOSEI,unknown,MOSEI/ROC2YI3tDsk/2,/root/autodl-tmp/data/datasets/baidupcs/CMU-MOSEI/extracted/Raw/Videos/Full/Combined/ROC2YI3tDsk.mp4,/root/autodl-tmp/data/datasets/baidupcs/CMU-MOSEI/extracted/Raw/Audio/Full/WAV_16000/ROC2YI3tDsk.wav,/root/autodl-tmp/data/datasets/baidupcs/CMU-MOSEI/extracted/Raw/Labels/extreme_sentiment_results.csv#2,0.00,0.00,en,high,high,high,true,true,0,2,,,positive,/root/autodl-tmp/data/datasets/baidupcs/CMU-MOSEI/extracted/Raw/Labels/extreme_sentiment_results.csv#ROC2YI3tDsk/2
EAQ005886,MOSEI,unknown,MOSEI/3n44IP3tCVE/8,/root/autodl-tmp/data/datasets/baidupcs/CMU-MOSEI/extracted/Raw/Videos/Full/Combined/3n44IP3tCVE.mp4,/root/autodl-tmp/data/datasets/baidupcs/CMU-MOSEI/extracted/Raw/Audio/Full/WAV_16000/3n44IP3tCVE.wav,/root/autodl-tmp/data/datasets/baidupcs/CMU-MOSEI/extracted/Raw/Labels/extreme_sentiment_results.csv#8,0.00,0.00,en,high,high,high,true,true,0,2,,,positive,/root/autodl-tmp/data/datasets/baidupcs/CMU-MOSEI/extracted/Raw/Labels/extreme_sentiment_results.csv#3n44IP3tCVE/8
EAQ005887,MOSEI,unknown,MOSEI/yG3wpvLUQcg/9,/root/autodl-tmp/data/datasets/baidupcs/CMU-MOSEI/extracted/Raw/Videos/Full/Combined/yG3wpvLUQcg.mp4,/root/autodl-tmp/data/datasets/baidupcs/CMU-MOSEI/extracted/Raw/Audio/Full/WAV_16000/yG3wpvLUQcg.wav,/root/autodl-tmp/data/datasets/baidupcs/CMU-MOSEI/extracted/Raw/Labels/extreme_sentiment_results.csv#9,0.00,0.00,en,high,high,high,true,true,0,0,,,neutral,/root/autodl-tmp/data/datasets/baidupcs/CMU-MOSEI/extracted/Raw/Labels/extreme_sentiment_results.csv#yG3wpvLUQcg/9
EAQ005888,MOSEI,unknown,MOSEI/x266rUJQC_8/2,/root/autodl-tmp/data/datasets/baidupcs/CMU-MOSEI/extracted/Raw/Videos/Full/Combined/x266rUJQC_8.mp4,/root/autodl-tmp/data/datasets/baidupcs/CMU-MOSEI/extracted/Raw/Audio/Full/WAV_16000/x266rUJQC_8.wav,/root/autodl-tmp/data/datasets/baidupcs/CMU-MOSEI/extracted/Raw/Labels/extreme_sentiment_results.csv#2,0.00,0.00,en,high,high,high,true,true,0,-2,,,negative,/root/autodl-tmp/data/datasets/baidupcs/CMU-MOSEI/extracted/Raw/Labels/extreme_sentiment_results.csv#x266rUJQC_8/2
EAQ005889,MOSEI,unknown,MOSEI/HS-2vVP95u8/4,/root/autodl-tmp/data/datasets/baidupcs/CMU-MOSEI/extracted/Raw/Videos/Full/Combined/HS-2vVP95u8.mp4,/root/autodl-tmp/data/datasets/baidupcs/CMU-MOSEI/extracted/Raw/Audio/Full/WAV_16000/HS-2vVP95u8.wav,/root/autodl-tmp/data/datasets/baidupcs/CMU-MOSEI/extracted/Raw/Labels/extreme_sentiment_results.csv#4,0.00,0.00,en,high,high,high,true,true,0,1,,,positive,/root/autodl-tmp/data/datasets/baidupcs/CMU-MOSEI/extracted/Raw/Labels/extreme_sentiment_results.csv#HS-2vVP95u8/4
EAQ005890,MOSEI,unknown,MOSEI/mNurUl_Q2UY/4,/root/autodl-tmp/data/datasets/baidupcs/CMU-MOSEI/extracted/Raw/Videos/Full/Combined/mNurUl_Q2UY.mp4,/root/autodl-tmp/data/datasets/baidupcs/CMU-MOSEI/extracted/Raw/Audio/Full/WAV_16000/mNurUl_Q2UY.wav,/root/autodl-tmp/data/datasets/baidupcs/CMU-MOSEI/extracted/Raw/Labels/extreme_sentiment_results.csv#4,0.00,0.00,en,high,high,high,true,true,0,0,,,neutral,/root/autodl-tmp/data/datasets/baidupcs/CMU-MOSEI/extracted/Raw/Labels/extreme_sentiment_results.csv#mNurUl_Q2UY/4
EAQ005891,MOSEI,unknown,MOSEI/_0efYOjQYRc/3,/root/autodl-tmp/data/datasets/baidupcs/CMU-MOSEI/extracted/Raw/Videos/Full/Combined/_0efYOjQYRc.mp4,/root/autodl-tmp/data/datasets/baidupcs/CMU-MOSEI/extracted/Raw/Audio/Full/WAV_16000/_0efYOjQYRc.wav,/root/autodl-tmp/data/datasets/baidupcs/CMU-MOSEI/extracted/Raw/Labels/extreme_sentiment_results.csv#3,0.00,0.00,en,high,high,high,true,true,0,0,,,neutral,/root/autodl-tmp/data/datasets/baidupcs/CMU-MOSEI/extracted/Raw/Labels/extreme_sentiment_results.csv#_0efYOjQYRc/3
EAQ005892,MOSEI,unknown,MOSEI/t0Wi5Nb6kbI/7,/root/autodl-tmp/data/datasets/baidupcs/CMU-MOSEI/extracted/Raw/Videos/Full/Combined/t0Wi5Nb6kbI.mp4,/root/autodl-tmp/data/datasets/baidupcs/CMU-MOSEI/extracted/Raw/Audio/Full/WAV_16000/t0Wi5Nb6kbI.wav,/root/autodl-tmp/data/datasets/baidupcs/CMU-MOSEI/extracted/Raw/Labels/extreme_sentiment_results.csv#7,0.00,0.00,en,high,high,high,true,true,0,0,,,neutral,/root/autodl-tmp/data/datasets/baidupcs/CMU-MOSEI/extracted/Raw/Labels/extreme_sentiment_results.csv#t0Wi5Nb6kbI/7
EAQ005893,MOSEI,unknown,MOSEI/X2leyjuolDM/14,/root/autodl-tmp/data/datasets/baidupcs/CMU-MOSEI/extracted/Raw/Videos/Full/Combined/X2leyjuolDM.mp4,/root/autodl-tmp/data/datasets/baidupcs/CMU-MOSEI/extracted/Raw/Audio/Full/WAV_16000/X2leyjuolDM.wav,/root/autodl-tmp/data/datasets/baidupcs/CMU-MOSEI/extracted/Raw/Labels/extreme_sentiment_results.csv#14,0.00,0.00,en,high,high,high,true,true,0,2,,,positive,/root/autodl-tmp/data/datasets/baidupcs/CMU-MOSEI/extracted/Raw/Labels/extreme_sentiment_results.csv#X2leyjuolDM/14
EAQ005894,MOSEI,unknown,MOSEI/WoL4fCxGd8Q/15,/root/autodl-tmp/data/datasets/baidupcs/CMU-MOSEI/extracted/Raw/Videos/Full/Combined/WoL4fCxGd8Q.mp4,/root/autodl-tmp/data/datasets/baidupcs/CMU-MOSEI/extracted/Raw/Audio/Full/WAV_16000/WoL4fCxGd8Q.wav,/root/autodl-tmp/data/datasets/baidupcs/CMU-MOSEI/extracted/Raw/Labels/extreme_sentiment_results.csv#15,0.00,0.00,en,high,high,high,true,true,0,-1,,,negative,/root/autodl-tmp/data/datasets/baidupcs/CMU-MOSEI/extracted/Raw/Labels/extreme_sentiment_results.csv#WoL4fCxGd8Q/15
EAQ005895,MOSEI,unknown,MOSEI/l4oMbKDuW3Y/3,/root/autodl-tmp/data/datasets/baidupcs/CMU-MOSEI/extracted/Raw/Videos/Full/Combined/l4oMbKDuW3Y.mp4,/root/autodl-tmp/data/datasets/baidupcs/CMU-MOSEI/extracted/Raw/Audio/Full/WAV_16000/l4oMbKDuW3Y.wav,/root/autodl-tmp/data/datasets/baidupcs/CMU-MOSEI/extracted/Raw/Labels/extreme_sentiment_results.csv#3,0.00,0.00,en,high,high,high,true,true,0,-2,,,negative,/root/autodl-tmp/data/datasets/baidupcs/CMU-MOSEI/extracted/Raw/Labels/extreme_sentiment_results.csv#l4oMbKDuW3Y/3
EAQ005896,MOSEI,unknown,MOSEI/GkoBk5K-FH0/3,/root/autodl-tmp/data/datasets/baidupcs/CMU-MOSEI/extracted/Raw/Videos/Full/Combined/GkoBk5K-FH0.mp4,/root/autodl-tmp/data/datasets/baidupcs/CMU-MOSEI/extracted/Raw/Audio/Full/WAV_16000/GkoBk5K-FH0.wav,/root/autodl-tmp/data/datasets/baidupcs/CMU-MOSEI/extracted/Raw/Labels/extreme_sentiment_results.csv#3,0.00,0.00,en,high,high,high,true,true,0,0,,,neutral,/root/autodl-tmp/data/datasets/baidupcs/CMU-MOSEI/extracted/Raw/Labels/extreme_sentiment_results.csv#GkoBk5K-FH0/3
EAQ005897,MOSEI,unknown,MOSEI/6slq62RwH3Q/7,/root/autodl-tmp/data/datasets/baidupcs/CMU-MOSEI/extracted/Raw/Videos/Full/Combined/6slq62RwH3Q.mp4,/root/autodl-tmp/data/datasets/baidupcs/CMU-MOSEI/extracted/Raw/Audio/Full/WAV_16000/6slq62RwH3Q.wav,/root/autodl-tmp/data/datasets/baidupcs/CMU-MOSEI/extracted/Raw/Labels/extreme_sentiment_results.csv#7,0.00,0.00,en,high,high,high,true,true,0,2,,,positive,/root/autodl-tmp/data/datasets/baidupcs/CMU-MOSEI/extracted/Raw/Labels/extreme_sentiment_results.csv#6slq62RwH3Q/7
EAQ005898,MOSEI,unknown,MOSEI/2HP4KedfmSc/9,/root/autodl-tmp/data/datasets/baidupcs/CMU-MOSEI/extracted/Raw/Videos/Full/Combined/2HP4KedfmSc.mp4,/root/autodl-tmp/data/datasets/baidupcs/CMU-MOSEI/extracted/Raw/Audio/Full/WAV_16000/2HP4KedfmSc.wav,/root/autodl-tmp/data/datasets/baidupcs/CMU-MOSEI/extracted/Raw/Labels/extreme_sentiment_results.csv#9,0.00,0.00,en,high,high,high,true,true,0,2,,,positive,/root/autodl-tmp/data/datasets/baidupcs/CMU-MOSEI/extracted/Raw/Labels/extreme_sentiment_results.csv#2HP4KedfmSc/9
EAQ005899,MOSEI,unknown,MOSEI/8X5tGQLBqPo/5,/root/autodl-tmp/data/datasets/baidupcs/CMU-MOSEI/extracted/Raw/Videos/Full/Combined/8X5tGQLBqPo.mp4,/root/autodl-tmp/data/datasets/baidupcs/CMU-MOSEI/extracted/Raw/Audio/Full/WAV_16000/8X5tGQLBqPo.wav,/root/autodl-tmp/data/datasets/baidupcs/CMU-MOSEI/extracted/Raw/Labels/extreme_sentiment_results.csv#5,0.00,0.00,en,high,high,high,true,true,0,0,,,neutral,/root/autodl-tmp/data/datasets/baidupcs/CMU-MOSEI/extracted/Raw/Labels/extreme_sentiment_results.csv#8X5tGQLBqPo/5
EAQ005900,MOSEI,unknown,MOSEI/kyPepNmxaj8/2,/root/autodl-tmp/data/datasets/baidupcs/CMU-MOSEI/extracted/Raw/Videos/Full/Combined/kyPepNmxaj8.mp4,/root/autodl-tmp/data/datasets/baidupcs/CMU-MOSEI/extracted/Raw/Audio/Full/WAV_16000/kyPepNmxaj8.wav,/root/autodl-tmp/data/datasets/baidupcs/CMU-MOSEI/extracted/Raw/Labels/extreme_sentiment_results.csv#2,0.00,0.00,en,high,high,high,true,true,0,0,,,neutral,/root/autodl-tmp/data/datasets/baidupcs/CMU-MOSEI/extracted/Raw/Labels/extreme_sentiment_results.csv#kyPepNmxaj8/2
EAQ005901,MOSEI,unknown,MOSEI/H4RysMUSQD8/11,/root/autodl-tmp/data/datasets/baidupcs/CMU-MOSEI/extracted/Raw/Videos/Full/Combined/H4RysMUSQD8.mp4,/root/autodl-tmp/data/datasets/baidupcs/CMU-MOSEI/extracted/Raw/Audio/Full/WAV_16000/H4RysMUSQD8.wav,/root/autodl-tmp/data/datasets/baidupcs/CMU-MOSEI/extracted/Raw/Labels/extreme_sentiment_results.csv#11,0.00,0.00,en,high,high,high,true,true,0,2,,,positive,/root/autodl-tmp/data/datasets/baidupcs/CMU-MOSEI/extracted/Raw/Labels/extreme_sentiment_results.csv#H4RysMUSQD8/11
EAQ005902,MOSEI,unknown,MOSEI/dHk--ExZbHs/14,/root/autodl-tmp/data/datasets/baidupcs/CMU-MOSEI/extracted/Raw/Videos/Full/Combined/dHk--ExZbHs.mp4,/root/autodl-tmp/data/datasets/baidupcs/CMU-MOSEI/extracted/Raw/Audio/Full/WAV_16000/dHk--ExZbHs.wav,/root/autodl-tmp/data/datasets/baidupcs/CMU-MOSEI/extracted/Raw/Labels/extreme_sentiment_results.csv#14,0.00,0.00,en,high,high,high,true,true,0,0,,,neutral,/root/autodl-tmp/data/datasets/baidupcs/CMU-MOSEI/extracted/Raw/Labels/extreme_sentiment_results.csv#dHk--ExZbHs/14
EAQ005903,MOSEI,unknown,MOSEI/PyQrAYl1bFs/4,/root/autodl-tmp/data/datasets/baidupcs/CMU-MOSEI/extracted/Raw/Videos/Full/Combined/PyQrAYl1bFs.mp4,/root/autodl-tmp/data/datasets/baidupcs/CMU-MOSEI/extracted/Raw/Audio/Full/WAV_16000/PyQrAYl1bFs.wav,/root/autodl-tmp/data/datasets/baidupcs/CMU-MOSEI/extracted/Raw/Labels/extreme_sentiment_results.csv#4,0.00,0.00,en,high,high,high,true,true,0,0,,,neutral,/root/autodl-tmp/data/datasets/baidupcs/CMU-MOSEI/extracted/Raw/Labels/extreme_sentiment_results.csv#PyQrAYl1bFs/4
EAQ005904,MOSEI,unknown,MOSEI/ERnYvxojeu0/4,/root/autodl-tmp/data/datasets/baidupcs/CMU-MOSEI/extracted/Raw/Videos/Full/Combined/ERnYvxojeu0.mp4,/root/autodl-tmp/data/datasets/baidupcs/CMU-MOSEI/extracted/Raw/Audio/Full/WAV_16000/ERnYvxojeu0.wav,/root/autodl-tmp/data/datasets/baidupcs/CMU-MOSEI/extracted/Raw/Labels/extreme_sentiment_results.csv#4,0.00,0.00,en,high,high,high,true,true,0,0,,,neutral,/root/autodl-tmp/data/datasets/baidupcs/CMU-MOSEI/extracted/Raw/Labels/extreme_sentiment_results.csv#ERnYvxojeu0/4
EAQ005905,MOSEI,unknown,MOSEI/SH0OYx3fR7s/0,/root/autodl-tmp/data/datasets/baidupcs/CMU-MOSEI/extracted/Raw/Videos/Full/Combined/SH0OYx3fR7s.mp4,/root/autodl-tmp/data/datasets/baidupcs/CMU-MOSEI/extracted/Raw/Audio/Full/WAV_16000/SH0OYx3fR7s.wav,/root/autodl-tmp/data/datasets/baidupcs/CMU-MOSEI/extracted/Raw/Labels/extreme_sentiment_results.csv#0,0.00,0.00,en,high,high,high,true,true,0,0,,,neutral,/root/autodl-tmp/data/datasets/baidupcs/CMU-MOSEI/extracted/Raw/Labels/extreme_sentiment_results.csv#SH0OYx3fR7s/0
EAQ005906,MOSEI,unknown,MOSEI/qP4uuMI-JSk/3,/root/autodl-tmp/data/datasets/baidupcs/CMU-MOSEI/extracted/Raw/Videos/Full/Combined/qP4uuMI-JSk.mp4,/root/autodl-tmp/data/datasets/baidupcs/CMU-MOSEI/extracted/Raw/Audio/Full/WAV_16000/qP4uuMI-JSk.wav,/root/autodl-tmp/data/datasets/baidupcs/CMU-MOSEI/extracted/Raw/Labels/extreme_sentiment_results.csv#3,0.00,0.00,en,high,high,high,true,true,0,0,,,neutral,/root/autodl-tmp/data/datasets/baidupcs/CMU-MOSEI/extracted/Raw/Labels/extreme_sentiment_results.csv#qP4uuMI-JSk/3
EAQ005907,MOSEI,unknown,MOSEI/ITQTVfk9Iqo/11,/root/autodl-tmp/data/datasets/baidupcs/CMU-MOSEI/extracted/Raw/Videos/Full/Combined/ITQTVfk9Iqo.mp4,/root/autodl-tmp/data/datasets/baidupcs/CMU-MOSEI/extracted/Raw/Audio/Full/WAV_16000/ITQTVfk9Iqo.wav,/root/autodl-tmp/data/datasets/baidupcs/CMU-MOSEI/extracted/Raw/Labels/extreme_sentiment_results.csv#11,0.00,0.00,en,high,high,high,true,true,0,0,,,neutral,/root/autodl-tmp/data/datasets/baidupcs/CMU-MOSEI/extracted/Raw/Labels/extreme_sentiment_results.csv#ITQTVfk9Iqo/11
EAQ005908,MOSEI,unknown,MOSEI/jzNIU-w0MVo/16,/root/autodl-tmp/data/datasets/baidupcs/CMU-MOSEI/extracted/Raw/Videos/Full/Combined/jzNIU-w0MVo.mp4,/root/autodl-tmp/data/datasets/baidupcs/CMU-MOSEI/extracted/Raw/Audio/Full/WAV_16000/jzNIU-w0MVo.wav,/root/autodl-tmp/data/datasets/baidupcs/CMU-MOSEI/extracted/Raw/Labels/extreme_sentiment_results.csv#16,0.00,0.00,en,high,high,high,true,true,0,1,,,positive,/root/autodl-tmp/data/datasets/baidupcs/CMU-MOSEI/extracted/Raw/Labels/extreme_sentiment_results.csv#jzNIU-w0MVo/16
EAQ005909,MOSEI,unknown,MOSEI/YB9EUgrzCCo/7,/root/autodl-tmp/data/datasets/baidupcs/CMU-MOSEI/extracted/Raw/Videos/Full/Combined/YB9EUgrzCCo.mp4,/root/autodl-tmp/data/datasets/baidupcs/CMU-MOSEI/extracted/Raw/Audio/Full/WAV_16000/YB9EUgrzCCo.wav,/root/autodl-tmp/data/datasets/baidupcs/CMU-MOSEI/extracted/Raw/Labels/extreme_sentiment_results.csv#7,0.00,0.00,en,high,high,high,true,true,1,-2,,,negative,/root/autodl-tmp/data/datasets/baidupcs/CMU-MOSEI/extracted/Raw/Labels/extreme_sentiment_results.csv#YB9EUgrzCCo/7
EAQ005910,MOSEI,unknown,MOSEI/4iG0ffmnCOw/6,/root/autodl-tmp/data/datasets/baidupcs/CMU-MOSEI/extracted/Raw/Videos/Full/Combined/4iG0ffmnCOw.mp4,/root/autodl-tmp/data/datasets/baidupcs/CMU-MOSEI/extracted/Raw/Audio/Full/WAV_16000/4iG0ffmnCOw.wav,/root/autodl-tmp/data/datasets/baidupcs/CMU-MOSEI/extracted/Raw/Labels/extreme_sentiment_results.csv#6,0.00,0.00,en,high,high,high,true,true,0,0,,,neutral,/root/autodl-tmp/data/datasets/baidupcs/CMU-MOSEI/extracted/Raw/Labels/extreme_sentiment_results.csv#4iG0ffmnCOw/6
EAQ005911,MOSEI,unknown,MOSEI/aKPfbyW-Qxw/8,/root/autodl-tmp/data/datasets/baidupcs/CMU-MOSEI/extracted/Raw/Videos/Full/Combined/aKPfbyW-Qxw.mp4,/root/autodl-tmp/data/datasets/baidupcs/CMU-MOSEI/extracted/Raw/Audio/Full/WAV_16000/aKPfbyW-Qxw.wav,/root/autodl-tmp/data/datasets/baidupcs/CMU-MOSEI/extracted/Raw/Labels/extreme_sentiment_results.csv#8,0.00,0.00,en,high,high,high,true,true,0,0,,,neutral,/root/autodl-tmp/data/datasets/baidupcs/CMU-MOSEI/extracted/Raw/Labels/extreme_sentiment_results.csv#aKPfbyW-Qxw/8
EAQ005912,MOSEI,unknown,MOSEI/OIJr0voCvVQ/5,/root/autodl-tmp/data/datasets/baidupcs/CMU-MOSEI/extracted/Raw/Videos/Full/Combined/OIJr0voCvVQ.mp4,/root/autodl-tmp/data/datasets/baidupcs/CMU-MOSEI/extracted/Raw/Audio/Full/WAV_16000/OIJr0voCvVQ.wav,/root/autodl-tmp/data/datasets/baidupcs/CMU-MOSEI/extracted/Raw/Labels/extreme_sentiment_results.csv#5,0.00,0.00,en,high,high,high,true,true,0,0,,,neutral,/root/autodl-tmp/data/datasets/baidupcs/CMU-MOSEI/extracted/Raw/Labels/extreme_sentiment_results.csv#OIJr0voCvVQ/5
EAQ005913,MOSEI,unknown,MOSEI/q17gSr9kNww/5,/root/autodl-tmp/data/datasets/baidupcs/CMU-MOSEI/extracted/Raw/Videos/Full/Combined/q17gSr9kNww.mp4,/root/autodl-tmp/data/datasets/baidupcs/CMU-MOSEI/extracted/Raw/Audio/Full/WAV_16000/q17gSr9kNww.wav,/root/autodl-tmp/data/datasets/baidupcs/CMU-MOSEI/extracted/Raw/Labels/extreme_sentiment_results.csv#5,0.00,0.00,en,high,high,high,true,true,0,0,,,neutral,/root/autodl-tmp/data/datasets/baidupcs/CMU-MOSEI/extracted/Raw/Labels/extreme_sentiment_results.csv#q17gSr9kNww/5
EAQ005914,MOSEI,unknown,MOSEI/4lKz4xyCmkk/14,/root/autodl-tmp/data/datasets/baidupcs/CMU-MOSEI/extracted/Raw/Videos/Full/Combined/4lKz4xyCmkk.mp4,/root/autodl-tmp/data/datasets/baidupcs/CMU-MOSEI/extracted/Raw/Audio/Full/WAV_16000/4lKz4xyCmkk.wav,/root/autodl-tmp/data/datasets/baidupcs/CMU-MOSEI/extracted/Raw/Labels/extreme_sentiment_results.csv#14,0.00,0.00,en,high,high,high,true,true,0,0,,,neutral,/root/autodl-tmp/data/datasets/baidupcs/CMU-MOSEI/extracted/Raw/Labels/extreme_sentiment_results.csv#4lKz4xyCmkk/14
EAQ005915,MOSEI,unknown,MOSEI/BTjV5dU_rfY/1,/root/autodl-tmp/data/datasets/baidupcs/CMU-MOSEI/extracted/Raw/Videos/Full/Combined/BTjV5dU_rfY.mp4,/root/autodl-tmp/data/datasets/baidupcs/CMU-MOSEI/extracted/Raw/Audio/Full/WAV_16000/BTjV5dU_rfY.wav,/root/autodl-tmp/data/datasets/baidupcs/CMU-MOSEI/extracted/Raw/Labels/extreme_sentiment_results.csv#1,0.00,0.00,en,high,high,high,true,true,0,2,,,positive,/root/autodl-tmp/data/datasets/baidupcs/CMU-MOSEI/extracted/Raw/Labels/extreme_sentiment_results.csv#BTjV5dU_rfY/1
EAQ005916,MOSEI,unknown,MOSEI/We5nTulz1Vs/4,/root/autodl-tmp/data/datasets/baidupcs/CMU-MOSEI/extracted/Raw/Videos/Full/Combined/We5nTulz1Vs.mp4,/root/autodl-tmp/data/datasets/baidupcs/CMU-MOSEI/extracted/Raw/Audio/Full/WAV_16000/We5nTulz1Vs.wav,/root/autodl-tmp/data/datasets/baidupcs/CMU-MOSEI/extracted/Raw/Labels/extreme_sentiment_results.csv#4,0.00,0.00,en,high,high,high,true,true,2,-2,,,negative,/root/autodl-tmp/data/datasets/baidupcs/CMU-MOSEI/extracted/Raw/Labels/extreme_sentiment_results.csv#We5nTulz1Vs/4
EAQ005917,MOSEI,unknown,MOSEI/URP2YlSNuZ4/6,/root/autodl-tmp/data/datasets/baidupcs/CMU-MOSEI/extracted/Raw/Videos/Full/Combined/URP2YlSNuZ4.mp4,/root/autodl-tmp/data/datasets/baidupcs/CMU-MOSEI/extracted/Raw/Audio/Full/WAV_16000/URP2YlSNuZ4.wav,/root/autodl-tmp/data/datasets/baidupcs/CMU-MOSEI/extracted/Raw/Labels/extreme_sentiment_results.csv#6,0.00,0.00,en,high,high,high,true,true,0,0,,,neutral,/root/autodl-tmp/data/datasets/baidupcs/CMU-MOSEI/extracted/Raw/Labels/extreme_sentiment_results.csv#URP2YlSNuZ4/6
EAQ005918,MOSEI,unknown,MOSEI/SwT0gh0V8fI/13,/root/autodl-tmp/data/datasets/baidupcs/CMU-MOSEI/extracted/Raw/Videos/Full/Combined/SwT0gh0V8fI.mp4,/root/autodl-tmp/data/datasets/baidupcs/CMU-MOSEI/extracted/Raw/Audio/Full/WAV_16000/SwT0gh0V8fI.wav,/root/autodl-tmp/data/datasets/baidupcs/CMU-MOSEI/extracted/Raw/Labels/extreme_sentiment_results.csv#13,0.00,0.00,en,high,high,high,true,true,0,1,,,positive,/root/autodl-tmp/data/datasets/baidupcs/CMU-MOSEI/extracted/Raw/Labels/extreme_sentiment_results.csv#SwT0gh0V8fI/13
EAQ005919,MOSEI,unknown,MOSEI/I9iV9q3ePhI/7,/root/autodl-tmp/data/datasets/baidupcs/CMU-MOSEI/extracted/Raw/Videos/Full/Combined/I9iV9q3ePhI.mp4,/root/autodl-tmp/data/datasets/baidupcs/CMU-MOSEI/extracted/Raw/Audio/Full/WAV_16000/I9iV9q3ePhI.wav,/root/autodl-tmp/data/datasets/baidupcs/CMU-MOSEI/extracted/Raw/Labels/extreme_sentiment_results.csv#7,0.00,0.00,en,high,high,high,true,true,0,0,,,neutral,/root/autodl-tmp/data/datasets/baidupcs/CMU-MOSEI/extracted/Raw/Labels/extreme_sentiment_results.csv#I9iV9q3ePhI/7
EAQ005920,MOSEI,unknown,MOSEI/13JpsLvddoY/5,/root/autodl-tmp/data/datasets/baidupcs/CMU-MOSEI/extracted/Raw/Videos/Full/Combined/13JpsLvddoY.mp4,/root/autodl-tmp/data/datasets/baidupcs/CMU-MOSEI/extracted/Raw/Audio/Full/WAV_16000/13JpsLvddoY.wav,/root/autodl-tmp/data/datasets/baidupcs/CMU-MOSEI/extracted/Raw/Labels/extreme_sentiment_results.csv#5,0.00,0.00,en,high,high,high,true,true,0,2,,,positive,/root/autodl-tmp/data/datasets/baidupcs/CMU-MOSEI/extracted/Raw/Labels/extreme_sentiment_results.csv#13JpsLvddoY/5
EAQ005921,MOSEI,unknown,MOSEI/_qVgNLJCYdA/7,/root/autodl-tmp/data/datasets/baidupcs/CMU-MOSEI/extracted/Raw/Videos/Full/Combined/_qVgNLJCYdA.mp4,/root/autodl-tmp/data/datasets/baidupcs/CMU-MOSEI/extracted/Raw/Audio/Full/WAV_16000/_qVgNLJCYdA.wav,/root/autodl-tmp/data/datasets/baidupcs/CMU-MOSEI/extracted/Raw/Labels/extreme_sentiment_results.csv#7,0.00,0.00,en,high,high,high,true,true,0,0,,,neutral,/root/autodl-tmp/data/datasets/baidupcs/CMU-MOSEI/extracted/Raw/Labels/extreme_sentiment_results.csv#_qVgNLJCYdA/7
EAQ005922,MOSEI,unknown,MOSEI/A8plGi4rbxM/0,/root/autodl-tmp/data/datasets/baidupcs/CMU-MOSEI/extracted/Raw/Videos/Full/Combined/A8plGi4rbxM.mp4,/root/autodl-tmp/data/datasets/baidupcs/CMU-MOSEI/extracted/Raw/Audio/Full/WAV_16000/A8plGi4rbxM.wav,/root/autodl-tmp/data/datasets/baidupcs/CMU-MOSEI/extracted/Raw/Labels/extreme_sentiment_results.csv#0,0.00,0.00,en,high,high,high,true,true,3,-3,,,negative,/root/autodl-tmp/data/datasets/baidupcs/CMU-MOSEI/extracted/Raw/Labels/extreme_sentiment_results.csv#A8plGi4rbxM/0
EAQ005923,MOSEI,unknown,MOSEI/_xjBqNfiEY4/1,/root/autodl-tmp/data/datasets/baidupcs/CMU-MOSEI/extracted/Raw/Videos/Full/Combined/_xjBqNfiEY4.mp4,/root/autodl-tmp/data/datasets/baidupcs/CMU-MOSEI/extracted/Raw/Audio/Full/WAV_16000/_xjBqNfiEY4.wav,/root/autodl-tmp/data/datasets/baidupcs/CMU-MOSEI/extracted/Raw/Labels/extreme_sentiment_results.csv#1,0.00,0.00,en,high,high,high,true,true,0,3,,,positive,/root/autodl-tmp/data/datasets/baidupcs/CMU-MOSEI/extracted/Raw/Labels/extreme_sentiment_results.csv#_xjBqNfiEY4/1
EAQ005924,MOSEI,unknown,MOSEI/esnOE1LefKA/1,/root/autodl-tmp/data/datasets/baidupcs/CMU-MOSEI/extracted/Raw/Videos/Full/Combined/esnOE1LefKA.mp4,/root/autodl-tmp/data/datasets/baidupcs/CMU-MOSEI/extracted/Raw/Audio/Full/WAV_16000/esnOE1LefKA.wav,/root/autodl-tmp/data/datasets/baidupcs/CMU-MOSEI/extracted/Raw/Labels/extreme_sentiment_results.csv#1,0.00,0.00,en,high,high,high,true,true,0,0,,,neutral,/root/autodl-tmp/data/datasets/baidupcs/CMU-MOSEI/extracted/Raw/Labels/extreme_sentiment_results.csv#esnOE1LefKA/1
EAQ005925,MOSEI,unknown,MOSEI/GUffC7vu9zA/43,/root/autodl-tmp/data/datasets/baidupcs/CMU-MOSEI/extracted/Raw/Videos/Full/Combined/GUffC7vu9zA.mp4,/root/autodl-tmp/data/datasets/baidupcs/CMU-MOSEI/extracted/Raw/Audio/Full/WAV_16000/GUffC7vu9zA.wav,/root/autodl-tmp/data/datasets/baidupcs/CMU-MOSEI/extracted/Raw/Labels/extreme_sentiment_results.csv#43,0.00,0.00,en,high,high,high,true,true,0,2,,,positive,/root/autodl-tmp/data/datasets/baidupcs/CMU-MOSEI/extracted/Raw/Labels/extreme_sentiment_results.csv#GUffC7vu9zA/43
EAQ005926,MOSEI,unknown,MOSEI/dHk--ExZbHs/6,/root/autodl-tmp/data/datasets/baidupcs/CMU-MOSEI/extracted/Raw/Videos/Full/Combined/dHk--ExZbHs.mp4,/root/autodl-tmp/data/datasets/baidupcs/CMU-MOSEI/extracted/Raw/Audio/Full/WAV_16000/dHk--ExZbHs.wav,/root/autodl-tmp/data/datasets/baidupcs/CMU-MOSEI/extracted/Raw/Labels/extreme_sentiment_results.csv#6,0.00,0.00,en,high,high,high,true,true,0,1,,,positive,/root/autodl-tmp/data/datasets/baidupcs/CMU-MOSEI/extracted/Raw/Labels/extreme_sentiment_results.csv#dHk--ExZbHs/6
EAQ005927,MOSEI,unknown,MOSEI/pVzHaakhKAw/5,/root/autodl-tmp/data/datasets/baidupcs/CMU-MOSEI/extracted/Raw/Videos/Full/Combined/pVzHaakhKAw.mp4,/root/autodl-tmp/data/datasets/baidupcs/CMU-MOSEI/extracted/Raw/Audio/Full/WAV_16000/pVzHaakhKAw.wav,/root/autodl-tmp/data/datasets/baidupcs/CMU-MOSEI/extracted/Raw/Labels/extreme_sentiment_results.csv#5,0.00,0.00,en,high,high,high,true,true,0,-2,,,negative,/root/autodl-tmp/data/datasets/baidupcs/CMU-MOSEI/extracted/Raw/Labels/extreme_sentiment_results.csv#pVzHaakhKAw/5
EAQ005928,MOSEI,unknown,MOSEI/i6UngvEEuNs/2,/root/autodl-tmp/data/datasets/baidupcs/CMU-MOSEI/extracted/Raw/Videos/Full/Combined/i6UngvEEuNs.mp4,/root/autodl-tmp/data/datasets/baidupcs/CMU-MOSEI/extracted/Raw/Audio/Full/WAV_16000/i6UngvEEuNs.wav,/root/autodl-tmp/data/datasets/baidupcs/CMU-MOSEI/extracted/Raw/Labels/extreme_sentiment_results.csv#2,0.00,0.00,en,high,high,high,true,true,0,-2,,,negative,/root/autodl-tmp/data/datasets/baidupcs/CMU-MOSEI/extracted/Raw/Labels/extreme_sentiment_results.csv#i6UngvEEuNs/2
EAQ005929,MOSEI,unknown,MOSEI/K1VeXZxR24U/7,/root/autodl-tmp/data/datasets/baidupcs/CMU-MOSEI/extracted/Raw/Videos/Full/Combined/K1VeXZxR24U.mp4,/root/autodl-tmp/data/datasets/baidupcs/CMU-MOSEI/extracted/Raw/Audio/Full/WAV_16000/K1VeXZxR24U.wav,/root/autodl-tmp/data/datasets/baidupcs/CMU-MOSEI/extracted/Raw/Labels/extreme_sentiment_results.csv#7,0.00,0.00,en,high,high,high,true,true,0,1,,,positive,/root/autodl-tmp/data/datasets/baidupcs/CMU-MOSEI/extracted/Raw/Labels/extreme_sentiment_results.csv#K1VeXZxR24U/7
EAQ005930,MOSEI,unknown,MOSEI/x92920ole0w/18,/root/autodl-tmp/data/datasets/baidupcs/CMU-MOSEI/extracted/Raw/Videos/Full/Combined/x92920ole0w.mp4,/root/autodl-tmp/data/datasets/baidupcs/CMU-MOSEI/extracted/Raw/Audio/Full/WAV_16000/x92920ole0w.wav,/root/autodl-tmp/data/datasets/baidupcs/CMU-MOSEI/extracted/Raw/Labels/extreme_sentiment_results.csv#18,0.00,0.00,en,high,high,high,true,true,0,0,,,neutral,/root/autodl-tmp/data/datasets/baidupcs/CMU-MOSEI/extracted/Raw/Labels/extreme_sentiment_results.csv#x92920ole0w/18
EAQ005931,MOSEI,unknown,MOSEI/gpn71-aKWwQ/1,/root/autodl-tmp/data/datasets/baidupcs/CMU-MOSEI/extracted/Raw/Videos/Full/Combined/gpn71-aKWwQ.mp4,/root/autodl-tmp/data/datasets/baidupcs/CMU-MOSEI/extracted/Raw/Audio/Full/WAV_16000/gpn71-aKWwQ.wav,/root/autodl-tmp/data/datasets/baidupcs/CMU-MOSEI/extracted/Raw/Labels/extreme_sentiment_results.csv#1,0.00,0.00,en,high,high,high,true,true,0,0,,,neutral,/root/autodl-tmp/data/datasets/baidupcs/CMU-MOSEI/extracted/Raw/Labels/extreme_sentiment_results.csv#gpn71-aKWwQ/1
EAQ005932,MOSEI,unknown,MOSEI/6E-yr6nPxGA/5,/root/autodl-tmp/data/datasets/baidupcs/CMU-MOSEI/extracted/Raw/Videos/Full/Combined/6E-yr6nPxGA.mp4,/root/autodl-tmp/data/datasets/baidupcs/CMU-MOSEI/extracted/Raw/Audio/Full/WAV_16000/6E-yr6nPxGA.wav,/root/autodl-tmp/data/datasets/baidupcs/CMU-MOSEI/extracted/Raw/Labels/extreme_sentiment_results.csv#5,0.00,0.00,en,high,high,high,true,true,0,0,,,neutral,/root/autodl-tmp/data/datasets/baidupcs/CMU-MOSEI/extracted/Raw/Labels/extreme_sentiment_results.csv#6E-yr6nPxGA/5
EAQ005933,MOSEI,unknown,MOSEI/p4WmcxrXkc4/4,/root/autodl-tmp/data/datasets/baidupcs/CMU-MOSEI/extracted/Raw/Videos/Full/Combined/p4WmcxrXkc4.mp4,/root/autodl-tmp/data/datasets/baidupcs/CMU-MOSEI/extracted/Raw/Audio/Full/WAV_16000/p4WmcxrXkc4.wav,/root/autodl-tmp/data/datasets/baidupcs/CMU-MOSEI/extracted/Raw/Labels/extreme_sentiment_results.csv#4,0.00,0.00,en,high,high,high,true,true,0,3,,,positive,/root/autodl-tmp/data/datasets/baidupcs/CMU-MOSEI/extracted/Raw/Labels/extreme_sentiment_results.csv#p4WmcxrXkc4/4
EAQ005934,MOSEI,unknown,MOSEI/DpZGnuj-BA8/4,/root/autodl-tmp/data/datasets/baidupcs/CMU-MOSEI/extracted/Raw/Videos/Full/Combined/DpZGnuj-BA8.mp4,/root/autodl-tmp/data/datasets/baidupcs/CMU-MOSEI/extracted/Raw/Audio/Full/WAV_16000/DpZGnuj-BA8.wav,/root/autodl-tmp/data/datasets/baidupcs/CMU-MOSEI/extracted/Raw/Labels/extreme_sentiment_results.csv#4,0.00,0.00,en,high,high,high,true,true,0,0,,,neutral,/root/autodl-tmp/data/datasets/baidupcs/CMU-MOSEI/extracted/Raw/Labels/extreme_sentiment_results.csv#DpZGnuj-BA8/4
EAQ005935,MOSEI,unknown,MOSEI/sMnbpyFqrlE/4,/root/autodl-tmp/data/datasets/baidupcs/CMU-MOSEI/extracted/Raw/Videos/Full/Combined/sMnbpyFqrlE.mp4,/root/autodl-tmp/data/datasets/baidupcs/CMU-MOSEI/extracted/Raw/Audio/Full/WAV_16000/sMnbpyFqrlE.wav,/root/autodl-tmp/data/datasets/baidupcs/CMU-MOSEI/extracted/Raw/Labels/extreme_sentiment_results.csv#4,0.00,0.00,en,high,high,high,true,true,0,0,,,neutral,/root/autodl-tmp/data/datasets/baidupcs/CMU-MOSEI/extracted/Raw/Labels/extreme_sentiment_results.csv#sMnbpyFqrlE/4
EAQ005936,MOSEI,unknown,MOSEI/qgC8_emxSIU/5,/root/autodl-tmp/data/datasets/baidupcs/CMU-MOSEI/extracted/Raw/Videos/Full/Combined/qgC8_emxSIU.mp4,/root/autodl-tmp/data/datasets/baidupcs/CMU-MOSEI/extracted/Raw/Audio/Full/WAV_16000/qgC8_emxSIU.wav,/root/autodl-tmp/data/datasets/baidupcs/CMU-MOSEI/extracted/Raw/Labels/extreme_sentiment_results.csv#5,0.00,0.00,en,high,high,high,true,true,1,0,,,neutral,/root/autodl-tmp/data/datasets/baidupcs/CMU-MOSEI/extracted/Raw/Labels/extreme_sentiment_results.csv#qgC8_emxSIU/5
EAQ005937,MOSEI,unknown,MOSEI/pQpy7RSfWzM/14,/root/autodl-tmp/data/datasets/baidupcs/CMU-MOSEI/extracted/Raw/Videos/Full/Combined/pQpy7RSfWzM.mp4,/root/autodl-tmp/data/datasets/baidupcs/CMU-MOSEI/extracted/Raw/Audio/Full/WAV_16000/pQpy7RSfWzM.wav,/root/autodl-tmp/data/datasets/baidupcs/CMU-MOSEI/extracted/Raw/Labels/extreme_sentiment_results.csv#14,0.00,0.00,en,high,high,high,true,true,0,-1,,,negative,/root/autodl-tmp/data/datasets/baidupcs/CMU-MOSEI/extracted/Raw/Labels/extreme_sentiment_results.csv#pQpy7RSfWzM/14
EAQ005938,MOSEI,unknown,MOSEI/d89Z_olwc2Y/12,/root/autodl-tmp/data/datasets/baidupcs/CMU-MOSEI/extracted/Raw/Videos/Full/Combined/d89Z_olwc2Y.mp4,/root/autodl-tmp/data/datasets/baidupcs/CMU-MOSEI/extracted/Raw/Audio/Full/WAV_16000/d89Z_olwc2Y.wav,/root/autodl-tmp/data/datasets/baidupcs/CMU-MOSEI/extracted/Raw/Labels/extreme_sentiment_results.csv#12,0.00,0.00,en,high,high,high,true,true,0,2,,,positive,/root/autodl-tmp/data/datasets/baidupcs/CMU-MOSEI/extracted/Raw/Labels/extreme_sentiment_results.csv#d89Z_olwc2Y/12
EAQ005939,MOSEI,unknown,MOSEI/pqAGD3ijMPw/8,/root/autodl-tmp/data/datasets/baidupcs/CMU-MOSEI/extracted/Raw/Videos/Full/Combined/pqAGD3ijMPw.mp4,/root/autodl-tmp/data/datasets/baidupcs/CMU-MOSEI/extracted/Raw/Audio/Full/WAV_16000/pqAGD3ijMPw.wav,/root/autodl-tmp/data/datasets/baidupcs/CMU-MOSEI/extracted/Raw/Labels/extreme_sentiment_results.csv#8,0.00,0.00,en,high,high,high,true,true,0,-2,,,negative,/root/autodl-tmp/data/datasets/baidupcs/CMU-MOSEI/extracted/Raw/Labels/extreme_sentiment_results.csv#pqAGD3ijMPw/8
EAQ005940,MOSEI,unknown,MOSEI/iFxFTtCQ6zA/6,/root/autodl-tmp/data/datasets/baidupcs/CMU-MOSEI/extracted/Raw/Videos/Full/Combined/iFxFTtCQ6zA.mp4,/root/autodl-tmp/data/datasets/baidupcs/CMU-MOSEI/extracted/Raw/Audio/Full/WAV_16000/iFxFTtCQ6zA.wav,/root/autodl-tmp/data/datasets/baidupcs/CMU-MOSEI/extracted/Raw/Labels/extreme_sentiment_results.csv#6,0.00,0.00,en,high,high,high,true,true,0,1,,,positive,/root/autodl-tmp/data/datasets/baidupcs/CMU-MOSEI/extracted/Raw/Labels/extreme_sentiment_results.csv#iFxFTtCQ6zA/6
EAQ005941,MOSEI,unknown,MOSEI/vGkIaClHKDg/7,/root/autodl-tmp/data/datasets/baidupcs/CMU-MOSEI/extracted/Raw/Videos/Full/Combined/vGkIaClHKDg.mp4,/root/autodl-tmp/data/datasets/baidupcs/CMU-MOSEI/extracted/Raw/Audio/Full/WAV_16000/vGkIaClHKDg.wav,/root/autodl-tmp/data/datasets/baidupcs/CMU-MOSEI/extracted/Raw/Labels/extreme_sentiment_results.csv#7,0.00,0.00,en,high,high,high,true,true,0,2,,,positive,/root/autodl-tmp/data/datasets/baidupcs/CMU-MOSEI/extracted/Raw/Labels/extreme_sentiment_results.csv#vGkIaClHKDg/7
EAQ005942,MOSEI,unknown,MOSEI/trQLgl6ncmk/2,/root/autodl-tmp/data/datasets/baidupcs/CMU-MOSEI/extracted/Raw/Videos/Full/Combined/trQLgl6ncmk.mp4,/root/autodl-tmp/data/datasets/baidupcs/CMU-MOSEI/extracted/Raw/Audio/Full/WAV_16000/trQLgl6ncmk.wav,/root/autodl-tmp/data/datasets/baidupcs/CMU-MOSEI/extracted/Raw/Labels/extreme_sentiment_results.csv#2,0.00,0.00,en,high,high,high,true,true,0,0,,,neutral,/root/autodl-tmp/data/datasets/baidupcs/CMU-MOSEI/extracted/Raw/Labels/extreme_sentiment_results.csv#trQLgl6ncmk/2
EAQ005943,MOSEI,unknown,MOSEI/c5zxqITn3ZM/5,/root/autodl-tmp/data/datasets/baidupcs/CMU-MOSEI/extracted/Raw/Videos/Full/Combined/c5zxqITn3ZM.mp4,/root/autodl-tmp/data/datasets/baidupcs/CMU-MOSEI/extracted/Raw/Audio/Full/WAV_16000/c5zxqITn3ZM.wav,/root/autodl-tmp/data/datasets/baidupcs/CMU-MOSEI/extracted/Raw/Labels/extreme_sentiment_results.csv#5,0.00,0.00,en,high,high,high,true,true,0,-1,,,negative,/root/autodl-tmp/data/datasets/baidupcs/CMU-MOSEI/extracted/Raw/Labels/extreme_sentiment_results.csv#c5zxqITn3ZM/5
EAQ005944,MOSEI,unknown,MOSEI/obGF3RfWQKE/16,/root/autodl-tmp/data/datasets/baidupcs/CMU-MOSEI/extracted/Raw/Videos/Full/Combined/obGF3RfWQKE.mp4,/root/autodl-tmp/data/datasets/baidupcs/CMU-MOSEI/extracted/Raw/Audio/Full/WAV_16000/obGF3RfWQKE.wav,/root/autodl-tmp/data/datasets/baidupcs/CMU-MOSEI/extracted/Raw/Labels/extreme_sentiment_results.csv#16,0.00,0.00,en,high,high,high,true,true,0,-1,,,negative,/root/autodl-tmp/data/datasets/baidupcs/CMU-MOSEI/extracted/Raw/Labels/extreme_sentiment_results.csv#obGF3RfWQKE/16
EAQ005945,MOSEI,unknown,MOSEI/GNP0PFas12Y/17,/root/autodl-tmp/data/datasets/baidupcs/CMU-MOSEI/extracted/Raw/Videos/Full/Combined/GNP0PFas12Y.mp4,/root/autodl-tmp/data/datasets/baidupcs/CMU-MOSEI/extracted/Raw/Audio/Full/WAV_16000/GNP0PFas12Y.wav,/root/autodl-tmp/data/datasets/baidupcs/CMU-MOSEI/extracted/Raw/Labels/extreme_sentiment_results.csv#17,0.00,0.00,en,high,high,high,true,true,3,0,,,neutral,/root/autodl-tmp/data/datasets/baidupcs/CMU-MOSEI/extracted/Raw/Labels/extreme_sentiment_results.csv#GNP0PFas12Y/17
EAQ005946,MOSEI,unknown,MOSEI/H-AJ-grXvgQ/13,/root/autodl-tmp/data/datasets/baidupcs/CMU-MOSEI/extracted/Raw/Videos/Full/Combined/H-AJ-grXvgQ.mp4,/root/autodl-tmp/data/datasets/baidupcs/CMU-MOSEI/extracted/Raw/Audio/Full/WAV_16000/H-AJ-grXvgQ.wav,/root/autodl-tmp/data/datasets/baidupcs/CMU-MOSEI/extracted/Raw/Labels/extreme_sentiment_results.csv#13,0.00,0.00,en,high,high,high,true,true,0,0,,,neutral,/root/autodl-tmp/data/datasets/baidupcs/CMU-MOSEI/extracted/Raw/Labels/extreme_sentiment_results.csv#H-AJ-grXvgQ/13
EAQ005947,MOSEI,unknown,MOSEI/nErOMpqvcRg/5,/root/autodl-tmp/data/datasets/baidupcs/CMU-MOSEI/extracted/Raw/Videos/Full/Combined/nErOMpqvcRg.mp4,/root/autodl-tmp/data/datasets/baidupcs/CMU-MOSEI/extracted/Raw/Audio/Full/WAV_16000/nErOMpqvcRg.wav,/root/autodl-tmp/data/datasets/baidupcs/CMU-MOSEI/extracted/Raw/Labels/extreme_sentiment_results.csv#5,0.00,0.00,en,high,high,high,true,true,0,2,,,positive,/root/autodl-tmp/data/datasets/baidupcs/CMU-MOSEI/extracted/Raw/Labels/extreme_sentiment_results.csv#nErOMpqvcRg/5
EAQ005948,MOSEI,unknown,MOSEI/3aD0xAgxxyw/18,/root/autodl-tmp/data/datasets/baidupcs/CMU-MOSEI/extracted/Raw/Videos/Full/Combined/3aD0xAgxxyw.mp4,/root/autodl-tmp/data/datasets/baidupcs/CMU-MOSEI/extracted/Raw/Audio/Full/WAV_16000/3aD0xAgxxyw.wav,/root/autodl-tmp/data/datasets/baidupcs/CMU-MOSEI/extracted/Raw/Labels/extreme_sentiment_results.csv#18,0.00,0.00,en,high,high,high,true,true,0,0,,,neutral,/root/autodl-tmp/data/datasets/baidupcs/CMU-MOSEI/extracted/Raw/Labels/extreme_sentiment_results.csv#3aD0xAgxxyw/18
EAQ005949,MOSEI,unknown,MOSEI/-vxjVxOeScU/4,/root/autodl-tmp/data/datasets/baidupcs/CMU-MOSEI/extracted/Raw/Videos/Full/Combined/-vxjVxOeScU.mp4,/root/autodl-tmp/data/datasets/baidupcs/CMU-MOSEI/extracted/Raw/Audio/Full/WAV_16000/-vxjVxOeScU.wav,/root/autodl-tmp/data/datasets/baidupcs/CMU-MOSEI/extracted/Raw/Labels/extreme_sentiment_results.csv#4,0.00,0.00,en,high,high,high,true,true,0,0,,,neutral,/root/autodl-tmp/data/datasets/baidupcs/CMU-MOSEI/extracted/Raw/Labels/extreme_sentiment_results.csv#-vxjVxOeScU/4
EAQ005950,MOSEI,unknown,MOSEI/Gljee9uq_Rc/12,/root/autodl-tmp/data/datasets/baidupcs/CMU-MOSEI/extracted/Raw/Videos/Full/Combined/Gljee9uq_Rc.mp4,/root/autodl-tmp/data/datasets/baidupcs/CMU-MOSEI/extracted/Raw/Audio/Full/WAV_16000/Gljee9uq_Rc.wav,/root/autodl-tmp/data/datasets/baidupcs/CMU-MOSEI/extracted/Raw/Labels/extreme_sentiment_results.csv#12,0.00,0.00,en,high,high,high,true,true,0,0,,,neutral,/root/autodl-tmp/data/datasets/baidupcs/CMU-MOSEI/extracted/Raw/Labels/extreme_sentiment_results.csv#Gljee9uq_Rc/12
EAQ005951,MOSEI,unknown,MOSEI/z441aDJvAcU/20,/root/autodl-tmp/data/datasets/baidupcs/CMU-MOSEI/extracted/Raw/Videos/Full/Combined/z441aDJvAcU.mp4,/root/autodl-tmp/data/datasets/baidupcs/CMU-MOSEI/extracted/Raw/Audio/Full/WAV_16000/z441aDJvAcU.wav,/root/autodl-tmp/data/datasets/baidupcs/CMU-MOSEI/extracted/Raw/Labels/extreme_sentiment_results.csv#20,0.00,0.00,en,high,high,high,true,true,0,2,,,positive,/root/autodl-tmp/data/datasets/baidupcs/CMU-MOSEI/extracted/Raw/Labels/extreme_sentiment_results.csv#z441aDJvAcU/20
EAQ005952,MOSEI,unknown,MOSEI/gXDRWhJbfFU/9,/root/autodl-tmp/data/datasets/baidupcs/CMU-MOSEI/extracted/Raw/Videos/Full/Combined/gXDRWhJbfFU.mp4,/root/autodl-tmp/data/datasets/baidupcs/CMU-MOSEI/extracted/Raw/Audio/Full/WAV_16000/gXDRWhJbfFU.wav,/root/autodl-tmp/data/datasets/baidupcs/CMU-MOSEI/extracted/Raw/Labels/extreme_sentiment_results.csv#9,0.00,0.00,en,high,high,high,true,true,0,0,,,neutral,/root/autodl-tmp/data/datasets/baidupcs/CMU-MOSEI/extracted/Raw/Labels/extreme_sentiment_results.csv#gXDRWhJbfFU/9
EAQ005953,MOSEI,unknown,MOSEI/lc5bSoGlQwY/1,/root/autodl-tmp/data/datasets/baidupcs/CMU-MOSEI/extracted/Raw/Videos/Full/Combined/lc5bSoGlQwY.mp4,/root/autodl-tmp/data/datasets/baidupcs/CMU-MOSEI/extracted/Raw/Audio/Full/WAV_16000/lc5bSoGlQwY.wav,/root/autodl-tmp/data/datasets/baidupcs/CMU-MOSEI/extracted/Raw/Labels/extreme_sentiment_results.csv#1,0.00,0.00,en,high,high,high,true,true,0,1,,,positive,/root/autodl-tmp/data/datasets/baidupcs/CMU-MOSEI/extracted/Raw/Labels/extreme_sentiment_results.csv#lc5bSoGlQwY/1
EAQ005954,MOSEI,unknown,MOSEI/lVj6ZdyW9pI/1,/root/autodl-tmp/data/datasets/baidupcs/CMU-MOSEI/extracted/Raw/Videos/Full/Combined/lVj6ZdyW9pI.mp4,/root/autodl-tmp/data/datasets/baidupcs/CMU-MOSEI/extracted/Raw/Audio/Full/WAV_16000/lVj6ZdyW9pI.wav,/root/autodl-tmp/data/datasets/baidupcs/CMU-MOSEI/extracted/Raw/Labels/extreme_sentiment_results.csv#1,0.00,0.00,en,high,high,high,true,true,0,-1,,,negative,/root/autodl-tmp/data/datasets/baidupcs/CMU-MOSEI/extracted/Raw/Labels/extreme_sentiment_results.csv#lVj6ZdyW9pI/1
EAQ005955,MOSEI,unknown,MOSEI/-3g5yACwYnA/10,/root/autodl-tmp/data/datasets/baidupcs/CMU-MOSEI/extracted/Raw/Videos/Full/Combined/-3g5yACwYnA.mp4,/root/autodl-tmp/data/datasets/baidupcs/CMU-MOSEI/extracted/Raw/Audio/Full/WAV_16000/-3g5yACwYnA.wav,/root/autodl-tmp/data/datasets/baidupcs/CMU-MOSEI/extracted/Raw/Labels/extreme_sentiment_results.csv#10,0.00,0.00,en,high,high,high,true,true,0,1,,,positive,/root/autodl-tmp/data/datasets/baidupcs/CMU-MOSEI/extracted/Raw/Labels/extreme_sentiment_results.csv#-3g5yACwYnA/10
EAQ005956,MOSEI,unknown,MOSEI/hfVXx8hfKak/5,/root/autodl-tmp/data/datasets/baidupcs/CMU-MOSEI/extracted/Raw/Videos/Full/Combined/hfVXx8hfKak.mp4,/root/autodl-tmp/data/datasets/baidupcs/CMU-MOSEI/extracted/Raw/Audio/Full/WAV_16000/hfVXx8hfKak.wav,/root/autodl-tmp/data/datasets/baidupcs/CMU-MOSEI/extracted/Raw/Labels/extreme_sentiment_results.csv#5,0.00,0.00,en,high,high,high,true,true,0,-2,,,negative,/root/autodl-tmp/data/datasets/baidupcs/CMU-MOSEI/extracted/Raw/Labels/extreme_sentiment_results.csv#hfVXx8hfKak/5
EAQ005957,MOSEI,unknown,MOSEI/7f3ndBCx_JE/11,/root/autodl-tmp/data/datasets/baidupcs/CMU-MOSEI/extracted/Raw/Videos/Full/Combined/7f3ndBCx_JE.mp4,/root/autodl-tmp/data/datasets/baidupcs/CMU-MOSEI/extracted/Raw/Audio/Full/WAV_16000/7f3ndBCx_JE.wav,/root/autodl-tmp/data/datasets/baidupcs/CMU-MOSEI/extracted/Raw/Labels/extreme_sentiment_results.csv#11,0.00,0.00,en,high,high,high,true,true,0,2,,,positive,/root/autodl-tmp/data/datasets/baidupcs/CMU-MOSEI/extracted/Raw/Labels/extreme_sentiment_results.csv#7f3ndBCx_JE/11
EAQ005958,MOSEI,unknown,MOSEI/bvycs3BXtx0/2,/root/autodl-tmp/data/datasets/baidupcs/CMU-MOSEI/extracted/Raw/Videos/Full/Combined/bvycs3BXtx0.mp4,/root/autodl-tmp/data/datasets/baidupcs/CMU-MOSEI/extracted/Raw/Audio/Full/WAV_16000/bvycs3BXtx0.wav,/root/autodl-tmp/data/datasets/baidupcs/CMU-MOSEI/extracted/Raw/Labels/extreme_sentiment_results.csv#2,0.00,0.00,en,high,high,high,true,true,0,0,,,neutral,/root/autodl-tmp/data/datasets/baidupcs/CMU-MOSEI/extracted/Raw/Labels/extreme_sentiment_results.csv#bvycs3BXtx0/2
EAQ005959,MOSEI,unknown,MOSEI/8M0AlvtMrv8/1,/root/autodl-tmp/data/datasets/baidupcs/CMU-MOSEI/extracted/Raw/Videos/Full/Combined/8M0AlvtMrv8.mp4,/root/autodl-tmp/data/datasets/baidupcs/CMU-MOSEI/extracted/Raw/Audio/Full/WAV_16000/8M0AlvtMrv8.wav,/root/autodl-tmp/data/datasets/baidupcs/CMU-MOSEI/extracted/Raw/Labels/extreme_sentiment_results.csv#1,0.00,0.00,en,high,high,high,true,true,0,1,,,positive,/root/autodl-tmp/data/datasets/baidupcs/CMU-MOSEI/extracted/Raw/Labels/extreme_sentiment_results.csv#8M0AlvtMrv8/1
EAQ005960,MOSEI,unknown,MOSEI/83_N43pvgHI/11,/root/autodl-tmp/data/datasets/baidupcs/CMU-MOSEI/extracted/Raw/Videos/Full/Combined/83_N43pvgHI.mp4,/root/autodl-tmp/data/datasets/baidupcs/CMU-MOSEI/extracted/Raw/Audio/Full/WAV_16000/83_N43pvgHI.wav,/root/autodl-tmp/data/datasets/baidupcs/CMU-MOSEI/extracted/Raw/Labels/extreme_sentiment_results.csv#11,0.00,0.00,en,high,high,high,true,true,1,0,,,neutral,/root/autodl-tmp/data/datasets/baidupcs/CMU-MOSEI/extracted/Raw/Labels/extreme_sentiment_results.csv#83_N43pvgHI/11
EAQ005961,MOSEI,unknown,MOSEI/_q7DM8WkzAQ/15,/root/autodl-tmp/data/datasets/baidupcs/CMU-MOSEI/extracted/Raw/Videos/Full/Combined/_q7DM8WkzAQ.mp4,/root/autodl-tmp/data/datasets/baidupcs/CMU-MOSEI/extracted/Raw/Audio/Full/WAV_16000/_q7DM8WkzAQ.wav,/root/autodl-tmp/data/datasets/baidupcs/CMU-MOSEI/extracted/Raw/Labels/extreme_sentiment_results.csv#15,0.00,0.00,en,high,high,high,true,true,0,1,,,positive,/root/autodl-tmp/data/datasets/baidupcs/CMU-MOSEI/extracted/Raw/Labels/extreme_sentiment_results.csv#_q7DM8WkzAQ/15
EAQ005962,MOSEI,unknown,MOSEI/5vwXp27bCLw/16,/root/autodl-tmp/data/datasets/baidupcs/CMU-MOSEI/extracted/Raw/Videos/Full/Combined/5vwXp27bCLw.mp4,/root/autodl-tmp/data/datasets/baidupcs/CMU-MOSEI/extracted/Raw/Audio/Full/WAV_16000/5vwXp27bCLw.wav,/root/autodl-tmp/data/datasets/baidupcs/CMU-MOSEI/extracted/Raw/Labels/extreme_sentiment_results.csv#16,0.00,0.00,en,high,high,high,true,true,0,0,,,neutral,/root/autodl-tmp/data/datasets/baidupcs/CMU-MOSEI/extracted/Raw/Labels/extreme_sentiment_results.csv#5vwXp27bCLw/16
EAQ005963,MOSEI,unknown,MOSEI/DebbnL-_rnI/1,/root/autodl-tmp/data/datasets/baidupcs/CMU-MOSEI/extracted/Raw/Videos/Full/Combined/DebbnL-_rnI.mp4,/root/autodl-tmp/data/datasets/baidupcs/CMU-MOSEI/extracted/Raw/Audio/Full/WAV_16000/DebbnL-_rnI.wav,/root/autodl-tmp/data/datasets/baidupcs/CMU-MOSEI/extracted/Raw/Labels/extreme_sentiment_results.csv#1,0.00,0.00,en,high,high,high,true,true,0,2,,,positive,/root/autodl-tmp/data/datasets/baidupcs/CMU-MOSEI/extracted/Raw/Labels/extreme_sentiment_results.csv#DebbnL-_rnI/1
EAQ005964,MOSEI,unknown,MOSEI/uogwnZGb-iE/24,/root/autodl-tmp/data/datasets/baidupcs/CMU-MOSEI/extracted/Raw/Videos/Full/Combined/uogwnZGb-iE.mp4,/root/autodl-tmp/data/datasets/baidupcs/CMU-MOSEI/extracted/Raw/Audio/Full/WAV_16000/uogwnZGb-iE.wav,/root/autodl-tmp/data/datasets/baidupcs/CMU-MOSEI/extracted/Raw/Labels/extreme_sentiment_results.csv#24,0.00,0.00,en,high,high,high,true,true,0,1,,,positive,/root/autodl-tmp/data/datasets/baidupcs/CMU-MOSEI/extracted/Raw/Labels/extreme_sentiment_results.csv#uogwnZGb-iE/24
EAQ005965,MOSEI,unknown,MOSEI/YITXOmhQhYE/16,/root/autodl-tmp/data/datasets/baidupcs/CMU-MOSEI/extracted/Raw/Videos/Full/Combined/YITXOmhQhYE.mp4,/root/autodl-tmp/data/datasets/baidupcs/CMU-MOSEI/extracted/Raw/Audio/Full/WAV_16000/YITXOmhQhYE.wav,/root/autodl-tmp/data/datasets/baidupcs/CMU-MOSEI/extracted/Raw/Labels/extreme_sentiment_results.csv#16,0.00,0.00,en,high,high,high,true,true,0,3,,,positive,/root/autodl-tmp/data/datasets/baidupcs/CMU-MOSEI/extracted/Raw/Labels/extreme_sentiment_results.csv#YITXOmhQhYE/16
EAQ005966,MOSEI,unknown,MOSEI/LUf9vbe0TcQ/1,/root/autodl-tmp/data/datasets/baidupcs/CMU-MOSEI/extracted/Raw/Videos/Full/Combined/LUf9vbe0TcQ.mp4,/root/autodl-tmp/data/datasets/baidupcs/CMU-MOSEI/extracted/Raw/Audio/Full/WAV_16000/LUf9vbe0TcQ.wav,/root/autodl-tmp/data/datasets/baidupcs/CMU-MOSEI/extracted/Raw/Labels/extreme_sentiment_results.csv#1,0.00,0.00,en,high,high,high,true,true,0,0,,,neutral,/root/autodl-tmp/data/datasets/baidupcs/CMU-MOSEI/extracted/Raw/Labels/extreme_sentiment_results.csv#LUf9vbe0TcQ/1
EAQ005967,MOSEI,unknown,MOSEI/r8Jyl2Bfl14/2,/root/autodl-tmp/data/datasets/baidupcs/CMU-MOSEI/extracted/Raw/Videos/Full/Combined/r8Jyl2Bfl14.mp4,/root/autodl-tmp/data/datasets/baidupcs/CMU-MOSEI/extracted/Raw/Audio/Full/WAV_16000/r8Jyl2Bfl14.wav,/root/autodl-tmp/data/datasets/baidupcs/CMU-MOSEI/extracted/Raw/Labels/extreme_sentiment_results.csv#2,0.00,0.00,en,high,high,high,true,true,0,1,,,positive,/root/autodl-tmp/data/datasets/baidupcs/CMU-MOSEI/extracted/Raw/Labels/extreme_sentiment_results.csv#r8Jyl2Bfl14/2
EAQ005968,MOSEI,unknown,MOSEI/9pzn93kdP_g/4,/root/autodl-tmp/data/datasets/baidupcs/CMU-MOSEI/extracted/Raw/Videos/Full/Combined/9pzn93kdP_g.mp4,/root/autodl-tmp/data/datasets/baidupcs/CMU-MOSEI/extracted/Raw/Audio/Full/WAV_16000/9pzn93kdP_g.wav,/root/autodl-tmp/data/datasets/baidupcs/CMU-MOSEI/extracted/Raw/Labels/extreme_sentiment_results.csv#4,0.00,0.00,en,high,high,high,true,true,0,0,,,neutral,/root/autodl-tmp/data/datasets/baidupcs/CMU-MOSEI/extracted/Raw/Labels/extreme_sentiment_results.csv#9pzn93kdP_g/4
EAQ005969,MOSEI,unknown,MOSEI/c5zxqITn3ZM/4,/root/autodl-tmp/data/datasets/baidupcs/CMU-MOSEI/extracted/Raw/Videos/Full/Combined/c5zxqITn3ZM.mp4,/root/autodl-tmp/data/datasets/baidupcs/CMU-MOSEI/extracted/Raw/Audio/Full/WAV_16000/c5zxqITn3ZM.wav,/root/autodl-tmp/data/datasets/baidupcs/CMU-MOSEI/extracted/Raw/Labels/extreme_sentiment_results.csv#4,0.00,0.00,en,high,high,high,true,true,0,1,,,positive,/root/autodl-tmp/data/datasets/baidupcs/CMU-MOSEI/extracted/Raw/Labels/extreme_sentiment_results.csv#c5zxqITn3ZM/4
EAQ005970,MOSEI,unknown,MOSEI/7f3ndBCx_JE/19,/root/autodl-tmp/data/datasets/baidupcs/CMU-MOSEI/extracted/Raw/Videos/Full/Combined/7f3ndBCx_JE.mp4,/root/autodl-tmp/data/datasets/baidupcs/CMU-MOSEI/extracted/Raw/Audio/Full/WAV_16000/7f3ndBCx_JE.wav,/root/autodl-tmp/data/datasets/baidupcs/CMU-MOSEI/extracted/Raw/Labels/extreme_sentiment_results.csv#19,0.00,0.00,en,high,high,high,true,true,1,2,,,positive,/root/autodl-tmp/data/datasets/baidupcs/CMU-MOSEI/extracted/Raw/Labels/extreme_sentiment_results.csv#7f3ndBCx_JE/19
EAQ005971,MOSEI,unknown,MOSEI/kddCewAsxfA/6,/root/autodl-tmp/data/datasets/baidupcs/CMU-MOSEI/extracted/Raw/Videos/Full/Combined/kddCewAsxfA.mp4,/root/autodl-tmp/data/datasets/baidupcs/CMU-MOSEI/extracted/Raw/Audio/Full/WAV_16000/kddCewAsxfA.wav,/root/autodl-tmp/data/datasets/baidupcs/CMU-MOSEI/extracted/Raw/Labels/extreme_sentiment_results.csv#6,0.00,0.00,en,high,high,high,true,true,0,0,,,neutral,/root/autodl-tmp/data/datasets/baidupcs/CMU-MOSEI/extracted/Raw/Labels/extreme_sentiment_results.csv#kddCewAsxfA/6
EAQ005972,MOSEI,unknown,MOSEI/niX_m3aMxhQ/0,/root/autodl-tmp/data/datasets/baidupcs/CMU-MOSEI/extracted/Raw/Videos/Full/Combined/niX_m3aMxhQ.mp4,/root/autodl-tmp/data/datasets/baidupcs/CMU-MOSEI/extracted/Raw/Audio/Full/WAV_16000/niX_m3aMxhQ.wav,/root/autodl-tmp/data/datasets/baidupcs/CMU-MOSEI/extracted/Raw/Labels/extreme_sentiment_results.csv#0,0.00,0.00,en,high,high,high,true,true,0,-2,,,negative,/root/autodl-tmp/data/datasets/baidupcs/CMU-MOSEI/extracted/Raw/Labels/extreme_sentiment_results.csv#niX_m3aMxhQ/0
EAQ005973,MOSEI,unknown,MOSEI/RmX9t_HY_dU/0,/root/autodl-tmp/data/datasets/baidupcs/CMU-MOSEI/extracted/Raw/Videos/Full/Combined/RmX9t_HY_dU.mp4,/root/autodl-tmp/data/datasets/baidupcs/CMU-MOSEI/extracted/Raw/Audio/Full/WAV_16000/RmX9t_HY_dU.wav,/root/autodl-tmp/data/datasets/baidupcs/CMU-MOSEI/extracted/Raw/Labels/extreme_sentiment_results.csv#0,0.00,0.00,en,high,high,high,true,true,0,2,,,positive,/root/autodl-tmp/data/datasets/baidupcs/CMU-MOSEI/extracted/Raw/Labels/extreme_sentiment_results.csv#RmX9t_HY_dU/0
EAQ005974,MOSEI,unknown,MOSEI/u8ViR4L2cVk/0,/root/autodl-tmp/data/datasets/baidupcs/CMU-MOSEI/extracted/Raw/Videos/Full/Combined/u8ViR4L2cVk.mp4,/root/autodl-tmp/data/datasets/baidupcs/CMU-MOSEI/extracted/Raw/Audio/Full/WAV_16000/u8ViR4L2cVk.wav,/root/autodl-tmp/data/datasets/baidupcs/CMU-MOSEI/extracted/Raw/Labels/extreme_sentiment_results.csv#0,0.00,0.00,en,high,high,high,true,true,1,-3,,,negative,/root/autodl-tmp/data/datasets/baidupcs/CMU-MOSEI/extracted/Raw/Labels/extreme_sentiment_results.csv#u8ViR4L2cVk/0
EAQ005975,MOSEI,unknown,MOSEI/wOKWTFYYMuk/4,/root/autodl-tmp/data/datasets/baidupcs/CMU-MOSEI/extracted/Raw/Videos/Full/Combined/wOKWTFYYMuk.mp4,/root/autodl-tmp/data/datasets/baidupcs/CMU-MOSEI/extracted/Raw/Audio/Full/WAV_16000/wOKWTFYYMuk.wav,/root/autodl-tmp/data/datasets/baidupcs/CMU-MOSEI/extracted/Raw/Labels/extreme_sentiment_results.csv#4,0.00,0.00,en,high,high,high,true,true,0,1,,,positive,/root/autodl-tmp/data/datasets/baidupcs/CMU-MOSEI/extracted/Raw/Labels/extreme_sentiment_results.csv#wOKWTFYYMuk/4
EAQ005976,MOSEI,unknown,MOSEI/GxWLhv-Vt78/1,/root/autodl-tmp/data/datasets/baidupcs/CMU-MOSEI/extracted/Raw/Videos/Full/Combined/GxWLhv-Vt78.mp4,/root/autodl-tmp/data/datasets/baidupcs/CMU-MOSEI/extracted/Raw/Audio/Full/WAV_16000/GxWLhv-Vt78.wav,/root/autodl-tmp/data/datasets/baidupcs/CMU-MOSEI/extracted/Raw/Labels/extreme_sentiment_results.csv#1,0.00,0.00,en,high,high,high,true,true,0,-1,,,negative,/root/autodl-tmp/data/datasets/baidupcs/CMU-MOSEI/extracted/Raw/Labels/extreme_sentiment_results.csv#GxWLhv-Vt78/1
EAQ005977,MOSEI,unknown,MOSEI/-RfYyzHpjk4/11,/root/autodl-tmp/data/datasets/baidupcs/CMU-MOSEI/extracted/Raw/Videos/Full/Combined/-RfYyzHpjk4.mp4,/root/autodl-tmp/data/datasets/baidupcs/CMU-MOSEI/extracted/Raw/Audio/Full/WAV_16000/-RfYyzHpjk4.wav,/root/autodl-tmp/data/datasets/baidupcs/CMU-MOSEI/extracted/Raw/Labels/extreme_sentiment_results.csv#11,0.00,0.00,en,high,high,high,true,true,1,3,,,positive,/root/autodl-tmp/data/datasets/baidupcs/CMU-MOSEI/extracted/Raw/Labels/extreme_sentiment_results.csv#-RfYyzHpjk4/11
EAQ005978,MOSEI,unknown,MOSEI/gFAOKuqpUq4/25,/root/autodl-tmp/data/datasets/baidupcs/CMU-MOSEI/extracted/Raw/Videos/Full/Combined/gFAOKuqpUq4.mp4,/root/autodl-tmp/data/datasets/baidupcs/CMU-MOSEI/extracted/Raw/Audio/Full/WAV_16000/gFAOKuqpUq4.wav,/root/autodl-tmp/data/datasets/baidupcs/CMU-MOSEI/extracted/Raw/Labels/extreme_sentiment_results.csv#25,0.00,0.00,en,high,high,high,true,true,0,1,,,positive,/root/autodl-tmp/data/datasets/baidupcs/CMU-MOSEI/extracted/Raw/Labels/extreme_sentiment_results.csv#gFAOKuqpUq4/25
EAQ005979,MOSEI,unknown,MOSEI/unOeTDc2rlY/29,/root/autodl-tmp/data/datasets/baidupcs/CMU-MOSEI/extracted/Raw/Videos/Full/Combined/unOeTDc2rlY.mp4,/root/autodl-tmp/data/datasets/baidupcs/CMU-MOSEI/extracted/Raw/Audio/Full/WAV_16000/unOeTDc2rlY.wav,/root/autodl-tmp/data/datasets/baidupcs/CMU-MOSEI/extracted/Raw/Labels/extreme_sentiment_results.csv#29,0.00,0.00,en,high,high,high,true,true,0,-1,,,negative,/root/autodl-tmp/data/datasets/baidupcs/CMU-MOSEI/extracted/Raw/Labels/extreme_sentiment_results.csv#unOeTDc2rlY/29
EAQ005980,MOSEI,unknown,MOSEI/E8L1Z71vKG8/9,/root/autodl-tmp/data/datasets/baidupcs/CMU-MOSEI/extracted/Raw/Videos/Full/Combined/E8L1Z71vKG8.mp4,/root/autodl-tmp/data/datasets/baidupcs/CMU-MOSEI/extracted/Raw/Audio/Full/WAV_16000/E8L1Z71vKG8.wav,/root/autodl-tmp/data/datasets/baidupcs/CMU-MOSEI/extracted/Raw/Labels/extreme_sentiment_results.csv#9,0.00,0.00,en,high,high,high,true,true,1,0,,,neutral,/root/autodl-tmp/data/datasets/baidupcs/CMU-MOSEI/extracted/Raw/Labels/extreme_sentiment_results.csv#E8L1Z71vKG8/9
EAQ005981,MOSEI,unknown,MOSEI/omBcvw7izuM/1,/root/autodl-tmp/data/datasets/baidupcs/CMU-MOSEI/extracted/Raw/Videos/Full/Combined/omBcvw7izuM.mp4,/root/autodl-tmp/data/datasets/baidupcs/CMU-MOSEI/extracted/Raw/Audio/Full/WAV_16000/omBcvw7izuM.wav,/root/autodl-tmp/data/datasets/baidupcs/CMU-MOSEI/extracted/Raw/Labels/extreme_sentiment_results.csv#1,0.00,0.00,en,high,high,high,true,true,0,2,,,positive,/root/autodl-tmp/data/datasets/baidupcs/CMU-MOSEI/extracted/Raw/Labels/extreme_sentiment_results.csv#omBcvw7izuM/1
EAQ005982,MOSEI,unknown,MOSEI/aXla94xd_AQ/0,/root/autodl-tmp/data/datasets/baidupcs/CMU-MOSEI/extracted/Raw/Videos/Full/Combined/aXla94xd_AQ.mp4,/root/autodl-tmp/data/datasets/baidupcs/CMU-MOSEI/extracted/Raw/Audio/Full/WAV_16000/aXla94xd_AQ.wav,/root/autodl-tmp/data/datasets/baidupcs/CMU-MOSEI/extracted/Raw/Labels/extreme_sentiment_results.csv#0,0.00,0.00,en,high,high,high,true,true,0,3,,,positive,/root/autodl-tmp/data/datasets/baidupcs/CMU-MOSEI/extracted/Raw/Labels/extreme_sentiment_results.csv#aXla94xd_AQ/0
EAQ005983,MOSEI,unknown,MOSEI/HA2AiTz-qxc/2,/root/autodl-tmp/data/datasets/baidupcs/CMU-MOSEI/extracted/Raw/Videos/Full/Combined/HA2AiTz-qxc.mp4,/root/autodl-tmp/data/datasets/baidupcs/CMU-MOSEI/extracted/Raw/Audio/Full/WAV_16000/HA2AiTz-qxc.wav,/root/autodl-tmp/data/datasets/baidupcs/CMU-MOSEI/extracted/Raw/Labels/extreme_sentiment_results.csv#2,0.00,0.00,en,high,high,high,true,true,0,0,,,neutral,/root/autodl-tmp/data/datasets/baidupcs/CMU-MOSEI/extracted/Raw/Labels/extreme_sentiment_results.csv#HA2AiTz-qxc/2
EAQ005984,MOSEI,unknown,MOSEI/tRSPfPlNbMU/3,/root/autodl-tmp/data/datasets/baidupcs/CMU-MOSEI/extracted/Raw/Videos/Full/Combined/tRSPfPlNbMU.mp4,/root/autodl-tmp/data/datasets/baidupcs/CMU-MOSEI/extracted/Raw/Audio/Full/WAV_16000/tRSPfPlNbMU.wav,/root/autodl-tmp/data/datasets/baidupcs/CMU-MOSEI/extracted/Raw/Labels/extreme_sentiment_results.csv#3,0.00,0.00,en,high,high,high,true,true,0,-2,,,negative,/root/autodl-tmp/data/datasets/baidupcs/CMU-MOSEI/extracted/Raw/Labels/extreme_sentiment_results.csv#tRSPfPlNbMU/3
EAQ005985,MOSEI,unknown,MOSEI/UXvMaHD9kmA/21,/root/autodl-tmp/data/datasets/baidupcs/CMU-MOSEI/extracted/Raw/Videos/Full/Combined/UXvMaHD9kmA.mp4,/root/autodl-tmp/data/datasets/baidupcs/CMU-MOSEI/extracted/Raw/Audio/Full/WAV_16000/UXvMaHD9kmA.wav,/root/autodl-tmp/data/datasets/baidupcs/CMU-MOSEI/extracted/Raw/Labels/extreme_sentiment_results.csv#21,0.00,0.00,en,high,high,high,true,true,0,-1,,,negative,/root/autodl-tmp/data/datasets/baidupcs/CMU-MOSEI/extracted/Raw/Labels/extreme_sentiment_results.csv#UXvMaHD9kmA/21
EAQ005986,MOSEI,unknown,MOSEI/7ifnoHhrMtA/15,/root/autodl-tmp/data/datasets/baidupcs/CMU-MOSEI/extracted/Raw/Videos/Full/Combined/7ifnoHhrMtA.mp4,/root/autodl-tmp/data/datasets/baidupcs/CMU-MOSEI/extracted/Raw/Audio/Full/WAV_16000/7ifnoHhrMtA.wav,/root/autodl-tmp/data/datasets/baidupcs/CMU-MOSEI/extracted/Raw/Labels/extreme_sentiment_results.csv#15,0.00,0.00,en,high,high,high,true,true,0,-1,,,negative,/root/autodl-tmp/data/datasets/baidupcs/CMU-MOSEI/extracted/Raw/Labels/extreme_sentiment_results.csv#7ifnoHhrMtA/15
EAQ005987,MOSEI,unknown,MOSEI/7U_z0JfleAw/15,/root/autodl-tmp/data/datasets/baidupcs/CMU-MOSEI/extracted/Raw/Videos/Full/Combined/7U_z0JfleAw.mp4,/root/autodl-tmp/data/datasets/baidupcs/CMU-MOSEI/extracted/Raw/Audio/Full/WAV_16000/7U_z0JfleAw.wav,/root/autodl-tmp/data/datasets/baidupcs/CMU-MOSEI/extracted/Raw/Labels/extreme_sentiment_results.csv#15,0.00,0.00,en,high,high,high,true,true,0,0,,,neutral,/root/autodl-tmp/data/datasets/baidupcs/CMU-MOSEI/extracted/Raw/Labels/extreme_sentiment_results.csv#7U_z0JfleAw/15
EAQ005988,MOSEI,unknown,MOSEI/9cxlcpbmrH0/11,/root/autodl-tmp/data/datasets/baidupcs/CMU-MOSEI/extracted/Raw/Videos/Full/Combined/9cxlcpbmrH0.mp4,/root/autodl-tmp/data/datasets/baidupcs/CMU-MOSEI/extracted/Raw/Audio/Full/WAV_16000/9cxlcpbmrH0.wav,/root/autodl-tmp/data/datasets/baidupcs/CMU-MOSEI/extracted/Raw/Labels/extreme_sentiment_results.csv#11,0.00,0.00,en,high,high,high,true,true,0,2,,,positive,/root/autodl-tmp/data/datasets/baidupcs/CMU-MOSEI/extracted/Raw/Labels/extreme_sentiment_results.csv#9cxlcpbmrH0/11
EAQ005989,MOSEI,unknown,MOSEI/dSax_7klbfE/0,/root/autodl-tmp/data/datasets/baidupcs/CMU-MOSEI/extracted/Raw/Videos/Full/Combined/dSax_7klbfE.mp4,/root/autodl-tmp/data/datasets/baidupcs/CMU-MOSEI/extracted/Raw/Audio/Full/WAV_16000/dSax_7klbfE.wav,/root/autodl-tmp/data/datasets/baidupcs/CMU-MOSEI/extracted/Raw/Labels/extreme_sentiment_results.csv#0,0.00,0.00,en,high,high,high,true,true,0,0,,,neutral,/root/autodl-tmp/data/datasets/baidupcs/CMU-MOSEI/extracted/Raw/Labels/extreme_sentiment_results.csv#dSax_7klbfE/0
EAQ005990,MOSEI,unknown,MOSEI/A8c7q_P4jQg/9,/root/autodl-tmp/data/datasets/baidupcs/CMU-MOSEI/extracted/Raw/Videos/Full/Combined/A8c7q_P4jQg.mp4,/root/autodl-tmp/data/datasets/baidupcs/CMU-MOSEI/extracted/Raw/Audio/Full/WAV_16000/A8c7q_P4jQg.wav,/root/autodl-tmp/data/datasets/baidupcs/CMU-MOSEI/extracted/Raw/Labels/extreme_sentiment_results.csv#9,0.00,0.00,en,high,high,high,true,true,0,-1,,,negative,/root/autodl-tmp/data/datasets/baidupcs/CMU-MOSEI/extracted/Raw/Labels/extreme_sentiment_results.csv#A8c7q_P4jQg/9
EAQ005991,MOSEI,unknown,MOSEI/Sb6ftNgzz9M/6,/root/autodl-tmp/data/datasets/baidupcs/CMU-MOSEI/extracted/Raw/Videos/Full/Combined/Sb6ftNgzz9M.mp4,/root/autodl-tmp/data/datasets/baidupcs/CMU-MOSEI/extracted/Raw/Audio/Full/WAV_16000/Sb6ftNgzz9M.wav,/root/autodl-tmp/data/datasets/baidupcs/CMU-MOSEI/extracted/Raw/Labels/extreme_sentiment_results.csv#6,0.00,0.00,en,high,high,high,true,true,0,0,,,neutral,/root/autodl-tmp/data/datasets/baidupcs/CMU-MOSEI/extracted/Raw/Labels/extreme_sentiment_results.csv#Sb6ftNgzz9M/6
EAQ005992,MOSEI,unknown,MOSEI/qYJtbgLqizk/3,/root/autodl-tmp/data/datasets/baidupcs/CMU-MOSEI/extracted/Raw/Videos/Full/Combined/qYJtbgLqizk.mp4,/root/autodl-tmp/data/datasets/baidupcs/CMU-MOSEI/extracted/Raw/Audio/Full/WAV_16000/qYJtbgLqizk.wav,/root/autodl-tmp/data/datasets/baidupcs/CMU-MOSEI/extracted/Raw/Labels/extreme_sentiment_results.csv#3,0.00,0.00,en,high,high,high,true,true,0,0,,,neutral,/root/autodl-tmp/data/datasets/baidupcs/CMU-MOSEI/extracted/Raw/Labels/extreme_sentiment_results.csv#qYJtbgLqizk/3
EAQ005993,MOSEI,unknown,MOSEI/Wn8nz8GPKkI/0,/root/autodl-tmp/data/datasets/baidupcs/CMU-MOSEI/extracted/Raw/Videos/Full/Combined/Wn8nz8GPKkI.mp4,/root/autodl-tmp/data/datasets/baidupcs/CMU-MOSEI/extracted/Raw/Audio/Full/WAV_16000/Wn8nz8GPKkI.wav,/root/autodl-tmp/data/datasets/baidupcs/CMU-MOSEI/extracted/Raw/Labels/extreme_sentiment_results.csv#0,0.00,0.00,en,high,high,high,true,true,0,1,,,positive,/root/autodl-tmp/data/datasets/baidupcs/CMU-MOSEI/extracted/Raw/Labels/extreme_sentiment_results.csv#Wn8nz8GPKkI/0
EAQ005994,MOSEI,unknown,MOSEI/3Wi0if_L6Ug/19,/root/autodl-tmp/data/datasets/baidupcs/CMU-MOSEI/extracted/Raw/Videos/Full/Combined/3Wi0if_L6Ug.mp4,/root/autodl-tmp/data/datasets/baidupcs/CMU-MOSEI/extracted/Raw/Audio/Full/WAV_16000/3Wi0if_L6Ug.wav,/root/autodl-tmp/data/datasets/baidupcs/CMU-MOSEI/extracted/Raw/Labels/extreme_sentiment_results.csv#19,0.00,0.00,en,high,high,high,true,true,0,2,,,positive,/root/autodl-tmp/data/datasets/baidupcs/CMU-MOSEI/extracted/Raw/Labels/extreme_sentiment_results.csv#3Wi0if_L6Ug/19
EAQ005995,MOSEI,unknown,MOSEI/zaTyjiyrHnk/1,/root/autodl-tmp/data/datasets/baidupcs/CMU-MOSEI/extracted/Raw/Videos/Full/Combined/zaTyjiyrHnk.mp4,/root/autodl-tmp/data/datasets/baidupcs/CMU-MOSEI/extracted/Raw/Audio/Full/WAV_16000/zaTyjiyrHnk.wav,/root/autodl-tmp/data/datasets/baidupcs/CMU-MOSEI/extracted/Raw/Labels/extreme_sentiment_results.csv#1,0.00,0.00,en,high,high,high,true,true,0,-1,,,negative,/root/autodl-tmp/data/datasets/baidupcs/CMU-MOSEI/extracted/Raw/Labels/extreme_sentiment_results.csv#zaTyjiyrHnk/1
EAQ005996,MOSEI,unknown,MOSEI/424vOT3Nnyk/7,/root/autodl-tmp/data/datasets/baidupcs/CMU-MOSEI/extracted/Raw/Videos/Full/Combined/424vOT3Nnyk.mp4,/root/autodl-tmp/data/datasets/baidupcs/CMU-MOSEI/extracted/Raw/Audio/Full/WAV_16000/424vOT3Nnyk.wav,/root/autodl-tmp/data/datasets/baidupcs/CMU-MOSEI/extracted/Raw/Labels/extreme_sentiment_results.csv#7,0.00,0.00,en,high,high,high,true,true,0,0,,,neutral,/root/autodl-tmp/data/datasets/baidupcs/CMU-MOSEI/extracted/Raw/Labels/extreme_sentiment_results.csv#424vOT3Nnyk/7
EAQ005997,MOSEI,unknown,MOSEI/3VsrcbjPwZY/5,/root/autodl-tmp/data/datasets/baidupcs/CMU-MOSEI/extracted/Raw/Videos/Full/Combined/3VsrcbjPwZY.mp4,/root/autodl-tmp/data/datasets/baidupcs/CMU-MOSEI/extracted/Raw/Audio/Full/WAV_16000/3VsrcbjPwZY.wav,/root/autodl-tmp/data/datasets/baidupcs/CMU-MOSEI/extracted/Raw/Labels/extreme_sentiment_results.csv#5,0.00,0.00,en,high,high,high,true,true,0,1,,,positive,/root/autodl-tmp/data/datasets/baidupcs/CMU-MOSEI/extracted/Raw/Labels/extreme_sentiment_results.csv#3VsrcbjPwZY/5
EAQ005998,MOSEI,unknown,MOSEI/v2DFe9X-jCY/30,/root/autodl-tmp/data/datasets/baidupcs/CMU-MOSEI/extracted/Raw/Videos/Full/Combined/v2DFe9X-jCY.mp4,/root/autodl-tmp/data/datasets/baidupcs/CMU-MOSEI/extracted/Raw/Audio/Full/WAV_16000/v2DFe9X-jCY.wav,/root/autodl-tmp/data/datasets/baidupcs/CMU-MOSEI/extracted/Raw/Labels/extreme_sentiment_results.csv#30,0.00,0.00,en,high,high,high,true,true,0,0,,,neutral,/root/autodl-tmp/data/datasets/baidupcs/CMU-MOSEI/extracted/Raw/Labels/extreme_sentiment_results.csv#v2DFe9X-jCY/30
EAQ005999,MOSEI,unknown,MOSEI/Arh2TKRi_mg/9,/root/autodl-tmp/data/datasets/baidupcs/CMU-MOSEI/extracted/Raw/Videos/Full/Combined/Arh2TKRi_mg.mp4,/root/autodl-tmp/data/datasets/baidupcs/CMU-MOSEI/extracted/Raw/Audio/Full/WAV_16000/Arh2TKRi_mg.wav,/root/autodl-tmp/data/datasets/baidupcs/CMU-MOSEI/extracted/Raw/Labels/extreme_sentiment_results.csv#9,0.00,0.00,en,high,high,high,true,true,0,0,,,neutral,/root/autodl-tmp/data/datasets/baidupcs/CMU-MOSEI/extracted/Raw/Labels/extreme_sentiment_results.csv#Arh2TKRi_mg/9
EAQ006000,MOSEI,unknown,MOSEI/ITQTVfk9Iqo/14,/root/autodl-tmp/data/datasets/baidupcs/CMU-MOSEI/extracted/Raw/Videos/Full/Combined/ITQTVfk9Iqo.mp4,/root/autodl-tmp/data/datasets/baidupcs/CMU-MOSEI/extracted/Raw/Audio/Full/WAV_16000/ITQTVfk9Iqo.wav,/root/autodl-tmp/data/datasets/baidupcs/CMU-MOSEI/extracted/Raw/Labels/extreme_sentiment_results.csv#14,0.00,0.00,en,high,high,high,true,true,0,0,,,neutral,/root/autodl-tmp/data/datasets/baidupcs/CMU-MOSEI/extracted/Raw/Labels/extreme_sentiment_results.csv#ITQTVfk9Iqo/14
EAQ006001,MOSEI,unknown,MOSEI/8wQhzezNcUY/8,/root/autodl-tmp/data/datasets/baidupcs/CMU-MOSEI/extracted/Raw/Videos/Full/Combined/8wQhzezNcUY.mp4,/root/autodl-tmp/data/datasets/baidupcs/CMU-MOSEI/extracted/Raw/Audio/Full/WAV_16000/8wQhzezNcUY.wav,/root/autodl-tmp/data/datasets/baidupcs/CMU-MOSEI/extracted/Raw/Labels/extreme_sentiment_results.csv#8,0.00,0.00,en,high,high,high,true,true,0,2,,,positive,/root/autodl-tmp/data/datasets/baidupcs/CMU-MOSEI/extracted/Raw/Labels/extreme_sentiment_results.csv#8wQhzezNcUY/8
EAQ006002,MOSEI,unknown,MOSEI/xge9aYTxxOA/0,/root/autodl-tmp/data/datasets/baidupcs/CMU-MOSEI/extracted/Raw/Videos/Full/Combined/xge9aYTxxOA.mp4,/root/autodl-tmp/data/datasets/baidupcs/CMU-MOSEI/extracted/Raw/Audio/Full/WAV_16000/xge9aYTxxOA.wav,/root/autodl-tmp/data/datasets/baidupcs/CMU-MOSEI/extracted/Raw/Labels/extreme_sentiment_results.csv#0,0.00,0.00,en,high,high,high,true,true,0,-2,,,negative,/root/autodl-tmp/data/datasets/baidupcs/CMU-MOSEI/extracted/Raw/Labels/extreme_sentiment_results.csv#xge9aYTxxOA/0
EAQ006003,MOSEI,unknown,MOSEI/d1CDP6sMuLA/9,/root/autodl-tmp/data/datasets/baidupcs/CMU-MOSEI/extracted/Raw/Videos/Full/Combined/d1CDP6sMuLA.mp4,/root/autodl-tmp/data/datasets/baidupcs/CMU-MOSEI/extracted/Raw/Audio/Full/WAV_16000/d1CDP6sMuLA.wav,/root/autodl-tmp/data/datasets/baidupcs/CMU-MOSEI/extracted/Raw/Labels/extreme_sentiment_results.csv#9,0.00,0.00,en,high,high,high,true,true,0,0,,,neutral,/root/autodl-tmp/data/datasets/baidupcs/CMU-MOSEI/extracted/Raw/Labels/extreme_sentiment_results.csv#d1CDP6sMuLA/9
EAQ006004,MOSEI,unknown,MOSEI/hawztAtYHCE/10,/root/autodl-tmp/data/datasets/baidupcs/CMU-MOSEI/extracted/Raw/Videos/Full/Combined/hawztAtYHCE.mp4,/root/autodl-tmp/data/datasets/baidupcs/CMU-MOSEI/extracted/Raw/Audio/Full/WAV_16000/hawztAtYHCE.wav,/root/autodl-tmp/data/datasets/baidupcs/CMU-MOSEI/extracted/Raw/Labels/extreme_sentiment_results.csv#10,0.00,0.00,en,high,high,high,true,true,0,1,,,positive,/root/autodl-tmp/data/datasets/baidupcs/CMU-MOSEI/extracted/Raw/Labels/extreme_sentiment_results.csv#hawztAtYHCE/10
EAQ006005,MOSEI,unknown,MOSEI/SZ7HK5ns6mE/8,/root/autodl-tmp/data/datasets/baidupcs/CMU-MOSEI/extracted/Raw/Videos/Full/Combined/SZ7HK5ns6mE.mp4,/root/autodl-tmp/data/datasets/baidupcs/CMU-MOSEI/extracted/Raw/Audio/Full/WAV_16000/SZ7HK5ns6mE.wav,/root/autodl-tmp/data/datasets/baidupcs/CMU-MOSEI/extracted/Raw/Labels/extreme_sentiment_results.csv#8,0.00,0.00,en,high,high,high,true,true,0,0,,,neutral,/root/autodl-tmp/data/datasets/baidupcs/CMU-MOSEI/extracted/Raw/Labels/extreme_sentiment_results.csv#SZ7HK5ns6mE/8
EAQ006006,MOSEI,unknown,MOSEI/SI39azgVUR8/7,/root/autodl-tmp/data/datasets/baidupcs/CMU-MOSEI/extracted/Raw/Videos/Full/Combined/SI39azgVUR8.mp4,/root/autodl-tmp/data/datasets/baidupcs/CMU-MOSEI/extracted/Raw/Audio/Full/WAV_16000/SI39azgVUR8.wav,/root/autodl-tmp/data/datasets/baidupcs/CMU-MOSEI/extracted/Raw/Labels/extreme_sentiment_results.csv#7,0.00,0.00,en,high,high,high,true,true,0,3,,,positive,/root/autodl-tmp/data/datasets/baidupcs/CMU-MOSEI/extracted/Raw/Labels/extreme_sentiment_results.csv#SI39azgVUR8/7
EAQ006007,MOSEI,unknown,MOSEI/ossKC1VrusE/0,/root/autodl-tmp/data/datasets/baidupcs/CMU-MOSEI/extracted/Raw/Videos/Full/Combined/ossKC1VrusE.mp4,/root/autodl-tmp/data/datasets/baidupcs/CMU-MOSEI/extracted/Raw/Audio/Full/WAV_16000/ossKC1VrusE.wav,/root/autodl-tmp/data/datasets/baidupcs/CMU-MOSEI/extracted/Raw/Labels/extreme_sentiment_results.csv#0,0.00,0.00,en,high,high,high,true,true,0,2,,,positive,/root/autodl-tmp/data/datasets/baidupcs/CMU-MOSEI/extracted/Raw/Labels/extreme_sentiment_results.csv#ossKC1VrusE/0
EAQ006008,MOSEI,unknown,MOSEI/86c2OkQ3_U8/13,/root/autodl-tmp/data/datasets/baidupcs/CMU-MOSEI/extracted/Raw/Videos/Full/Combined/86c2OkQ3_U8.mp4,/root/autodl-tmp/data/datasets/baidupcs/CMU-MOSEI/extracted/Raw/Audio/Full/WAV_16000/86c2OkQ3_U8.wav,/root/autodl-tmp/data/datasets/baidupcs/CMU-MOSEI/extracted/Raw/Labels/extreme_sentiment_results.csv#13,0.00,0.00,en,high,high,high,true,true,0,-2,,,negative,/root/autodl-tmp/data/datasets/baidupcs/CMU-MOSEI/extracted/Raw/Labels/extreme_sentiment_results.csv#86c2OkQ3_U8/13
EAQ006009,MOSEI,unknown,MOSEI/GUffC7vu9zA/1,/root/autodl-tmp/data/datasets/baidupcs/CMU-MOSEI/extracted/Raw/Videos/Full/Combined/GUffC7vu9zA.mp4,/root/autodl-tmp/data/datasets/baidupcs/CMU-MOSEI/extracted/Raw/Audio/Full/WAV_16000/GUffC7vu9zA.wav,/root/autodl-tmp/data/datasets/baidupcs/CMU-MOSEI/extracted/Raw/Labels/extreme_sentiment_results.csv#1,0.00,0.00,en,high,high,high,true,true,0,0,,,neutral,/root/autodl-tmp/data/datasets/baidupcs/CMU-MOSEI/extracted/Raw/Labels/extreme_sentiment_results.csv#GUffC7vu9zA/1
EAQ006010,MOSEI,unknown,MOSEI/BZOB3r5AoKE/11,/root/autodl-tmp/data/datasets/baidupcs/CMU-MOSEI/extracted/Raw/Videos/Full/Combined/BZOB3r5AoKE.mp4,/root/autodl-tmp/data/datasets/baidupcs/CMU-MOSEI/extracted/Raw/Audio/Full/WAV_16000/BZOB3r5AoKE.wav,/root/autodl-tmp/data/datasets/baidupcs/CMU-MOSEI/extracted/Raw/Labels/extreme_sentiment_results.csv#11,0.00,0.00,en,high,high,high,true,true,0,0,,,neutral,/root/autodl-tmp/data/datasets/baidupcs/CMU-MOSEI/extracted/Raw/Labels/extreme_sentiment_results.csv#BZOB3r5AoKE/11
EAQ006011,MOSEI,unknown,MOSEI/t7a3zECpT4k/17,/root/autodl-tmp/data/datasets/baidupcs/CMU-MOSEI/extracted/Raw/Videos/Full/Combined/t7a3zECpT4k.mp4,/root/autodl-tmp/data/datasets/baidupcs/CMU-MOSEI/extracted/Raw/Audio/Full/WAV_16000/t7a3zECpT4k.wav,/root/autodl-tmp/data/datasets/baidupcs/CMU-MOSEI/extracted/Raw/Labels/extreme_sentiment_results.csv#17,0.00,0.00,en,high,high,high,true,true,0,0,,,neutral,/root/autodl-tmp/data/datasets/baidupcs/CMU-MOSEI/extracted/Raw/Labels/extreme_sentiment_results.csv#t7a3zECpT4k/17
EAQ006012,MOSEI,unknown,MOSEI/kz7ahNfXFsk/9,/root/autodl-tmp/data/datasets/baidupcs/CMU-MOSEI/extracted/Raw/Videos/Full/Combined/kz7ahNfXFsk.mp4,/root/autodl-tmp/data/datasets/baidupcs/CMU-MOSEI/extracted/Raw/Audio/Full/WAV_16000/kz7ahNfXFsk.wav,/root/autodl-tmp/data/datasets/baidupcs/CMU-MOSEI/extracted/Raw/Labels/extreme_sentiment_results.csv#9,0.00,0.00,en,high,high,high,true,true,0,2,,,positive,/root/autodl-tmp/data/datasets/baidupcs/CMU-MOSEI/extracted/Raw/Labels/extreme_sentiment_results.csv#kz7ahNfXFsk/9
EAQ006013,MOSEI,unknown,MOSEI/Uc-0G7RRxoY/15,/root/autodl-tmp/data/datasets/baidupcs/CMU-MOSEI/extracted/Raw/Videos/Full/Combined/Uc-0G7RRxoY.mp4,/root/autodl-tmp/data/datasets/baidupcs/CMU-MOSEI/extracted/Raw/Audio/Full/WAV_16000/Uc-0G7RRxoY.wav,/root/autodl-tmp/data/datasets/baidupcs/CMU-MOSEI/extracted/Raw/Labels/extreme_sentiment_results.csv#15,0.00,0.00,en,high,high,high,true,true,0,2,,,positive,/root/autodl-tmp/data/datasets/baidupcs/CMU-MOSEI/extracted/Raw/Labels/extreme_sentiment_results.csv#Uc-0G7RRxoY/15
EAQ006014,MOSEI,unknown,MOSEI/2ItiGjefTRA/3,/root/autodl-tmp/data/datasets/baidupcs/CMU-MOSEI/extracted/Raw/Videos/Full/Combined/2ItiGjefTRA.mp4,/root/autodl-tmp/data/datasets/baidupcs/CMU-MOSEI/extracted/Raw/Audio/Full/WAV_16000/2ItiGjefTRA.wav,/root/autodl-tmp/data/datasets/baidupcs/CMU-MOSEI/extracted/Raw/Labels/extreme_sentiment_results.csv#3,0.00,0.00,en,high,high,high,true,true,0,0,,,neutral,/root/autodl-tmp/data/datasets/baidupcs/CMU-MOSEI/extracted/Raw/Labels/extreme_sentiment_results.csv#2ItiGjefTRA/3
EAQ006015,MOSEI,unknown,MOSEI/_iRAn6feOmw/17,/root/autodl-tmp/data/datasets/baidupcs/CMU-MOSEI/extracted/Raw/Videos/Full/Combined/_iRAn6feOmw.mp4,/root/autodl-tmp/data/datasets/baidupcs/CMU-MOSEI/extracted/Raw/Audio/Full/WAV_16000/_iRAn6feOmw.wav,/root/autodl-tmp/data/datasets/baidupcs/CMU-MOSEI/extracted/Raw/Labels/extreme_sentiment_results.csv#17,0.00,0.00,en,high,high,high,true,true,0,0,,,neutral,/root/autodl-tmp/data/datasets/baidupcs/CMU-MOSEI/extracted/Raw/Labels/extreme_sentiment_results.csv#_iRAn6feOmw/17
EAQ006016,MOSEI,unknown,MOSEI/IawsOlEKRf0/28,/root/autodl-tmp/data/datasets/baidupcs/CMU-MOSEI/extracted/Raw/Videos/Full/Combined/IawsOlEKRf0.mp4,/root/autodl-tmp/data/datasets/baidupcs/CMU-MOSEI/extracted/Raw/Audio/Full/WAV_16000/IawsOlEKRf0.wav,/root/autodl-tmp/data/datasets/baidupcs/CMU-MOSEI/extracted/Raw/Labels/extreme_sentiment_results.csv#28,0.00,0.00,en,high,high,high,true,true,0,2,,,positive,/root/autodl-tmp/data/datasets/baidupcs/CMU-MOSEI/extracted/Raw/Labels/extreme_sentiment_results.csv#IawsOlEKRf0/28
EAQ006017,MOSEI,unknown,MOSEI/f_ZJ7L14oYQ/21,/root/autodl-tmp/data/datasets/baidupcs/CMU-MOSEI/extracted/Raw/Videos/Full/Combined/f_ZJ7L14oYQ.mp4,/root/autodl-tmp/data/datasets/baidupcs/CMU-MOSEI/extracted/Raw/Audio/Full/WAV_16000/f_ZJ7L14oYQ.wav,/root/autodl-tmp/data/datasets/baidupcs/CMU-MOSEI/extracted/Raw/Labels/extreme_sentiment_results.csv#21,0.00,0.00,en,high,high,high,true,true,0,3,,,positive,/root/autodl-tmp/data/datasets/baidupcs/CMU-MOSEI/extracted/Raw/Labels/extreme_sentiment_results.csv#f_ZJ7L14oYQ/21
EAQ006018,MOSEI,unknown,MOSEI/eSHOcLD5T58/13,/root/autodl-tmp/data/datasets/baidupcs/CMU-MOSEI/extracted/Raw/Videos/Full/Combined/eSHOcLD5T58.mp4,/root/autodl-tmp/data/datasets/baidupcs/CMU-MOSEI/extracted/Raw/Audio/Full/WAV_16000/eSHOcLD5T58.wav,/root/autodl-tmp/data/datasets/baidupcs/CMU-MOSEI/extracted/Raw/Labels/extreme_sentiment_results.csv#13,0.00,0.00,en,high,high,high,true,true,0,0,,,neutral,/root/autodl-tmp/data/datasets/baidupcs/CMU-MOSEI/extracted/Raw/Labels/extreme_sentiment_results.csv#eSHOcLD5T58/13
EAQ006019,MOSEI,unknown,MOSEI/_7HVhnSYX1Y/12,/root/autodl-tmp/data/datasets/baidupcs/CMU-MOSEI/extracted/Raw/Videos/Full/Combined/_7HVhnSYX1Y.mp4,/root/autodl-tmp/data/datasets/baidupcs/CMU-MOSEI/extracted/Raw/Audio/Full/WAV_16000/_7HVhnSYX1Y.wav,/root/autodl-tmp/data/datasets/baidupcs/CMU-MOSEI/extracted/Raw/Labels/extreme_sentiment_results.csv#12,0.00,0.00,en,high,high,high,true,true,0,0,,,neutral,/root/autodl-tmp/data/datasets/baidupcs/CMU-MOSEI/extracted/Raw/Labels/extreme_sentiment_results.csv#_7HVhnSYX1Y/12
EAQ006020,MOSEI,unknown,MOSEI/9dFEGb_RfwE/2,/root/autodl-tmp/data/datasets/baidupcs/CMU-MOSEI/extracted/Raw/Videos/Full/Combined/9dFEGb_RfwE.mp4,/root/autodl-tmp/data/datasets/baidupcs/CMU-MOSEI/extracted/Raw/Audio/Full/WAV_16000/9dFEGb_RfwE.wav,/root/autodl-tmp/data/datasets/baidupcs/CMU-MOSEI/extracted/Raw/Labels/extreme_sentiment_results.csv#2,0.00,0.00,en,high,high,high,true,true,0,0,,,neutral,/root/autodl-tmp/data/datasets/baidupcs/CMU-MOSEI/extracted/Raw/Labels/extreme_sentiment_results.csv#9dFEGb_RfwE/2
EAQ006021,MOSEI,unknown,MOSEI/AHU3PUztC_M/4,/root/autodl-tmp/data/datasets/baidupcs/CMU-MOSEI/extracted/Raw/Videos/Full/Combined/AHU3PUztC_M.mp4,/root/autodl-tmp/data/datasets/baidupcs/CMU-MOSEI/extracted/Raw/Audio/Full/WAV_16000/AHU3PUztC_M.wav,/root/autodl-tmp/data/datasets/baidupcs/CMU-MOSEI/extracted/Raw/Labels/extreme_sentiment_results.csv#4,0.00,0.00,en,high,high,high,true,true,1,0,,,neutral,/root/autodl-tmp/data/datasets/baidupcs/CMU-MOSEI/extracted/Raw/Labels/extreme_sentiment_results.csv#AHU3PUztC_M/4
EAQ006022,MOSEI,unknown,MOSEI/33ueXDUn3mA/9,/root/autodl-tmp/data/datasets/baidupcs/CMU-MOSEI/extracted/Raw/Videos/Full/Combined/33ueXDUn3mA.mp4,/root/autodl-tmp/data/datasets/baidupcs/CMU-MOSEI/extracted/Raw/Audio/Full/WAV_16000/33ueXDUn3mA.wav,/root/autodl-tmp/data/datasets/baidupcs/CMU-MOSEI/extracted/Raw/Labels/extreme_sentiment_results.csv#9,0.00,0.00,en,high,high,high,true,true,0,0,,,neutral,/root/autodl-tmp/data/datasets/baidupcs/CMU-MOSEI/extracted/Raw/Labels/extreme_sentiment_results.csv#33ueXDUn3mA/9
EAQ006023,MOSEI,unknown,MOSEI/cUm0TN3vXRc/11,/root/autodl-tmp/data/datasets/baidupcs/CMU-MOSEI/extracted/Raw/Videos/Full/Combined/cUm0TN3vXRc.mp4,/root/autodl-tmp/data/datasets/baidupcs/CMU-MOSEI/extracted/Raw/Audio/Full/WAV_16000/cUm0TN3vXRc.wav,/root/autodl-tmp/data/datasets/baidupcs/CMU-MOSEI/extracted/Raw/Labels/extreme_sentiment_results.csv#11,0.00,0.00,en,high,high,high,true,true,0,2,,,positive,/root/autodl-tmp/data/datasets/baidupcs/CMU-MOSEI/extracted/Raw/Labels/extreme_sentiment_results.csv#cUm0TN3vXRc/11
EAQ006024,MOSEI,unknown,MOSEI/Drhrzj1yhVs/7,/root/autodl-tmp/data/datasets/baidupcs/CMU-MOSEI/extracted/Raw/Videos/Full/Combined/Drhrzj1yhVs.mp4,/root/autodl-tmp/data/datasets/baidupcs/CMU-MOSEI/extracted/Raw/Audio/Full/WAV_16000/Drhrzj1yhVs.wav,/root/autodl-tmp/data/datasets/baidupcs/CMU-MOSEI/extracted/Raw/Labels/extreme_sentiment_results.csv#7,0.00,0.00,en,high,high,high,true,true,0,0,,,neutral,/root/autodl-tmp/data/datasets/baidupcs/CMU-MOSEI/extracted/Raw/Labels/extreme_sentiment_results.csv#Drhrzj1yhVs/7
EAQ006025,MOSEI,unknown,MOSEI/G38DwNDQ8Cc/26,/root/autodl-tmp/data/datasets/baidupcs/CMU-MOSEI/extracted/Raw/Videos/Full/Combined/G38DwNDQ8Cc.mp4,/root/autodl-tmp/data/datasets/baidupcs/CMU-MOSEI/extracted/Raw/Audio/Full/WAV_16000/G38DwNDQ8Cc.wav,/root/autodl-tmp/data/datasets/baidupcs/CMU-MOSEI/extracted/Raw/Labels/extreme_sentiment_results.csv#26,0.00,0.00,en,high,high,high,true,true,1,-1,,,negative,/root/autodl-tmp/data/datasets/baidupcs/CMU-MOSEI/extracted/Raw/Labels/extreme_sentiment_results.csv#G38DwNDQ8Cc/26
EAQ006026,MOSEI,unknown,MOSEI/yHtR71rx16I/12,/root/autodl-tmp/data/datasets/baidupcs/CMU-MOSEI/extracted/Raw/Videos/Full/Combined/yHtR71rx16I.mp4,/root/autodl-tmp/data/datasets/baidupcs/CMU-MOSEI/extracted/Raw/Audio/Full/WAV_16000/yHtR71rx16I.wav,/root/autodl-tmp/data/datasets/baidupcs/CMU-MOSEI/extracted/Raw/Labels/extreme_sentiment_results.csv#12,0.00,0.00,en,high,high,high,true,true,0,0,,,neutral,/root/autodl-tmp/data/datasets/baidupcs/CMU-MOSEI/extracted/Raw/Labels/extreme_sentiment_results.csv#yHtR71rx16I/12
EAQ006027,MOSEI,unknown,MOSEI/TbZPa_keawc/10,/root/autodl-tmp/data/datasets/baidupcs/CMU-MOSEI/extracted/Raw/Videos/Full/Combined/TbZPa_keawc.mp4,/root/autodl-tmp/data/datasets/baidupcs/CMU-MOSEI/extracted/Raw/Audio/Full/WAV_16000/TbZPa_keawc.wav,/root/autodl-tmp/data/datasets/baidupcs/CMU-MOSEI/extracted/Raw/Labels/extreme_sentiment_results.csv#10,0.00,0.00,en,high,high,high,true,true,0,0,,,neutral,/root/autodl-tmp/data/datasets/baidupcs/CMU-MOSEI/extracted/Raw/Labels/extreme_sentiment_results.csv#TbZPa_keawc/10
EAQ006028,MOSEI,unknown,MOSEI/-lzEya4AM_4/7,/root/autodl-tmp/data/datasets/baidupcs/CMU-MOSEI/extracted/Raw/Videos/Full/Combined/-lzEya4AM_4.mp4,/root/autodl-tmp/data/datasets/baidupcs/CMU-MOSEI/extracted/Raw/Audio/Full/WAV_16000/-lzEya4AM_4.wav,/root/autodl-tmp/data/datasets/baidupcs/CMU-MOSEI/extracted/Raw/Labels/extreme_sentiment_results.csv#7,0.00,0.00,en,high,high,high,true,true,0,0,,,neutral,/root/autodl-tmp/data/datasets/baidupcs/CMU-MOSEI/extracted/Raw/Labels/extreme_sentiment_results.csv#-lzEya4AM_4/7
EAQ006029,MOSEI,unknown,MOSEI/p19Hsjx2xgI/8,/root/autodl-tmp/data/datasets/baidupcs/CMU-MOSEI/extracted/Raw/Videos/Full/Combined/p19Hsjx2xgI.mp4,/root/autodl-tmp/data/datasets/baidupcs/CMU-MOSEI/extracted/Raw/Audio/Full/WAV_16000/p19Hsjx2xgI.wav,/root/autodl-tmp/data/datasets/baidupcs/CMU-MOSEI/extracted/Raw/Labels/extreme_sentiment_results.csv#8,0.00,0.00,en,high,high,high,true,true,0,0,,,neutral,/root/autodl-tmp/data/datasets/baidupcs/CMU-MOSEI/extracted/Raw/Labels/extreme_sentiment_results.csv#p19Hsjx2xgI/8
EAQ006030,MOSEI,unknown,MOSEI/hhK7q30p0Jk/1,/root/autodl-tmp/data/datasets/baidupcs/CMU-MOSEI/extracted/Raw/Videos/Full/Combined/hhK7q30p0Jk.mp4,/root/autodl-tmp/data/datasets/baidupcs/CMU-MOSEI/extracted/Raw/Audio/Full/WAV_16000/hhK7q30p0Jk.wav,/root/autodl-tmp/data/datasets/baidupcs/CMU-MOSEI/extracted/Raw/Labels/extreme_sentiment_results.csv#1,0.00,0.00,en,high,high,high,true,true,0,2,,,positive,/root/autodl-tmp/data/datasets/baidupcs/CMU-MOSEI/extracted/Raw/Labels/extreme_sentiment_results.csv#hhK7q30p0Jk/1
EAQ006031,MOSEI,unknown,MOSEI/TWf0XFpXwfs/10,/root/autodl-tmp/data/datasets/baidupcs/CMU-MOSEI/extracted/Raw/Videos/Full/Combined/TWf0XFpXwfs.mp4,/root/autodl-tmp/data/datasets/baidupcs/CMU-MOSEI/extracted/Raw/Audio/Full/WAV_16000/TWf0XFpXwfs.wav,/root/autodl-tmp/data/datasets/baidupcs/CMU-MOSEI/extracted/Raw/Labels/extreme_sentiment_results.csv#10,0.00,0.00,en,high,high,high,true,true,0,1,,,positive,/root/autodl-tmp/data/datasets/baidupcs/CMU-MOSEI/extracted/Raw/Labels/extreme_sentiment_results.csv#TWf0XFpXwfs/10
EAQ006032,MOSEI,unknown,MOSEI/-uywlfIYOS8/7,/root/autodl-tmp/data/datasets/baidupcs/CMU-MOSEI/extracted/Raw/Videos/Full/Combined/-uywlfIYOS8.mp4,/root/autodl-tmp/data/datasets/baidupcs/CMU-MOSEI/extracted/Raw/Audio/Full/WAV_16000/-uywlfIYOS8.wav,/root/autodl-tmp/data/datasets/baidupcs/CMU-MOSEI/extracted/Raw/Labels/extreme_sentiment_results.csv#7,0.00,0.00,en,high,high,high,true,true,2,3,,,positive,/root/autodl-tmp/data/datasets/baidupcs/CMU-MOSEI/extracted/Raw/Labels/extreme_sentiment_results.csv#-uywlfIYOS8/7
EAQ006033,MOSEI,unknown,MOSEI/_qVgNLJCYdA/5,/root/autodl-tmp/data/datasets/baidupcs/CMU-MOSEI/extracted/Raw/Videos/Full/Combined/_qVgNLJCYdA.mp4,/root/autodl-tmp/data/datasets/baidupcs/CMU-MOSEI/extracted/Raw/Audio/Full/WAV_16000/_qVgNLJCYdA.wav,/root/autodl-tmp/data/datasets/baidupcs/CMU-MOSEI/extracted/Raw/Labels/extreme_sentiment_results.csv#5,0.00,0.00,en,high,high,high,true,true,0,0,,,neutral,/root/autodl-tmp/data/datasets/baidupcs/CMU-MOSEI/extracted/Raw/Labels/extreme_sentiment_results.csv#_qVgNLJCYdA/5
EAQ006034,MOSEI,unknown,MOSEI/HAid0IEUoFQ/2,/root/autodl-tmp/data/datasets/baidupcs/CMU-MOSEI/extracted/Raw/Videos/Full/Combined/HAid0IEUoFQ.mp4,/root/autodl-tmp/data/datasets/baidupcs/CMU-MOSEI/extracted/Raw/Audio/Full/WAV_16000/HAid0IEUoFQ.wav,/root/autodl-tmp/data/datasets/baidupcs/CMU-MOSEI/extracted/Raw/Labels/extreme_sentiment_results.csv#2,0.00,0.00,en,high,high,high,true,true,0,0,,,neutral,/root/autodl-tmp/data/datasets/baidupcs/CMU-MOSEI/extracted/Raw/Labels/extreme_sentiment_results.csv#HAid0IEUoFQ/2
EAQ006035,MOSEI,unknown,MOSEI/d38u9n5GOLM/22,/root/autodl-tmp/data/datasets/baidupcs/CMU-MOSEI/extracted/Raw/Videos/Full/Combined/d38u9n5GOLM.mp4,/root/autodl-tmp/data/datasets/baidupcs/CMU-MOSEI/extracted/Raw/Audio/Full/WAV_16000/d38u9n5GOLM.wav,/root/autodl-tmp/data/datasets/baidupcs/CMU-MOSEI/extracted/Raw/Labels/extreme_sentiment_results.csv#22,0.00,0.00,en,high,high,high,true,true,0,3,,,positive,/root/autodl-tmp/data/datasets/baidupcs/CMU-MOSEI/extracted/Raw/Labels/extreme_sentiment_results.csv#d38u9n5GOLM/22
EAQ006036,MOSEI,unknown,MOSEI/bZ2ytqPtyK4/14,/root/autodl-tmp/data/datasets/baidupcs/CMU-MOSEI/extracted/Raw/Videos/Full/Combined/bZ2ytqPtyK4.mp4,/root/autodl-tmp/data/datasets/baidupcs/CMU-MOSEI/extracted/Raw/Audio/Full/WAV_16000/bZ2ytqPtyK4.wav,/root/autodl-tmp/data/datasets/baidupcs/CMU-MOSEI/extracted/Raw/Labels/extreme_sentiment_results.csv#14,0.00,0.00,en,high,high,high,true,true,0,2,,,positive,/root/autodl-tmp/data/datasets/baidupcs/CMU-MOSEI/extracted/Raw/Labels/extreme_sentiment_results.csv#bZ2ytqPtyK4/14
EAQ006037,MOSEI,unknown,MOSEI/ypZhKsR-9iI/12,/root/autodl-tmp/data/datasets/baidupcs/CMU-MOSEI/extracted/Raw/Videos/Full/Combined/ypZhKsR-9iI.mp4,/root/autodl-tmp/data/datasets/baidupcs/CMU-MOSEI/extracted/Raw/Audio/Full/WAV_16000/ypZhKsR-9iI.wav,/root/autodl-tmp/data/datasets/baidupcs/CMU-MOSEI/extracted/Raw/Labels/extreme_sentiment_results.csv#12,0.00,0.00,en,high,high,high,true,true,0,0,,,neutral,/root/autodl-tmp/data/datasets/baidupcs/CMU-MOSEI/extracted/Raw/Labels/extreme_sentiment_results.csv#ypZhKsR-9iI/12
EAQ006038,MOSEI,unknown,MOSEI/SH0OYx3fR7s/7,/root/autodl-tmp/data/datasets/baidupcs/CMU-MOSEI/extracted/Raw/Videos/Full/Combined/SH0OYx3fR7s.mp4,/root/autodl-tmp/data/datasets/baidupcs/CMU-MOSEI/extracted/Raw/Audio/Full/WAV_16000/SH0OYx3fR7s.wav,/root/autodl-tmp/data/datasets/baidupcs/CMU-MOSEI/extracted/Raw/Labels/extreme_sentiment_results.csv#7,0.00,0.00,en,high,high,high,true,true,0,0,,,neutral,/root/autodl-tmp/data/datasets/baidupcs/CMU-MOSEI/extracted/Raw/Labels/extreme_sentiment_results.csv#SH0OYx3fR7s/7
EAQ006039,MOSEI,unknown,MOSEI/NSihgq4R8Z0/16,/root/autodl-tmp/data/datasets/baidupcs/CMU-MOSEI/extracted/Raw/Videos/Full/Combined/NSihgq4R8Z0.mp4,/root/autodl-tmp/data/datasets/baidupcs/CMU-MOSEI/extracted/Raw/Audio/Full/WAV_16000/NSihgq4R8Z0.wav,/root/autodl-tmp/data/datasets/baidupcs/CMU-MOSEI/extracted/Raw/Labels/extreme_sentiment_results.csv#16,0.00,0.00,en,high,high,high,true,true,0,-1,,,negative,/root/autodl-tmp/data/datasets/baidupcs/CMU-MOSEI/extracted/Raw/Labels/extreme_sentiment_results.csv#NSihgq4R8Z0/16
EAQ006040,MOSEI,unknown,MOSEI/i5bmKlHv-SA/4,/root/autodl-tmp/data/datasets/baidupcs/CMU-MOSEI/extracted/Raw/Videos/Full/Combined/i5bmKlHv-SA.mp4,/root/autodl-tmp/data/datasets/baidupcs/CMU-MOSEI/extracted/Raw/Audio/Full/WAV_16000/i5bmKlHv-SA.wav,/root/autodl-tmp/data/datasets/baidupcs/CMU-MOSEI/extracted/Raw/Labels/extreme_sentiment_results.csv#4,0.00,0.00,en,high,high,high,true,true,0,2,,,positive,/root/autodl-tmp/data/datasets/baidupcs/CMU-MOSEI/extracted/Raw/Labels/extreme_sentiment_results.csv#i5bmKlHv-SA/4
EAQ006041,MOSEI,unknown,MOSEI/mI50zj8cTNw/1,/root/autodl-tmp/data/datasets/baidupcs/CMU-MOSEI/extracted/Raw/Videos/Full/Combined/mI50zj8cTNw.mp4,/root/autodl-tmp/data/datasets/baidupcs/CMU-MOSEI/extracted/Raw/Audio/Full/WAV_16000/mI50zj8cTNw.wav,/root/autodl-tmp/data/datasets/baidupcs/CMU-MOSEI/extracted/Raw/Labels/extreme_sentiment_results.csv#1,0.00,0.00,en,high,high,high,true,true,0,0,,,neutral,/root/autodl-tmp/data/datasets/baidupcs/CMU-MOSEI/extracted/Raw/Labels/extreme_sentiment_results.csv#mI50zj8cTNw/1
EAQ006042,MOSEI,unknown,MOSEI/avW2m6VHTyg/7,/root/autodl-tmp/data/datasets/baidupcs/CMU-MOSEI/extracted/Raw/Videos/Full/Combined/avW2m6VHTyg.mp4,/root/autodl-tmp/data/datasets/baidupcs/CMU-MOSEI/extracted/Raw/Audio/Full/WAV_16000/avW2m6VHTyg.wav,/root/autodl-tmp/data/datasets/baidupcs/CMU-MOSEI/extracted/Raw/Labels/extreme_sentiment_results.csv#7,0.00,0.00,en,high,high,high,true,true,0,1,,,positive,/root/autodl-tmp/data/datasets/baidupcs/CMU-MOSEI/extracted/Raw/Labels/extreme_sentiment_results.csv#avW2m6VHTyg/7
EAQ006043,MOSEI,unknown,MOSEI/0zl_GDVzykw/1,/root/autodl-tmp/data/datasets/baidupcs/CMU-MOSEI/extracted/Raw/Videos/Full/Combined/0zl_GDVzykw.mp4,/root/autodl-tmp/data/datasets/baidupcs/CMU-MOSEI/extracted/Raw/Audio/Full/WAV_16000/0zl_GDVzykw.wav,/root/autodl-tmp/data/datasets/baidupcs/CMU-MOSEI/extracted/Raw/Labels/extreme_sentiment_results.csv#1,0.00,0.00,en,high,high,high,true,true,0,-1,,,negative,/root/autodl-tmp/data/datasets/baidupcs/CMU-MOSEI/extracted/Raw/Labels/extreme_sentiment_results.csv#0zl_GDVzykw/1
EAQ006044,MOSEI,unknown,MOSEI/gFAOKuqpUq4/16,/root/autodl-tmp/data/datasets/baidupcs/CMU-MOSEI/extracted/Raw/Videos/Full/Combined/gFAOKuqpUq4.mp4,/root/autodl-tmp/data/datasets/baidupcs/CMU-MOSEI/extracted/Raw/Audio/Full/WAV_16000/gFAOKuqpUq4.wav,/root/autodl-tmp/data/datasets/baidupcs/CMU-MOSEI/extracted/Raw/Labels/extreme_sentiment_results.csv#16,0.00,0.00,en,high,high,high,true,true,1,-1,,,negative,/root/autodl-tmp/data/datasets/baidupcs/CMU-MOSEI/extracted/Raw/Labels/extreme_sentiment_results.csv#gFAOKuqpUq4/16
EAQ006045,MOSEI,unknown,MOSEI/MCRCXXPqFOI/10,/root/autodl-tmp/data/datasets/baidupcs/CMU-MOSEI/extracted/Raw/Videos/Full/Combined/MCRCXXPqFOI.mp4,/root/autodl-tmp/data/datasets/baidupcs/CMU-MOSEI/extracted/Raw/Audio/Full/WAV_16000/MCRCXXPqFOI.wav,/root/autodl-tmp/data/datasets/baidupcs/CMU-MOSEI/extracted/Raw/Labels/extreme_sentiment_results.csv#10,0.00,0.00,en,high,high,high,true,true,0,0,,,neutral,/root/autodl-tmp/data/datasets/baidupcs/CMU-MOSEI/extracted/Raw/Labels/extreme_sentiment_results.csv#MCRCXXPqFOI/10
EAQ006046,MOSEI,unknown,MOSEI/4ZhIx2ozUIE/1,/root/autodl-tmp/data/datasets/baidupcs/CMU-MOSEI/extracted/Raw/Videos/Full/Combined/4ZhIx2ozUIE.mp4,/root/autodl-tmp/data/datasets/baidupcs/CMU-MOSEI/extracted/Raw/Audio/Full/WAV_16000/4ZhIx2ozUIE.wav,/root/autodl-tmp/data/datasets/baidupcs/CMU-MOSEI/extracted/Raw/Labels/extreme_sentiment_results.csv#1,0.00,0.00,en,high,high,high,true,true,0,0,,,neutral,/root/autodl-tmp/data/datasets/baidupcs/CMU-MOSEI/extracted/Raw/Labels/extreme_sentiment_results.csv#4ZhIx2ozUIE/1
EAQ006047,MOSEI,unknown,MOSEI/RST6PgpsLws/3,/root/autodl-tmp/data/datasets/baidupcs/CMU-MOSEI/extracted/Raw/Videos/Full/Combined/RST6PgpsLws.mp4,/root/autodl-tmp/data/datasets/baidupcs/CMU-MOSEI/extracted/Raw/Audio/Full/WAV_16000/RST6PgpsLws.wav,/root/autodl-tmp/data/datasets/baidupcs/CMU-MOSEI/extracted/Raw/Labels/extreme_sentiment_results.csv#3,0.00,0.00,en,high,high,high,true,true,0,1,,,positive,/root/autodl-tmp/data/datasets/baidupcs/CMU-MOSEI/extracted/Raw/Labels/extreme_sentiment_results.csv#RST6PgpsLws/3
EAQ006048,MOSEI,unknown,MOSEI/vGkIaClHKDg/14,/root/autodl-tmp/data/datasets/baidupcs/CMU-MOSEI/extracted/Raw/Videos/Full/Combined/vGkIaClHKDg.mp4,/root/autodl-tmp/data/datasets/baidupcs/CMU-MOSEI/extracted/Raw/Audio/Full/WAV_16000/vGkIaClHKDg.wav,/root/autodl-tmp/data/datasets/baidupcs/CMU-MOSEI/extracted/Raw/Labels/extreme_sentiment_results.csv#14,0.00,0.00,en,high,high,high,true,true,0,2,,,positive,/root/autodl-tmp/data/datasets/baidupcs/CMU-MOSEI/extracted/Raw/Labels/extreme_sentiment_results.csv#vGkIaClHKDg/14
EAQ006049,MOSEI,unknown,MOSEI/jZe-2w7pkd8/19,/root/autodl-tmp/data/datasets/baidupcs/CMU-MOSEI/extracted/Raw/Videos/Full/Combined/jZe-2w7pkd8.mp4,/root/autodl-tmp/data/datasets/baidupcs/CMU-MOSEI/extracted/Raw/Audio/Full/WAV_16000/jZe-2w7pkd8.wav,/root/autodl-tmp/data/datasets/baidupcs/CMU-MOSEI/extracted/Raw/Labels/extreme_sentiment_results.csv#19,0.00,0.00,en,high,high,high,true,true,0,2,,,positive,/root/autodl-tmp/data/datasets/baidupcs/CMU-MOSEI/extracted/Raw/Labels/extreme_sentiment_results.csv#jZe-2w7pkd8/19
EAQ006050,MOSEI,unknown,MOSEI/8VB6pdJTpX4/1,/root/autodl-tmp/data/datasets/baidupcs/CMU-MOSEI/extracted/Raw/Videos/Full/Combined/8VB6pdJTpX4.mp4,/root/autodl-tmp/data/datasets/baidupcs/CMU-MOSEI/extracted/Raw/Audio/Full/WAV_16000/8VB6pdJTpX4.wav,/root/autodl-tmp/data/datasets/baidupcs/CMU-MOSEI/extracted/Raw/Labels/extreme_sentiment_results.csv#1,0.00,0.00,en,high,high,high,true,true,0,1,,,positive,/root/autodl-tmp/data/datasets/baidupcs/CMU-MOSEI/extracted/Raw/Labels/extreme_sentiment_results.csv#8VB6pdJTpX4/1
EAQ006051,MOSEI,unknown,MOSEI/XXvSLz8QmGk/15,/root/autodl-tmp/data/datasets/baidupcs/CMU-MOSEI/extracted/Raw/Videos/Full/Combined/XXvSLz8QmGk.mp4,/root/autodl-tmp/data/datasets/baidupcs/CMU-MOSEI/extracted/Raw/Audio/Full/WAV_16000/XXvSLz8QmGk.wav,/root/autodl-tmp/data/datasets/baidupcs/CMU-MOSEI/extracted/Raw/Labels/extreme_sentiment_results.csv#15,0.00,0.00,en,high,high,high,true,true,0,3,,,positive,/root/autodl-tmp/data/datasets/baidupcs/CMU-MOSEI/extracted/Raw/Labels/extreme_sentiment_results.csv#XXvSLz8QmGk/15
EAQ006052,MOSEI,unknown,MOSEI/aMtFBGh2wKI/4,/root/autodl-tmp/data/datasets/baidupcs/CMU-MOSEI/extracted/Raw/Videos/Full/Combined/aMtFBGh2wKI.mp4,/root/autodl-tmp/data/datasets/baidupcs/CMU-MOSEI/extracted/Raw/Audio/Full/WAV_16000/aMtFBGh2wKI.wav,/root/autodl-tmp/data/datasets/baidupcs/CMU-MOSEI/extracted/Raw/Labels/extreme_sentiment_results.csv#4,0.00,0.00,en,high,high,high,true,true,0,1,,,positive,/root/autodl-tmp/data/datasets/baidupcs/CMU-MOSEI/extracted/Raw/Labels/extreme_sentiment_results.csv#aMtFBGh2wKI/4
EAQ006053,MOSEI,unknown,MOSEI/BdqoZ5qpz0E/15,/root/autodl-tmp/data/datasets/baidupcs/CMU-MOSEI/extracted/Raw/Videos/Full/Combined/BdqoZ5qpz0E.mp4,/root/autodl-tmp/data/datasets/baidupcs/CMU-MOSEI/extracted/Raw/Audio/Full/WAV_16000/BdqoZ5qpz0E.wav,/root/autodl-tmp/data/datasets/baidupcs/CMU-MOSEI/extracted/Raw/Labels/extreme_sentiment_results.csv#15,0.00,0.00,en,high,high,high,true,true,0,1,,,positive,/root/autodl-tmp/data/datasets/baidupcs/CMU-MOSEI/extracted/Raw/Labels/extreme_sentiment_results.csv#BdqoZ5qpz0E/15
EAQ006054,MOSEI,unknown,MOSEI/nhD9WSEIspQ/14,/root/autodl-tmp/data/datasets/baidupcs/CMU-MOSEI/extracted/Raw/Videos/Full/Combined/nhD9WSEIspQ.mp4,/root/autodl-tmp/data/datasets/baidupcs/CMU-MOSEI/extracted/Raw/Audio/Full/WAV_16000/nhD9WSEIspQ.wav,/root/autodl-tmp/data/datasets/baidupcs/CMU-MOSEI/extracted/Raw/Labels/extreme_sentiment_results.csv#14,0.00,0.00,en,high,high,high,true,true,0,0,,,neutral,/root/autodl-tmp/data/datasets/baidupcs/CMU-MOSEI/extracted/Raw/Labels/extreme_sentiment_results.csv#nhD9WSEIspQ/14
EAQ006055,MOSEI,unknown,MOSEI/xUz5cCA-oTo/13,/root/autodl-tmp/data/datasets/baidupcs/CMU-MOSEI/extracted/Raw/Videos/Full/Combined/xUz5cCA-oTo.mp4,/root/autodl-tmp/data/datasets/baidupcs/CMU-MOSEI/extracted/Raw/Audio/Full/WAV_16000/xUz5cCA-oTo.wav,/root/autodl-tmp/data/datasets/baidupcs/CMU-MOSEI/extracted/Raw/Labels/extreme_sentiment_results.csv#13,0.00,0.00,en,high,high,high,true,true,0,0,,,neutral,/root/autodl-tmp/data/datasets/baidupcs/CMU-MOSEI/extracted/Raw/Labels/extreme_sentiment_results.csv#xUz5cCA-oTo/13
EAQ006056,MOSEI,unknown,MOSEI/KQ86HmgwUns/8,/root/autodl-tmp/data/datasets/baidupcs/CMU-MOSEI/extracted/Raw/Videos/Full/Combined/KQ86HmgwUns.mp4,/root/autodl-tmp/data/datasets/baidupcs/CMU-MOSEI/extracted/Raw/Audio/Full/WAV_16000/KQ86HmgwUns.wav,/root/autodl-tmp/data/datasets/baidupcs/CMU-MOSEI/extracted/Raw/Labels/extreme_sentiment_results.csv#8,0.00,0.00,en,high,high,high,true,true,0,2,,,positive,/root/autodl-tmp/data/datasets/baidupcs/CMU-MOSEI/extracted/Raw/Labels/extreme_sentiment_results.csv#KQ86HmgwUns/8
EAQ006057,MOSEI,unknown,MOSEI/yHtR71rx16I/13,/root/autodl-tmp/data/datasets/baidupcs/CMU-MOSEI/extracted/Raw/Videos/Full/Combined/yHtR71rx16I.mp4,/root/autodl-tmp/data/datasets/baidupcs/CMU-MOSEI/extracted/Raw/Audio/Full/WAV_16000/yHtR71rx16I.wav,/root/autodl-tmp/data/datasets/baidupcs/CMU-MOSEI/extracted/Raw/Labels/extreme_sentiment_results.csv#13,0.00,0.00,en,high,high,high,true,true,0,-3,,,negative,/root/autodl-tmp/data/datasets/baidupcs/CMU-MOSEI/extracted/Raw/Labels/extreme_sentiment_results.csv#yHtR71rx16I/13
EAQ006058,MOSEI,unknown,MOSEI/jQ3EmbRIe58/14,/root/autodl-tmp/data/datasets/baidupcs/CMU-MOSEI/extracted/Raw/Videos/Full/Combined/jQ3EmbRIe58.mp4,/root/autodl-tmp/data/datasets/baidupcs/CMU-MOSEI/extracted/Raw/Audio/Full/WAV_16000/jQ3EmbRIe58.wav,/root/autodl-tmp/data/datasets/baidupcs/CMU-MOSEI/extracted/Raw/Labels/extreme_sentiment_results.csv#14,0.00,0.00,en,high,high,high,true,true,0,2,,,positive,/root/autodl-tmp/data/datasets/baidupcs/CMU-MOSEI/extracted/Raw/Labels/extreme_sentiment_results.csv#jQ3EmbRIe58/14
EAQ006059,MOSEI,unknown,MOSEI/RqOgkJbqFXg/5,/root/autodl-tmp/data/datasets/baidupcs/CMU-MOSEI/extracted/Raw/Videos/Full/Combined/RqOgkJbqFXg.mp4,/root/autodl-tmp/data/datasets/baidupcs/CMU-MOSEI/extracted/Raw/Audio/Full/WAV_16000/RqOgkJbqFXg.wav,/root/autodl-tmp/data/datasets/baidupcs/CMU-MOSEI/extracted/Raw/Labels/extreme_sentiment_results.csv#5,0.00,0.00,en,high,high,high,true,true,0,0,,,neutral,/root/autodl-tmp/data/datasets/baidupcs/CMU-MOSEI/extracted/Raw/Labels/extreme_sentiment_results.csv#RqOgkJbqFXg/5
EAQ006060,MOSEI,unknown,MOSEI/GUffC7vu9zA/41,/root/autodl-tmp/data/datasets/baidupcs/CMU-MOSEI/extracted/Raw/Videos/Full/Combined/GUffC7vu9zA.mp4,/root/autodl-tmp/data/datasets/baidupcs/CMU-MOSEI/extracted/Raw/Audio/Full/WAV_16000/GUffC7vu9zA.wav,/root/autodl-tmp/data/datasets/baidupcs/CMU-MOSEI/extracted/Raw/Labels/extreme_sentiment_results.csv#41,0.00,0.00,en,high,high,high,true,true,0,0,,,neutral,/root/autodl-tmp/data/datasets/baidupcs/CMU-MOSEI/extracted/Raw/Labels/extreme_sentiment_results.csv#GUffC7vu9zA/41
EAQ006061,MOSEI,unknown,MOSEI/uogwnZGb-iE/26,/root/autodl-tmp/data/datasets/baidupcs/CMU-MOSEI/extracted/Raw/Videos/Full/Combined/uogwnZGb-iE.mp4,/root/autodl-tmp/data/datasets/baidupcs/CMU-MOSEI/extracted/Raw/Audio/Full/WAV_16000/uogwnZGb-iE.wav,/root/autodl-tmp/data/datasets/baidupcs/CMU-MOSEI/extracted/Raw/Labels/extreme_sentiment_results.csv#26,0.00,0.00,en,high,high,high,true,true,0,3,,,positive,/root/autodl-tmp/data/datasets/baidupcs/CMU-MOSEI/extracted/Raw/Labels/extreme_sentiment_results.csv#uogwnZGb-iE/26
EAQ006062,MOSEI,unknown,MOSEI/Uc-0G7RRxoY/16,/root/autodl-tmp/data/datasets/baidupcs/CMU-MOSEI/extracted/Raw/Videos/Full/Combined/Uc-0G7RRxoY.mp4,/root/autodl-tmp/data/datasets/baidupcs/CMU-MOSEI/extracted/Raw/Audio/Full/WAV_16000/Uc-0G7RRxoY.wav,/root/autodl-tmp/data/datasets/baidupcs/CMU-MOSEI/extracted/Raw/Labels/extreme_sentiment_results.csv#16,0.00,0.00,en,high,high,high,true,true,0,0,,,neutral,/root/autodl-tmp/data/datasets/baidupcs/CMU-MOSEI/extracted/Raw/Labels/extreme_sentiment_results.csv#Uc-0G7RRxoY/16
EAQ006063,MOSEI,unknown,MOSEI/Iz_PDdyXr-8/2,/root/autodl-tmp/data/datasets/baidupcs/CMU-MOSEI/extracted/Raw/Videos/Full/Combined/Iz_PDdyXr-8.mp4,/root/autodl-tmp/data/datasets/baidupcs/CMU-MOSEI/extracted/Raw/Audio/Full/WAV_16000/Iz_PDdyXr-8.wav,/root/autodl-tmp/data/datasets/baidupcs/CMU-MOSEI/extracted/Raw/Labels/extreme_sentiment_results.csv#2,0.00,0.00,en,high,high,high,true,true,0,0,,,neutral,/root/autodl-tmp/data/datasets/baidupcs/CMU-MOSEI/extracted/Raw/Labels/extreme_sentiment_results.csv#Iz_PDdyXr-8/2
EAQ006064,MOSEI,unknown,MOSEI/kyPepNmxaj8/8,/root/autodl-tmp/data/datasets/baidupcs/CMU-MOSEI/extracted/Raw/Videos/Full/Combined/kyPepNmxaj8.mp4,/root/autodl-tmp/data/datasets/baidupcs/CMU-MOSEI/extracted/Raw/Audio/Full/WAV_16000/kyPepNmxaj8.wav,/root/autodl-tmp/data/datasets/baidupcs/CMU-MOSEI/extracted/Raw/Labels/extreme_sentiment_results.csv#8,0.00,0.00,en,high,high,high,true,true,0,0,,,neutral,/root/autodl-tmp/data/datasets/baidupcs/CMU-MOSEI/extracted/Raw/Labels/extreme_sentiment_results.csv#kyPepNmxaj8/8
EAQ006065,MOSEI,unknown,MOSEI/ARNWtLCbfW4/11,/root/autodl-tmp/data/datasets/baidupcs/CMU-MOSEI/extracted/Raw/Videos/Full/Combined/ARNWtLCbfW4.mp4,/root/autodl-tmp/data/datasets/baidupcs/CMU-MOSEI/extracted/Raw/Audio/Full/WAV_16000/ARNWtLCbfW4.wav,/root/autodl-tmp/data/datasets/baidupcs/CMU-MOSEI/extracted/Raw/Labels/extreme_sentiment_results.csv#11,0.00,0.00,en,high,high,high,true,true,0,0,,,neutral,/root/autodl-tmp/data/datasets/baidupcs/CMU-MOSEI/extracted/Raw/Labels/extreme_sentiment_results.csv#ARNWtLCbfW4/11
EAQ006066,MOSEI,unknown,MOSEI/Dnhxm6sHQpc/5,/root/autodl-tmp/data/datasets/baidupcs/CMU-MOSEI/extracted/Raw/Videos/Full/Combined/Dnhxm6sHQpc.mp4,/root/autodl-tmp/data/datasets/baidupcs/CMU-MOSEI/extracted/Raw/Audio/Full/WAV_16000/Dnhxm6sHQpc.wav,/root/autodl-tmp/data/datasets/baidupcs/CMU-MOSEI/extracted/Raw/Labels/extreme_sentiment_results.csv#5,0.00,0.00,en,high,high,high,true,true,0,0,,,neutral,/root/autodl-tmp/data/datasets/baidupcs/CMU-MOSEI/extracted/Raw/Labels/extreme_sentiment_results.csv#Dnhxm6sHQpc/5
EAQ006067,MOSEI,unknown,MOSEI/-THoVjtIkeU/8,/root/autodl-tmp/data/datasets/baidupcs/CMU-MOSEI/extracted/Raw/Videos/Full/Combined/-THoVjtIkeU.mp4,/root/autodl-tmp/data/datasets/baidupcs/CMU-MOSEI/extracted/Raw/Audio/Full/WAV_16000/-THoVjtIkeU.wav,/root/autodl-tmp/data/datasets/baidupcs/CMU-MOSEI/extracted/Raw/Labels/extreme_sentiment_results.csv#8,0.00,0.00,en,high,high,high,true,true,0,0,,,neutral,/root/autodl-tmp/data/datasets/baidupcs/CMU-MOSEI/extracted/Raw/Labels/extreme_sentiment_results.csv#-THoVjtIkeU/8
EAQ006068,MOSEI,unknown,MOSEI/RmX9t_HY_dU/1,/root/autodl-tmp/data/datasets/baidupcs/CMU-MOSEI/extracted/Raw/Videos/Full/Combined/RmX9t_HY_dU.mp4,/root/autodl-tmp/data/datasets/baidupcs/CMU-MOSEI/extracted/Raw/Audio/Full/WAV_16000/RmX9t_HY_dU.wav,/root/autodl-tmp/data/datasets/baidupcs/CMU-MOSEI/extracted/Raw/Labels/extreme_sentiment_results.csv#1,0.00,0.00,en,high,high,high,true,true,0,0,,,neutral,/root/autodl-tmp/data/datasets/baidupcs/CMU-MOSEI/extracted/Raw/Labels/extreme_sentiment_results.csv#RmX9t_HY_dU/1
EAQ006069,MOSEI,unknown,MOSEI/bfy28AlY-TQ/7,/root/autodl-tmp/data/datasets/baidupcs/CMU-MOSEI/extracted/Raw/Videos/Full/Combined/bfy28AlY-TQ.mp4,/root/autodl-tmp/data/datasets/baidupcs/CMU-MOSEI/extracted/Raw/Audio/Full/WAV_16000/bfy28AlY-TQ.wav,/root/autodl-tmp/data/datasets/baidupcs/CMU-MOSEI/extracted/Raw/Labels/extreme_sentiment_results.csv#7,0.00,0.00,en,high,high,high,true,true,0,-1,,,negative,/root/autodl-tmp/data/datasets/baidupcs/CMU-MOSEI/extracted/Raw/Labels/extreme_sentiment_results.csv#bfy28AlY-TQ/7
EAQ006070,MOSEI,unknown,MOSEI/GMjQUrlMa50/5,/root/autodl-tmp/data/datasets/baidupcs/CMU-MOSEI/extracted/Raw/Videos/Full/Combined/GMjQUrlMa50.mp4,/root/autodl-tmp/data/datasets/baidupcs/CMU-MOSEI/extracted/Raw/Audio/Full/WAV_16000/GMjQUrlMa50.wav,/root/autodl-tmp/data/datasets/baidupcs/CMU-MOSEI/extracted/Raw/Labels/extreme_sentiment_results.csv#5,0.00,0.00,en,high,high,high,true,true,0,0,,,neutral,/root/autodl-tmp/data/datasets/baidupcs/CMU-MOSEI/extracted/Raw/Labels/extreme_sentiment_results.csv#GMjQUrlMa50/5
EAQ006071,MOSEI,unknown,MOSEI/9cSJglGi9Pg/2,/root/autodl-tmp/data/datasets/baidupcs/CMU-MOSEI/extracted/Raw/Videos/Full/Combined/9cSJglGi9Pg.mp4,/root/autodl-tmp/data/datasets/baidupcs/CMU-MOSEI/extracted/Raw/Audio/Full/WAV_16000/9cSJglGi9Pg.wav,/root/autodl-tmp/data/datasets/baidupcs/CMU-MOSEI/extracted/Raw/Labels/extreme_sentiment_results.csv#2,0.00,0.00,en,high,high,high,true,true,0,-1,,,negative,/root/autodl-tmp/data/datasets/baidupcs/CMU-MOSEI/extracted/Raw/Labels/extreme_sentiment_results.csv#9cSJglGi9Pg/2
EAQ006072,MOSEI,unknown,MOSEI/cHBRDdSXLtU/0,/root/autodl-tmp/data/datasets/baidupcs/CMU-MOSEI/extracted/Raw/Videos/Full/Combined/cHBRDdSXLtU.mp4,/root/autodl-tmp/data/datasets/baidupcs/CMU-MOSEI/extracted/Raw/Audio/Full/WAV_16000/cHBRDdSXLtU.wav,/root/autodl-tmp/data/datasets/baidupcs/CMU-MOSEI/extracted/Raw/Labels/extreme_sentiment_results.csv#0,0.00,0.00,en,high,high,high,true,true,0,-1,,,negative,/root/autodl-tmp/data/datasets/baidupcs/CMU-MOSEI/extracted/Raw/Labels/extreme_sentiment_results.csv#cHBRDdSXLtU/0
EAQ006073,MOSEI,unknown,MOSEI/pfCPogxnUfw/19,/root/autodl-tmp/data/datasets/baidupcs/CMU-MOSEI/extracted/Raw/Videos/Full/Combined/pfCPogxnUfw.mp4,/root/autodl-tmp/data/datasets/baidupcs/CMU-MOSEI/extracted/Raw/Audio/Full/WAV_16000/pfCPogxnUfw.wav,/root/autodl-tmp/data/datasets/baidupcs/CMU-MOSEI/extracted/Raw/Labels/extreme_sentiment_results.csv#19,0.00,0.00,en,high,high,high,true,true,0,-1,,,negative,/root/autodl-tmp/data/datasets/baidupcs/CMU-MOSEI/extracted/Raw/Labels/extreme_sentiment_results.csv#pfCPogxnUfw/19
EAQ006074,MOSEI,unknown,MOSEI/vbr3EA8cJTI/13,/root/autodl-tmp/data/datasets/baidupcs/CMU-MOSEI/extracted/Raw/Videos/Full/Combined/vbr3EA8cJTI.mp4,/root/autodl-tmp/data/datasets/baidupcs/CMU-MOSEI/extracted/Raw/Audio/Full/WAV_16000/vbr3EA8cJTI.wav,/root/autodl-tmp/data/datasets/baidupcs/CMU-MOSEI/extracted/Raw/Labels/extreme_sentiment_results.csv#13,0.00,0.00,en,high,high,high,true,true,0,0,,,neutral,/root/autodl-tmp/data/datasets/baidupcs/CMU-MOSEI/extracted/Raw/Labels/extreme_sentiment_results.csv#vbr3EA8cJTI/13
EAQ006075,MOSEI,unknown,MOSEI/Q_py5n2fQXw/12,/root/autodl-tmp/data/datasets/baidupcs/CMU-MOSEI/extracted/Raw/Videos/Full/Combined/Q_py5n2fQXw.mp4,/root/autodl-tmp/data/datasets/baidupcs/CMU-MOSEI/extracted/Raw/Audio/Full/WAV_16000/Q_py5n2fQXw.wav,/root/autodl-tmp/data/datasets/baidupcs/CMU-MOSEI/extracted/Raw/Labels/extreme_sentiment_results.csv#12,0.00,0.00,en,high,high,high,true,true,0,2,,,positive,/root/autodl-tmp/data/datasets/baidupcs/CMU-MOSEI/extracted/Raw/Labels/extreme_sentiment_results.csv#Q_py5n2fQXw/12
EAQ006076,MOSEI,unknown,MOSEI/VZqkWIPmH6w/1,/root/autodl-tmp/data/datasets/baidupcs/CMU-MOSEI/extracted/Raw/Videos/Full/Combined/VZqkWIPmH6w.mp4,/root/autodl-tmp/data/datasets/baidupcs/CMU-MOSEI/extracted/Raw/Audio/Full/WAV_16000/VZqkWIPmH6w.wav,/root/autodl-tmp/data/datasets/baidupcs/CMU-MOSEI/extracted/Raw/Labels/extreme_sentiment_results.csv#1,0.00,0.00,en,high,high,high,true,true,0,0,,,neutral,/root/autodl-tmp/data/datasets/baidupcs/CMU-MOSEI/extracted/Raw/Labels/extreme_sentiment_results.csv#VZqkWIPmH6w/1
EAQ006077,MOSEI,unknown,MOSEI/Nrurc5sMUOE/7,/root/autodl-tmp/data/datasets/baidupcs/CMU-MOSEI/extracted/Raw/Videos/Full/Combined/Nrurc5sMUOE.mp4,/root/autodl-tmp/data/datasets/baidupcs/CMU-MOSEI/extracted/Raw/Audio/Full/WAV_16000/Nrurc5sMUOE.wav,/root/autodl-tmp/data/datasets/baidupcs/CMU-MOSEI/extracted/Raw/Labels/extreme_sentiment_results.csv#7,0.00,0.00,en,high,high,high,true,true,0,0,,,neutral,/root/autodl-tmp/data/datasets/baidupcs/CMU-MOSEI/extracted/Raw/Labels/extreme_sentiment_results.csv#Nrurc5sMUOE/7
EAQ006078,MOSEI,unknown,MOSEI/5XX0csik6VQ/1,/root/autodl-tmp/data/datasets/baidupcs/CMU-MOSEI/extracted/Raw/Videos/Full/Combined/5XX0csik6VQ.mp4,/root/autodl-tmp/data/datasets/baidupcs/CMU-MOSEI/extracted/Raw/Audio/Full/WAV_16000/5XX0csik6VQ.wav,/root/autodl-tmp/data/datasets/baidupcs/CMU-MOSEI/extracted/Raw/Labels/extreme_sentiment_results.csv#1,0.00,0.00,en,high,high,high,true,true,0,0,,,neutral,/root/autodl-tmp/data/datasets/baidupcs/CMU-MOSEI/extracted/Raw/Labels/extreme_sentiment_results.csv#5XX0csik6VQ/1
EAQ006079,MOSEI,unknown,MOSEI/4lKz4xyCmkk/13,/root/autodl-tmp/data/datasets/baidupcs/CMU-MOSEI/extracted/Raw/Videos/Full/Combined/4lKz4xyCmkk.mp4,/root/autodl-tmp/data/datasets/baidupcs/CMU-MOSEI/extracted/Raw/Audio/Full/WAV_16000/4lKz4xyCmkk.wav,/root/autodl-tmp/data/datasets/baidupcs/CMU-MOSEI/extracted/Raw/Labels/extreme_sentiment_results.csv#13,0.00,0.00,en,high,high,high,true,true,0,0,,,neutral,/root/autodl-tmp/data/datasets/baidupcs/CMU-MOSEI/extracted/Raw/Labels/extreme_sentiment_results.csv#4lKz4xyCmkk/13
EAQ006080,MOSEI,unknown,MOSEI/rf0yDSeVEUA/10,/root/autodl-tmp/data/datasets/baidupcs/CMU-MOSEI/extracted/Raw/Videos/Full/Combined/rf0yDSeVEUA.mp4,/root/autodl-tmp/data/datasets/baidupcs/CMU-MOSEI/extracted/Raw/Audio/Full/WAV_16000/rf0yDSeVEUA.wav,/root/autodl-tmp/data/datasets/baidupcs/CMU-MOSEI/extracted/Raw/Labels/extreme_sentiment_results.csv#10,0.00,0.00,en,high,high,high,true,true,0,0,,,neutral,/root/autodl-tmp/data/datasets/baidupcs/CMU-MOSEI/extracted/Raw/Labels/extreme_sentiment_results.csv#rf0yDSeVEUA/10
EAQ006081,MOSEI,unknown,MOSEI/GNP0PFas12Y/6,/root/autodl-tmp/data/datasets/baidupcs/CMU-MOSEI/extracted/Raw/Videos/Full/Combined/GNP0PFas12Y.mp4,/root/autodl-tmp/data/datasets/baidupcs/CMU-MOSEI/extracted/Raw/Audio/Full/WAV_16000/GNP0PFas12Y.wav,/root/autodl-tmp/data/datasets/baidupcs/CMU-MOSEI/extracted/Raw/Labels/extreme_sentiment_results.csv#6,0.00,0.00,en,high,high,high,true,true,0,2,,,positive,/root/autodl-tmp/data/datasets/baidupcs/CMU-MOSEI/extracted/Raw/Labels/extreme_sentiment_results.csv#GNP0PFas12Y/6
EAQ006082,MOSEI,unknown,MOSEI/Bpy61RdLAvo/5,/root/autodl-tmp/data/datasets/baidupcs/CMU-MOSEI/extracted/Raw/Videos/Full/Combined/Bpy61RdLAvo.mp4,/root/autodl-tmp/data/datasets/baidupcs/CMU-MOSEI/extracted/Raw/Audio/Full/WAV_16000/Bpy61RdLAvo.wav,/root/autodl-tmp/data/datasets/baidupcs/CMU-MOSEI/extracted/Raw/Labels/extreme_sentiment_results.csv#5,0.00,0.00,en,high,high,high,true,true,0,-1,,,negative,/root/autodl-tmp/data/datasets/baidupcs/CMU-MOSEI/extracted/Raw/Labels/extreme_sentiment_results.csv#Bpy61RdLAvo/5
EAQ006083,MOSEI,unknown,MOSEI/qlDiE1d45Bc/18,/root/autodl-tmp/data/datasets/baidupcs/CMU-MOSEI/extracted/Raw/Videos/Full/Combined/qlDiE1d45Bc.mp4,/root/autodl-tmp/data/datasets/baidupcs/CMU-MOSEI/extracted/Raw/Audio/Full/WAV_16000/qlDiE1d45Bc.wav,/root/autodl-tmp/data/datasets/baidupcs/CMU-MOSEI/extracted/Raw/Labels/extreme_sentiment_results.csv#18,0.00,0.00,en,high,high,high,true,true,1,-2,,,negative,/root/autodl-tmp/data/datasets/baidupcs/CMU-MOSEI/extracted/Raw/Labels/extreme_sentiment_results.csv#qlDiE1d45Bc/18
EAQ006084,MOSEI,unknown,MOSEI/goMtnNHQ_z4/12,/root/autodl-tmp/data/datasets/baidupcs/CMU-MOSEI/extracted/Raw/Videos/Full/Combined/goMtnNHQ_z4.mp4,/root/autodl-tmp/data/datasets/baidupcs/CMU-MOSEI/extracted/Raw/Audio/Full/WAV_16000/goMtnNHQ_z4.wav,/root/autodl-tmp/data/datasets/baidupcs/CMU-MOSEI/extracted/Raw/Labels/extreme_sentiment_results.csv#12,0.00,0.00,en,high,high,high,true,true,0,0,,,neutral,/root/autodl-tmp/data/datasets/baidupcs/CMU-MOSEI/extracted/Raw/Labels/extreme_sentiment_results.csv#goMtnNHQ_z4/12
EAQ006085,MOSEI,unknown,MOSEI/65kkuNV921k/13,/root/autodl-tmp/data/datasets/baidupcs/CMU-MOSEI/extracted/Raw/Videos/Full/Combined/65kkuNV921k.mp4,/root/autodl-tmp/data/datasets/baidupcs/CMU-MOSEI/extracted/Raw/Audio/Full/WAV_16000/65kkuNV921k.wav,/root/autodl-tmp/data/datasets/baidupcs/CMU-MOSEI/extracted/Raw/Labels/extreme_sentiment_results.csv#13,0.00,0.00,en,high,high,high,true,true,1,0,,,neutral,/root/autodl-tmp/data/datasets/baidupcs/CMU-MOSEI/extracted/Raw/Labels/extreme_sentiment_results.csv#65kkuNV921k/13
EAQ006086,MOSEI,unknown,MOSEI/eeN7l4R3nPc/7,/root/autodl-tmp/data/datasets/baidupcs/CMU-MOSEI/extracted/Raw/Videos/Full/Combined/eeN7l4R3nPc.mp4,/root/autodl-tmp/data/datasets/baidupcs/CMU-MOSEI/extracted/Raw/Audio/Full/WAV_16000/eeN7l4R3nPc.wav,/root/autodl-tmp/data/datasets/baidupcs/CMU-MOSEI/extracted/Raw/Labels/extreme_sentiment_results.csv#7,0.00,0.00,en,high,high,high,true,true,0,1,,,positive,/root/autodl-tmp/data/datasets/baidupcs/CMU-MOSEI/extracted/Raw/Labels/extreme_sentiment_results.csv#eeN7l4R3nPc/7
EAQ006087,MOSEI,unknown,MOSEI/ITQTVfk9Iqo/15,/root/autodl-tmp/data/datasets/baidupcs/CMU-MOSEI/extracted/Raw/Videos/Full/Combined/ITQTVfk9Iqo.mp4,/root/autodl-tmp/data/datasets/baidupcs/CMU-MOSEI/extracted/Raw/Audio/Full/WAV_16000/ITQTVfk9Iqo.wav,/root/autodl-tmp/data/datasets/baidupcs/CMU-MOSEI/extracted/Raw/Labels/extreme_sentiment_results.csv#15,0.00,0.00,en,high,high,high,true,true,0,2,,,positive,/root/autodl-tmp/data/datasets/baidupcs/CMU-MOSEI/extracted/Raw/Labels/extreme_sentiment_results.csv#ITQTVfk9Iqo/15
EAQ006088,MOSEI,unknown,MOSEI/kCQqLNiO0mk/6,/root/autodl-tmp/data/datasets/baidupcs/CMU-MOSEI/extracted/Raw/Videos/Full/Combined/kCQqLNiO0mk.mp4,/root/autodl-tmp/data/datasets/baidupcs/CMU-MOSEI/extracted/Raw/Audio/Full/WAV_16000/kCQqLNiO0mk.wav,/root/autodl-tmp/data/datasets/baidupcs/CMU-MOSEI/extracted/Raw/Labels/extreme_sentiment_results.csv#6,0.00,0.00,en,high,high,high,true,true,0,0,,,neutral,/root/autodl-tmp/data/datasets/baidupcs/CMU-MOSEI/extracted/Raw/Labels/extreme_sentiment_results.csv#kCQqLNiO0mk/6
EAQ006089,MOSEI,unknown,MOSEI/qo2reupzUE0/4,/root/autodl-tmp/data/datasets/baidupcs/CMU-MOSEI/extracted/Raw/Videos/Full/Combined/qo2reupzUE0.mp4,/root/autodl-tmp/data/datasets/baidupcs/CMU-MOSEI/extracted/Raw/Audio/Full/WAV_16000/qo2reupzUE0.wav,/root/autodl-tmp/data/datasets/baidupcs/CMU-MOSEI/extracted/Raw/Labels/extreme_sentiment_results.csv#4,0.00,0.00,en,high,high,high,true,true,0,-2,,,negative,/root/autodl-tmp/data/datasets/baidupcs/CMU-MOSEI/extracted/Raw/Labels/extreme_sentiment_results.csv#qo2reupzUE0/4
EAQ006090,MOSEI,unknown,MOSEI/SH0OYx3fR7s/9,/root/autodl-tmp/data/datasets/baidupcs/CMU-MOSEI/extracted/Raw/Videos/Full/Combined/SH0OYx3fR7s.mp4,/root/autodl-tmp/data/datasets/baidupcs/CMU-MOSEI/extracted/Raw/Audio/Full/WAV_16000/SH0OYx3fR7s.wav,/root/autodl-tmp/data/datasets/baidupcs/CMU-MOSEI/extracted/Raw/Labels/extreme_sentiment_results.csv#9,0.00,0.00,en,high,high,high,true,true,2,0,,,neutral,/root/autodl-tmp/data/datasets/baidupcs/CMU-MOSEI/extracted/Raw/Labels/extreme_sentiment_results.csv#SH0OYx3fR7s/9
EAQ006091,MOSEI,unknown,MOSEI/I5cS_TlV5B8/7,/root/autodl-tmp/data/datasets/baidupcs/CMU-MOSEI/extracted/Raw/Videos/Full/Combined/I5cS_TlV5B8.mp4,/root/autodl-tmp/data/datasets/baidupcs/CMU-MOSEI/extracted/Raw/Audio/Full/WAV_16000/I5cS_TlV5B8.wav,/root/autodl-tmp/data/datasets/baidupcs/CMU-MOSEI/extracted/Raw/Labels/extreme_sentiment_results.csv#7,0.00,0.00,en,high,high,high,true,true,0,2,,,positive,/root/autodl-tmp/data/datasets/baidupcs/CMU-MOSEI/extracted/Raw/Labels/extreme_sentiment_results.csv#I5cS_TlV5B8/7
EAQ006092,MOSEI,unknown,MOSEI/w-PFjo89Dpw/6,/root/autodl-tmp/data/datasets/baidupcs/CMU-MOSEI/extracted/Raw/Videos/Full/Combined/w-PFjo89Dpw.mp4,/root/autodl-tmp/data/datasets/baidupcs/CMU-MOSEI/extracted/Raw/Audio/Full/WAV_16000/w-PFjo89Dpw.wav,/root/autodl-tmp/data/datasets/baidupcs/CMU-MOSEI/extracted/Raw/Labels/extreme_sentiment_results.csv#6,0.00,0.00,en,high,high,high,true,true,0,0,,,neutral,/root/autodl-tmp/data/datasets/baidupcs/CMU-MOSEI/extracted/Raw/Labels/extreme_sentiment_results.csv#w-PFjo89Dpw/6
EAQ006093,MOSEI,unknown,MOSEI/FX-YgVKC1AI/8,/root/autodl-tmp/data/datasets/baidupcs/CMU-MOSEI/extracted/Raw/Videos/Full/Combined/FX-YgVKC1AI.mp4,/root/autodl-tmp/data/datasets/baidupcs/CMU-MOSEI/extracted/Raw/Audio/Full/WAV_16000/FX-YgVKC1AI.wav,/root/autodl-tmp/data/datasets/baidupcs/CMU-MOSEI/extracted/Raw/Labels/extreme_sentiment_results.csv#8,0.00,0.00,en,high,high,high,true,true,0,2,,,positive,/root/autodl-tmp/data/datasets/baidupcs/CMU-MOSEI/extracted/Raw/Labels/extreme_sentiment_results.csv#FX-YgVKC1AI/8
EAQ006094,MOSEI,unknown,MOSEI/BB_VwJSg3AI/2,/root/autodl-tmp/data/datasets/baidupcs/CMU-MOSEI/extracted/Raw/Videos/Full/Combined/BB_VwJSg3AI.mp4,/root/autodl-tmp/data/datasets/baidupcs/CMU-MOSEI/extracted/Raw/Audio/Full/WAV_16000/BB_VwJSg3AI.wav,/root/autodl-tmp/data/datasets/baidupcs/CMU-MOSEI/extracted/Raw/Labels/extreme_sentiment_results.csv#2,0.00,0.00,en,high,high,high,true,true,1,0,,,neutral,/root/autodl-tmp/data/datasets/baidupcs/CMU-MOSEI/extracted/Raw/Labels/extreme_sentiment_results.csv#BB_VwJSg3AI/2
EAQ006095,MOSEI,unknown,MOSEI/AIPqRuTjI4E/16,/root/autodl-tmp/data/datasets/baidupcs/CMU-MOSEI/extracted/Raw/Videos/Full/Combined/AIPqRuTjI4E.mp4,/root/autodl-tmp/data/datasets/baidupcs/CMU-MOSEI/extracted/Raw/Audio/Full/WAV_16000/AIPqRuTjI4E.wav,/root/autodl-tmp/data/datasets/baidupcs/CMU-MOSEI/extracted/Raw/Labels/extreme_sentiment_results.csv#16,0.00,0.00,en,high,high,high,true,true,0,0,,,neutral,/root/autodl-tmp/data/datasets/baidupcs/CMU-MOSEI/extracted/Raw/Labels/extreme_sentiment_results.csv#AIPqRuTjI4E/16
EAQ006096,MOSEI,unknown,MOSEI/4HAC00EAdno/5,/root/autodl-tmp/data/datasets/baidupcs/CMU-MOSEI/extracted/Raw/Videos/Full/Combined/4HAC00EAdno.mp4,/root/autodl-tmp/data/datasets/baidupcs/CMU-MOSEI/extracted/Raw/Audio/Full/WAV_16000/4HAC00EAdno.wav,/root/autodl-tmp/data/datasets/baidupcs/CMU-MOSEI/extracted/Raw/Labels/extreme_sentiment_results.csv#5,0.00,0.00,en,high,high,high,true,true,0,0,,,neutral,/root/autodl-tmp/data/datasets/baidupcs/CMU-MOSEI/extracted/Raw/Labels/extreme_sentiment_results.csv#4HAC00EAdno/5
EAQ006097,MOSEI,unknown,MOSEI/eTCnM472-cQ/4,/root/autodl-tmp/data/datasets/baidupcs/CMU-MOSEI/extracted/Raw/Videos/Full/Combined/eTCnM472-cQ.mp4,/root/autodl-tmp/data/datasets/baidupcs/CMU-MOSEI/extracted/Raw/Audio/Full/WAV_16000/eTCnM472-cQ.wav,/root/autodl-tmp/data/datasets/baidupcs/CMU-MOSEI/extracted/Raw/Labels/extreme_sentiment_results.csv#4,0.00,0.00,en,high,high,high,true,true,0,0,,,neutral,/root/autodl-tmp/data/datasets/baidupcs/CMU-MOSEI/extracted/Raw/Labels/extreme_sentiment_results.csv#eTCnM472-cQ/4
EAQ006098,MOSEI,unknown,MOSEI/CuFLRnu4FQ8/8,/root/autodl-tmp/data/datasets/baidupcs/CMU-MOSEI/extracted/Raw/Videos/Full/Combined/CuFLRnu4FQ8.mp4,/root/autodl-tmp/data/datasets/baidupcs/CMU-MOSEI/extracted/Raw/Audio/Full/WAV_16000/CuFLRnu4FQ8.wav,/root/autodl-tmp/data/datasets/baidupcs/CMU-MOSEI/extracted/Raw/Labels/extreme_sentiment_results.csv#8,0.00,0.00,en,high,high,high,true,true,0,-1,,,negative,/root/autodl-tmp/data/datasets/baidupcs/CMU-MOSEI/extracted/Raw/Labels/extreme_sentiment_results.csv#CuFLRnu4FQ8/8
EAQ006099,MOSEI,unknown,MOSEI/HOCsiS0pmf0/6,/root/autodl-tmp/data/datasets/baidupcs/CMU-MOSEI/extracted/Raw/Videos/Full/Combined/HOCsiS0pmf0.mp4,/root/autodl-tmp/data/datasets/baidupcs/CMU-MOSEI/extracted/Raw/Audio/Full/WAV_16000/HOCsiS0pmf0.wav,/root/autodl-tmp/data/datasets/baidupcs/CMU-MOSEI/extracted/Raw/Labels/extreme_sentiment_results.csv#6,0.00,0.00,en,high,high,high,true,true,0,0,,,neutral,/root/autodl-tmp/data/datasets/baidupcs/CMU-MOSEI/extracted/Raw/Labels/extreme_sentiment_results.csv#HOCsiS0pmf0/6
EAQ006100,MOSEI,unknown,MOSEI/eTn2P4wmFr4/9,/root/autodl-tmp/data/datasets/baidupcs/CMU-MOSEI/extracted/Raw/Videos/Full/Combined/eTn2P4wmFr4.mp4,/root/autodl-tmp/data/datasets/baidupcs/CMU-MOSEI/extracted/Raw/Audio/Full/WAV_16000/eTn2P4wmFr4.wav,/root/autodl-tmp/data/datasets/baidupcs/CMU-MOSEI/extracted/Raw/Labels/extreme_sentiment_results.csv#9,0.00,0.00,en,high,high,high,true,true,0,1,,,positive,/root/autodl-tmp/data/datasets/baidupcs/CMU-MOSEI/extracted/Raw/Labels/extreme_sentiment_results.csv#eTn2P4wmFr4/9
EAQ006101,MOSEI,unknown,MOSEI/SwT0gh0V8fI/1,/root/autodl-tmp/data/datasets/baidupcs/CMU-MOSEI/extracted/Raw/Videos/Full/Combined/SwT0gh0V8fI.mp4,/root/autodl-tmp/data/datasets/baidupcs/CMU-MOSEI/extracted/Raw/Audio/Full/WAV_16000/SwT0gh0V8fI.wav,/root/autodl-tmp/data/datasets/baidupcs/CMU-MOSEI/extracted/Raw/Labels/extreme_sentiment_results.csv#1,0.00,0.00,en,high,high,high,true,true,0,-1,,,negative,/root/autodl-tmp/data/datasets/baidupcs/CMU-MOSEI/extracted/Raw/Labels/extreme_sentiment_results.csv#SwT0gh0V8fI/1
EAQ006102,MOSEI,unknown,MOSEI/6vbd4o5rIjM/10,/root/autodl-tmp/data/datasets/baidupcs/CMU-MOSEI/extracted/Raw/Videos/Full/Combined/6vbd4o5rIjM.mp4,/root/autodl-tmp/data/datasets/baidupcs/CMU-MOSEI/extracted/Raw/Audio/Full/WAV_16000/6vbd4o5rIjM.wav,/root/autodl-tmp/data/datasets/baidupcs/CMU-MOSEI/extracted/Raw/Labels/extreme_sentiment_results.csv#10,0.00,0.00,en,high,high,high,true,true,0,0,,,neutral,/root/autodl-tmp/data/datasets/baidupcs/CMU-MOSEI/extracted/Raw/Labels/extreme_sentiment_results.csv#6vbd4o5rIjM/10
EAQ006103,MOSEI,unknown,MOSEI/O4UkHVJlIs8/2,/root/autodl-tmp/data/datasets/baidupcs/CMU-MOSEI/extracted/Raw/Videos/Full/Combined/O4UkHVJlIs8.mp4,/root/autodl-tmp/data/datasets/baidupcs/CMU-MOSEI/extracted/Raw/Audio/Full/WAV_16000/O4UkHVJlIs8.wav,/root/autodl-tmp/data/datasets/baidupcs/CMU-MOSEI/extracted/Raw/Labels/extreme_sentiment_results.csv#2,0.00,0.00,en,high,high,high,true,true,0,0,,,neutral,/root/autodl-tmp/data/datasets/baidupcs/CMU-MOSEI/extracted/Raw/Labels/extreme_sentiment_results.csv#O4UkHVJlIs8/2
EAQ006104,MOSEI,unknown,MOSEI/BB_VwJSg3AI/6,/root/autodl-tmp/data/datasets/baidupcs/CMU-MOSEI/extracted/Raw/Videos/Full/Combined/BB_VwJSg3AI.mp4,/root/autodl-tmp/data/datasets/baidupcs/CMU-MOSEI/extracted/Raw/Audio/Full/WAV_16000/BB_VwJSg3AI.wav,/root/autodl-tmp/data/datasets/baidupcs/CMU-MOSEI/extracted/Raw/Labels/extreme_sentiment_results.csv#6,0.00,0.00,en,high,high,high,true,true,1,0,,,neutral,/root/autodl-tmp/data/datasets/baidupcs/CMU-MOSEI/extracted/Raw/Labels/extreme_sentiment_results.csv#BB_VwJSg3AI/6
EAQ006105,MOSEI,unknown,MOSEI/ixZAEncExWI/2,/root/autodl-tmp/data/datasets/baidupcs/CMU-MOSEI/extracted/Raw/Videos/Full/Combined/ixZAEncExWI.mp4,/root/autodl-tmp/data/datasets/baidupcs/CMU-MOSEI/extracted/Raw/Audio/Full/WAV_16000/ixZAEncExWI.wav,/root/autodl-tmp/data/datasets/baidupcs/CMU-MOSEI/extracted/Raw/Labels/extreme_sentiment_results.csv#2,0.00,0.00,en,high,high,high,true,true,0,-1,,,negative,/root/autodl-tmp/data/datasets/baidupcs/CMU-MOSEI/extracted/Raw/Labels/extreme_sentiment_results.csv#ixZAEncExWI/2
EAQ006106,MOSEI,unknown,MOSEI/G4HMKRdIva0/4,/root/autodl-tmp/data/datasets/baidupcs/CMU-MOSEI/extracted/Raw/Videos/Full/Combined/G4HMKRdIva0.mp4,/root/autodl-tmp/data/datasets/baidupcs/CMU-MOSEI/extracted/Raw/Audio/Full/WAV_16000/G4HMKRdIva0.wav,/root/autodl-tmp/data/datasets/baidupcs/CMU-MOSEI/extracted/Raw/Labels/extreme_sentiment_results.csv#4,0.00,0.00,en,high,high,high,true,true,3,-1,,,negative,/root/autodl-tmp/data/datasets/baidupcs/CMU-MOSEI/extracted/Raw/Labels/extreme_sentiment_results.csv#G4HMKRdIva0/4
EAQ006107,MOSEI,unknown,MOSEI/1dWsw38VDjY/9,/root/autodl-tmp/data/datasets/baidupcs/CMU-MOSEI/extracted/Raw/Videos/Full/Combined/1dWsw38VDjY.mp4,/root/autodl-tmp/data/datasets/baidupcs/CMU-MOSEI/extracted/Raw/Audio/Full/WAV_16000/1dWsw38VDjY.wav,/root/autodl-tmp/data/datasets/baidupcs/CMU-MOSEI/extracted/Raw/Labels/extreme_sentiment_results.csv#9,0.00,0.00,en,high,high,high,true,true,0,1,,,positive,/root/autodl-tmp/data/datasets/baidupcs/CMU-MOSEI/extracted/Raw/Labels/extreme_sentiment_results.csv#1dWsw38VDjY/9
EAQ006108,MOSEI,unknown,MOSEI/S21ApRNQ9Ko/14,/root/autodl-tmp/data/datasets/baidupcs/CMU-MOSEI/extracted/Raw/Videos/Full/Combined/S21ApRNQ9Ko.mp4,/root/autodl-tmp/data/datasets/baidupcs/CMU-MOSEI/extracted/Raw/Audio/Full/WAV_16000/S21ApRNQ9Ko.wav,/root/autodl-tmp/data/datasets/baidupcs/CMU-MOSEI/extracted/Raw/Labels/extreme_sentiment_results.csv#14,0.00,0.00,en,high,high,high,true,true,0,0,,,neutral,/root/autodl-tmp/data/datasets/baidupcs/CMU-MOSEI/extracted/Raw/Labels/extreme_sentiment_results.csv#S21ApRNQ9Ko/14
EAQ006109,MOSEI,unknown,MOSEI/Vdf1McvE9ao/16,/root/autodl-tmp/data/datasets/baidupcs/CMU-MOSEI/extracted/Raw/Videos/Full/Combined/Vdf1McvE9ao.mp4,/root/autodl-tmp/data/datasets/baidupcs/CMU-MOSEI/extracted/Raw/Audio/Full/WAV_16000/Vdf1McvE9ao.wav,/root/autodl-tmp/data/datasets/baidupcs/CMU-MOSEI/extracted/Raw/Labels/extreme_sentiment_results.csv#16,0.00,0.00,en,high,high,high,true,true,0,-2,,,negative,/root/autodl-tmp/data/datasets/baidupcs/CMU-MOSEI/extracted/Raw/Labels/extreme_sentiment_results.csv#Vdf1McvE9ao/16
EAQ006110,MOSEI,unknown,MOSEI/TH32jop4FiI/7,/root/autodl-tmp/data/datasets/baidupcs/CMU-MOSEI/extracted/Raw/Videos/Full/Combined/TH32jop4FiI.mp4,/root/autodl-tmp/data/datasets/baidupcs/CMU-MOSEI/extracted/Raw/Audio/Full/WAV_16000/TH32jop4FiI.wav,/root/autodl-tmp/data/datasets/baidupcs/CMU-MOSEI/extracted/Raw/Labels/extreme_sentiment_results.csv#7,0.00,0.00,en,high,high,high,true,true,0,0,,,neutral,/root/autodl-tmp/data/datasets/baidupcs/CMU-MOSEI/extracted/Raw/Labels/extreme_sentiment_results.csv#TH32jop4FiI/7
EAQ006111,MOSEI,unknown,MOSEI/maO6KmmgcB8/4,/root/autodl-tmp/data/datasets/baidupcs/CMU-MOSEI/extracted/Raw/Videos/Full/Combined/maO6KmmgcB8.mp4,/root/autodl-tmp/data/datasets/baidupcs/CMU-MOSEI/extracted/Raw/Audio/Full/WAV_16000/maO6KmmgcB8.wav,/root/autodl-tmp/data/datasets/baidupcs/CMU-MOSEI/extracted/Raw/Labels/extreme_sentiment_results.csv#4,0.00,0.00,en,high,high,high,true,true,0,0,,,neutral,/root/autodl-tmp/data/datasets/baidupcs/CMU-MOSEI/extracted/Raw/Labels/extreme_sentiment_results.csv#maO6KmmgcB8/4
EAQ006112,MOSEI,unknown,MOSEI/v9GshyXtiWg/3,/root/autodl-tmp/data/datasets/baidupcs/CMU-MOSEI/extracted/Raw/Videos/Full/Combined/v9GshyXtiWg.mp4,/root/autodl-tmp/data/datasets/baidupcs/CMU-MOSEI/extracted/Raw/Audio/Full/WAV_16000/v9GshyXtiWg.wav,/root/autodl-tmp/data/datasets/baidupcs/CMU-MOSEI/extracted/Raw/Labels/extreme_sentiment_results.csv#3,0.00,0.00,en,high,high,high,true,true,0,0,,,neutral,/root/autodl-tmp/data/datasets/baidupcs/CMU-MOSEI/extracted/Raw/Labels/extreme_sentiment_results.csv#v9GshyXtiWg/3
EAQ006113,MOSEI,unknown,MOSEI/VhKJm_jiciU/9,/root/autodl-tmp/data/datasets/baidupcs/CMU-MOSEI/extracted/Raw/Videos/Full/Combined/VhKJm_jiciU.mp4,/root/autodl-tmp/data/datasets/baidupcs/CMU-MOSEI/extracted/Raw/Audio/Full/WAV_16000/VhKJm_jiciU.wav,/root/autodl-tmp/data/datasets/baidupcs/CMU-MOSEI/extracted/Raw/Labels/extreme_sentiment_results.csv#9,0.00,0.00,en,high,high,high,true,true,0,0,,,neutral,/root/autodl-tmp/data/datasets/baidupcs/CMU-MOSEI/extracted/Raw/Labels/extreme_sentiment_results.csv#VhKJm_jiciU/9
EAQ006114,MOSEI,unknown,MOSEI/L1gXZVU6AE4/16,/root/autodl-tmp/data/datasets/baidupcs/CMU-MOSEI/extracted/Raw/Videos/Full/Combined/L1gXZVU6AE4.mp4,/root/autodl-tmp/data/datasets/baidupcs/CMU-MOSEI/extracted/Raw/Audio/Full/WAV_16000/L1gXZVU6AE4.wav,/root/autodl-tmp/data/datasets/baidupcs/CMU-MOSEI/extracted/Raw/Labels/extreme_sentiment_results.csv#16,0.00,0.00,en,high,high,high,true,true,0,0,,,neutral,/root/autodl-tmp/data/datasets/baidupcs/CMU-MOSEI/extracted/Raw/Labels/extreme_sentiment_results.csv#L1gXZVU6AE4/16
EAQ006115,MOSEI,unknown,MOSEI/EK2bnbzmJs4/3,/root/autodl-tmp/data/datasets/baidupcs/CMU-MOSEI/extracted/Raw/Videos/Full/Combined/EK2bnbzmJs4.mp4,/root/autodl-tmp/data/datasets/baidupcs/CMU-MOSEI/extracted/Raw/Audio/Full/WAV_16000/EK2bnbzmJs4.wav,/root/autodl-tmp/data/datasets/baidupcs/CMU-MOSEI/extracted/Raw/Labels/extreme_sentiment_results.csv#3,0.00,0.00,en,high,high,high,true,true,0,3,,,positive,/root/autodl-tmp/data/datasets/baidupcs/CMU-MOSEI/extracted/Raw/Labels/extreme_sentiment_results.csv#EK2bnbzmJs4/3
EAQ006116,MOSEI,unknown,MOSEI/faMq0C_wTpU/5,/root/autodl-tmp/data/datasets/baidupcs/CMU-MOSEI/extracted/Raw/Videos/Full/Combined/faMq0C_wTpU.mp4,/root/autodl-tmp/data/datasets/baidupcs/CMU-MOSEI/extracted/Raw/Audio/Full/WAV_16000/faMq0C_wTpU.wav,/root/autodl-tmp/data/datasets/baidupcs/CMU-MOSEI/extracted/Raw/Labels/extreme_sentiment_results.csv#5,0.00,0.00,en,high,high,high,true,true,1,0,,,neutral,/root/autodl-tmp/data/datasets/baidupcs/CMU-MOSEI/extracted/Raw/Labels/extreme_sentiment_results.csv#faMq0C_wTpU/5
EAQ006117,MOSEI,unknown,MOSEI/4H9RfQuqsvg/1,/root/autodl-tmp/data/datasets/baidupcs/CMU-MOSEI/extracted/Raw/Videos/Full/Combined/4H9RfQuqsvg.mp4,/root/autodl-tmp/data/datasets/baidupcs/CMU-MOSEI/extracted/Raw/Audio/Full/WAV_16000/4H9RfQuqsvg.wav,/root/autodl-tmp/data/datasets/baidupcs/CMU-MOSEI/extracted/Raw/Labels/extreme_sentiment_results.csv#1,0.00,0.00,en,high,high,high,true,true,0,2,,,positive,/root/autodl-tmp/data/datasets/baidupcs/CMU-MOSEI/extracted/Raw/Labels/extreme_sentiment_results.csv#4H9RfQuqsvg/1
EAQ006118,MOSEI,unknown,MOSEI/BRzjQHYWbSs/20,/root/autodl-tmp/data/datasets/baidupcs/CMU-MOSEI/extracted/Raw/Videos/Full/Combined/BRzjQHYWbSs.mp4,/root/autodl-tmp/data/datasets/baidupcs/CMU-MOSEI/extracted/Raw/Audio/Full/WAV_16000/BRzjQHYWbSs.wav,/root/autodl-tmp/data/datasets/baidupcs/CMU-MOSEI/extracted/Raw/Labels/extreme_sentiment_results.csv#20,0.00,0.00,en,high,high,high,true,true,0,0,,,neutral,/root/autodl-tmp/data/datasets/baidupcs/CMU-MOSEI/extracted/Raw/Labels/extreme_sentiment_results.csv#BRzjQHYWbSs/20
EAQ006119,MOSEI,unknown,MOSEI/-aqamKhZ1Ec/5,/root/autodl-tmp/data/datasets/baidupcs/CMU-MOSEI/extracted/Raw/Videos/Full/Combined/-aqamKhZ1Ec.mp4,/root/autodl-tmp/data/datasets/baidupcs/CMU-MOSEI/extracted/Raw/Audio/Full/WAV_16000/-aqamKhZ1Ec.wav,/root/autodl-tmp/data/datasets/baidupcs/CMU-MOSEI/extracted/Raw/Labels/extreme_sentiment_results.csv#5,0.00,0.00,en,high,high,high,true,true,0,-1,,,negative,/root/autodl-tmp/data/datasets/baidupcs/CMU-MOSEI/extracted/Raw/Labels/extreme_sentiment_results.csv#-aqamKhZ1Ec/5
EAQ006120,MOSEI,unknown,MOSEI/yxZydS2qHzs/3,/root/autodl-tmp/data/datasets/baidupcs/CMU-MOSEI/extracted/Raw/Videos/Full/Combined/yxZydS2qHzs.mp4,/root/autodl-tmp/data/datasets/baidupcs/CMU-MOSEI/extracted/Raw/Audio/Full/WAV_16000/yxZydS2qHzs.wav,/root/autodl-tmp/data/datasets/baidupcs/CMU-MOSEI/extracted/Raw/Labels/extreme_sentiment_results.csv#3,0.00,0.00,en,high,high,high,true,true,0,0,,,neutral,/root/autodl-tmp/data/datasets/baidupcs/CMU-MOSEI/extracted/Raw/Labels/extreme_sentiment_results.csv#yxZydS2qHzs/3
EAQ006121,MOSEI,unknown,MOSEI/KanWhGY33Hk/6,/root/autodl-tmp/data/datasets/baidupcs/CMU-MOSEI/extracted/Raw/Videos/Full/Combined/KanWhGY33Hk.mp4,/root/autodl-tmp/data/datasets/baidupcs/CMU-MOSEI/extracted/Raw/Audio/Full/WAV_16000/KanWhGY33Hk.wav,/root/autodl-tmp/data/datasets/baidupcs/CMU-MOSEI/extracted/Raw/Labels/extreme_sentiment_results.csv#6,0.00,0.00,en,high,high,high,true,true,0,0,,,neutral,/root/autodl-tmp/data/datasets/baidupcs/CMU-MOSEI/extracted/Raw/Labels/extreme_sentiment_results.csv#KanWhGY33Hk/6
EAQ006122,MOSEI,unknown,MOSEI/03X1FwF6udc/9,/root/autodl-tmp/data/datasets/baidupcs/CMU-MOSEI/extracted/Raw/Videos/Full/Combined/03X1FwF6udc.mp4,/root/autodl-tmp/data/datasets/baidupcs/CMU-MOSEI/extracted/Raw/Audio/Full/WAV_16000/03X1FwF6udc.wav,/root/autodl-tmp/data/datasets/baidupcs/CMU-MOSEI/extracted/Raw/Labels/extreme_sentiment_results.csv#9,0.00,0.00,en,high,high,high,true,true,0,0,,,neutral,/root/autodl-tmp/data/datasets/baidupcs/CMU-MOSEI/extracted/Raw/Labels/extreme_sentiment_results.csv#03X1FwF6udc/9
EAQ006123,MOSEI,unknown,MOSEI/VhKJm_jiciU/4,/root/autodl-tmp/data/datasets/baidupcs/CMU-MOSEI/extracted/Raw/Videos/Full/Combined/VhKJm_jiciU.mp4,/root/autodl-tmp/data/datasets/baidupcs/CMU-MOSEI/extracted/Raw/Audio/Full/WAV_16000/VhKJm_jiciU.wav,/root/autodl-tmp/data/datasets/baidupcs/CMU-MOSEI/extracted/Raw/Labels/extreme_sentiment_results.csv#4,0.00,0.00,en,high,high,high,true,true,0,1,,,positive,/root/autodl-tmp/data/datasets/baidupcs/CMU-MOSEI/extracted/Raw/Labels/extreme_sentiment_results.csv#VhKJm_jiciU/4
EAQ006124,MOSEI,unknown,MOSEI/3aD0xAgxxyw/10,/root/autodl-tmp/data/datasets/baidupcs/CMU-MOSEI/extracted/Raw/Videos/Full/Combined/3aD0xAgxxyw.mp4,/root/autodl-tmp/data/datasets/baidupcs/CMU-MOSEI/extracted/Raw/Audio/Full/WAV_16000/3aD0xAgxxyw.wav,/root/autodl-tmp/data/datasets/baidupcs/CMU-MOSEI/extracted/Raw/Labels/extreme_sentiment_results.csv#10,0.00,0.00,en,high,high,high,true,true,0,0,,,neutral,/root/autodl-tmp/data/datasets/baidupcs/CMU-MOSEI/extracted/Raw/Labels/extreme_sentiment_results.csv#3aD0xAgxxyw/10
EAQ006125,MOSEI,unknown,MOSEI/auTpzciNgls/3,/root/autodl-tmp/data/datasets/baidupcs/CMU-MOSEI/extracted/Raw/Videos/Full/Combined/auTpzciNgls.mp4,/root/autodl-tmp/data/datasets/baidupcs/CMU-MOSEI/extracted/Raw/Audio/Full/WAV_16000/auTpzciNgls.wav,/root/autodl-tmp/data/datasets/baidupcs/CMU-MOSEI/extracted/Raw/Labels/extreme_sentiment_results.csv#3,0.00,0.00,en,high,high,high,true,true,0,1,,,positive,/root/autodl-tmp/data/datasets/baidupcs/CMU-MOSEI/extracted/Raw/Labels/extreme_sentiment_results.csv#auTpzciNgls/3
EAQ006126,MOSEI,unknown,MOSEI/-lzEya4AM_4/9,/root/autodl-tmp/data/datasets/baidupcs/CMU-MOSEI/extracted/Raw/Videos/Full/Combined/-lzEya4AM_4.mp4,/root/autodl-tmp/data/datasets/baidupcs/CMU-MOSEI/extracted/Raw/Audio/Full/WAV_16000/-lzEya4AM_4.wav,/root/autodl-tmp/data/datasets/baidupcs/CMU-MOSEI/extracted/Raw/Labels/extreme_sentiment_results.csv#9,0.00,0.00,en,high,high,high,true,true,3,0,,,neutral,/root/autodl-tmp/data/datasets/baidupcs/CMU-MOSEI/extracted/Raw/Labels/extreme_sentiment_results.csv#-lzEya4AM_4/9
EAQ006127,MOSEI,unknown,MOSEI/v_8QeoNc4QY/7,/root/autodl-tmp/data/datasets/baidupcs/CMU-MOSEI/extracted/Raw/Videos/Full/Combined/v_8QeoNc4QY.mp4,/root/autodl-tmp/data/datasets/baidupcs/CMU-MOSEI/extracted/Raw/Audio/Full/WAV_16000/v_8QeoNc4QY.wav,/root/autodl-tmp/data/datasets/baidupcs/CMU-MOSEI/extracted/Raw/Labels/extreme_sentiment_results.csv#7,0.00,0.00,en,high,high,high,true,true,0,1,,,positive,/root/autodl-tmp/data/datasets/baidupcs/CMU-MOSEI/extracted/Raw/Labels/extreme_sentiment_results.csv#v_8QeoNc4QY/7
EAQ006128,MOSEI,unknown,MOSEI/Wrcf2xtqbkQ/2,/root/autodl-tmp/data/datasets/baidupcs/CMU-MOSEI/extracted/Raw/Videos/Full/Combined/Wrcf2xtqbkQ.mp4,/root/autodl-tmp/data/datasets/baidupcs/CMU-MOSEI/extracted/Raw/Audio/Full/WAV_16000/Wrcf2xtqbkQ.wav,/root/autodl-tmp/data/datasets/baidupcs/CMU-MOSEI/extracted/Raw/Labels/extreme_sentiment_results.csv#2,0.00,0.00,en,high,high,high,true,true,1,0,,,neutral,/root/autodl-tmp/data/datasets/baidupcs/CMU-MOSEI/extracted/Raw/Labels/extreme_sentiment_results.csv#Wrcf2xtqbkQ/2
EAQ006129,MOSEI,unknown,MOSEI/I5cS_TlV5B8/2,/root/autodl-tmp/data/datasets/baidupcs/CMU-MOSEI/extracted/Raw/Videos/Full/Combined/I5cS_TlV5B8.mp4,/root/autodl-tmp/data/datasets/baidupcs/CMU-MOSEI/extracted/Raw/Audio/Full/WAV_16000/I5cS_TlV5B8.wav,/root/autodl-tmp/data/datasets/baidupcs/CMU-MOSEI/extracted/Raw/Labels/extreme_sentiment_results.csv#2,0.00,0.00,en,high,high,high,true,true,0,2,,,positive,/root/autodl-tmp/data/datasets/baidupcs/CMU-MOSEI/extracted/Raw/Labels/extreme_sentiment_results.csv#I5cS_TlV5B8/2
EAQ006130,MOSEI,unknown,MOSEI/aqmRPNfeOy8/6,/root/autodl-tmp/data/datasets/baidupcs/CMU-MOSEI/extracted/Raw/Videos/Full/Combined/aqmRPNfeOy8.mp4,/root/autodl-tmp/data/datasets/baidupcs/CMU-MOSEI/extracted/Raw/Audio/Full/WAV_16000/aqmRPNfeOy8.wav,/root/autodl-tmp/data/datasets/baidupcs/CMU-MOSEI/extracted/Raw/Labels/extreme_sentiment_results.csv#6,0.00,0.00,en,high,high,high,true,true,0,1,,,positive,/root/autodl-tmp/data/datasets/baidupcs/CMU-MOSEI/extracted/Raw/Labels/extreme_sentiment_results.csv#aqmRPNfeOy8/6
EAQ006131,MOSEI,unknown,MOSEI/FX87sfrE47w/5,/root/autodl-tmp/data/datasets/baidupcs/CMU-MOSEI/extracted/Raw/Videos/Full/Combined/FX87sfrE47w.mp4,/root/autodl-tmp/data/datasets/baidupcs/CMU-MOSEI/extracted/Raw/Audio/Full/WAV_16000/FX87sfrE47w.wav,/root/autodl-tmp/data/datasets/baidupcs/CMU-MOSEI/extracted/Raw/Labels/extreme_sentiment_results.csv#5,0.00,0.00,en,high,high,high,true,true,0,1,,,positive,/root/autodl-tmp/data/datasets/baidupcs/CMU-MOSEI/extracted/Raw/Labels/extreme_sentiment_results.csv#FX87sfrE47w/5
EAQ006132,MOSEI,unknown,MOSEI/y5JdqGL5DRc/5,/root/autodl-tmp/data/datasets/baidupcs/CMU-MOSEI/extracted/Raw/Videos/Full/Combined/y5JdqGL5DRc.mp4,/root/autodl-tmp/data/datasets/baidupcs/CMU-MOSEI/extracted/Raw/Audio/Full/WAV_16000/y5JdqGL5DRc.wav,/root/autodl-tmp/data/datasets/baidupcs/CMU-MOSEI/extracted/Raw/Labels/extreme_sentiment_results.csv#5,0.00,0.00,en,high,high,high,true,true,0,2,,,positive,/root/autodl-tmp/data/datasets/baidupcs/CMU-MOSEI/extracted/Raw/Labels/extreme_sentiment_results.csv#y5JdqGL5DRc/5
EAQ006133,MOSEI,unknown,MOSEI/X2leyjuolDM/7,/root/autodl-tmp/data/datasets/baidupcs/CMU-MOSEI/extracted/Raw/Videos/Full/Combined/X2leyjuolDM.mp4,/root/autodl-tmp/data/datasets/baidupcs/CMU-MOSEI/extracted/Raw/Audio/Full/WAV_16000/X2leyjuolDM.wav,/root/autodl-tmp/data/datasets/baidupcs/CMU-MOSEI/extracted/Raw/Labels/extreme_sentiment_results.csv#7,0.00,0.00,en,high,high,high,true,true,0,2,,,positive,/root/autodl-tmp/data/datasets/baidupcs/CMU-MOSEI/extracted/Raw/Labels/extreme_sentiment_results.csv#X2leyjuolDM/7
EAQ006134,MOSEI,unknown,MOSEI/HQ2LwfRcrVc/9,/root/autodl-tmp/data/datasets/baidupcs/CMU-MOSEI/extracted/Raw/Videos/Full/Combined/HQ2LwfRcrVc.mp4,/root/autodl-tmp/data/datasets/baidupcs/CMU-MOSEI/extracted/Raw/Audio/Full/WAV_16000/HQ2LwfRcrVc.wav,/root/autodl-tmp/data/datasets/baidupcs/CMU-MOSEI/extracted/Raw/Labels/extreme_sentiment_results.csv#9,0.00,0.00,en,high,high,high,true,true,0,-2,,,negative,/root/autodl-tmp/data/datasets/baidupcs/CMU-MOSEI/extracted/Raw/Labels/extreme_sentiment_results.csv#HQ2LwfRcrVc/9
EAQ006135,MOSEI,unknown,MOSEI/KYQTwFVBzME/2,/root/autodl-tmp/data/datasets/baidupcs/CMU-MOSEI/extracted/Raw/Videos/Full/Combined/KYQTwFVBzME.mp4,/root/autodl-tmp/data/datasets/baidupcs/CMU-MOSEI/extracted/Raw/Audio/Full/WAV_16000/KYQTwFVBzME.wav,/root/autodl-tmp/data/datasets/baidupcs/CMU-MOSEI/extracted/Raw/Labels/extreme_sentiment_results.csv#2,0.00,0.00,en,high,high,high,true,true,0,0,,,neutral,/root/autodl-tmp/data/datasets/baidupcs/CMU-MOSEI/extracted/Raw/Labels/extreme_sentiment_results.csv#KYQTwFVBzME/2
EAQ006136,MOSEI,unknown,MOSEI/pfCPogxnUfw/22,/root/autodl-tmp/data/datasets/baidupcs/CMU-MOSEI/extracted/Raw/Videos/Full/Combined/pfCPogxnUfw.mp4,/root/autodl-tmp/data/datasets/baidupcs/CMU-MOSEI/extracted/Raw/Audio/Full/WAV_16000/pfCPogxnUfw.wav,/root/autodl-tmp/data/datasets/baidupcs/CMU-MOSEI/extracted/Raw/Labels/extreme_sentiment_results.csv#22,0.00,0.00,en,high,high,high,true,true,0,0,,,neutral,/root/autodl-tmp/data/datasets/baidupcs/CMU-MOSEI/extracted/Raw/Labels/extreme_sentiment_results.csv#pfCPogxnUfw/22
EAQ006137,MOSEI,unknown,MOSEI/P35dyIit1yM/11,/root/autodl-tmp/data/datasets/baidupcs/CMU-MOSEI/extracted/Raw/Videos/Full/Combined/P35dyIit1yM.mp4,/root/autodl-tmp/data/datasets/baidupcs/CMU-MOSEI/extracted/Raw/Audio/Full/WAV_16000/P35dyIit1yM.wav,/root/autodl-tmp/data/datasets/baidupcs/CMU-MOSEI/extracted/Raw/Labels/extreme_sentiment_results.csv#11,0.00,0.00,en,high,high,high,true,true,0,1,,,positive,/root/autodl-tmp/data/datasets/baidupcs/CMU-MOSEI/extracted/Raw/Labels/extreme_sentiment_results.csv#P35dyIit1yM/11
EAQ006138,MOSEI,unknown,MOSEI/CbQxC1iPyS8/7,/root/autodl-tmp/data/datasets/baidupcs/CMU-MOSEI/extracted/Raw/Videos/Full/Combined/CbQxC1iPyS8.mp4,/root/autodl-tmp/data/datasets/baidupcs/CMU-MOSEI/extracted/Raw/Audio/Full/WAV_16000/CbQxC1iPyS8.wav,/root/autodl-tmp/data/datasets/baidupcs/CMU-MOSEI/extracted/Raw/Labels/extreme_sentiment_results.csv#7,0.00,0.00,en,high,high,high,true,true,0,0,,,neutral,/root/autodl-tmp/data/datasets/baidupcs/CMU-MOSEI/extracted/Raw/Labels/extreme_sentiment_results.csv#CbQxC1iPyS8/7
EAQ006139,MOSEI,unknown,MOSEI/lWvaIexY2WU/1,/root/autodl-tmp/data/datasets/baidupcs/CMU-MOSEI/extracted/Raw/Videos/Full/Combined/lWvaIexY2WU.mp4,/root/autodl-tmp/data/datasets/baidupcs/CMU-MOSEI/extracted/Raw/Audio/Full/WAV_16000/lWvaIexY2WU.wav,/root/autodl-tmp/data/datasets/baidupcs/CMU-MOSEI/extracted/Raw/Labels/extreme_sentiment_results.csv#1,0.00,0.00,en,high,high,high,true,true,0,0,,,neutral,/root/autodl-tmp/data/datasets/baidupcs/CMU-MOSEI/extracted/Raw/Labels/extreme_sentiment_results.csv#lWvaIexY2WU/1
EAQ006140,MOSEI,unknown,MOSEI/jqutn5ou8_0/7,/root/autodl-tmp/data/datasets/baidupcs/CMU-MOSEI/extracted/Raw/Videos/Full/Combined/jqutn5ou8_0.mp4,/root/autodl-tmp/data/datasets/baidupcs/CMU-MOSEI/extracted/Raw/Audio/Full/WAV_16000/jqutn5ou8_0.wav,/root/autodl-tmp/data/datasets/baidupcs/CMU-MOSEI/extracted/Raw/Labels/extreme_sentiment_results.csv#7,0.00,0.00,en,high,high,high,true,true,0,3,,,positive,/root/autodl-tmp/data/datasets/baidupcs/CMU-MOSEI/extracted/Raw/Labels/extreme_sentiment_results.csv#jqutn5ou8_0/7
EAQ006141,MOSEI,unknown,MOSEI/ROC2YI3tDsk/6,/root/autodl-tmp/data/datasets/baidupcs/CMU-MOSEI/extracted/Raw/Videos/Full/Combined/ROC2YI3tDsk.mp4,/root/autodl-tmp/data/datasets/baidupcs/CMU-MOSEI/extracted/Raw/Audio/Full/WAV_16000/ROC2YI3tDsk.wav,/root/autodl-tmp/data/datasets/baidupcs/CMU-MOSEI/extracted/Raw/Labels/extreme_sentiment_results.csv#6,0.00,0.00,en,high,high,high,true,true,0,0,,,neutral,/root/autodl-tmp/data/datasets/baidupcs/CMU-MOSEI/extracted/Raw/Labels/extreme_sentiment_results.csv#ROC2YI3tDsk/6
EAQ006142,MOSEI,unknown,MOSEI/goMtnNHQ_z4/2,/root/autodl-tmp/data/datasets/baidupcs/CMU-MOSEI/extracted/Raw/Videos/Full/Combined/goMtnNHQ_z4.mp4,/root/autodl-tmp/data/datasets/baidupcs/CMU-MOSEI/extracted/Raw/Audio/Full/WAV_16000/goMtnNHQ_z4.wav,/root/autodl-tmp/data/datasets/baidupcs/CMU-MOSEI/extracted/Raw/Labels/extreme_sentiment_results.csv#2,0.00,0.00,en,high,high,high,true,true,0,2,,,positive,/root/autodl-tmp/data/datasets/baidupcs/CMU-MOSEI/extracted/Raw/Labels/extreme_sentiment_results.csv#goMtnNHQ_z4/2
EAQ006143,MOSEI,unknown,MOSEI/O3whFU2lAAk/8,/root/autodl-tmp/data/datasets/baidupcs/CMU-MOSEI/extracted/Raw/Videos/Full/Combined/O3whFU2lAAk.mp4,/root/autodl-tmp/data/datasets/baidupcs/CMU-MOSEI/extracted/Raw/Audio/Full/WAV_16000/O3whFU2lAAk.wav,/root/autodl-tmp/data/datasets/baidupcs/CMU-MOSEI/extracted/Raw/Labels/extreme_sentiment_results.csv#8,0.00,0.00,en,high,high,high,true,true,0,1,,,positive,/root/autodl-tmp/data/datasets/baidupcs/CMU-MOSEI/extracted/Raw/Labels/extreme_sentiment_results.csv#O3whFU2lAAk/8
EAQ006144,MOSEI,unknown,MOSEI/HXuRR2eBHHQ/11,/root/autodl-tmp/data/datasets/baidupcs/CMU-MOSEI/extracted/Raw/Videos/Full/Combined/HXuRR2eBHHQ.mp4,/root/autodl-tmp/data/datasets/baidupcs/CMU-MOSEI/extracted/Raw/Audio/Full/WAV_16000/HXuRR2eBHHQ.wav,/root/autodl-tmp/data/datasets/baidupcs/CMU-MOSEI/extracted/Raw/Labels/extreme_sentiment_results.csv#11,0.00,0.00,en,high,high,high,true,true,0,3,,,positive,/root/autodl-tmp/data/datasets/baidupcs/CMU-MOSEI/extracted/Raw/Labels/extreme_sentiment_results.csv#HXuRR2eBHHQ/11
EAQ006145,MOSEI,unknown,MOSEI/xZ1FrxU6hcg/15,/root/autodl-tmp/data/datasets/baidupcs/CMU-MOSEI/extracted/Raw/Videos/Full/Combined/xZ1FrxU6hcg.mp4,/root/autodl-tmp/data/datasets/baidupcs/CMU-MOSEI/extracted/Raw/Audio/Full/WAV_16000/xZ1FrxU6hcg.wav,/root/autodl-tmp/data/datasets/baidupcs/CMU-MOSEI/extracted/Raw/Labels/extreme_sentiment_results.csv#15,0.00,0.00,en,high,high,high,true,true,0,2,,,positive,/root/autodl-tmp/data/datasets/baidupcs/CMU-MOSEI/extracted/Raw/Labels/extreme_sentiment_results.csv#xZ1FrxU6hcg/15
EAQ006146,MOSEI,unknown,MOSEI/2Crezdbre6I/10,/root/autodl-tmp/data/datasets/baidupcs/CMU-MOSEI/extracted/Raw/Videos/Full/Combined/2Crezdbre6I.mp4,/root/autodl-tmp/data/datasets/baidupcs/CMU-MOSEI/extracted/Raw/Audio/Full/WAV_16000/2Crezdbre6I.wav,/root/autodl-tmp/data/datasets/baidupcs/CMU-MOSEI/extracted/Raw/Labels/extreme_sentiment_results.csv#10,0.00,0.00,en,high,high,high,true,true,0,0,,,neutral,/root/autodl-tmp/data/datasets/baidupcs/CMU-MOSEI/extracted/Raw/Labels/extreme_sentiment_results.csv#2Crezdbre6I/10
EAQ006147,MOSEI,unknown,MOSEI/ll10nEjTvGE/8,/root/autodl-tmp/data/datasets/baidupcs/CMU-MOSEI/extracted/Raw/Videos/Full/Combined/ll10nEjTvGE.mp4,/root/autodl-tmp/data/datasets/baidupcs/CMU-MOSEI/extracted/Raw/Audio/Full/WAV_16000/ll10nEjTvGE.wav,/root/autodl-tmp/data/datasets/baidupcs/CMU-MOSEI/extracted/Raw/Labels/extreme_sentiment_results.csv#8,0.00,0.00,en,high,high,high,true,true,0,-2,,,negative,/root/autodl-tmp/data/datasets/baidupcs/CMU-MOSEI/extracted/Raw/Labels/extreme_sentiment_results.csv#ll10nEjTvGE/8
EAQ006148,MOSEI,unknown,MOSEI/k1ca_xbhohk/7,/root/autodl-tmp/data/datasets/baidupcs/CMU-MOSEI/extracted/Raw/Videos/Full/Combined/k1ca_xbhohk.mp4,/root/autodl-tmp/data/datasets/baidupcs/CMU-MOSEI/extracted/Raw/Audio/Full/WAV_16000/k1ca_xbhohk.wav,/root/autodl-tmp/data/datasets/baidupcs/CMU-MOSEI/extracted/Raw/Labels/extreme_sentiment_results.csv#7,0.00,0.00,en,high,high,high,true,true,0,2,,,positive,/root/autodl-tmp/data/datasets/baidupcs/CMU-MOSEI/extracted/Raw/Labels/extreme_sentiment_results.csv#k1ca_xbhohk/7
EAQ006149,MOSEI,unknown,MOSEI/niX_m3aMxhQ/2,/root/autodl-tmp/data/datasets/baidupcs/CMU-MOSEI/extracted/Raw/Videos/Full/Combined/niX_m3aMxhQ.mp4,/root/autodl-tmp/data/datasets/baidupcs/CMU-MOSEI/extracted/Raw/Audio/Full/WAV_16000/niX_m3aMxhQ.wav,/root/autodl-tmp/data/datasets/baidupcs/CMU-MOSEI/extracted/Raw/Labels/extreme_sentiment_results.csv#2,0.00,0.00,en,high,high,high,true,true,0,0,,,neutral,/root/autodl-tmp/data/datasets/baidupcs/CMU-MOSEI/extracted/Raw/Labels/extreme_sentiment_results.csv#niX_m3aMxhQ/2
EAQ006150,MOSEI,unknown,MOSEI/K5cGfs3i-tk/13,/root/autodl-tmp/data/datasets/baidupcs/CMU-MOSEI/extracted/Raw/Videos/Full/Combined/K5cGfs3i-tk.mp4,/root/autodl-tmp/data/datasets/baidupcs/CMU-MOSEI/extracted/Raw/Audio/Full/WAV_16000/K5cGfs3i-tk.wav,/root/autodl-tmp/data/datasets/baidupcs/CMU-MOSEI/extracted/Raw/Labels/extreme_sentiment_results.csv#13,0.00,0.00,en,high,high,high,true,true,0,0,,,neutral,/root/autodl-tmp/data/datasets/baidupcs/CMU-MOSEI/extracted/Raw/Labels/extreme_sentiment_results.csv#K5cGfs3i-tk/13
EAQ006151,MOSEI,unknown,MOSEI/MCRCXXPqFOI/6,/root/autodl-tmp/data/datasets/baidupcs/CMU-MOSEI/extracted/Raw/Videos/Full/Combined/MCRCXXPqFOI.mp4,/root/autodl-tmp/data/datasets/baidupcs/CMU-MOSEI/extracted/Raw/Audio/Full/WAV_16000/MCRCXXPqFOI.wav,/root/autodl-tmp/data/datasets/baidupcs/CMU-MOSEI/extracted/Raw/Labels/extreme_sentiment_results.csv#6,0.00,0.00,en,high,high,high,true,true,0,0,,,neutral,/root/autodl-tmp/data/datasets/baidupcs/CMU-MOSEI/extracted/Raw/Labels/extreme_sentiment_results.csv#MCRCXXPqFOI/6
EAQ006152,MOSEI,unknown,MOSEI/VN1IPN1TL3Q/5,/root/autodl-tmp/data/datasets/baidupcs/CMU-MOSEI/extracted/Raw/Videos/Full/Combined/VN1IPN1TL3Q.mp4,/root/autodl-tmp/data/datasets/baidupcs/CMU-MOSEI/extracted/Raw/Audio/Full/WAV_16000/VN1IPN1TL3Q.wav,/root/autodl-tmp/data/datasets/baidupcs/CMU-MOSEI/extracted/Raw/Labels/extreme_sentiment_results.csv#5,0.00,0.00,en,high,high,high,true,true,0,-2,,,negative,/root/autodl-tmp/data/datasets/baidupcs/CMU-MOSEI/extracted/Raw/Labels/extreme_sentiment_results.csv#VN1IPN1TL3Q/5
EAQ006153,MOSEI,unknown,MOSEI/-cEhr0cQcDM/8,/root/autodl-tmp/data/datasets/baidupcs/CMU-MOSEI/extracted/Raw/Videos/Full/Combined/-cEhr0cQcDM.mp4,/root/autodl-tmp/data/datasets/baidupcs/CMU-MOSEI/extracted/Raw/Audio/Full/WAV_16000/-cEhr0cQcDM.wav,/root/autodl-tmp/data/datasets/baidupcs/CMU-MOSEI/extracted/Raw/Labels/extreme_sentiment_results.csv#8,0.00,0.00,en,high,high,high,true,true,0,0,,,neutral,/root/autodl-tmp/data/datasets/baidupcs/CMU-MOSEI/extracted/Raw/Labels/extreme_sentiment_results.csv#-cEhr0cQcDM/8
EAQ006154,MOSEI,unknown,MOSEI/uTWeng4h5eM/5,/root/autodl-tmp/data/datasets/baidupcs/CMU-MOSEI/extracted/Raw/Videos/Full/Combined/uTWeng4h5eM.mp4,/root/autodl-tmp/data/datasets/baidupcs/CMU-MOSEI/extracted/Raw/Audio/Full/WAV_16000/uTWeng4h5eM.wav,/root/autodl-tmp/data/datasets/baidupcs/CMU-MOSEI/extracted/Raw/Labels/extreme_sentiment_results.csv#5,0.00,0.00,en,high,high,high,true,true,0,0,,,neutral,/root/autodl-tmp/data/datasets/baidupcs/CMU-MOSEI/extracted/Raw/Labels/extreme_sentiment_results.csv#uTWeng4h5eM/5
EAQ006155,MOSEI,unknown,MOSEI/nZFPKP9kBkw/4,/root/autodl-tmp/data/datasets/baidupcs/CMU-MOSEI/extracted/Raw/Videos/Full/Combined/nZFPKP9kBkw.mp4,/root/autodl-tmp/data/datasets/baidupcs/CMU-MOSEI/extracted/Raw/Audio/Full/WAV_16000/nZFPKP9kBkw.wav,/root/autodl-tmp/data/datasets/baidupcs/CMU-MOSEI/extracted/Raw/Labels/extreme_sentiment_results.csv#4,0.00,0.00,en,high,high,high,true,true,0,0,,,neutral,/root/autodl-tmp/data/datasets/baidupcs/CMU-MOSEI/extracted/Raw/Labels/extreme_sentiment_results.csv#nZFPKP9kBkw/4
EAQ006156,MOSEI,unknown,MOSEI/g9rNhtFG9aU/6,/root/autodl-tmp/data/datasets/baidupcs/CMU-MOSEI/extracted/Raw/Videos/Full/Combined/g9rNhtFG9aU.mp4,/root/autodl-tmp/data/datasets/baidupcs/CMU-MOSEI/extracted/Raw/Audio/Full/WAV_16000/g9rNhtFG9aU.wav,/root/autodl-tmp/data/datasets/baidupcs/CMU-MOSEI/extracted/Raw/Labels/extreme_sentiment_results.csv#6,0.00,0.00,en,high,high,high,true,true,0,0,,,neutral,/root/autodl-tmp/data/datasets/baidupcs/CMU-MOSEI/extracted/Raw/Labels/extreme_sentiment_results.csv#g9rNhtFG9aU/6
EAQ006157,MOSEI,unknown,MOSEI/kuQWPuhnlHs/4,/root/autodl-tmp/data/datasets/baidupcs/CMU-MOSEI/extracted/Raw/Videos/Full/Combined/kuQWPuhnlHs.mp4,/root/autodl-tmp/data/datasets/baidupcs/CMU-MOSEI/extracted/Raw/Audio/Full/WAV_16000/kuQWPuhnlHs.wav,/root/autodl-tmp/data/datasets/baidupcs/CMU-MOSEI/extracted/Raw/Labels/extreme_sentiment_results.csv#4,0.00,0.00,en,high,high,high,true,true,0,0,,,neutral,/root/autodl-tmp/data/datasets/baidupcs/CMU-MOSEI/extracted/Raw/Labels/extreme_sentiment_results.csv#kuQWPuhnlHs/4
EAQ006158,MOSEI,unknown,MOSEI/EyoMU2yoJPY/11,/root/autodl-tmp/data/datasets/baidupcs/CMU-MOSEI/extracted/Raw/Videos/Full/Combined/EyoMU2yoJPY.mp4,/root/autodl-tmp/data/datasets/baidupcs/CMU-MOSEI/extracted/Raw/Audio/Full/WAV_16000/EyoMU2yoJPY.wav,/root/autodl-tmp/data/datasets/baidupcs/CMU-MOSEI/extracted/Raw/Labels/extreme_sentiment_results.csv#11,0.00,0.00,en,high,high,high,true,true,3,2,,,positive,/root/autodl-tmp/data/datasets/baidupcs/CMU-MOSEI/extracted/Raw/Labels/extreme_sentiment_results.csv#EyoMU2yoJPY/11
EAQ006159,MOSEI,unknown,MOSEI/_HabvL0VnrQ/19,/root/autodl-tmp/data/datasets/baidupcs/CMU-MOSEI/extracted/Raw/Videos/Full/Combined/_HabvL0VnrQ.mp4,/root/autodl-tmp/data/datasets/baidupcs/CMU-MOSEI/extracted/Raw/Audio/Full/WAV_16000/_HabvL0VnrQ.wav,/root/autodl-tmp/data/datasets/baidupcs/CMU-MOSEI/extracted/Raw/Labels/extreme_sentiment_results.csv#19,0.00,0.00,en,high,high,high,true,true,0,0,,,neutral,/root/autodl-tmp/data/datasets/baidupcs/CMU-MOSEI/extracted/Raw/Labels/extreme_sentiment_results.csv#_HabvL0VnrQ/19
EAQ006160,MOSEI,unknown,MOSEI/BseI8-TYWm8/1,/root/autodl-tmp/data/datasets/baidupcs/CMU-MOSEI/extracted/Raw/Videos/Full/Combined/BseI8-TYWm8.mp4,/root/autodl-tmp/data/datasets/baidupcs/CMU-MOSEI/extracted/Raw/Audio/Full/WAV_16000/BseI8-TYWm8.wav,/root/autodl-tmp/data/datasets/baidupcs/CMU-MOSEI/extracted/Raw/Labels/extreme_sentiment_results.csv#1,0.00,0.00,en,high,high,high,true,true,0,1,,,positive,/root/autodl-tmp/data/datasets/baidupcs/CMU-MOSEI/extracted/Raw/Labels/extreme_sentiment_results.csv#BseI8-TYWm8/1
EAQ006161,MOSEI,unknown,MOSEI/jICmfLeFymA/12,/root/autodl-tmp/data/datasets/baidupcs/CMU-MOSEI/extracted/Raw/Videos/Full/Combined/jICmfLeFymA.mp4,/root/autodl-tmp/data/datasets/baidupcs/CMU-MOSEI/extracted/Raw/Audio/Full/WAV_16000/jICmfLeFymA.wav,/root/autodl-tmp/data/datasets/baidupcs/CMU-MOSEI/extracted/Raw/Labels/extreme_sentiment_results.csv#12,0.00,0.00,en,high,high,high,true,true,0,1,,,positive,/root/autodl-tmp/data/datasets/baidupcs/CMU-MOSEI/extracted/Raw/Labels/extreme_sentiment_results.csv#jICmfLeFymA/12
EAQ006162,MOSEI,unknown,MOSEI/Ry2NJPd4N3s/12,/root/autodl-tmp/data/datasets/baidupcs/CMU-MOSEI/extracted/Raw/Videos/Full/Combined/Ry2NJPd4N3s.mp4,/root/autodl-tmp/data/datasets/baidupcs/CMU-MOSEI/extracted/Raw/Audio/Full/WAV_16000/Ry2NJPd4N3s.wav,/root/autodl-tmp/data/datasets/baidupcs/CMU-MOSEI/extracted/Raw/Labels/extreme_sentiment_results.csv#12,0.00,0.00,en,high,high,high,true,true,0,0,,,neutral,/root/autodl-tmp/data/datasets/baidupcs/CMU-MOSEI/extracted/Raw/Labels/extreme_sentiment_results.csv#Ry2NJPd4N3s/12
EAQ006163,MOSEI,unknown,MOSEI/3VsrcbjPwZY/7,/root/autodl-tmp/data/datasets/baidupcs/CMU-MOSEI/extracted/Raw/Videos/Full/Combined/3VsrcbjPwZY.mp4,/root/autodl-tmp/data/datasets/baidupcs/CMU-MOSEI/extracted/Raw/Audio/Full/WAV_16000/3VsrcbjPwZY.wav,/root/autodl-tmp/data/datasets/baidupcs/CMU-MOSEI/extracted/Raw/Labels/extreme_sentiment_results.csv#7,0.00,0.00,en,high,high,high,true,true,0,1,,,positive,/root/autodl-tmp/data/datasets/baidupcs/CMU-MOSEI/extracted/Raw/Labels/extreme_sentiment_results.csv#3VsrcbjPwZY/7
EAQ006164,MOSEI,unknown,MOSEI/mI50zj8cTNw/8,/root/autodl-tmp/data/datasets/baidupcs/CMU-MOSEI/extracted/Raw/Videos/Full/Combined/mI50zj8cTNw.mp4,/root/autodl-tmp/data/datasets/baidupcs/CMU-MOSEI/extracted/Raw/Audio/Full/WAV_16000/mI50zj8cTNw.wav,/root/autodl-tmp/data/datasets/baidupcs/CMU-MOSEI/extracted/Raw/Labels/extreme_sentiment_results.csv#8,0.00,0.00,en,high,high,high,true,true,0,1,,,positive,/root/autodl-tmp/data/datasets/baidupcs/CMU-MOSEI/extracted/Raw/Labels/extreme_sentiment_results.csv#mI50zj8cTNw/8
EAQ006165,MOSEI,unknown,MOSEI/atxoi7pB5TM/10,/root/autodl-tmp/data/datasets/baidupcs/CMU-MOSEI/extracted/Raw/Videos/Full/Combined/atxoi7pB5TM.mp4,/root/autodl-tmp/data/datasets/baidupcs/CMU-MOSEI/extracted/Raw/Audio/Full/WAV_16000/atxoi7pB5TM.wav,/root/autodl-tmp/data/datasets/baidupcs/CMU-MOSEI/extracted/Raw/Labels/extreme_sentiment_results.csv#10,0.00,0.00,en,high,high,high,true,true,0,0,,,neutral,/root/autodl-tmp/data/datasets/baidupcs/CMU-MOSEI/extracted/Raw/Labels/extreme_sentiment_results.csv#atxoi7pB5TM/10
EAQ006166,MOSEI,unknown,MOSEI/aMtFBGh2wKI/12,/root/autodl-tmp/data/datasets/baidupcs/CMU-MOSEI/extracted/Raw/Videos/Full/Combined/aMtFBGh2wKI.mp4,/root/autodl-tmp/data/datasets/baidupcs/CMU-MOSEI/extracted/Raw/Audio/Full/WAV_16000/aMtFBGh2wKI.wav,/root/autodl-tmp/data/datasets/baidupcs/CMU-MOSEI/extracted/Raw/Labels/extreme_sentiment_results.csv#12,0.00,0.00,en,high,high,high,true,true,0,1,,,positive,/root/autodl-tmp/data/datasets/baidupcs/CMU-MOSEI/extracted/Raw/Labels/extreme_sentiment_results.csv#aMtFBGh2wKI/12
EAQ006167,MOSEI,unknown,MOSEI/zFuRNvfC4So/1,/root/autodl-tmp/data/datasets/baidupcs/CMU-MOSEI/extracted/Raw/Videos/Full/Combined/zFuRNvfC4So.mp4,/root/autodl-tmp/data/datasets/baidupcs/CMU-MOSEI/extracted/Raw/Audio/Full/WAV_16000/zFuRNvfC4So.wav,/root/autodl-tmp/data/datasets/baidupcs/CMU-MOSEI/extracted/Raw/Labels/extreme_sentiment_results.csv#1,0.00,0.00,en,high,high,high,true,true,0,0,,,neutral,/root/autodl-tmp/data/datasets/baidupcs/CMU-MOSEI/extracted/Raw/Labels/extreme_sentiment_results.csv#zFuRNvfC4So/1
EAQ006168,MOSEI,unknown,MOSEI/OUjzDchhkIA/0,/root/autodl-tmp/data/datasets/baidupcs/CMU-MOSEI/extracted/Raw/Videos/Full/Combined/OUjzDchhkIA.mp4,/root/autodl-tmp/data/datasets/baidupcs/CMU-MOSEI/extracted/Raw/Audio/Full/WAV_16000/OUjzDchhkIA.wav,/root/autodl-tmp/data/datasets/baidupcs/CMU-MOSEI/extracted/Raw/Labels/extreme_sentiment_results.csv#0,0.00,0.00,en,high,high,high,true,true,0,0,,,neutral,/root/autodl-tmp/data/datasets/baidupcs/CMU-MOSEI/extracted/Raw/Labels/extreme_sentiment_results.csv#OUjzDchhkIA/0
EAQ006169,MOSEI,unknown,MOSEI/wRKVNiABc0w/19,/root/autodl-tmp/data/datasets/baidupcs/CMU-MOSEI/extracted/Raw/Videos/Full/Combined/wRKVNiABc0w.mp4,/root/autodl-tmp/data/datasets/baidupcs/CMU-MOSEI/extracted/Raw/Audio/Full/WAV_16000/wRKVNiABc0w.wav,/root/autodl-tmp/data/datasets/baidupcs/CMU-MOSEI/extracted/Raw/Labels/extreme_sentiment_results.csv#19,0.00,0.00,en,high,high,high,true,true,0,-1,,,negative,/root/autodl-tmp/data/datasets/baidupcs/CMU-MOSEI/extracted/Raw/Labels/extreme_sentiment_results.csv#wRKVNiABc0w/19
EAQ006170,MOSEI,unknown,MOSEI/TNwwVWA-oAE/22,/root/autodl-tmp/data/datasets/baidupcs/CMU-MOSEI/extracted/Raw/Videos/Full/Combined/TNwwVWA-oAE.mp4,/root/autodl-tmp/data/datasets/baidupcs/CMU-MOSEI/extracted/Raw/Audio/Full/WAV_16000/TNwwVWA-oAE.wav,/root/autodl-tmp/data/datasets/baidupcs/CMU-MOSEI/extracted/Raw/Labels/extreme_sentiment_results.csv#22,0.00,0.00,en,high,high,high,true,true,0,2,,,positive,/root/autodl-tmp/data/datasets/baidupcs/CMU-MOSEI/extracted/Raw/Labels/extreme_sentiment_results.csv#TNwwVWA-oAE/22
EAQ006171,MOSEI,unknown,MOSEI/3B1zIUj-k3o/0,/root/autodl-tmp/data/datasets/baidupcs/CMU-MOSEI/extracted/Raw/Videos/Full/Combined/3B1zIUj-k3o.mp4,/root/autodl-tmp/data/datasets/baidupcs/CMU-MOSEI/extracted/Raw/Audio/Full/WAV_16000/3B1zIUj-k3o.wav,/root/autodl-tmp/data/datasets/baidupcs/CMU-MOSEI/extracted/Raw/Labels/extreme_sentiment_results.csv#0,0.00,0.00,en,high,high,high,true,true,0,-2,,,negative,/root/autodl-tmp/data/datasets/baidupcs/CMU-MOSEI/extracted/Raw/Labels/extreme_sentiment_results.csv#3B1zIUj-k3o/0
EAQ006172,MOSEI,unknown,MOSEI/oBS-IW-BO00/7,/root/autodl-tmp/data/datasets/baidupcs/CMU-MOSEI/extracted/Raw/Videos/Full/Combined/oBS-IW-BO00.mp4,/root/autodl-tmp/data/datasets/baidupcs/CMU-MOSEI/extracted/Raw/Audio/Full/WAV_16000/oBS-IW-BO00.wav,/root/autodl-tmp/data/datasets/baidupcs/CMU-MOSEI/extracted/Raw/Labels/extreme_sentiment_results.csv#7,0.00,0.00,en,high,high,high,true,true,1,2,,,positive,/root/autodl-tmp/data/datasets/baidupcs/CMU-MOSEI/extracted/Raw/Labels/extreme_sentiment_results.csv#oBS-IW-BO00/7
EAQ006173,MOSEI,unknown,MOSEI/ShgrdU9WAJE/4,/root/autodl-tmp/data/datasets/baidupcs/CMU-MOSEI/extracted/Raw/Videos/Full/Combined/ShgrdU9WAJE.mp4,/root/autodl-tmp/data/datasets/baidupcs/CMU-MOSEI/extracted/Raw/Audio/Full/WAV_16000/ShgrdU9WAJE.wav,/root/autodl-tmp/data/datasets/baidupcs/CMU-MOSEI/extracted/Raw/Labels/extreme_sentiment_results.csv#4,0.00,0.00,en,high,high,high,true,true,0,2,,,positive,/root/autodl-tmp/data/datasets/baidupcs/CMU-MOSEI/extracted/Raw/Labels/extreme_sentiment_results.csv#ShgrdU9WAJE/4
EAQ006174,MOSEI,unknown,MOSEI/3B1zIUj-k3o/7,/root/autodl-tmp/data/datasets/baidupcs/CMU-MOSEI/extracted/Raw/Videos/Full/Combined/3B1zIUj-k3o.mp4,/root/autodl-tmp/data/datasets/baidupcs/CMU-MOSEI/extracted/Raw/Audio/Full/WAV_16000/3B1zIUj-k3o.wav,/root/autodl-tmp/data/datasets/baidupcs/CMU-MOSEI/extracted/Raw/Labels/extreme_sentiment_results.csv#7,0.00,0.00,en,high,high,high,true,true,1,-1,,,negative,/root/autodl-tmp/data/datasets/baidupcs/CMU-MOSEI/extracted/Raw/Labels/extreme_sentiment_results.csv#3B1zIUj-k3o/7
EAQ006175,MOSEI,unknown,MOSEI/Gljee9uq_Rc/22,/root/autodl-tmp/data/datasets/baidupcs/CMU-MOSEI/extracted/Raw/Videos/Full/Combined/Gljee9uq_Rc.mp4,/root/autodl-tmp/data/datasets/baidupcs/CMU-MOSEI/extracted/Raw/Audio/Full/WAV_16000/Gljee9uq_Rc.wav,/root/autodl-tmp/data/datasets/baidupcs/CMU-MOSEI/extracted/Raw/Labels/extreme_sentiment_results.csv#22,0.00,0.00,en,high,high,high,true,true,0,2,,,positive,/root/autodl-tmp/data/datasets/baidupcs/CMU-MOSEI/extracted/Raw/Labels/extreme_sentiment_results.csv#Gljee9uq_Rc/22
EAQ006176,MOSEI,unknown,MOSEI/mLW-jn67gRE/8,/root/autodl-tmp/data/datasets/baidupcs/CMU-MOSEI/extracted/Raw/Videos/Full/Combined/mLW-jn67gRE.mp4,/root/autodl-tmp/data/datasets/baidupcs/CMU-MOSEI/extracted/Raw/Audio/Full/WAV_16000/mLW-jn67gRE.wav,/root/autodl-tmp/data/datasets/baidupcs/CMU-MOSEI/extracted/Raw/Labels/extreme_sentiment_results.csv#8,0.00,0.00,en,high,high,high,true,true,0,0,,,neutral,/root/autodl-tmp/data/datasets/baidupcs/CMU-MOSEI/extracted/Raw/Labels/extreme_sentiment_results.csv#mLW-jn67gRE/8
EAQ006177,MOSEI,unknown,MOSEI/FJgO-FICHlA/6,/root/autodl-tmp/data/datasets/baidupcs/CMU-MOSEI/extracted/Raw/Videos/Full/Combined/FJgO-FICHlA.mp4,/root/autodl-tmp/data/datasets/baidupcs/CMU-MOSEI/extracted/Raw/Audio/Full/WAV_16000/FJgO-FICHlA.wav,/root/autodl-tmp/data/datasets/baidupcs/CMU-MOSEI/extracted/Raw/Labels/extreme_sentiment_results.csv#6,0.00,0.00,en,high,high,high,true,true,1,0,,,neutral,/root/autodl-tmp/data/datasets/baidupcs/CMU-MOSEI/extracted/Raw/Labels/extreme_sentiment_results.csv#FJgO-FICHlA/6
EAQ006178,MOSEI,unknown,MOSEI/NYuY6HVjMZQ/7,/root/autodl-tmp/data/datasets/baidupcs/CMU-MOSEI/extracted/Raw/Videos/Full/Combined/NYuY6HVjMZQ.mp4,/root/autodl-tmp/data/datasets/baidupcs/CMU-MOSEI/extracted/Raw/Audio/Full/WAV_16000/NYuY6HVjMZQ.wav,/root/autodl-tmp/data/datasets/baidupcs/CMU-MOSEI/extracted/Raw/Labels/extreme_sentiment_results.csv#7,0.00,0.00,en,high,high,high,true,true,0,1,,,positive,/root/autodl-tmp/data/datasets/baidupcs/CMU-MOSEI/extracted/Raw/Labels/extreme_sentiment_results.csv#NYuY6HVjMZQ/7
EAQ006179,MOSEI,unknown,MOSEI/dWfgSGnd9zM/8,/root/autodl-tmp/data/datasets/baidupcs/CMU-MOSEI/extracted/Raw/Videos/Full/Combined/dWfgSGnd9zM.mp4,/root/autodl-tmp/data/datasets/baidupcs/CMU-MOSEI/extracted/Raw/Audio/Full/WAV_16000/dWfgSGnd9zM.wav,/root/autodl-tmp/data/datasets/baidupcs/CMU-MOSEI/extracted/Raw/Labels/extreme_sentiment_results.csv#8,0.00,0.00,en,high,high,high,true,true,0,1,,,positive,/root/autodl-tmp/data/datasets/baidupcs/CMU-MOSEI/extracted/Raw/Labels/extreme_sentiment_results.csv#dWfgSGnd9zM/8
EAQ006180,MOSEI,unknown,MOSEI/_tBaGXNwlp0/5,/root/autodl-tmp/data/datasets/baidupcs/CMU-MOSEI/extracted/Raw/Videos/Full/Combined/_tBaGXNwlp0.mp4,/root/autodl-tmp/data/datasets/baidupcs/CMU-MOSEI/extracted/Raw/Audio/Full/WAV_16000/_tBaGXNwlp0.wav,/root/autodl-tmp/data/datasets/baidupcs/CMU-MOSEI/extracted/Raw/Labels/extreme_sentiment_results.csv#5,0.00,0.00,en,high,high,high,true,true,0,-1,,,negative,/root/autodl-tmp/data/datasets/baidupcs/CMU-MOSEI/extracted/Raw/Labels/extreme_sentiment_results.csv#_tBaGXNwlp0/5
EAQ006181,MOSEI,unknown,MOSEI/a5FKWiI90hk/7,/root/autodl-tmp/data/datasets/baidupcs/CMU-MOSEI/extracted/Raw/Videos/Full/Combined/a5FKWiI90hk.mp4,/root/autodl-tmp/data/datasets/baidupcs/CMU-MOSEI/extracted/Raw/Audio/Full/WAV_16000/a5FKWiI90hk.wav,/root/autodl-tmp/data/datasets/baidupcs/CMU-MOSEI/extracted/Raw/Labels/extreme_sentiment_results.csv#7,0.00,0.00,en,high,high,high,true,true,0,1,,,positive,/root/autodl-tmp/data/datasets/baidupcs/CMU-MOSEI/extracted/Raw/Labels/extreme_sentiment_results.csv#a5FKWiI90hk/7
EAQ006182,MOSEI,unknown,MOSEI/7Vp6Lvin1rA/6,/root/autodl-tmp/data/datasets/baidupcs/CMU-MOSEI/extracted/Raw/Videos/Full/Combined/7Vp6Lvin1rA.mp4,/root/autodl-tmp/data/datasets/baidupcs/CMU-MOSEI/extracted/Raw/Audio/Full/WAV_16000/7Vp6Lvin1rA.wav,/root/autodl-tmp/data/datasets/baidupcs/CMU-MOSEI/extracted/Raw/Labels/extreme_sentiment_results.csv#6,0.00,0.00,en,high,high,high,true,true,0,0,,,neutral,/root/autodl-tmp/data/datasets/baidupcs/CMU-MOSEI/extracted/Raw/Labels/extreme_sentiment_results.csv#7Vp6Lvin1rA/6
EAQ006183,MOSEI,unknown,MOSEI/OEOkmrKvTUo/4,/root/autodl-tmp/data/datasets/baidupcs/CMU-MOSEI/extracted/Raw/Videos/Full/Combined/OEOkmrKvTUo.mp4,/root/autodl-tmp/data/datasets/baidupcs/CMU-MOSEI/extracted/Raw/Audio/Full/WAV_16000/OEOkmrKvTUo.wav,/root/autodl-tmp/data/datasets/baidupcs/CMU-MOSEI/extracted/Raw/Labels/extreme_sentiment_results.csv#4,0.00,0.00,en,high,high,high,true,true,0,2,,,positive,/root/autodl-tmp/data/datasets/baidupcs/CMU-MOSEI/extracted/Raw/Labels/extreme_sentiment_results.csv#OEOkmrKvTUo/4
EAQ006184,MOSEI,unknown,MOSEI/7ifnoHhrMtA/9,/root/autodl-tmp/data/datasets/baidupcs/CMU-MOSEI/extracted/Raw/Videos/Full/Combined/7ifnoHhrMtA.mp4,/root/autodl-tmp/data/datasets/baidupcs/CMU-MOSEI/extracted/Raw/Audio/Full/WAV_16000/7ifnoHhrMtA.wav,/root/autodl-tmp/data/datasets/baidupcs/CMU-MOSEI/extracted/Raw/Labels/extreme_sentiment_results.csv#9,0.00,0.00,en,high,high,high,true,true,0,0,,,neutral,/root/autodl-tmp/data/datasets/baidupcs/CMU-MOSEI/extracted/Raw/Labels/extreme_sentiment_results.csv#7ifnoHhrMtA/9
EAQ006185,MOSEI,unknown,MOSEI/NSihgq4R8Z0/11,/root/autodl-tmp/data/datasets/baidupcs/CMU-MOSEI/extracted/Raw/Videos/Full/Combined/NSihgq4R8Z0.mp4,/root/autodl-tmp/data/datasets/baidupcs/CMU-MOSEI/extracted/Raw/Audio/Full/WAV_16000/NSihgq4R8Z0.wav,/root/autodl-tmp/data/datasets/baidupcs/CMU-MOSEI/extracted/Raw/Labels/extreme_sentiment_results.csv#11,0.00,0.00,en,high,high,high,true,true,0,3,,,positive,/root/autodl-tmp/data/datasets/baidupcs/CMU-MOSEI/extracted/Raw/Labels/extreme_sentiment_results.csv#NSihgq4R8Z0/11
EAQ006186,MOSEI,unknown,MOSEI/Kpe5fISxRTg/7,/root/autodl-tmp/data/datasets/baidupcs/CMU-MOSEI/extracted/Raw/Videos/Full/Combined/Kpe5fISxRTg.mp4,/root/autodl-tmp/data/datasets/baidupcs/CMU-MOSEI/extracted/Raw/Audio/Full/WAV_16000/Kpe5fISxRTg.wav,/root/autodl-tmp/data/datasets/baidupcs/CMU-MOSEI/extracted/Raw/Labels/extreme_sentiment_results.csv#7,0.00,0.00,en,high,high,high,true,true,0,0,,,neutral,/root/autodl-tmp/data/datasets/baidupcs/CMU-MOSEI/extracted/Raw/Labels/extreme_sentiment_results.csv#Kpe5fISxRTg/7
EAQ006187,MOSEI,unknown,MOSEI/91y7nPEWdmQ/5,/root/autodl-tmp/data/datasets/baidupcs/CMU-MOSEI/extracted/Raw/Videos/Full/Combined/91y7nPEWdmQ.mp4,/root/autodl-tmp/data/datasets/baidupcs/CMU-MOSEI/extracted/Raw/Audio/Full/WAV_16000/91y7nPEWdmQ.wav,/root/autodl-tmp/data/datasets/baidupcs/CMU-MOSEI/extracted/Raw/Labels/extreme_sentiment_results.csv#5,0.00,0.00,en,high,high,high,true,true,0,-1,,,negative,/root/autodl-tmp/data/datasets/baidupcs/CMU-MOSEI/extracted/Raw/Labels/extreme_sentiment_results.csv#91y7nPEWdmQ/5
EAQ006188,MOSEI,unknown,MOSEI/x266rUJQC_8/10,/root/autodl-tmp/data/datasets/baidupcs/CMU-MOSEI/extracted/Raw/Videos/Full/Combined/x266rUJQC_8.mp4,/root/autodl-tmp/data/datasets/baidupcs/CMU-MOSEI/extracted/Raw/Audio/Full/WAV_16000/x266rUJQC_8.wav,/root/autodl-tmp/data/datasets/baidupcs/CMU-MOSEI/extracted/Raw/Labels/extreme_sentiment_results.csv#10,0.00,0.00,en,high,high,high,true,true,0,0,,,neutral,/root/autodl-tmp/data/datasets/baidupcs/CMU-MOSEI/extracted/Raw/Labels/extreme_sentiment_results.csv#x266rUJQC_8/10
EAQ006189,MOSEI,unknown,MOSEI/uVM4JWjfGgQ/11,/root/autodl-tmp/data/datasets/baidupcs/CMU-MOSEI/extracted/Raw/Videos/Full/Combined/uVM4JWjfGgQ.mp4,/root/autodl-tmp/data/datasets/baidupcs/CMU-MOSEI/extracted/Raw/Audio/Full/WAV_16000/uVM4JWjfGgQ.wav,/root/autodl-tmp/data/datasets/baidupcs/CMU-MOSEI/extracted/Raw/Labels/extreme_sentiment_results.csv#11,0.00,0.00,en,high,high,high,true,true,0,1,,,positive,/root/autodl-tmp/data/datasets/baidupcs/CMU-MOSEI/extracted/Raw/Labels/extreme_sentiment_results.csv#uVM4JWjfGgQ/11
EAQ006190,MOSEI,unknown,MOSEI/4o4ilPK9rl8/1,/root/autodl-tmp/data/datasets/baidupcs/CMU-MOSEI/extracted/Raw/Videos/Full/Combined/4o4ilPK9rl8.mp4,/root/autodl-tmp/data/datasets/baidupcs/CMU-MOSEI/extracted/Raw/Audio/Full/WAV_16000/4o4ilPK9rl8.wav,/root/autodl-tmp/data/datasets/baidupcs/CMU-MOSEI/extracted/Raw/Labels/extreme_sentiment_results.csv#1,0.00,0.00,en,high,high,high,true,true,1,0,,,neutral,/root/autodl-tmp/data/datasets/baidupcs/CMU-MOSEI/extracted/Raw/Labels/extreme_sentiment_results.csv#4o4ilPK9rl8/1
EAQ006191,MOSEI,unknown,MOSEI/zaTyjiyrHnk/3,/root/autodl-tmp/data/datasets/baidupcs/CMU-MOSEI/extracted/Raw/Videos/Full/Combined/zaTyjiyrHnk.mp4,/root/autodl-tmp/data/datasets/baidupcs/CMU-MOSEI/extracted/Raw/Audio/Full/WAV_16000/zaTyjiyrHnk.wav,/root/autodl-tmp/data/datasets/baidupcs/CMU-MOSEI/extracted/Raw/Labels/extreme_sentiment_results.csv#3,0.00,0.00,en,high,high,high,true,true,0,2,,,positive,/root/autodl-tmp/data/datasets/baidupcs/CMU-MOSEI/extracted/Raw/Labels/extreme_sentiment_results.csv#zaTyjiyrHnk/3
EAQ006192,MOSEI,unknown,MOSEI/-a55Q6RWvTA/3,/root/autodl-tmp/data/datasets/baidupcs/CMU-MOSEI/extracted/Raw/Videos/Full/Combined/-a55Q6RWvTA.mp4,/root/autodl-tmp/data/datasets/baidupcs/CMU-MOSEI/extracted/Raw/Audio/Full/WAV_16000/-a55Q6RWvTA.wav,/root/autodl-tmp/data/datasets/baidupcs/CMU-MOSEI/extracted/Raw/Labels/extreme_sentiment_results.csv#3,0.00,0.00,en,high,high,high,true,true,0,1,,,positive,/root/autodl-tmp/data/datasets/baidupcs/CMU-MOSEI/extracted/Raw/Labels/extreme_sentiment_results.csv#-a55Q6RWvTA/3
EAQ006193,MOSEI,unknown,MOSEI/RzOFxDk26p0/2,/root/autodl-tmp/data/datasets/baidupcs/CMU-MOSEI/extracted/Raw/Videos/Full/Combined/RzOFxDk26p0.mp4,/root/autodl-tmp/data/datasets/baidupcs/CMU-MOSEI/extracted/Raw/Audio/Full/WAV_16000/RzOFxDk26p0.wav,/root/autodl-tmp/data/datasets/baidupcs/CMU-MOSEI/extracted/Raw/Labels/extreme_sentiment_results.csv#2,0.00,0.00,en,high,high,high,true,true,0,3,,,positive,/root/autodl-tmp/data/datasets/baidupcs/CMU-MOSEI/extracted/Raw/Labels/extreme_sentiment_results.csv#RzOFxDk26p0/2
EAQ006194,MOSEI,unknown,MOSEI/jqutn5ou8_0/8,/root/autodl-tmp/data/datasets/baidupcs/CMU-MOSEI/extracted/Raw/Videos/Full/Combined/jqutn5ou8_0.mp4,/root/autodl-tmp/data/datasets/baidupcs/CMU-MOSEI/extracted/Raw/Audio/Full/WAV_16000/jqutn5ou8_0.wav,/root/autodl-tmp/data/datasets/baidupcs/CMU-MOSEI/extracted/Raw/Labels/extreme_sentiment_results.csv#8,0.00,0.00,en,high,high,high,true,true,0,1,,,positive,/root/autodl-tmp/data/datasets/baidupcs/CMU-MOSEI/extracted/Raw/Labels/extreme_sentiment_results.csv#jqutn5ou8_0/8
EAQ006195,MOSEI,unknown,MOSEI/tymso_pAxhk/12,/root/autodl-tmp/data/datasets/baidupcs/CMU-MOSEI/extracted/Raw/Videos/Full/Combined/tymso_pAxhk.mp4,/root/autodl-tmp/data/datasets/baidupcs/CMU-MOSEI/extracted/Raw/Audio/Full/WAV_16000/tymso_pAxhk.wav,/root/autodl-tmp/data/datasets/baidupcs/CMU-MOSEI/extracted/Raw/Labels/extreme_sentiment_results.csv#12,0.00,0.00,en,high,high,high,true,true,0,0,,,neutral,/root/autodl-tmp/data/datasets/baidupcs/CMU-MOSEI/extracted/Raw/Labels/extreme_sentiment_results.csv#tymso_pAxhk/12
EAQ006196,MOSEI,unknown,MOSEI/_bIJOxiIJFk/2,/root/autodl-tmp/data/datasets/baidupcs/CMU-MOSEI/extracted/Raw/Videos/Full/Combined/_bIJOxiIJFk.mp4,/root/autodl-tmp/data/datasets/baidupcs/CMU-MOSEI/extracted/Raw/Audio/Full/WAV_16000/_bIJOxiIJFk.wav,/root/autodl-tmp/data/datasets/baidupcs/CMU-MOSEI/extracted/Raw/Labels/extreme_sentiment_results.csv#2,0.00,0.00,en,high,high,high,true,true,0,0,,,neutral,/root/autodl-tmp/data/datasets/baidupcs/CMU-MOSEI/extracted/Raw/Labels/extreme_sentiment_results.csv#_bIJOxiIJFk/2
EAQ006197,MOSEI,unknown,MOSEI/2f6ZHqJ76EU/2,/root/autodl-tmp/data/datasets/baidupcs/CMU-MOSEI/extracted/Raw/Videos/Full/Combined/2f6ZHqJ76EU.mp4,/root/autodl-tmp/data/datasets/baidupcs/CMU-MOSEI/extracted/Raw/Audio/Full/WAV_16000/2f6ZHqJ76EU.wav,/root/autodl-tmp/data/datasets/baidupcs/CMU-MOSEI/extracted/Raw/Labels/extreme_sentiment_results.csv#2,0.00,0.00,en,high,high,high,true,true,2,-3,,,negative,/root/autodl-tmp/data/datasets/baidupcs/CMU-MOSEI/extracted/Raw/Labels/extreme_sentiment_results.csv#2f6ZHqJ76EU/2
EAQ006198,MOSEI,unknown,MOSEI/y8HXGm1-Ecw/3,/root/autodl-tmp/data/datasets/baidupcs/CMU-MOSEI/extracted/Raw/Videos/Full/Combined/y8HXGm1-Ecw.mp4,/root/autodl-tmp/data/datasets/baidupcs/CMU-MOSEI/extracted/Raw/Audio/Full/WAV_16000/y8HXGm1-Ecw.wav,/root/autodl-tmp/data/datasets/baidupcs/CMU-MOSEI/extracted/Raw/Labels/extreme_sentiment_results.csv#3,0.00,0.00,en,high,high,high,true,true,0,0,,,neutral,/root/autodl-tmp/data/datasets/baidupcs/CMU-MOSEI/extracted/Raw/Labels/extreme_sentiment_results.csv#y8HXGm1-Ecw/3
EAQ006199,MOSEI,unknown,MOSEI/vRydHjRzDX0/12,/root/autodl-tmp/data/datasets/baidupcs/CMU-MOSEI/extracted/Raw/Videos/Full/Combined/vRydHjRzDX0.mp4,/root/autodl-tmp/data/datasets/baidupcs/CMU-MOSEI/extracted/Raw/Audio/Full/WAV_16000/vRydHjRzDX0.wav,/root/autodl-tmp/data/datasets/baidupcs/CMU-MOSEI/extracted/Raw/Labels/extreme_sentiment_results.csv#12,0.00,0.00,en,high,high,high,true,true,0,1,,,positive,/root/autodl-tmp/data/datasets/baidupcs/CMU-MOSEI/extracted/Raw/Labels/extreme_sentiment_results.csv#vRydHjRzDX0/12
EAQ006200,MOSEI,unknown,MOSEI/8Lmqsakmw3M/2,/root/autodl-tmp/data/datasets/baidupcs/CMU-MOSEI/extracted/Raw/Videos/Full/Combined/8Lmqsakmw3M.mp4,/root/autodl-tmp/data/datasets/baidupcs/CMU-MOSEI/extracted/Raw/Audio/Full/WAV_16000/8Lmqsakmw3M.wav,/root/autodl-tmp/data/datasets/baidupcs/CMU-MOSEI/extracted/Raw/Labels/extreme_sentiment_results.csv#2,0.00,0.00,en,high,high,high,true,true,0,1,,,positive,/root/autodl-tmp/data/datasets/baidupcs/CMU-MOSEI/extracted/Raw/Labels/extreme_sentiment_results.csv#8Lmqsakmw3M/2
EAQ006201,MOSEI,unknown,MOSEI/TUY83eDK5jc/8,/root/autodl-tmp/data/datasets/baidupcs/CMU-MOSEI/extracted/Raw/Videos/Full/Combined/TUY83eDK5jc.mp4,/root/autodl-tmp/data/datasets/baidupcs/CMU-MOSEI/extracted/Raw/Audio/Full/WAV_16000/TUY83eDK5jc.wav,/root/autodl-tmp/data/datasets/baidupcs/CMU-MOSEI/extracted/Raw/Labels/extreme_sentiment_results.csv#8,0.00,0.00,en,high,high,high,true,true,0,0,,,neutral,/root/autodl-tmp/data/datasets/baidupcs/CMU-MOSEI/extracted/Raw/Labels/extreme_sentiment_results.csv#TUY83eDK5jc/8
EAQ006202,MOSEI,unknown,MOSEI/grePRQ8zonA/1,/root/autodl-tmp/data/datasets/baidupcs/CMU-MOSEI/extracted/Raw/Videos/Full/Combined/grePRQ8zonA.mp4,/root/autodl-tmp/data/datasets/baidupcs/CMU-MOSEI/extracted/Raw/Audio/Full/WAV_16000/grePRQ8zonA.wav,/root/autodl-tmp/data/datasets/baidupcs/CMU-MOSEI/extracted/Raw/Labels/extreme_sentiment_results.csv#1,0.00,0.00,en,high,high,high,true,true,1,2,,,positive,/root/autodl-tmp/data/datasets/baidupcs/CMU-MOSEI/extracted/Raw/Labels/extreme_sentiment_results.csv#grePRQ8zonA/1
EAQ006203,MOSEI,unknown,MOSEI/6TDXQtGUNEs/8,/root/autodl-tmp/data/datasets/baidupcs/CMU-MOSEI/extracted/Raw/Videos/Full/Combined/6TDXQtGUNEs.mp4,/root/autodl-tmp/data/datasets/baidupcs/CMU-MOSEI/extracted/Raw/Audio/Full/WAV_16000/6TDXQtGUNEs.wav,/root/autodl-tmp/data/datasets/baidupcs/CMU-MOSEI/extracted/Raw/Labels/extreme_sentiment_results.csv#8,0.00,0.00,en,high,high,high,true,true,0,1,,,positive,/root/autodl-tmp/data/datasets/baidupcs/CMU-MOSEI/extracted/Raw/Labels/extreme_sentiment_results.csv#6TDXQtGUNEs/8
EAQ006204,MOSEI,unknown,MOSEI/4wLP4elp1uM/7,/root/autodl-tmp/data/datasets/baidupcs/CMU-MOSEI/extracted/Raw/Videos/Full/Combined/4wLP4elp1uM.mp4,/root/autodl-tmp/data/datasets/baidupcs/CMU-MOSEI/extracted/Raw/Audio/Full/WAV_16000/4wLP4elp1uM.wav,/root/autodl-tmp/data/datasets/baidupcs/CMU-MOSEI/extracted/Raw/Labels/extreme_sentiment_results.csv#7,0.00,0.00,en,high,high,high,true,true,0,-2,,,negative,/root/autodl-tmp/data/datasets/baidupcs/CMU-MOSEI/extracted/Raw/Labels/extreme_sentiment_results.csv#4wLP4elp1uM/7
EAQ006205,MOSEI,unknown,MOSEI/vA68fTqDars/10,/root/autodl-tmp/data/datasets/baidupcs/CMU-MOSEI/extracted/Raw/Videos/Full/Combined/vA68fTqDars.mp4,/root/autodl-tmp/data/datasets/baidupcs/CMU-MOSEI/extracted/Raw/Audio/Full/WAV_16000/vA68fTqDars.wav,/root/autodl-tmp/data/datasets/baidupcs/CMU-MOSEI/extracted/Raw/Labels/extreme_sentiment_results.csv#10,0.00,0.00,en,high,high,high,true,true,0,0,,,neutral,/root/autodl-tmp/data/datasets/baidupcs/CMU-MOSEI/extracted/Raw/Labels/extreme_sentiment_results.csv#vA68fTqDars/10
EAQ006206,MOSEI,unknown,MOSEI/nz2vkMyqfeE/15,/root/autodl-tmp/data/datasets/baidupcs/CMU-MOSEI/extracted/Raw/Videos/Full/Combined/nz2vkMyqfeE.mp4,/root/autodl-tmp/data/datasets/baidupcs/CMU-MOSEI/extracted/Raw/Audio/Full/WAV_16000/nz2vkMyqfeE.wav,/root/autodl-tmp/data/datasets/baidupcs/CMU-MOSEI/extracted/Raw/Labels/extreme_sentiment_results.csv#15,0.00,0.00,en,high,high,high,true,true,0,1,,,positive,/root/autodl-tmp/data/datasets/baidupcs/CMU-MOSEI/extracted/Raw/Labels/extreme_sentiment_results.csv#nz2vkMyqfeE/15
EAQ006207,MOSEI,unknown,MOSEI/S0ecaAi_CJo/2,/root/autodl-tmp/data/datasets/baidupcs/CMU-MOSEI/extracted/Raw/Videos/Full/Combined/S0ecaAi_CJo.mp4,/root/autodl-tmp/data/datasets/baidupcs/CMU-MOSEI/extracted/Raw/Audio/Full/WAV_16000/S0ecaAi_CJo.wav,/root/autodl-tmp/data/datasets/baidupcs/CMU-MOSEI/extracted/Raw/Labels/extreme_sentiment_results.csv#2,0.00,0.00,en,high,high,high,true,true,0,1,,,positive,/root/autodl-tmp/data/datasets/baidupcs/CMU-MOSEI/extracted/Raw/Labels/extreme_sentiment_results.csv#S0ecaAi_CJo/2
EAQ006208,MOSEI,unknown,MOSEI/IAubgwEiCcY/2,/root/autodl-tmp/data/datasets/baidupcs/CMU-MOSEI/extracted/Raw/Videos/Full/Combined/IAubgwEiCcY.mp4,/root/autodl-tmp/data/datasets/baidupcs/CMU-MOSEI/extracted/Raw/Audio/Full/WAV_16000/IAubgwEiCcY.wav,/root/autodl-tmp/data/datasets/baidupcs/CMU-MOSEI/extracted/Raw/Labels/extreme_sentiment_results.csv#2,0.00,0.00,en,high,high,high,true,true,0,0,,,neutral,/root/autodl-tmp/data/datasets/baidupcs/CMU-MOSEI/extracted/Raw/Labels/extreme_sentiment_results.csv#IAubgwEiCcY/2
EAQ006209,MOSEI,unknown,MOSEI/TM7cHOHfF70/8,/root/autodl-tmp/data/datasets/baidupcs/CMU-MOSEI/extracted/Raw/Videos/Full/Combined/TM7cHOHfF70.mp4,/root/autodl-tmp/data/datasets/baidupcs/CMU-MOSEI/extracted/Raw/Audio/Full/WAV_16000/TM7cHOHfF70.wav,/root/autodl-tmp/data/datasets/baidupcs/CMU-MOSEI/extracted/Raw/Labels/extreme_sentiment_results.csv#8,0.00,0.00,en,high,high,high,true,true,0,-1,,,negative,/root/autodl-tmp/data/datasets/baidupcs/CMU-MOSEI/extracted/Raw/Labels/extreme_sentiment_results.csv#TM7cHOHfF70/8
EAQ006210,MOSEI,unknown,MOSEI/JSlTJsUulH0/4,/root/autodl-tmp/data/datasets/baidupcs/CMU-MOSEI/extracted/Raw/Videos/Full/Combined/JSlTJsUulH0.mp4,/root/autodl-tmp/data/datasets/baidupcs/CMU-MOSEI/extracted/Raw/Audio/Full/WAV_16000/JSlTJsUulH0.wav,/root/autodl-tmp/data/datasets/baidupcs/CMU-MOSEI/extracted/Raw/Labels/extreme_sentiment_results.csv#4,0.00,0.00,en,high,high,high,true,true,0,-1,,,negative,/root/autodl-tmp/data/datasets/baidupcs/CMU-MOSEI/extracted/Raw/Labels/extreme_sentiment_results.csv#JSlTJsUulH0/4
EAQ006211,MOSEI,unknown,MOSEI/xgAwddSkrOo/5,/root/autodl-tmp/data/datasets/baidupcs/CMU-MOSEI/extracted/Raw/Videos/Full/Combined/xgAwddSkrOo.mp4,/root/autodl-tmp/data/datasets/baidupcs/CMU-MOSEI/extracted/Raw/Audio/Full/WAV_16000/xgAwddSkrOo.wav,/root/autodl-tmp/data/datasets/baidupcs/CMU-MOSEI/extracted/Raw/Labels/extreme_sentiment_results.csv#5,0.00,0.00,en,high,high,high,true,true,0,0,,,neutral,/root/autodl-tmp/data/datasets/baidupcs/CMU-MOSEI/extracted/Raw/Labels/extreme_sentiment_results.csv#xgAwddSkrOo/5
EAQ006212,MOSEI,unknown,MOSEI/Es9MkKsMsjU/6,/root/autodl-tmp/data/datasets/baidupcs/CMU-MOSEI/extracted/Raw/Videos/Full/Combined/Es9MkKsMsjU.mp4,/root/autodl-tmp/data/datasets/baidupcs/CMU-MOSEI/extracted/Raw/Audio/Full/WAV_16000/Es9MkKsMsjU.wav,/root/autodl-tmp/data/datasets/baidupcs/CMU-MOSEI/extracted/Raw/Labels/extreme_sentiment_results.csv#6,0.00,0.00,en,high,high,high,true,true,1,-1,,,negative,/root/autodl-tmp/data/datasets/baidupcs/CMU-MOSEI/extracted/Raw/Labels/extreme_sentiment_results.csv#Es9MkKsMsjU/6
EAQ006213,MOSEI,unknown,MOSEI/LpTbjgELALo/2,/root/autodl-tmp/data/datasets/baidupcs/CMU-MOSEI/extracted/Raw/Videos/Full/Combined/LpTbjgELALo.mp4,/root/autodl-tmp/data/datasets/baidupcs/CMU-MOSEI/extracted/Raw/Audio/Full/WAV_16000/LpTbjgELALo.wav,/root/autodl-tmp/data/datasets/baidupcs/CMU-MOSEI/extracted/Raw/Labels/extreme_sentiment_results.csv#2,0.00,0.00,en,high,high,high,true,true,3,2,,,positive,/root/autodl-tmp/data/datasets/baidupcs/CMU-MOSEI/extracted/Raw/Labels/extreme_sentiment_results.csv#LpTbjgELALo/2
EAQ006214,MOSEI,unknown,MOSEI/vJDDEuE-FlY/2,/root/autodl-tmp/data/datasets/baidupcs/CMU-MOSEI/extracted/Raw/Videos/Full/Combined/vJDDEuE-FlY.mp4,/root/autodl-tmp/data/datasets/baidupcs/CMU-MOSEI/extracted/Raw/Audio/Full/WAV_16000/vJDDEuE-FlY.wav,/root/autodl-tmp/data/datasets/baidupcs/CMU-MOSEI/extracted/Raw/Labels/extreme_sentiment_results.csv#2,0.00,0.00,en,high,high,high,true,true,0,0,,,neutral,/root/autodl-tmp/data/datasets/baidupcs/CMU-MOSEI/extracted/Raw/Labels/extreme_sentiment_results.csv#vJDDEuE-FlY/2
EAQ006215,MOSEI,unknown,MOSEI/E8L1Z71vKG8/3,/root/autodl-tmp/data/datasets/baidupcs/CMU-MOSEI/extracted/Raw/Videos/Full/Combined/E8L1Z71vKG8.mp4,/root/autodl-tmp/data/datasets/baidupcs/CMU-MOSEI/extracted/Raw/Audio/Full/WAV_16000/E8L1Z71vKG8.wav,/root/autodl-tmp/data/datasets/baidupcs/CMU-MOSEI/extracted/Raw/Labels/extreme_sentiment_results.csv#3,0.00,0.00,en,high,high,high,true,true,0,0,,,neutral,/root/autodl-tmp/data/datasets/baidupcs/CMU-MOSEI/extracted/Raw/Labels/extreme_sentiment_results.csv#E8L1Z71vKG8/3
EAQ006216,MOSEI,unknown,MOSEI/qFsGMA75-oQ/1,/root/autodl-tmp/data/datasets/baidupcs/CMU-MOSEI/extracted/Raw/Videos/Full/Combined/qFsGMA75-oQ.mp4,/root/autodl-tmp/data/datasets/baidupcs/CMU-MOSEI/extracted/Raw/Audio/Full/WAV_16000/qFsGMA75-oQ.wav,/root/autodl-tmp/data/datasets/baidupcs/CMU-MOSEI/extracted/Raw/Labels/extreme_sentiment_results.csv#1,0.00,0.00,en,high,high,high,true,true,0,1,,,positive,/root/autodl-tmp/data/datasets/baidupcs/CMU-MOSEI/extracted/Raw/Labels/extreme_sentiment_results.csv#qFsGMA75-oQ/1
EAQ006217,MOSEI,unknown,MOSEI/ybK5wRaaUyE/2,/root/autodl-tmp/data/datasets/baidupcs/CMU-MOSEI/extracted/Raw/Videos/Full/Combined/ybK5wRaaUyE.mp4,/root/autodl-tmp/data/datasets/baidupcs/CMU-MOSEI/extracted/Raw/Audio/Full/WAV_16000/ybK5wRaaUyE.wav,/root/autodl-tmp/data/datasets/baidupcs/CMU-MOSEI/extracted/Raw/Labels/extreme_sentiment_results.csv#2,0.00,0.00,en,high,high,high,true,true,2,0,,,neutral,/root/autodl-tmp/data/datasets/baidupcs/CMU-MOSEI/extracted/Raw/Labels/extreme_sentiment_results.csv#ybK5wRaaUyE/2
EAQ006218,MOSEI,unknown,MOSEI/3MFNIag0wNE/5,/root/autodl-tmp/data/datasets/baidupcs/CMU-MOSEI/extracted/Raw/Videos/Full/Combined/3MFNIag0wNE.mp4,/root/autodl-tmp/data/datasets/baidupcs/CMU-MOSEI/extracted/Raw/Audio/Full/WAV_16000/3MFNIag0wNE.wav,/root/autodl-tmp/data/datasets/baidupcs/CMU-MOSEI/extracted/Raw/Labels/extreme_sentiment_results.csv#5,0.00,0.00,en,high,high,high,true,true,0,-3,,,negative,/root/autodl-tmp/data/datasets/baidupcs/CMU-MOSEI/extracted/Raw/Labels/extreme_sentiment_results.csv#3MFNIag0wNE/5
EAQ006219,MOSEI,unknown,MOSEI/Ns_h5IVcZ9k/1,/root/autodl-tmp/data/datasets/baidupcs/CMU-MOSEI/extracted/Raw/Videos/Full/Combined/Ns_h5IVcZ9k.mp4,/root/autodl-tmp/data/datasets/baidupcs/CMU-MOSEI/extracted/Raw/Audio/Full/WAV_16000/Ns_h5IVcZ9k.wav,/root/autodl-tmp/data/datasets/baidupcs/CMU-MOSEI/extracted/Raw/Labels/extreme_sentiment_results.csv#1,0.00,0.00,en,high,high,high,true,true,0,2,,,positive,/root/autodl-tmp/data/datasets/baidupcs/CMU-MOSEI/extracted/Raw/Labels/extreme_sentiment_results.csv#Ns_h5IVcZ9k/1
EAQ006220,MOSEI,unknown,MOSEI/hfVXx8hfKak/1,/root/autodl-tmp/data/datasets/baidupcs/CMU-MOSEI/extracted/Raw/Videos/Full/Combined/hfVXx8hfKak.mp4,/root/autodl-tmp/data/datasets/baidupcs/CMU-MOSEI/extracted/Raw/Audio/Full/WAV_16000/hfVXx8hfKak.wav,/root/autodl-tmp/data/datasets/baidupcs/CMU-MOSEI/extracted/Raw/Labels/extreme_sentiment_results.csv#1,0.00,0.00,en,high,high,high,true,true,0,1,,,positive,/root/autodl-tmp/data/datasets/baidupcs/CMU-MOSEI/extracted/Raw/Labels/extreme_sentiment_results.csv#hfVXx8hfKak/1
EAQ006221,MOSEI,unknown,MOSEI/PyQrAYl1bFs/9,/root/autodl-tmp/data/datasets/baidupcs/CMU-MOSEI/extracted/Raw/Videos/Full/Combined/PyQrAYl1bFs.mp4,/root/autodl-tmp/data/datasets/baidupcs/CMU-MOSEI/extracted/Raw/Audio/Full/WAV_16000/PyQrAYl1bFs.wav,/root/autodl-tmp/data/datasets/baidupcs/CMU-MOSEI/extracted/Raw/Labels/extreme_sentiment_results.csv#9,0.00,0.00,en,high,high,high,true,true,0,2,,,positive,/root/autodl-tmp/data/datasets/baidupcs/CMU-MOSEI/extracted/Raw/Labels/extreme_sentiment_results.csv#PyQrAYl1bFs/9
EAQ006222,MOSEI,unknown,MOSEI/taCchyi5h68/3,/root/autodl-tmp/data/datasets/baidupcs/CMU-MOSEI/extracted/Raw/Videos/Full/Combined/taCchyi5h68.mp4,/root/autodl-tmp/data/datasets/baidupcs/CMU-MOSEI/extracted/Raw/Audio/Full/WAV_16000/taCchyi5h68.wav,/root/autodl-tmp/data/datasets/baidupcs/CMU-MOSEI/extracted/Raw/Labels/extreme_sentiment_results.csv#3,0.00,0.00,en,high,high,high,true,true,0,1,,,positive,/root/autodl-tmp/data/datasets/baidupcs/CMU-MOSEI/extracted/Raw/Labels/extreme_sentiment_results.csv#taCchyi5h68/3
EAQ006223,MOSEI,unknown,MOSEI/-UacrmKiTn4/4,/root/autodl-tmp/data/datasets/baidupcs/CMU-MOSEI/extracted/Raw/Videos/Full/Combined/-UacrmKiTn4.mp4,/root/autodl-tmp/data/datasets/baidupcs/CMU-MOSEI/extracted/Raw/Audio/Full/WAV_16000/-UacrmKiTn4.wav,/root/autodl-tmp/data/datasets/baidupcs/CMU-MOSEI/extracted/Raw/Labels/extreme_sentiment_results.csv#4,0.00,0.00,en,high,high,high,true,true,0,-1,,,negative,/root/autodl-tmp/data/datasets/baidupcs/CMU-MOSEI/extracted/Raw/Labels/extreme_sentiment_results.csv#-UacrmKiTn4/4
EAQ006224,MOSEI,unknown,MOSEI/d38u9n5GOLM/26,/root/autodl-tmp/data/datasets/baidupcs/CMU-MOSEI/extracted/Raw/Videos/Full/Combined/d38u9n5GOLM.mp4,/root/autodl-tmp/data/datasets/baidupcs/CMU-MOSEI/extracted/Raw/Audio/Full/WAV_16000/d38u9n5GOLM.wav,/root/autodl-tmp/data/datasets/baidupcs/CMU-MOSEI/extracted/Raw/Labels/extreme_sentiment_results.csv#26,0.00,0.00,en,high,high,high,true,true,0,2,,,positive,/root/autodl-tmp/data/datasets/baidupcs/CMU-MOSEI/extracted/Raw/Labels/extreme_sentiment_results.csv#d38u9n5GOLM/26
EAQ006225,MOSEI,unknown,MOSEI/R8leu0tEJ4o/17,/root/autodl-tmp/data/datasets/baidupcs/CMU-MOSEI/extracted/Raw/Videos/Full/Combined/R8leu0tEJ4o.mp4,/root/autodl-tmp/data/datasets/baidupcs/CMU-MOSEI/extracted/Raw/Audio/Full/WAV_16000/R8leu0tEJ4o.wav,/root/autodl-tmp/data/datasets/baidupcs/CMU-MOSEI/extracted/Raw/Labels/extreme_sentiment_results.csv#17,0.00,0.00,en,high,high,high,true,true,2,-1,,,negative,/root/autodl-tmp/data/datasets/baidupcs/CMU-MOSEI/extracted/Raw/Labels/extreme_sentiment_results.csv#R8leu0tEJ4o/17
EAQ006226,MOSEI,unknown,MOSEI/Uc_6d-fkZEc/2,/root/autodl-tmp/data/datasets/baidupcs/CMU-MOSEI/extracted/Raw/Videos/Full/Combined/Uc_6d-fkZEc.mp4,/root/autodl-tmp/data/datasets/baidupcs/CMU-MOSEI/extracted/Raw/Audio/Full/WAV_16000/Uc_6d-fkZEc.wav,/root/autodl-tmp/data/datasets/baidupcs/CMU-MOSEI/extracted/Raw/Labels/extreme_sentiment_results.csv#2,0.00,0.00,en,high,high,high,true,true,0,0,,,neutral,/root/autodl-tmp/data/datasets/baidupcs/CMU-MOSEI/extracted/Raw/Labels/extreme_sentiment_results.csv#Uc_6d-fkZEc/2
EAQ006227,MOSEI,unknown,MOSEI/I_r2CP56toU/6,/root/autodl-tmp/data/datasets/baidupcs/CMU-MOSEI/extracted/Raw/Videos/Full/Combined/I_r2CP56toU.mp4,/root/autodl-tmp/data/datasets/baidupcs/CMU-MOSEI/extracted/Raw/Audio/Full/WAV_16000/I_r2CP56toU.wav,/root/autodl-tmp/data/datasets/baidupcs/CMU-MOSEI/extracted/Raw/Labels/extreme_sentiment_results.csv#6,0.00,0.00,en,high,high,high,true,true,0,0,,,neutral,/root/autodl-tmp/data/datasets/baidupcs/CMU-MOSEI/extracted/Raw/Labels/extreme_sentiment_results.csv#I_r2CP56toU/6
EAQ006228,MOSEI,unknown,MOSEI/8x_nCOh6Wmc/6,/root/autodl-tmp/data/datasets/baidupcs/CMU-MOSEI/extracted/Raw/Videos/Full/Combined/8x_nCOh6Wmc.mp4,/root/autodl-tmp/data/datasets/baidupcs/CMU-MOSEI/extracted/Raw/Audio/Full/WAV_16000/8x_nCOh6Wmc.wav,/root/autodl-tmp/data/datasets/baidupcs/CMU-MOSEI/extracted/Raw/Labels/extreme_sentiment_results.csv#6,0.00,0.00,en,high,high,high,true,true,0,1,,,positive,/root/autodl-tmp/data/datasets/baidupcs/CMU-MOSEI/extracted/Raw/Labels/extreme_sentiment_results.csv#8x_nCOh6Wmc/6
EAQ006229,MOSEI,unknown,MOSEI/bdtwQxwySN0/1,/root/autodl-tmp/data/datasets/baidupcs/CMU-MOSEI/extracted/Raw/Videos/Full/Combined/bdtwQxwySN0.mp4,/root/autodl-tmp/data/datasets/baidupcs/CMU-MOSEI/extracted/Raw/Audio/Full/WAV_16000/bdtwQxwySN0.wav,/root/autodl-tmp/data/datasets/baidupcs/CMU-MOSEI/extracted/Raw/Labels/extreme_sentiment_results.csv#1,0.00,0.00,en,high,high,high,true,true,0,0,,,neutral,/root/autodl-tmp/data/datasets/baidupcs/CMU-MOSEI/extracted/Raw/Labels/extreme_sentiment_results.csv#bdtwQxwySN0/1
EAQ006230,MOSEI,unknown,MOSEI/YQUutkMdLj0/4,/root/autodl-tmp/data/datasets/baidupcs/CMU-MOSEI/extracted/Raw/Videos/Full/Combined/YQUutkMdLj0.mp4,/root/autodl-tmp/data/datasets/baidupcs/CMU-MOSEI/extracted/Raw/Audio/Full/WAV_16000/YQUutkMdLj0.wav,/root/autodl-tmp/data/datasets/baidupcs/CMU-MOSEI/extracted/Raw/Labels/extreme_sentiment_results.csv#4,0.00,0.00,en,high,high,high,true,true,0,0,,,neutral,/root/autodl-tmp/data/datasets/baidupcs/CMU-MOSEI/extracted/Raw/Labels/extreme_sentiment_results.csv#YQUutkMdLj0/4
EAQ006231,MOSEI,unknown,MOSEI/Iz_PDdyXr-8/3,/root/autodl-tmp/data/datasets/baidupcs/CMU-MOSEI/extracted/Raw/Videos/Full/Combined/Iz_PDdyXr-8.mp4,/root/autodl-tmp/data/datasets/baidupcs/CMU-MOSEI/extracted/Raw/Audio/Full/WAV_16000/Iz_PDdyXr-8.wav,/root/autodl-tmp/data/datasets/baidupcs/CMU-MOSEI/extracted/Raw/Labels/extreme_sentiment_results.csv#3,0.00,0.00,en,high,high,high,true,true,0,0,,,neutral,/root/autodl-tmp/data/datasets/baidupcs/CMU-MOSEI/extracted/Raw/Labels/extreme_sentiment_results.csv#Iz_PDdyXr-8/3
EAQ006232,MOSEI,unknown,MOSEI/jscKL5jS-SQ/30,/root/autodl-tmp/data/datasets/baidupcs/CMU-MOSEI/extracted/Raw/Videos/Full/Combined/jscKL5jS-SQ.mp4,/root/autodl-tmp/data/datasets/baidupcs/CMU-MOSEI/extracted/Raw/Audio/Full/WAV_16000/jscKL5jS-SQ.wav,/root/autodl-tmp/data/datasets/baidupcs/CMU-MOSEI/extracted/Raw/Labels/extreme_sentiment_results.csv#30,0.00,0.00,en,high,high,high,true,true,3,0,,,neutral,/root/autodl-tmp/data/datasets/baidupcs/CMU-MOSEI/extracted/Raw/Labels/extreme_sentiment_results.csv#jscKL5jS-SQ/30
EAQ006233,MOSEI,unknown,MOSEI/wxxqXK9x-64/0,/root/autodl-tmp/data/datasets/baidupcs/CMU-MOSEI/extracted/Raw/Videos/Full/Combined/wxxqXK9x-64.mp4,/root/autodl-tmp/data/datasets/baidupcs/CMU-MOSEI/extracted/Raw/Audio/Full/WAV_16000/wxxqXK9x-64.wav,/root/autodl-tmp/data/datasets/baidupcs/CMU-MOSEI/extracted/Raw/Labels/extreme_sentiment_results.csv#0,0.00,0.00,en,high,high,high,true,true,0,-1,,,negative,/root/autodl-tmp/data/datasets/baidupcs/CMU-MOSEI/extracted/Raw/Labels/extreme_sentiment_results.csv#wxxqXK9x-64/0
EAQ006234,MOSEI,unknown,MOSEI/ULtBuI6nMaY/4,/root/autodl-tmp/data/datasets/baidupcs/CMU-MOSEI/extracted/Raw/Videos/Full/Combined/ULtBuI6nMaY.mp4,/root/autodl-tmp/data/datasets/baidupcs/CMU-MOSEI/extracted/Raw/Audio/Full/WAV_16000/ULtBuI6nMaY.wav,/root/autodl-tmp/data/datasets/baidupcs/CMU-MOSEI/extracted/Raw/Labels/extreme_sentiment_results.csv#4,0.00,0.00,en,high,high,high,true,true,0,-1,,,negative,/root/autodl-tmp/data/datasets/baidupcs/CMU-MOSEI/extracted/Raw/Labels/extreme_sentiment_results.csv#ULtBuI6nMaY/4
EAQ006235,MOSEI,unknown,MOSEI/2c6Gb73nx4E/11,/root/autodl-tmp/data/datasets/baidupcs/CMU-MOSEI/extracted/Raw/Videos/Full/Combined/2c6Gb73nx4E.mp4,/root/autodl-tmp/data/datasets/baidupcs/CMU-MOSEI/extracted/Raw/Audio/Full/WAV_16000/2c6Gb73nx4E.wav,/root/autodl-tmp/data/datasets/baidupcs/CMU-MOSEI/extracted/Raw/Labels/extreme_sentiment_results.csv#11,0.00,0.00,en,high,high,high,true,true,0,0,,,neutral,/root/autodl-tmp/data/datasets/baidupcs/CMU-MOSEI/extracted/Raw/Labels/extreme_sentiment_results.csv#2c6Gb73nx4E/11
EAQ006236,MOSEI,unknown,MOSEI/9cxlcpbmrH0/12,/root/autodl-tmp/data/datasets/baidupcs/CMU-MOSEI/extracted/Raw/Videos/Full/Combined/9cxlcpbmrH0.mp4,/root/autodl-tmp/data/datasets/baidupcs/CMU-MOSEI/extracted/Raw/Audio/Full/WAV_16000/9cxlcpbmrH0.wav,/root/autodl-tmp/data/datasets/baidupcs/CMU-MOSEI/extracted/Raw/Labels/extreme_sentiment_results.csv#12,0.00,0.00,en,high,high,high,true,true,0,2,,,positive,/root/autodl-tmp/data/datasets/baidupcs/CMU-MOSEI/extracted/Raw/Labels/extreme_sentiment_results.csv#9cxlcpbmrH0/12
EAQ006237,MOSEI,unknown,MOSEI/RChkXDS8ulE/4,/root/autodl-tmp/data/datasets/baidupcs/CMU-MOSEI/extracted/Raw/Videos/Full/Combined/RChkXDS8ulE.mp4,/root/autodl-tmp/data/datasets/baidupcs/CMU-MOSEI/extracted/Raw/Audio/Full/WAV_16000/RChkXDS8ulE.wav,/root/autodl-tmp/data/datasets/baidupcs/CMU-MOSEI/extracted/Raw/Labels/extreme_sentiment_results.csv#4,0.00,0.00,en,high,high,high,true,true,0,1,,,positive,/root/autodl-tmp/data/datasets/baidupcs/CMU-MOSEI/extracted/Raw/Labels/extreme_sentiment_results.csv#RChkXDS8ulE/4
EAQ006238,MOSEI,unknown,MOSEI/YVBsDJtAbk4/10,/root/autodl-tmp/data/datasets/baidupcs/CMU-MOSEI/extracted/Raw/Videos/Full/Combined/YVBsDJtAbk4.mp4,/root/autodl-tmp/data/datasets/baidupcs/CMU-MOSEI/extracted/Raw/Audio/Full/WAV_16000/YVBsDJtAbk4.wav,/root/autodl-tmp/data/datasets/baidupcs/CMU-MOSEI/extracted/Raw/Labels/extreme_sentiment_results.csv#10,0.00,0.00,en,high,high,high,true,true,0,-1,,,negative,/root/autodl-tmp/data/datasets/baidupcs/CMU-MOSEI/extracted/Raw/Labels/extreme_sentiment_results.csv#YVBsDJtAbk4/10
EAQ006239,MOSEI,unknown,MOSEI/2-5hH_k2VFk/4,/root/autodl-tmp/data/datasets/baidupcs/CMU-MOSEI/extracted/Raw/Videos/Full/Combined/2-5hH_k2VFk.mp4,/root/autodl-tmp/data/datasets/baidupcs/CMU-MOSEI/extracted/Raw/Audio/Full/WAV_16000/2-5hH_k2VFk.wav,/root/autodl-tmp/data/datasets/baidupcs/CMU-MOSEI/extracted/Raw/Labels/extreme_sentiment_results.csv#4,0.00,0.00,en,high,high,high,true,true,0,1,,,positive,/root/autodl-tmp/data/datasets/baidupcs/CMU-MOSEI/extracted/Raw/Labels/extreme_sentiment_results.csv#2-5hH_k2VFk/4
EAQ006240,MOSEI,unknown,MOSEI/MvEw24PU2Ac/15,/root/autodl-tmp/data/datasets/baidupcs/CMU-MOSEI/extracted/Raw/Videos/Full/Combined/MvEw24PU2Ac.mp4,/root/autodl-tmp/data/datasets/baidupcs/CMU-MOSEI/extracted/Raw/Audio/Full/WAV_16000/MvEw24PU2Ac.wav,/root/autodl-tmp/data/datasets/baidupcs/CMU-MOSEI/extracted/Raw/Labels/extreme_sentiment_results.csv#15,0.00,0.00,en,high,high,high,true,true,1,-1,,,negative,/root/autodl-tmp/data/datasets/baidupcs/CMU-MOSEI/extracted/Raw/Labels/extreme_sentiment_results.csv#MvEw24PU2Ac/15
EAQ006241,MOSEI,unknown,MOSEI/NzpymNJaFjo/1,/root/autodl-tmp/data/datasets/baidupcs/CMU-MOSEI/extracted/Raw/Videos/Full/Combined/NzpymNJaFjo.mp4,/root/autodl-tmp/data/datasets/baidupcs/CMU-MOSEI/extracted/Raw/Audio/Full/WAV_16000/NzpymNJaFjo.wav,/root/autodl-tmp/data/datasets/baidupcs/CMU-MOSEI/extracted/Raw/Labels/extreme_sentiment_results.csv#1,0.00,0.00,en,high,high,high,true,true,0,0,,,neutral,/root/autodl-tmp/data/datasets/baidupcs/CMU-MOSEI/extracted/Raw/Labels/extreme_sentiment_results.csv#NzpymNJaFjo/1
EAQ006242,MOSEI,unknown,MOSEI/JvgofTcCSEc/14,/root/autodl-tmp/data/datasets/baidupcs/CMU-MOSEI/extracted/Raw/Videos/Full/Combined/JvgofTcCSEc.mp4,/root/autodl-tmp/data/datasets/baidupcs/CMU-MOSEI/extracted/Raw/Audio/Full/WAV_16000/JvgofTcCSEc.wav,/root/autodl-tmp/data/datasets/baidupcs/CMU-MOSEI/extracted/Raw/Labels/extreme_sentiment_results.csv#14,0.00,0.00,en,high,high,high,true,true,0,2,,,positive,/root/autodl-tmp/data/datasets/baidupcs/CMU-MOSEI/extracted/Raw/Labels/extreme_sentiment_results.csv#JvgofTcCSEc/14
EAQ006243,MOSEI,unknown,MOSEI/TxJjAK0WrOY/10,/root/autodl-tmp/data/datasets/baidupcs/CMU-MOSEI/extracted/Raw/Videos/Full/Combined/TxJjAK0WrOY.mp4,/root/autodl-tmp/data/datasets/baidupcs/CMU-MOSEI/extracted/Raw/Audio/Full/WAV_16000/TxJjAK0WrOY.wav,/root/autodl-tmp/data/datasets/baidupcs/CMU-MOSEI/extracted/Raw/Labels/extreme_sentiment_results.csv#10,0.00,0.00,en,high,high,high,true,true,0,0,,,neutral,/root/autodl-tmp/data/datasets/baidupcs/CMU-MOSEI/extracted/Raw/Labels/extreme_sentiment_results.csv#TxJjAK0WrOY/10
EAQ006244,MOSEI,unknown,MOSEI/trQLgl6ncmk/14,/root/autodl-tmp/data/datasets/baidupcs/CMU-MOSEI/extracted/Raw/Videos/Full/Combined/trQLgl6ncmk.mp4,/root/autodl-tmp/data/datasets/baidupcs/CMU-MOSEI/extracted/Raw/Audio/Full/WAV_16000/trQLgl6ncmk.wav,/root/autodl-tmp/data/datasets/baidupcs/CMU-MOSEI/extracted/Raw/Labels/extreme_sentiment_results.csv#14,0.00,0.00,en,high,high,high,true,true,0,1,,,positive,/root/autodl-tmp/data/datasets/baidupcs/CMU-MOSEI/extracted/Raw/Labels/extreme_sentiment_results.csv#trQLgl6ncmk/14
EAQ006245,MOSEI,unknown,MOSEI/H9BNzzxlscA/1,/root/autodl-tmp/data/datasets/baidupcs/CMU-MOSEI/extracted/Raw/Videos/Full/Combined/H9BNzzxlscA.mp4,/root/autodl-tmp/data/datasets/baidupcs/CMU-MOSEI/extracted/Raw/Audio/Full/WAV_16000/H9BNzzxlscA.wav,/root/autodl-tmp/data/datasets/baidupcs/CMU-MOSEI/extracted/Raw/Labels/extreme_sentiment_results.csv#1,0.00,0.00,en,high,high,high,true,true,0,0,,,neutral,/root/autodl-tmp/data/datasets/baidupcs/CMU-MOSEI/extracted/Raw/Labels/extreme_sentiment_results.csv#H9BNzzxlscA/1
EAQ006246,MOSEI,unknown,MOSEI/MSmTFZ_-THM/5,/root/autodl-tmp/data/datasets/baidupcs/CMU-MOSEI/extracted/Raw/Videos/Full/Combined/MSmTFZ_-THM.mp4,/root/autodl-tmp/data/datasets/baidupcs/CMU-MOSEI/extracted/Raw/Audio/Full/WAV_16000/MSmTFZ_-THM.wav,/root/autodl-tmp/data/datasets/baidupcs/CMU-MOSEI/extracted/Raw/Labels/extreme_sentiment_results.csv#5,0.00,0.00,en,high,high,high,true,true,0,2,,,positive,/root/autodl-tmp/data/datasets/baidupcs/CMU-MOSEI/extracted/Raw/Labels/extreme_sentiment_results.csv#MSmTFZ_-THM/5
EAQ006247,MOSEI,unknown,MOSEI/v9gjg7TDlTA/3,/root/autodl-tmp/data/datasets/baidupcs/CMU-MOSEI/extracted/Raw/Videos/Full/Combined/v9gjg7TDlTA.mp4,/root/autodl-tmp/data/datasets/baidupcs/CMU-MOSEI/extracted/Raw/Audio/Full/WAV_16000/v9gjg7TDlTA.wav,/root/autodl-tmp/data/datasets/baidupcs/CMU-MOSEI/extracted/Raw/Labels/extreme_sentiment_results.csv#3,0.00,0.00,en,high,high,high,true,true,0,0,,,neutral,/root/autodl-tmp/data/datasets/baidupcs/CMU-MOSEI/extracted/Raw/Labels/extreme_sentiment_results.csv#v9gjg7TDlTA/3
EAQ006248,MOSEI,unknown,MOSEI/yXE_XZUb8qE/4,/root/autodl-tmp/data/datasets/baidupcs/CMU-MOSEI/extracted/Raw/Videos/Full/Combined/yXE_XZUb8qE.mp4,/root/autodl-tmp/data/datasets/baidupcs/CMU-MOSEI/extracted/Raw/Audio/Full/WAV_16000/yXE_XZUb8qE.wav,/root/autodl-tmp/data/datasets/baidupcs/CMU-MOSEI/extracted/Raw/Labels/extreme_sentiment_results.csv#4,0.00,0.00,en,high,high,high,true,true,0,0,,,neutral,/root/autodl-tmp/data/datasets/baidupcs/CMU-MOSEI/extracted/Raw/Labels/extreme_sentiment_results.csv#yXE_XZUb8qE/4
EAQ006249,MOSEI,unknown,MOSEI/cyOSDKOxb1o/7,/root/autodl-tmp/data/datasets/baidupcs/CMU-MOSEI/extracted/Raw/Videos/Full/Combined/cyOSDKOxb1o.mp4,/root/autodl-tmp/data/datasets/baidupcs/CMU-MOSEI/extracted/Raw/Audio/Full/WAV_16000/cyOSDKOxb1o.wav,/root/autodl-tmp/data/datasets/baidupcs/CMU-MOSEI/extracted/Raw/Labels/extreme_sentiment_results.csv#7,0.00,0.00,en,high,high,high,true,true,0,1,,,positive,/root/autodl-tmp/data/datasets/baidupcs/CMU-MOSEI/extracted/Raw/Labels/extreme_sentiment_results.csv#cyOSDKOxb1o/7
EAQ006250,MOSEI,unknown,MOSEI/jscKL5jS-SQ/10,/root/autodl-tmp/data/datasets/baidupcs/CMU-MOSEI/extracted/Raw/Videos/Full/Combined/jscKL5jS-SQ.mp4,/root/autodl-tmp/data/datasets/baidupcs/CMU-MOSEI/extracted/Raw/Audio/Full/WAV_16000/jscKL5jS-SQ.wav,/root/autodl-tmp/data/datasets/baidupcs/CMU-MOSEI/extracted/Raw/Labels/extreme_sentiment_results.csv#10,0.00,0.00,en,high,high,high,true,true,2,-1,,,negative,/root/autodl-tmp/data/datasets/baidupcs/CMU-MOSEI/extracted/Raw/Labels/extreme_sentiment_results.csv#jscKL5jS-SQ/10
EAQ006251,MOSEI,unknown,MOSEI/WGfGxoI05ew/3,/root/autodl-tmp/data/datasets/baidupcs/CMU-MOSEI/extracted/Raw/Videos/Full/Combined/WGfGxoI05ew.mp4,/root/autodl-tmp/data/datasets/baidupcs/CMU-MOSEI/extracted/Raw/Audio/Full/WAV_16000/WGfGxoI05ew.wav,/root/autodl-tmp/data/datasets/baidupcs/CMU-MOSEI/extracted/Raw/Labels/extreme_sentiment_results.csv#3,0.00,0.00,en,high,high,high,true,true,0,2,,,positive,/root/autodl-tmp/data/datasets/baidupcs/CMU-MOSEI/extracted/Raw/Labels/extreme_sentiment_results.csv#WGfGxoI05ew/3
EAQ006252,MOSEI,unknown,MOSEI/cWN1bibicHc/10,/root/autodl-tmp/data/datasets/baidupcs/CMU-MOSEI/extracted/Raw/Videos/Full/Combined/cWN1bibicHc.mp4,/root/autodl-tmp/data/datasets/baidupcs/CMU-MOSEI/extracted/Raw/Audio/Full/WAV_16000/cWN1bibicHc.wav,/root/autodl-tmp/data/datasets/baidupcs/CMU-MOSEI/extracted/Raw/Labels/extreme_sentiment_results.csv#10,0.00,0.00,en,high,high,high,true,true,0,2,,,positive,/root/autodl-tmp/data/datasets/baidupcs/CMU-MOSEI/extracted/Raw/Labels/extreme_sentiment_results.csv#cWN1bibicHc/10
EAQ006253,MOSEI,unknown,MOSEI/rhQB8e999-Q/7,/root/autodl-tmp/data/datasets/baidupcs/CMU-MOSEI/extracted/Raw/Videos/Full/Combined/rhQB8e999-Q.mp4,/root/autodl-tmp/data/datasets/baidupcs/CMU-MOSEI/extracted/Raw/Audio/Full/WAV_16000/rhQB8e999-Q.wav,/root/autodl-tmp/data/datasets/baidupcs/CMU-MOSEI/extracted/Raw/Labels/extreme_sentiment_results.csv#7,0.00,0.00,en,high,high,high,true,true,0,0,,,neutral,/root/autodl-tmp/data/datasets/baidupcs/CMU-MOSEI/extracted/Raw/Labels/extreme_sentiment_results.csv#rhQB8e999-Q/7
EAQ006254,MOSEI,unknown,MOSEI/ROC2YI3tDsk/8,/root/autodl-tmp/data/datasets/baidupcs/CMU-MOSEI/extracted/Raw/Videos/Full/Combined/ROC2YI3tDsk.mp4,/root/autodl-tmp/data/datasets/baidupcs/CMU-MOSEI/extracted/Raw/Audio/Full/WAV_16000/ROC2YI3tDsk.wav,/root/autodl-tmp/data/datasets/baidupcs/CMU-MOSEI/extracted/Raw/Labels/extreme_sentiment_results.csv#8,0.00,0.00,en,high,high,high,true,true,0,2,,,positive,/root/autodl-tmp/data/datasets/baidupcs/CMU-MOSEI/extracted/Raw/Labels/extreme_sentiment_results.csv#ROC2YI3tDsk/8
EAQ006255,MOSEI,unknown,MOSEI/2Vtv2gPzM7w/7,/root/autodl-tmp/data/datasets/baidupcs/CMU-MOSEI/extracted/Raw/Videos/Full/Combined/2Vtv2gPzM7w.mp4,/root/autodl-tmp/data/datasets/baidupcs/CMU-MOSEI/extracted/Raw/Audio/Full/WAV_16000/2Vtv2gPzM7w.wav,/root/autodl-tmp/data/datasets/baidupcs/CMU-MOSEI/extracted/Raw/Labels/extreme_sentiment_results.csv#7,0.00,0.00,en,high,high,high,true,true,0,1,,,positive,/root/autodl-tmp/data/datasets/baidupcs/CMU-MOSEI/extracted/Raw/Labels/extreme_sentiment_results.csv#2Vtv2gPzM7w/7
EAQ006256,MOSEI,unknown,MOSEI/qlDiE1d45Bc/5,/root/autodl-tmp/data/datasets/baidupcs/CMU-MOSEI/extracted/Raw/Videos/Full/Combined/qlDiE1d45Bc.mp4,/root/autodl-tmp/data/datasets/baidupcs/CMU-MOSEI/extracted/Raw/Audio/Full/WAV_16000/qlDiE1d45Bc.wav,/root/autodl-tmp/data/datasets/baidupcs/CMU-MOSEI/extracted/Raw/Labels/extreme_sentiment_results.csv#5,0.00,0.00,en,high,high,high,true,true,0,1,,,positive,/root/autodl-tmp/data/datasets/baidupcs/CMU-MOSEI/extracted/Raw/Labels/extreme_sentiment_results.csv#qlDiE1d45Bc/5
EAQ006257,MOSEI,unknown,MOSEI/aXla94xd_AQ/4,/root/autodl-tmp/data/datasets/baidupcs/CMU-MOSEI/extracted/Raw/Videos/Full/Combined/aXla94xd_AQ.mp4,/root/autodl-tmp/data/datasets/baidupcs/CMU-MOSEI/extracted/Raw/Audio/Full/WAV_16000/aXla94xd_AQ.wav,/root/autodl-tmp/data/datasets/baidupcs/CMU-MOSEI/extracted/Raw/Labels/extreme_sentiment_results.csv#4,0.00,0.00,en,high,high,high,true,true,0,1,,,positive,/root/autodl-tmp/data/datasets/baidupcs/CMU-MOSEI/extracted/Raw/Labels/extreme_sentiment_results.csv#aXla94xd_AQ/4
EAQ006258,MOSEI,unknown,MOSEI/VhKJm_jiciU/10,/root/autodl-tmp/data/datasets/baidupcs/CMU-MOSEI/extracted/Raw/Videos/Full/Combined/VhKJm_jiciU.mp4,/root/autodl-tmp/data/datasets/baidupcs/CMU-MOSEI/extracted/Raw/Audio/Full/WAV_16000/VhKJm_jiciU.wav,/root/autodl-tmp/data/datasets/baidupcs/CMU-MOSEI/extracted/Raw/Labels/extreme_sentiment_results.csv#10,0.00,0.00,en,high,high,high,true,true,0,2,,,positive,/root/autodl-tmp/data/datasets/baidupcs/CMU-MOSEI/extracted/Raw/Labels/extreme_sentiment_results.csv#VhKJm_jiciU/10
EAQ006259,MOSEI,unknown,MOSEI/d1CDP6sMuLA/12,/root/autodl-tmp/data/datasets/baidupcs/CMU-MOSEI/extracted/Raw/Videos/Full/Combined/d1CDP6sMuLA.mp4,/root/autodl-tmp/data/datasets/baidupcs/CMU-MOSEI/extracted/Raw/Audio/Full/WAV_16000/d1CDP6sMuLA.wav,/root/autodl-tmp/data/datasets/baidupcs/CMU-MOSEI/extracted/Raw/Labels/extreme_sentiment_results.csv#12,0.00,0.00,en,high,high,high,true,true,0,0,,,neutral,/root/autodl-tmp/data/datasets/baidupcs/CMU-MOSEI/extracted/Raw/Labels/extreme_sentiment_results.csv#d1CDP6sMuLA/12
EAQ006260,MOSEI,unknown,MOSEI/GdFP_p4eQX0/6,/root/autodl-tmp/data/datasets/baidupcs/CMU-MOSEI/extracted/Raw/Videos/Full/Combined/GdFP_p4eQX0.mp4,/root/autodl-tmp/data/datasets/baidupcs/CMU-MOSEI/extracted/Raw/Audio/Full/WAV_16000/GdFP_p4eQX0.wav,/root/autodl-tmp/data/datasets/baidupcs/CMU-MOSEI/extracted/Raw/Labels/extreme_sentiment_results.csv#6,0.00,0.00,en,high,high,high,true,true,0,1,,,positive,/root/autodl-tmp/data/datasets/baidupcs/CMU-MOSEI/extracted/Raw/Labels/extreme_sentiment_results.csv#GdFP_p4eQX0/6
EAQ006261,MOSEI,unknown,MOSEI/Ns_h5IVcZ9k/0,/root/autodl-tmp/data/datasets/baidupcs/CMU-MOSEI/extracted/Raw/Videos/Full/Combined/Ns_h5IVcZ9k.mp4,/root/autodl-tmp/data/datasets/baidupcs/CMU-MOSEI/extracted/Raw/Audio/Full/WAV_16000/Ns_h5IVcZ9k.wav,/root/autodl-tmp/data/datasets/baidupcs/CMU-MOSEI/extracted/Raw/Labels/extreme_sentiment_results.csv#0,0.00,0.00,en,high,high,high,true,true,0,0,,,neutral,/root/autodl-tmp/data/datasets/baidupcs/CMU-MOSEI/extracted/Raw/Labels/extreme_sentiment_results.csv#Ns_h5IVcZ9k/0
EAQ006262,MOSEI,unknown,MOSEI/O3whFU2lAAk/1,/root/autodl-tmp/data/datasets/baidupcs/CMU-MOSEI/extracted/Raw/Videos/Full/Combined/O3whFU2lAAk.mp4,/root/autodl-tmp/data/datasets/baidupcs/CMU-MOSEI/extracted/Raw/Audio/Full/WAV_16000/O3whFU2lAAk.wav,/root/autodl-tmp/data/datasets/baidupcs/CMU-MOSEI/extracted/Raw/Labels/extreme_sentiment_results.csv#1,0.00,0.00,en,high,high,high,true,true,0,2,,,positive,/root/autodl-tmp/data/datasets/baidupcs/CMU-MOSEI/extracted/Raw/Labels/extreme_sentiment_results.csv#O3whFU2lAAk/1
EAQ006263,MOSEI,unknown,MOSEI/wj4snKbUWZA/8,/root/autodl-tmp/data/datasets/baidupcs/CMU-MOSEI/extracted/Raw/Videos/Full/Combined/wj4snKbUWZA.mp4,/root/autodl-tmp/data/datasets/baidupcs/CMU-MOSEI/extracted/Raw/Audio/Full/WAV_16000/wj4snKbUWZA.wav,/root/autodl-tmp/data/datasets/baidupcs/CMU-MOSEI/extracted/Raw/Labels/extreme_sentiment_results.csv#8,0.00,0.00,en,high,high,high,true,true,0,-2,,,negative,/root/autodl-tmp/data/datasets/baidupcs/CMU-MOSEI/extracted/Raw/Labels/extreme_sentiment_results.csv#wj4snKbUWZA/8
EAQ006264,MOSEI,unknown,MOSEI/tXQpm-nKxNA/6,/root/autodl-tmp/data/datasets/baidupcs/CMU-MOSEI/extracted/Raw/Videos/Full/Combined/tXQpm-nKxNA.mp4,/root/autodl-tmp/data/datasets/baidupcs/CMU-MOSEI/extracted/Raw/Audio/Full/WAV_16000/tXQpm-nKxNA.wav,/root/autodl-tmp/data/datasets/baidupcs/CMU-MOSEI/extracted/Raw/Labels/extreme_sentiment_results.csv#6,0.00,0.00,en,high,high,high,true,true,0,3,,,positive,/root/autodl-tmp/data/datasets/baidupcs/CMU-MOSEI/extracted/Raw/Labels/extreme_sentiment_results.csv#tXQpm-nKxNA/6
EAQ006265,MOSEI,unknown,MOSEI/k1ca_xbhohk/13,/root/autodl-tmp/data/datasets/baidupcs/CMU-MOSEI/extracted/Raw/Videos/Full/Combined/k1ca_xbhohk.mp4,/root/autodl-tmp/data/datasets/baidupcs/CMU-MOSEI/extracted/Raw/Audio/Full/WAV_16000/k1ca_xbhohk.wav,/root/autodl-tmp/data/datasets/baidupcs/CMU-MOSEI/extracted/Raw/Labels/extreme_sentiment_results.csv#13,0.00,0.00,en,high,high,high,true,true,0,1,,,positive,/root/autodl-tmp/data/datasets/baidupcs/CMU-MOSEI/extracted/Raw/Labels/extreme_sentiment_results.csv#k1ca_xbhohk/13
EAQ006266,MOSEI,unknown,MOSEI/Dq7V30WhOJQ/7,/root/autodl-tmp/data/datasets/baidupcs/CMU-MOSEI/extracted/Raw/Videos/Full/Combined/Dq7V30WhOJQ.mp4,/root/autodl-tmp/data/datasets/baidupcs/CMU-MOSEI/extracted/Raw/Audio/Full/WAV_16000/Dq7V30WhOJQ.wav,/root/autodl-tmp/data/datasets/baidupcs/CMU-MOSEI/extracted/Raw/Labels/extreme_sentiment_results.csv#7,0.00,0.00,en,high,high,high,true,true,0,0,,,neutral,/root/autodl-tmp/data/datasets/baidupcs/CMU-MOSEI/extracted/Raw/Labels/extreme_sentiment_results.csv#Dq7V30WhOJQ/7
EAQ006267,MOSEI,unknown,MOSEI/cEXJ2zFbC9I/6,/root/autodl-tmp/data/datasets/baidupcs/CMU-MOSEI/extracted/Raw/Videos/Full/Combined/cEXJ2zFbC9I.mp4,/root/autodl-tmp/data/datasets/baidupcs/CMU-MOSEI/extracted/Raw/Audio/Full/WAV_16000/cEXJ2zFbC9I.wav,/root/autodl-tmp/data/datasets/baidupcs/CMU-MOSEI/extracted/Raw/Labels/extreme_sentiment_results.csv#6,0.00,0.00,en,high,high,high,true,true,0,-1,,,negative,/root/autodl-tmp/data/datasets/baidupcs/CMU-MOSEI/extracted/Raw/Labels/extreme_sentiment_results.csv#cEXJ2zFbC9I/6
EAQ006268,MOSEI,unknown,MOSEI/XLjpZUsFEXo/10,/root/autodl-tmp/data/datasets/baidupcs/CMU-MOSEI/extracted/Raw/Videos/Full/Combined/XLjpZUsFEXo.mp4,/root/autodl-tmp/data/datasets/baidupcs/CMU-MOSEI/extracted/Raw/Audio/Full/WAV_16000/XLjpZUsFEXo.wav,/root/autodl-tmp/data/datasets/baidupcs/CMU-MOSEI/extracted/Raw/Labels/extreme_sentiment_results.csv#10,0.00,0.00,en,high,high,high,true,true,0,2,,,positive,/root/autodl-tmp/data/datasets/baidupcs/CMU-MOSEI/extracted/Raw/Labels/extreme_sentiment_results.csv#XLjpZUsFEXo/10
EAQ006269,MOSEI,unknown,MOSEI/FrS-6P6FdCM/5,/root/autodl-tmp/data/datasets/baidupcs/CMU-MOSEI/extracted/Raw/Videos/Full/Combined/FrS-6P6FdCM.mp4,/root/autodl-tmp/data/datasets/baidupcs/CMU-MOSEI/extracted/Raw/Audio/Full/WAV_16000/FrS-6P6FdCM.wav,/root/autodl-tmp/data/datasets/baidupcs/CMU-MOSEI/extracted/Raw/Labels/extreme_sentiment_results.csv#5,0.00,0.00,en,high,high,high,true,true,0,0,,,neutral,/root/autodl-tmp/data/datasets/baidupcs/CMU-MOSEI/extracted/Raw/Labels/extreme_sentiment_results.csv#FrS-6P6FdCM/5
EAQ006270,MOSEI,unknown,MOSEI/48nifdN2vSI/10,/root/autodl-tmp/data/datasets/baidupcs/CMU-MOSEI/extracted/Raw/Videos/Full/Combined/48nifdN2vSI.mp4,/root/autodl-tmp/data/datasets/baidupcs/CMU-MOSEI/extracted/Raw/Audio/Full/WAV_16000/48nifdN2vSI.wav,/root/autodl-tmp/data/datasets/baidupcs/CMU-MOSEI/extracted/Raw/Labels/extreme_sentiment_results.csv#10,0.00,0.00,en,high,high,high,true,true,0,0,,,neutral,/root/autodl-tmp/data/datasets/baidupcs/CMU-MOSEI/extracted/Raw/Labels/extreme_sentiment_results.csv#48nifdN2vSI/10
EAQ006271,MOSEI,unknown,MOSEI/Sb2xMPwNKPo/18,/root/autodl-tmp/data/datasets/baidupcs/CMU-MOSEI/extracted/Raw/Videos/Full/Combined/Sb2xMPwNKPo.mp4,/root/autodl-tmp/data/datasets/baidupcs/CMU-MOSEI/extracted/Raw/Audio/Full/WAV_16000/Sb2xMPwNKPo.wav,/root/autodl-tmp/data/datasets/baidupcs/CMU-MOSEI/extracted/Raw/Labels/extreme_sentiment_results.csv#18,0.00,0.00,en,high,high,high,true,true,0,0,,,neutral,/root/autodl-tmp/data/datasets/baidupcs/CMU-MOSEI/extracted/Raw/Labels/extreme_sentiment_results.csv#Sb2xMPwNKPo/18
EAQ006272,MOSEI,unknown,MOSEI/oWAyEzyp2xQ/7,/root/autodl-tmp/data/datasets/baidupcs/CMU-MOSEI/extracted/Raw/Videos/Full/Combined/oWAyEzyp2xQ.mp4,/root/autodl-tmp/data/datasets/baidupcs/CMU-MOSEI/extracted/Raw/Audio/Full/WAV_16000/oWAyEzyp2xQ.wav,/root/autodl-tmp/data/datasets/baidupcs/CMU-MOSEI/extracted/Raw/Labels/extreme_sentiment_results.csv#7,0.00,0.00,en,high,high,high,true,true,1,0,,,neutral,/root/autodl-tmp/data/datasets/baidupcs/CMU-MOSEI/extracted/Raw/Labels/extreme_sentiment_results.csv#oWAyEzyp2xQ/7
EAQ006273,MOSEI,unknown,MOSEI/izFBeXMTgds/2,/root/autodl-tmp/data/datasets/baidupcs/CMU-MOSEI/extracted/Raw/Videos/Full/Combined/izFBeXMTgds.mp4,/root/autodl-tmp/data/datasets/baidupcs/CMU-MOSEI/extracted/Raw/Audio/Full/WAV_16000/izFBeXMTgds.wav,/root/autodl-tmp/data/datasets/baidupcs/CMU-MOSEI/extracted/Raw/Labels/extreme_sentiment_results.csv#2,0.00,0.00,en,high,high,high,true,true,0,0,,,neutral,/root/autodl-tmp/data/datasets/baidupcs/CMU-MOSEI/extracted/Raw/Labels/extreme_sentiment_results.csv#izFBeXMTgds/2
EAQ006274,MOSEI,unknown,MOSEI/npIVLL_fTf0/12,/root/autodl-tmp/data/datasets/baidupcs/CMU-MOSEI/extracted/Raw/Videos/Full/Combined/npIVLL_fTf0.mp4,/root/autodl-tmp/data/datasets/baidupcs/CMU-MOSEI/extracted/Raw/Audio/Full/WAV_16000/npIVLL_fTf0.wav,/root/autodl-tmp/data/datasets/baidupcs/CMU-MOSEI/extracted/Raw/Labels/extreme_sentiment_results.csv#12,0.00,0.00,en,high,high,high,true,true,0,0,,,neutral,/root/autodl-tmp/data/datasets/baidupcs/CMU-MOSEI/extracted/Raw/Labels/extreme_sentiment_results.csv#npIVLL_fTf0/12
EAQ006275,MOSEI,unknown,MOSEI/ZbVa-a2tNFM/2,/root/autodl-tmp/data/datasets/baidupcs/CMU-MOSEI/extracted/Raw/Videos/Full/Combined/ZbVa-a2tNFM.mp4,/root/autodl-tmp/data/datasets/baidupcs/CMU-MOSEI/extracted/Raw/Audio/Full/WAV_16000/ZbVa-a2tNFM.wav,/root/autodl-tmp/data/datasets/baidupcs/CMU-MOSEI/extracted/Raw/Labels/extreme_sentiment_results.csv#2,0.00,0.00,en,high,high,high,true,true,0,0,,,neutral,/root/autodl-tmp/data/datasets/baidupcs/CMU-MOSEI/extracted/Raw/Labels/extreme_sentiment_results.csv#ZbVa-a2tNFM/2
EAQ006276,MOSEI,unknown,MOSEI/HMRqR-P68Ws/16,/root/autodl-tmp/data/datasets/baidupcs/CMU-MOSEI/extracted/Raw/Videos/Full/Combined/HMRqR-P68Ws.mp4,/root/autodl-tmp/data/datasets/baidupcs/CMU-MOSEI/extracted/Raw/Audio/Full/WAV_16000/HMRqR-P68Ws.wav,/root/autodl-tmp/data/datasets/baidupcs/CMU-MOSEI/extracted/Raw/Labels/extreme_sentiment_results.csv#16,0.00,0.00,en,high,high,high,true,true,0,1,,,positive,/root/autodl-tmp/data/datasets/baidupcs/CMU-MOSEI/extracted/Raw/Labels/extreme_sentiment_results.csv#HMRqR-P68Ws/16
EAQ006277,MOSEI,unknown,MOSEI/0cBmQ_ItVUc/17,/root/autodl-tmp/data/datasets/baidupcs/CMU-MOSEI/extracted/Raw/Videos/Full/Combined/0cBmQ_ItVUc.mp4,/root/autodl-tmp/data/datasets/baidupcs/CMU-MOSEI/extracted/Raw/Audio/Full/WAV_16000/0cBmQ_ItVUc.wav,/root/autodl-tmp/data/datasets/baidupcs/CMU-MOSEI/extracted/Raw/Labels/extreme_sentiment_results.csv#17,0.00,0.00,en,high,high,high,true,true,0,3,,,positive,/root/autodl-tmp/data/datasets/baidupcs/CMU-MOSEI/extracted/Raw/Labels/extreme_sentiment_results.csv#0cBmQ_ItVUc/17
EAQ006278,MOSEI,unknown,MOSEI/HuIKyKkEL0Q/7,/root/autodl-tmp/data/datasets/baidupcs/CMU-MOSEI/extracted/Raw/Videos/Full/Combined/HuIKyKkEL0Q.mp4,/root/autodl-tmp/data/datasets/baidupcs/CMU-MOSEI/extracted/Raw/Audio/Full/WAV_16000/HuIKyKkEL0Q.wav,/root/autodl-tmp/data/datasets/baidupcs/CMU-MOSEI/extracted/Raw/Labels/extreme_sentiment_results.csv#7,0.00,0.00,en,high,high,high,true,true,0,0,,,neutral,/root/autodl-tmp/data/datasets/baidupcs/CMU-MOSEI/extracted/Raw/Labels/extreme_sentiment_results.csv#HuIKyKkEL0Q/7
EAQ006279,MOSEI,unknown,MOSEI/sMnbpyFqrlE/16,/root/autodl-tmp/data/datasets/baidupcs/CMU-MOSEI/extracted/Raw/Videos/Full/Combined/sMnbpyFqrlE.mp4,/root/autodl-tmp/data/datasets/baidupcs/CMU-MOSEI/extracted/Raw/Audio/Full/WAV_16000/sMnbpyFqrlE.wav,/root/autodl-tmp/data/datasets/baidupcs/CMU-MOSEI/extracted/Raw/Labels/extreme_sentiment_results.csv#16,0.00,0.00,en,high,high,high,true,true,0,0,,,neutral,/root/autodl-tmp/data/datasets/baidupcs/CMU-MOSEI/extracted/Raw/Labels/extreme_sentiment_results.csv#sMnbpyFqrlE/16
EAQ006280,MOSEI,unknown,MOSEI/D02PT0bl88A/9,/root/autodl-tmp/data/datasets/baidupcs/CMU-MOSEI/extracted/Raw/Videos/Full/Combined/D02PT0bl88A.mp4,/root/autodl-tmp/data/datasets/baidupcs/CMU-MOSEI/extracted/Raw/Audio/Full/WAV_16000/D02PT0bl88A.wav,/root/autodl-tmp/data/datasets/baidupcs/CMU-MOSEI/extracted/Raw/Labels/extreme_sentiment_results.csv#9,0.00,0.00,en,high,high,high,true,true,0,0,,,neutral,/root/autodl-tmp/data/datasets/baidupcs/CMU-MOSEI/extracted/Raw/Labels/extreme_sentiment_results.csv#D02PT0bl88A/9
EAQ006281,MOSEI,unknown,MOSEI/npIVLL_fTf0/4,/root/autodl-tmp/data/datasets/baidupcs/CMU-MOSEI/extracted/Raw/Videos/Full/Combined/npIVLL_fTf0.mp4,/root/autodl-tmp/data/datasets/baidupcs/CMU-MOSEI/extracted/Raw/Audio/Full/WAV_16000/npIVLL_fTf0.wav,/root/autodl-tmp/data/datasets/baidupcs/CMU-MOSEI/extracted/Raw/Labels/extreme_sentiment_results.csv#4,0.00,0.00,en,high,high,high,true,true,2,-3,,,negative,/root/autodl-tmp/data/datasets/baidupcs/CMU-MOSEI/extracted/Raw/Labels/extreme_sentiment_results.csv#npIVLL_fTf0/4
EAQ006282,MOSEI,unknown,MOSEI/rojyUp4FPSg/20,/root/autodl-tmp/data/datasets/baidupcs/CMU-MOSEI/extracted/Raw/Videos/Full/Combined/rojyUp4FPSg.mp4,/root/autodl-tmp/data/datasets/baidupcs/CMU-MOSEI/extracted/Raw/Audio/Full/WAV_16000/rojyUp4FPSg.wav,/root/autodl-tmp/data/datasets/baidupcs/CMU-MOSEI/extracted/Raw/Labels/extreme_sentiment_results.csv#20,0.00,0.00,en,high,high,high,true,true,0,2,,,positive,/root/autodl-tmp/data/datasets/baidupcs/CMU-MOSEI/extracted/Raw/Labels/extreme_sentiment_results.csv#rojyUp4FPSg/20
EAQ006283,MOSEI,unknown,MOSEI/nhD9WSEIspQ/9,/root/autodl-tmp/data/datasets/baidupcs/CMU-MOSEI/extracted/Raw/Videos/Full/Combined/nhD9WSEIspQ.mp4,/root/autodl-tmp/data/datasets/baidupcs/CMU-MOSEI/extracted/Raw/Audio/Full/WAV_16000/nhD9WSEIspQ.wav,/root/autodl-tmp/data/datasets/baidupcs/CMU-MOSEI/extracted/Raw/Labels/extreme_sentiment_results.csv#9,0.00,0.00,en,high,high,high,true,true,0,1,,,positive,/root/autodl-tmp/data/datasets/baidupcs/CMU-MOSEI/extracted/Raw/Labels/extreme_sentiment_results.csv#nhD9WSEIspQ/9
EAQ006284,MOSEI,unknown,MOSEI/BaX10vbFhuU/8,/root/autodl-tmp/data/datasets/baidupcs/CMU-MOSEI/extracted/Raw/Videos/Full/Combined/BaX10vbFhuU.mp4,/root/autodl-tmp/data/datasets/baidupcs/CMU-MOSEI/extracted/Raw/Audio/Full/WAV_16000/BaX10vbFhuU.wav,/root/autodl-tmp/data/datasets/baidupcs/CMU-MOSEI/extracted/Raw/Labels/extreme_sentiment_results.csv#8,0.00,0.00,en,high,high,high,true,true,0,-1,,,negative,/root/autodl-tmp/data/datasets/baidupcs/CMU-MOSEI/extracted/Raw/Labels/extreme_sentiment_results.csv#BaX10vbFhuU/8
EAQ006285,MOSEI,unknown,MOSEI/v_8QeoNc4QY/5,/root/autodl-tmp/data/datasets/baidupcs/CMU-MOSEI/extracted/Raw/Videos/Full/Combined/v_8QeoNc4QY.mp4,/root/autodl-tmp/data/datasets/baidupcs/CMU-MOSEI/extracted/Raw/Audio/Full/WAV_16000/v_8QeoNc4QY.wav,/root/autodl-tmp/data/datasets/baidupcs/CMU-MOSEI/extracted/Raw/Labels/extreme_sentiment_results.csv#5,0.00,0.00,en,high,high,high,true,true,0,1,,,positive,/root/autodl-tmp/data/datasets/baidupcs/CMU-MOSEI/extracted/Raw/Labels/extreme_sentiment_results.csv#v_8QeoNc4QY/5
EAQ006286,MOSEI,unknown,MOSEI/obGF3RfWQKE/3,/root/autodl-tmp/data/datasets/baidupcs/CMU-MOSEI/extracted/Raw/Videos/Full/Combined/obGF3RfWQKE.mp4,/root/autodl-tmp/data/datasets/baidupcs/CMU-MOSEI/extracted/Raw/Audio/Full/WAV_16000/obGF3RfWQKE.wav,/root/autodl-tmp/data/datasets/baidupcs/CMU-MOSEI/extracted/Raw/Labels/extreme_sentiment_results.csv#3,0.00,0.00,en,high,high,high,true,true,0,1,,,positive,/root/autodl-tmp/data/datasets/baidupcs/CMU-MOSEI/extracted/Raw/Labels/extreme_sentiment_results.csv#obGF3RfWQKE/3
EAQ006287,MOSEI,unknown,MOSEI/-tPCytz4rww/11,/root/autodl-tmp/data/datasets/baidupcs/CMU-MOSEI/extracted/Raw/Videos/Full/Combined/-tPCytz4rww.mp4,/root/autodl-tmp/data/datasets/baidupcs/CMU-MOSEI/extracted/Raw/Audio/Full/WAV_16000/-tPCytz4rww.wav,/root/autodl-tmp/data/datasets/baidupcs/CMU-MOSEI/extracted/Raw/Labels/extreme_sentiment_results.csv#11,0.00,0.00,en,high,high,high,true,true,0,0,,,neutral,/root/autodl-tmp/data/datasets/baidupcs/CMU-MOSEI/extracted/Raw/Labels/extreme_sentiment_results.csv#-tPCytz4rww/11
EAQ006288,MOSEI,unknown,MOSEI/naZi9AusrW4/1,/root/autodl-tmp/data/datasets/baidupcs/CMU-MOSEI/extracted/Raw/Videos/Full/Combined/naZi9AusrW4.mp4,/root/autodl-tmp/data/datasets/baidupcs/CMU-MOSEI/extracted/Raw/Audio/Full/WAV_16000/naZi9AusrW4.wav,/root/autodl-tmp/data/datasets/baidupcs/CMU-MOSEI/extracted/Raw/Labels/extreme_sentiment_results.csv#1,0.00,0.00,en,high,high,high,true,true,0,0,,,neutral,/root/autodl-tmp/data/datasets/baidupcs/CMU-MOSEI/extracted/Raw/Labels/extreme_sentiment_results.csv#naZi9AusrW4/1
EAQ006289,MOSEI,unknown,MOSEI/zURYO3k8lW0/3,/root/autodl-tmp/data/datasets/baidupcs/CMU-MOSEI/extracted/Raw/Videos/Full/Combined/zURYO3k8lW0.mp4,/root/autodl-tmp/data/datasets/baidupcs/CMU-MOSEI/extracted/Raw/Audio/Full/WAV_16000/zURYO3k8lW0.wav,/root/autodl-tmp/data/datasets/baidupcs/CMU-MOSEI/extracted/Raw/Labels/extreme_sentiment_results.csv#3,0.00,0.00,en,high,high,high,true,true,0,0,,,neutral,/root/autodl-tmp/data/datasets/baidupcs/CMU-MOSEI/extracted/Raw/Labels/extreme_sentiment_results.csv#zURYO3k8lW0/3
EAQ006290,MOSEI,unknown,MOSEI/b92iw0OAnI4/7,/root/autodl-tmp/data/datasets/baidupcs/CMU-MOSEI/extracted/Raw/Videos/Full/Combined/b92iw0OAnI4.mp4,/root/autodl-tmp/data/datasets/baidupcs/CMU-MOSEI/extracted/Raw/Audio/Full/WAV_16000/b92iw0OAnI4.wav,/root/autodl-tmp/data/datasets/baidupcs/CMU-MOSEI/extracted/Raw/Labels/extreme_sentiment_results.csv#7,0.00,0.00,en,high,high,high,true,true,0,1,,,positive,/root/autodl-tmp/data/datasets/baidupcs/CMU-MOSEI/extracted/Raw/Labels/extreme_sentiment_results.csv#b92iw0OAnI4/7
EAQ006291,MOSEI,unknown,MOSEI/tQk-eoA7JyE/5,/root/autodl-tmp/data/datasets/baidupcs/CMU-MOSEI/extracted/Raw/Videos/Full/Combined/tQk-eoA7JyE.mp4,/root/autodl-tmp/data/datasets/baidupcs/CMU-MOSEI/extracted/Raw/Audio/Full/WAV_16000/tQk-eoA7JyE.wav,/root/autodl-tmp/data/datasets/baidupcs/CMU-MOSEI/extracted/Raw/Labels/extreme_sentiment_results.csv#5,0.00,0.00,en,high,high,high,true,true,0,1,,,positive,/root/autodl-tmp/data/datasets/baidupcs/CMU-MOSEI/extracted/Raw/Labels/extreme_sentiment_results.csv#tQk-eoA7JyE/5
EAQ006292,MOSEI,unknown,MOSEI/TO5HjoK8Iu8/16,/root/autodl-tmp/data/datasets/baidupcs/CMU-MOSEI/extracted/Raw/Videos/Full/Combined/TO5HjoK8Iu8.mp4,/root/autodl-tmp/data/datasets/baidupcs/CMU-MOSEI/extracted/Raw/Audio/Full/WAV_16000/TO5HjoK8Iu8.wav,/root/autodl-tmp/data/datasets/baidupcs/CMU-MOSEI/extracted/Raw/Labels/extreme_sentiment_results.csv#16,0.00,0.00,en,high,high,high,true,true,0,1,,,positive,/root/autodl-tmp/data/datasets/baidupcs/CMU-MOSEI/extracted/Raw/Labels/extreme_sentiment_results.csv#TO5HjoK8Iu8/16
EAQ006293,MOSEI,unknown,MOSEI/vo_JbAFAD68/0,/root/autodl-tmp/data/datasets/baidupcs/CMU-MOSEI/extracted/Raw/Videos/Full/Combined/vo_JbAFAD68.mp4,/root/autodl-tmp/data/datasets/baidupcs/CMU-MOSEI/extracted/Raw/Audio/Full/WAV_16000/vo_JbAFAD68.wav,/root/autodl-tmp/data/datasets/baidupcs/CMU-MOSEI/extracted/Raw/Labels/extreme_sentiment_results.csv#0,0.00,0.00,en,high,high,high,true,true,0,1,,,positive,/root/autodl-tmp/data/datasets/baidupcs/CMU-MOSEI/extracted/Raw/Labels/extreme_sentiment_results.csv#vo_JbAFAD68/0
EAQ006294,MOSEI,unknown,MOSEI/hGRRlXfH0BY/10,/root/autodl-tmp/data/datasets/baidupcs/CMU-MOSEI/extracted/Raw/Videos/Full/Combined/hGRRlXfH0BY.mp4,/root/autodl-tmp/data/datasets/baidupcs/CMU-MOSEI/extracted/Raw/Audio/Full/WAV_16000/hGRRlXfH0BY.wav,/root/autodl-tmp/data/datasets/baidupcs/CMU-MOSEI/extracted/Raw/Labels/extreme_sentiment_results.csv#10,0.00,0.00,en,high,high,high,true,true,0,0,,,neutral,/root/autodl-tmp/data/datasets/baidupcs/CMU-MOSEI/extracted/Raw/Labels/extreme_sentiment_results.csv#hGRRlXfH0BY/10
EAQ006295,MOSEI,unknown,MOSEI/0cBmQ_ItVUc/9,/root/autodl-tmp/data/datasets/baidupcs/CMU-MOSEI/extracted/Raw/Videos/Full/Combined/0cBmQ_ItVUc.mp4,/root/autodl-tmp/data/datasets/baidupcs/CMU-MOSEI/extracted/Raw/Audio/Full/WAV_16000/0cBmQ_ItVUc.wav,/root/autodl-tmp/data/datasets/baidupcs/CMU-MOSEI/extracted/Raw/Labels/extreme_sentiment_results.csv#9,0.00,0.00,en,high,high,high,true,true,3,0,,,neutral,/root/autodl-tmp/data/datasets/baidupcs/CMU-MOSEI/extracted/Raw/Labels/extreme_sentiment_results.csv#0cBmQ_ItVUc/9
EAQ006296,MOSEI,unknown,MOSEI/bYt4wybVLRQ/3,/root/autodl-tmp/data/datasets/baidupcs/CMU-MOSEI/extracted/Raw/Videos/Full/Combined/bYt4wybVLRQ.mp4,/root/autodl-tmp/data/datasets/baidupcs/CMU-MOSEI/extracted/Raw/Audio/Full/WAV_16000/bYt4wybVLRQ.wav,/root/autodl-tmp/data/datasets/baidupcs/CMU-MOSEI/extracted/Raw/Labels/extreme_sentiment_results.csv#3,0.00,0.00,en,high,high,high,true,true,0,1,,,positive,/root/autodl-tmp/data/datasets/baidupcs/CMU-MOSEI/extracted/Raw/Labels/extreme_sentiment_results.csv#bYt4wybVLRQ/3
EAQ006297,MOSEI,unknown,MOSEI/27ubp7CLLKQ/20,/root/autodl-tmp/data/datasets/baidupcs/CMU-MOSEI/extracted/Raw/Videos/Full/Combined/27ubp7CLLKQ.mp4,/root/autodl-tmp/data/datasets/baidupcs/CMU-MOSEI/extracted/Raw/Audio/Full/WAV_16000/27ubp7CLLKQ.wav,/root/autodl-tmp/data/datasets/baidupcs/CMU-MOSEI/extracted/Raw/Labels/extreme_sentiment_results.csv#20,0.00,0.00,en,high,high,high,true,true,0,3,,,positive,/root/autodl-tmp/data/datasets/baidupcs/CMU-MOSEI/extracted/Raw/Labels/extreme_sentiment_results.csv#27ubp7CLLKQ/20
EAQ006298,MOSEI,unknown,MOSEI/hkGN5q3OOCE/7,/root/autodl-tmp/data/datasets/baidupcs/CMU-MOSEI/extracted/Raw/Videos/Full/Combined/hkGN5q3OOCE.mp4,/root/autodl-tmp/data/datasets/baidupcs/CMU-MOSEI/extracted/Raw/Audio/Full/WAV_16000/hkGN5q3OOCE.wav,/root/autodl-tmp/data/datasets/baidupcs/CMU-MOSEI/extracted/Raw/Labels/extreme_sentiment_results.csv#7,0.00,0.00,en,high,high,high,true,true,0,2,,,positive,/root/autodl-tmp/data/datasets/baidupcs/CMU-MOSEI/extracted/Raw/Labels/extreme_sentiment_results.csv#hkGN5q3OOCE/7
EAQ006299,MOSEI,unknown,MOSEI/EmmuWoCUgXs/7,/root/autodl-tmp/data/datasets/baidupcs/CMU-MOSEI/extracted/Raw/Videos/Full/Combined/EmmuWoCUgXs.mp4,/root/autodl-tmp/data/datasets/baidupcs/CMU-MOSEI/extracted/Raw/Audio/Full/WAV_16000/EmmuWoCUgXs.wav,/root/autodl-tmp/data/datasets/baidupcs/CMU-MOSEI/extracted/Raw/Labels/extreme_sentiment_results.csv#7,0.00,0.00,en,high,high,high,true,true,0,0,,,neutral,/root/autodl-tmp/data/datasets/baidupcs/CMU-MOSEI/extracted/Raw/Labels/extreme_sentiment_results.csv#EmmuWoCUgXs/7
EAQ006300,MOSEI,unknown,MOSEI/MHyW857u_X8/22,/root/autodl-tmp/data/datasets/baidupcs/CMU-MOSEI/extracted/Raw/Videos/Full/Combined/MHyW857u_X8.mp4,/root/autodl-tmp/data/datasets/baidupcs/CMU-MOSEI/extracted/Raw/Audio/Full/WAV_16000/MHyW857u_X8.wav,/root/autodl-tmp/data/datasets/baidupcs/CMU-MOSEI/extracted/Raw/Labels/extreme_sentiment_results.csv#22,0.00,0.00,en,high,high,high,true,true,0,1,,,positive,/root/autodl-tmp/data/datasets/baidupcs/CMU-MOSEI/extracted/Raw/Labels/extreme_sentiment_results.csv#MHyW857u_X8/22
EAQ006301,MOSEI,unknown,MOSEI/qvIhzmujTi8/10,/root/autodl-tmp/data/datasets/baidupcs/CMU-MOSEI/extracted/Raw/Videos/Full/Combined/qvIhzmujTi8.mp4,/root/autodl-tmp/data/datasets/baidupcs/CMU-MOSEI/extracted/Raw/Audio/Full/WAV_16000/qvIhzmujTi8.wav,/root/autodl-tmp/data/datasets/baidupcs/CMU-MOSEI/extracted/Raw/Labels/extreme_sentiment_results.csv#10,0.00,0.00,en,high,high,high,true,true,1,-1,,,negative,/root/autodl-tmp/data/datasets/baidupcs/CMU-MOSEI/extracted/Raw/Labels/extreme_sentiment_results.csv#qvIhzmujTi8/10
EAQ006302,MOSEI,unknown,MOSEI/N1X63d_jgmw/5,/root/autodl-tmp/data/datasets/baidupcs/CMU-MOSEI/extracted/Raw/Videos/Full/Combined/N1X63d_jgmw.mp4,/root/autodl-tmp/data/datasets/baidupcs/CMU-MOSEI/extracted/Raw/Audio/Full/WAV_16000/N1X63d_jgmw.wav,/root/autodl-tmp/data/datasets/baidupcs/CMU-MOSEI/extracted/Raw/Labels/extreme_sentiment_results.csv#5,0.00,0.00,en,high,high,high,true,true,0,0,,,neutral,/root/autodl-tmp/data/datasets/baidupcs/CMU-MOSEI/extracted/Raw/Labels/extreme_sentiment_results.csv#N1X63d_jgmw/5
EAQ006303,MOSEI,unknown,MOSEI/2JY5HXBWO84/28,/root/autodl-tmp/data/datasets/baidupcs/CMU-MOSEI/extracted/Raw/Videos/Full/Combined/2JY5HXBWO84.mp4,/root/autodl-tmp/data/datasets/baidupcs/CMU-MOSEI/extracted/Raw/Audio/Full/WAV_16000/2JY5HXBWO84.wav,/root/autodl-tmp/data/datasets/baidupcs/CMU-MOSEI/extracted/Raw/Labels/extreme_sentiment_results.csv#28,0.00,0.00,en,high,high,high,true,true,0,1,,,positive,/root/autodl-tmp/data/datasets/baidupcs/CMU-MOSEI/extracted/Raw/Labels/extreme_sentiment_results.csv#2JY5HXBWO84/28
EAQ006304,MOSEI,unknown,MOSEI/IAubgwEiCcY/4,/root/autodl-tmp/data/datasets/baidupcs/CMU-MOSEI/extracted/Raw/Videos/Full/Combined/IAubgwEiCcY.mp4,/root/autodl-tmp/data/datasets/baidupcs/CMU-MOSEI/extracted/Raw/Audio/Full/WAV_16000/IAubgwEiCcY.wav,/root/autodl-tmp/data/datasets/baidupcs/CMU-MOSEI/extracted/Raw/Labels/extreme_sentiment_results.csv#4,0.00,0.00,en,high,high,high,true,true,0,0,,,neutral,/root/autodl-tmp/data/datasets/baidupcs/CMU-MOSEI/extracted/Raw/Labels/extreme_sentiment_results.csv#IAubgwEiCcY/4
EAQ006305,MOSEI,unknown,MOSEI/830KzUc6CbU/13,/root/autodl-tmp/data/datasets/baidupcs/CMU-MOSEI/extracted/Raw/Videos/Full/Combined/830KzUc6CbU.mp4,/root/autodl-tmp/data/datasets/baidupcs/CMU-MOSEI/extracted/Raw/Audio/Full/WAV_16000/830KzUc6CbU.wav,/root/autodl-tmp/data/datasets/baidupcs/CMU-MOSEI/extracted/Raw/Labels/extreme_sentiment_results.csv#13,0.00,0.00,en,high,high,high,true,true,0,0,,,neutral,/root/autodl-tmp/data/datasets/baidupcs/CMU-MOSEI/extracted/Raw/Labels/extreme_sentiment_results.csv#830KzUc6CbU/13
EAQ006306,MOSEI,unknown,MOSEI/p7zuPEZgtY4/0,/root/autodl-tmp/data/datasets/baidupcs/CMU-MOSEI/extracted/Raw/Videos/Full/Combined/p7zuPEZgtY4.mp4,/root/autodl-tmp/data/datasets/baidupcs/CMU-MOSEI/extracted/Raw/Audio/Full/WAV_16000/p7zuPEZgtY4.wav,/root/autodl-tmp/data/datasets/baidupcs/CMU-MOSEI/extracted/Raw/Labels/extreme_sentiment_results.csv#0,0.00,0.00,en,high,high,high,true,true,0,1,,,positive,/root/autodl-tmp/data/datasets/baidupcs/CMU-MOSEI/extracted/Raw/Labels/extreme_sentiment_results.csv#p7zuPEZgtY4/0
EAQ006307,MOSEI,unknown,MOSEI/eeN7l4R3nPc/4,/root/autodl-tmp/data/datasets/baidupcs/CMU-MOSEI/extracted/Raw/Videos/Full/Combined/eeN7l4R3nPc.mp4,/root/autodl-tmp/data/datasets/baidupcs/CMU-MOSEI/extracted/Raw/Audio/Full/WAV_16000/eeN7l4R3nPc.wav,/root/autodl-tmp/data/datasets/baidupcs/CMU-MOSEI/extracted/Raw/Labels/extreme_sentiment_results.csv#4,0.00,0.00,en,high,high,high,true,true,0,1,,,positive,/root/autodl-tmp/data/datasets/baidupcs/CMU-MOSEI/extracted/Raw/Labels/extreme_sentiment_results.csv#eeN7l4R3nPc/4
EAQ006308,MOSEI,unknown,MOSEI/cY8DcaHXNNs/9,/root/autodl-tmp/data/datasets/baidupcs/CMU-MOSEI/extracted/Raw/Videos/Full/Combined/cY8DcaHXNNs.mp4,/root/autodl-tmp/data/datasets/baidupcs/CMU-MOSEI/extracted/Raw/Audio/Full/WAV_16000/cY8DcaHXNNs.wav,/root/autodl-tmp/data/datasets/baidupcs/CMU-MOSEI/extracted/Raw/Labels/extreme_sentiment_results.csv#9,0.00,0.00,en,high,high,high,true,true,0,2,,,positive,/root/autodl-tmp/data/datasets/baidupcs/CMU-MOSEI/extracted/Raw/Labels/extreme_sentiment_results.csv#cY8DcaHXNNs/9
EAQ006309,MOSEI,unknown,MOSEI/_Vp4SDp_knI/3,/root/autodl-tmp/data/datasets/baidupcs/CMU-MOSEI/extracted/Raw/Videos/Full/Combined/_Vp4SDp_knI.mp4,/root/autodl-tmp/data/datasets/baidupcs/CMU-MOSEI/extracted/Raw/Audio/Full/WAV_16000/_Vp4SDp_knI.wav,/root/autodl-tmp/data/datasets/baidupcs/CMU-MOSEI/extracted/Raw/Labels/extreme_sentiment_results.csv#3,0.00,0.00,en,high,high,high,true,true,0,1,,,positive,/root/autodl-tmp/data/datasets/baidupcs/CMU-MOSEI/extracted/Raw/Labels/extreme_sentiment_results.csv#_Vp4SDp_knI/3
EAQ006310,MOSEI,unknown,MOSEI/Dm8AL84e11w/4,/root/autodl-tmp/data/datasets/baidupcs/CMU-MOSEI/extracted/Raw/Videos/Full/Combined/Dm8AL84e11w.mp4,/root/autodl-tmp/data/datasets/baidupcs/CMU-MOSEI/extracted/Raw/Audio/Full/WAV_16000/Dm8AL84e11w.wav,/root/autodl-tmp/data/datasets/baidupcs/CMU-MOSEI/extracted/Raw/Labels/extreme_sentiment_results.csv#4,0.00,0.00,en,high,high,high,true,true,0,0,,,neutral,/root/autodl-tmp/data/datasets/baidupcs/CMU-MOSEI/extracted/Raw/Labels/extreme_sentiment_results.csv#Dm8AL84e11w/4
EAQ006311,MOSEI,unknown,MOSEI/2Zx4huY-KN8/3,/root/autodl-tmp/data/datasets/baidupcs/CMU-MOSEI/extracted/Raw/Videos/Full/Combined/2Zx4huY-KN8.mp4,/root/autodl-tmp/data/datasets/baidupcs/CMU-MOSEI/extracted/Raw/Audio/Full/WAV_16000/2Zx4huY-KN8.wav,/root/autodl-tmp/data/datasets/baidupcs/CMU-MOSEI/extracted/Raw/Labels/extreme_sentiment_results.csv#3,0.00,0.00,en,high,high,high,true,true,2,0,,,neutral,/root/autodl-tmp/data/datasets/baidupcs/CMU-MOSEI/extracted/Raw/Labels/extreme_sentiment_results.csv#2Zx4huY-KN8/3
EAQ006312,MOSEI,unknown,MOSEI/mjpCK2Edsv8/0,/root/autodl-tmp/data/datasets/baidupcs/CMU-MOSEI/extracted/Raw/Videos/Full/Combined/mjpCK2Edsv8.mp4,/root/autodl-tmp/data/datasets/baidupcs/CMU-MOSEI/extracted/Raw/Audio/Full/WAV_16000/mjpCK2Edsv8.wav,/root/autodl-tmp/data/datasets/baidupcs/CMU-MOSEI/extracted/Raw/Labels/extreme_sentiment_results.csv#0,0.00,0.00,en,high,high,high,true,true,0,0,,,neutral,/root/autodl-tmp/data/datasets/baidupcs/CMU-MOSEI/extracted/Raw/Labels/extreme_sentiment_results.csv#mjpCK2Edsv8/0
EAQ006313,MOSEI,unknown,MOSEI/v2DFe9X-jCY/14,/root/autodl-tmp/data/datasets/baidupcs/CMU-MOSEI/extracted/Raw/Videos/Full/Combined/v2DFe9X-jCY.mp4,/root/autodl-tmp/data/datasets/baidupcs/CMU-MOSEI/extracted/Raw/Audio/Full/WAV_16000/v2DFe9X-jCY.wav,/root/autodl-tmp/data/datasets/baidupcs/CMU-MOSEI/extracted/Raw/Labels/extreme_sentiment_results.csv#14,0.00,0.00,en,high,high,high,true,true,0,0,,,neutral,/root/autodl-tmp/data/datasets/baidupcs/CMU-MOSEI/extracted/Raw/Labels/extreme_sentiment_results.csv#v2DFe9X-jCY/14
EAQ006314,MOSEI,unknown,MOSEI/Dq7V30WhOJQ/1,/root/autodl-tmp/data/datasets/baidupcs/CMU-MOSEI/extracted/Raw/Videos/Full/Combined/Dq7V30WhOJQ.mp4,/root/autodl-tmp/data/datasets/baidupcs/CMU-MOSEI/extracted/Raw/Audio/Full/WAV_16000/Dq7V30WhOJQ.wav,/root/autodl-tmp/data/datasets/baidupcs/CMU-MOSEI/extracted/Raw/Labels/extreme_sentiment_results.csv#1,0.00,0.00,en,high,high,high,true,true,0,0,,,neutral,/root/autodl-tmp/data/datasets/baidupcs/CMU-MOSEI/extracted/Raw/Labels/extreme_sentiment_results.csv#Dq7V30WhOJQ/1
EAQ006315,MOSEI,unknown,MOSEI/kfsO4c0Ekes/7,/root/autodl-tmp/data/datasets/baidupcs/CMU-MOSEI/extracted/Raw/Videos/Full/Combined/kfsO4c0Ekes.mp4,/root/autodl-tmp/data/datasets/baidupcs/CMU-MOSEI/extracted/Raw/Audio/Full/WAV_16000/kfsO4c0Ekes.wav,/root/autodl-tmp/data/datasets/baidupcs/CMU-MOSEI/extracted/Raw/Labels/extreme_sentiment_results.csv#7,0.00,0.00,en,high,high,high,true,true,0,2,,,positive,/root/autodl-tmp/data/datasets/baidupcs/CMU-MOSEI/extracted/Raw/Labels/extreme_sentiment_results.csv#kfsO4c0Ekes/7
EAQ006316,MOSEI,unknown,MOSEI/CzstrpOTtgo/8,/root/autodl-tmp/data/datasets/baidupcs/CMU-MOSEI/extracted/Raw/Videos/Full/Combined/CzstrpOTtgo.mp4,/root/autodl-tmp/data/datasets/baidupcs/CMU-MOSEI/extracted/Raw/Audio/Full/WAV_16000/CzstrpOTtgo.wav,/root/autodl-tmp/data/datasets/baidupcs/CMU-MOSEI/extracted/Raw/Labels/extreme_sentiment_results.csv#8,0.00,0.00,en,high,high,high,true,true,0,1,,,positive,/root/autodl-tmp/data/datasets/baidupcs/CMU-MOSEI/extracted/Raw/Labels/extreme_sentiment_results.csv#CzstrpOTtgo/8
EAQ006317,MOSEI,unknown,MOSEI/O0Nn-5UkfoA/3,/root/autodl-tmp/data/datasets/baidupcs/CMU-MOSEI/extracted/Raw/Videos/Full/Combined/O0Nn-5UkfoA.mp4,/root/autodl-tmp/data/datasets/baidupcs/CMU-MOSEI/extracted/Raw/Audio/Full/WAV_16000/O0Nn-5UkfoA.wav,/root/autodl-tmp/data/datasets/baidupcs/CMU-MOSEI/extracted/Raw/Labels/extreme_sentiment_results.csv#3,0.00,0.00,en,high,high,high,true,true,0,0,,,neutral,/root/autodl-tmp/data/datasets/baidupcs/CMU-MOSEI/extracted/Raw/Labels/extreme_sentiment_results.csv#O0Nn-5UkfoA/3
EAQ006318,MOSEI,unknown,MOSEI/XrNaL-MTjXg/6,/root/autodl-tmp/data/datasets/baidupcs/CMU-MOSEI/extracted/Raw/Videos/Full/Combined/XrNaL-MTjXg.mp4,/root/autodl-tmp/data/datasets/baidupcs/CMU-MOSEI/extracted/Raw/Audio/Full/WAV_16000/XrNaL-MTjXg.wav,/root/autodl-tmp/data/datasets/baidupcs/CMU-MOSEI/extracted/Raw/Labels/extreme_sentiment_results.csv#6,0.00,0.00,en,high,high,high,true,true,0,3,,,positive,/root/autodl-tmp/data/datasets/baidupcs/CMU-MOSEI/extracted/Raw/Labels/extreme_sentiment_results.csv#XrNaL-MTjXg/6
EAQ006319,MOSEI,unknown,MOSEI/9cSJglGi9Pg/6,/root/autodl-tmp/data/datasets/baidupcs/CMU-MOSEI/extracted/Raw/Videos/Full/Combined/9cSJglGi9Pg.mp4,/root/autodl-tmp/data/datasets/baidupcs/CMU-MOSEI/extracted/Raw/Audio/Full/WAV_16000/9cSJglGi9Pg.wav,/root/autodl-tmp/data/datasets/baidupcs/CMU-MOSEI/extracted/Raw/Labels/extreme_sentiment_results.csv#6,0.00,0.00,en,high,high,high,true,true,0,-1,,,negative,/root/autodl-tmp/data/datasets/baidupcs/CMU-MOSEI/extracted/Raw/Labels/extreme_sentiment_results.csv#9cSJglGi9Pg/6
EAQ006320,MOSEI,unknown,MOSEI/DR9Hhpy8aA8/7,/root/autodl-tmp/data/datasets/baidupcs/CMU-MOSEI/extracted/Raw/Videos/Full/Combined/DR9Hhpy8aA8.mp4,/root/autodl-tmp/data/datasets/baidupcs/CMU-MOSEI/extracted/Raw/Audio/Full/WAV_16000/DR9Hhpy8aA8.wav,/root/autodl-tmp/data/datasets/baidupcs/CMU-MOSEI/extracted/Raw/Labels/extreme_sentiment_results.csv#7,0.00,0.00,en,high,high,high,true,true,0,0,,,neutral,/root/autodl-tmp/data/datasets/baidupcs/CMU-MOSEI/extracted/Raw/Labels/extreme_sentiment_results.csv#DR9Hhpy8aA8/7
EAQ006321,MOSEI,unknown,MOSEI/uTWeng4h5eM/8,/root/autodl-tmp/data/datasets/baidupcs/CMU-MOSEI/extracted/Raw/Videos/Full/Combined/uTWeng4h5eM.mp4,/root/autodl-tmp/data/datasets/baidupcs/CMU-MOSEI/extracted/Raw/Audio/Full/WAV_16000/uTWeng4h5eM.wav,/root/autodl-tmp/data/datasets/baidupcs/CMU-MOSEI/extracted/Raw/Labels/extreme_sentiment_results.csv#8,0.00,0.00,en,high,high,high,true,true,0,0,,,neutral,/root/autodl-tmp/data/datasets/baidupcs/CMU-MOSEI/extracted/Raw/Labels/extreme_sentiment_results.csv#uTWeng4h5eM/8
EAQ006322,MOSEI,unknown,MOSEI/hBzw4r0kfjA/8,/root/autodl-tmp/data/datasets/baidupcs/CMU-MOSEI/extracted/Raw/Videos/Full/Combined/hBzw4r0kfjA.mp4,/root/autodl-tmp/data/datasets/baidupcs/CMU-MOSEI/extracted/Raw/Audio/Full/WAV_16000/hBzw4r0kfjA.wav,/root/autodl-tmp/data/datasets/baidupcs/CMU-MOSEI/extracted/Raw/Labels/extreme_sentiment_results.csv#8,0.00,0.00,en,high,high,high,true,true,0,0,,,neutral,/root/autodl-tmp/data/datasets/baidupcs/CMU-MOSEI/extracted/Raw/Labels/extreme_sentiment_results.csv#hBzw4r0kfjA/8
EAQ006323,MOSEI,unknown,MOSEI/S_mxvk4LEh0/5,/root/autodl-tmp/data/datasets/baidupcs/CMU-MOSEI/extracted/Raw/Videos/Full/Combined/S_mxvk4LEh0.mp4,/root/autodl-tmp/data/datasets/baidupcs/CMU-MOSEI/extracted/Raw/Audio/Full/WAV_16000/S_mxvk4LEh0.wav,/root/autodl-tmp/data/datasets/baidupcs/CMU-MOSEI/extracted/Raw/Labels/extreme_sentiment_results.csv#5,0.00,0.00,en,high,high,high,true,true,0,1,,,positive,/root/autodl-tmp/data/datasets/baidupcs/CMU-MOSEI/extracted/Raw/Labels/extreme_sentiment_results.csv#S_mxvk4LEh0/5
EAQ006324,MOSEI,unknown,MOSEI/ybK5wRaaUyE/3,/root/autodl-tmp/data/datasets/baidupcs/CMU-MOSEI/extracted/Raw/Videos/Full/Combined/ybK5wRaaUyE.mp4,/root/autodl-tmp/data/datasets/baidupcs/CMU-MOSEI/extracted/Raw/Audio/Full/WAV_16000/ybK5wRaaUyE.wav,/root/autodl-tmp/data/datasets/baidupcs/CMU-MOSEI/extracted/Raw/Labels/extreme_sentiment_results.csv#3,0.00,0.00,en,high,high,high,true,true,0,-2,,,negative,/root/autodl-tmp/data/datasets/baidupcs/CMU-MOSEI/extracted/Raw/Labels/extreme_sentiment_results.csv#ybK5wRaaUyE/3
EAQ006325,MOSEI,unknown,MOSEI/BDCFV4EqHjY/1,/root/autodl-tmp/data/datasets/baidupcs/CMU-MOSEI/extracted/Raw/Videos/Full/Combined/BDCFV4EqHjY.mp4,/root/autodl-tmp/data/datasets/baidupcs/CMU-MOSEI/extracted/Raw/Audio/Full/WAV_16000/BDCFV4EqHjY.wav,/root/autodl-tmp/data/datasets/baidupcs/CMU-MOSEI/extracted/Raw/Labels/extreme_sentiment_results.csv#1,0.00,0.00,en,high,high,high,true,true,0,1,,,positive,/root/autodl-tmp/data/datasets/baidupcs/CMU-MOSEI/extracted/Raw/Labels/extreme_sentiment_results.csv#BDCFV4EqHjY/1
EAQ006326,MOSEI,unknown,MOSEI/Nrurc5sMUOE/4,/root/autodl-tmp/data/datasets/baidupcs/CMU-MOSEI/extracted/Raw/Videos/Full/Combined/Nrurc5sMUOE.mp4,/root/autodl-tmp/data/datasets/baidupcs/CMU-MOSEI/extracted/Raw/Audio/Full/WAV_16000/Nrurc5sMUOE.wav,/root/autodl-tmp/data/datasets/baidupcs/CMU-MOSEI/extracted/Raw/Labels/extreme_sentiment_results.csv#4,0.00,0.00,en,high,high,high,true,true,0,-1,,,negative,/root/autodl-tmp/data/datasets/baidupcs/CMU-MOSEI/extracted/Raw/Labels/extreme_sentiment_results.csv#Nrurc5sMUOE/4
EAQ006327,MOSEI,unknown,MOSEI/jV6qzF2YROc/2,/root/autodl-tmp/data/datasets/baidupcs/CMU-MOSEI/extracted/Raw/Videos/Full/Combined/jV6qzF2YROc.mp4,/root/autodl-tmp/data/datasets/baidupcs/CMU-MOSEI/extracted/Raw/Audio/Full/WAV_16000/jV6qzF2YROc.wav,/root/autodl-tmp/data/datasets/baidupcs/CMU-MOSEI/extracted/Raw/Labels/extreme_sentiment_results.csv#2,0.00,0.00,en,high,high,high,true,true,0,2,,,positive,/root/autodl-tmp/data/datasets/baidupcs/CMU-MOSEI/extracted/Raw/Labels/extreme_sentiment_results.csv#jV6qzF2YROc/2
EAQ006328,MOSEI,unknown,MOSEI/2mWPHvbKzL8/19,/root/autodl-tmp/data/datasets/baidupcs/CMU-MOSEI/extracted/Raw/Videos/Full/Combined/2mWPHvbKzL8.mp4,/root/autodl-tmp/data/datasets/baidupcs/CMU-MOSEI/extracted/Raw/Audio/Full/WAV_16000/2mWPHvbKzL8.wav,/root/autodl-tmp/data/datasets/baidupcs/CMU-MOSEI/extracted/Raw/Labels/extreme_sentiment_results.csv#19,0.00,0.00,en,high,high,high,true,true,0,0,,,neutral,/root/autodl-tmp/data/datasets/baidupcs/CMU-MOSEI/extracted/Raw/Labels/extreme_sentiment_results.csv#2mWPHvbKzL8/19
EAQ006329,MOSEI,unknown,MOSEI/_7HVhnSYX1Y/19,/root/autodl-tmp/data/datasets/baidupcs/CMU-MOSEI/extracted/Raw/Videos/Full/Combined/_7HVhnSYX1Y.mp4,/root/autodl-tmp/data/datasets/baidupcs/CMU-MOSEI/extracted/Raw/Audio/Full/WAV_16000/_7HVhnSYX1Y.wav,/root/autodl-tmp/data/datasets/baidupcs/CMU-MOSEI/extracted/Raw/Labels/extreme_sentiment_results.csv#19,0.00,0.00,en,high,high,high,true,true,0,0,,,neutral,/root/autodl-tmp/data/datasets/baidupcs/CMU-MOSEI/extracted/Raw/Labels/extreme_sentiment_results.csv#_7HVhnSYX1Y/19
EAQ006330,MOSEI,unknown,MOSEI/sfaWfZ2-4c0/1,/root/autodl-tmp/data/datasets/baidupcs/CMU-MOSEI/extracted/Raw/Videos/Full/Combined/sfaWfZ2-4c0.mp4,/root/autodl-tmp/data/datasets/baidupcs/CMU-MOSEI/extracted/Raw/Audio/Full/WAV_16000/sfaWfZ2-4c0.wav,/root/autodl-tmp/data/datasets/baidupcs/CMU-MOSEI/extracted/Raw/Labels/extreme_sentiment_results.csv#1,0.00,0.00,en,high,high,high,true,true,0,-2,,,negative,/root/autodl-tmp/data/datasets/baidupcs/CMU-MOSEI/extracted/Raw/Labels/extreme_sentiment_results.csv#sfaWfZ2-4c0/1
EAQ006331,MOSEI,unknown,MOSEI/sfaWfZ2-4c0/4,/root/autodl-tmp/data/datasets/baidupcs/CMU-MOSEI/extracted/Raw/Videos/Full/Combined/sfaWfZ2-4c0.mp4,/root/autodl-tmp/data/datasets/baidupcs/CMU-MOSEI/extracted/Raw/Audio/Full/WAV_16000/sfaWfZ2-4c0.wav,/root/autodl-tmp/data/datasets/baidupcs/CMU-MOSEI/extracted/Raw/Labels/extreme_sentiment_results.csv#4,0.00,0.00,en,high,high,high,true,true,3,0,,,neutral,/root/autodl-tmp/data/datasets/baidupcs/CMU-MOSEI/extracted/Raw/Labels/extreme_sentiment_results.csv#sfaWfZ2-4c0/4
EAQ006332,MOSEI,unknown,MOSEI/dDFyJp_OkeA/3,/root/autodl-tmp/data/datasets/baidupcs/CMU-MOSEI/extracted/Raw/Videos/Full/Combined/dDFyJp_OkeA.mp4,/root/autodl-tmp/data/datasets/baidupcs/CMU-MOSEI/extracted/Raw/Audio/Full/WAV_16000/dDFyJp_OkeA.wav,/root/autodl-tmp/data/datasets/baidupcs/CMU-MOSEI/extracted/Raw/Labels/extreme_sentiment_results.csv#3,0.00,0.00,en,high,high,high,true,true,0,3,,,positive,/root/autodl-tmp/data/datasets/baidupcs/CMU-MOSEI/extracted/Raw/Labels/extreme_sentiment_results.csv#dDFyJp_OkeA/3
EAQ006333,MOSEI,unknown,MOSEI/J_DtcW86D9c/1,/root/autodl-tmp/data/datasets/baidupcs/CMU-MOSEI/extracted/Raw/Videos/Full/Combined/J_DtcW86D9c.mp4,/root/autodl-tmp/data/datasets/baidupcs/CMU-MOSEI/extracted/Raw/Audio/Full/WAV_16000/J_DtcW86D9c.wav,/root/autodl-tmp/data/datasets/baidupcs/CMU-MOSEI/extracted/Raw/Labels/extreme_sentiment_results.csv#1,0.00,0.00,en,high,high,high,true,true,0,0,,,neutral,/root/autodl-tmp/data/datasets/baidupcs/CMU-MOSEI/extracted/Raw/Labels/extreme_sentiment_results.csv#J_DtcW86D9c/1
EAQ006334,MOSEI,unknown,MOSEI/zk2jTlAtvSU/3,/root/autodl-tmp/data/datasets/baidupcs/CMU-MOSEI/extracted/Raw/Videos/Full/Combined/zk2jTlAtvSU.mp4,/root/autodl-tmp/data/datasets/baidupcs/CMU-MOSEI/extracted/Raw/Audio/Full/WAV_16000/zk2jTlAtvSU.wav,/root/autodl-tmp/data/datasets/baidupcs/CMU-MOSEI/extracted/Raw/Labels/extreme_sentiment_results.csv#3,0.00,0.00,en,high,high,high,true,true,0,0,,,neutral,/root/autodl-tmp/data/datasets/baidupcs/CMU-MOSEI/extracted/Raw/Labels/extreme_sentiment_results.csv#zk2jTlAtvSU/3
EAQ006335,MOSEI,unknown,MOSEI/2cwNG0YuwtQ/18,/root/autodl-tmp/data/datasets/baidupcs/CMU-MOSEI/extracted/Raw/Videos/Full/Combined/2cwNG0YuwtQ.mp4,/root/autodl-tmp/data/datasets/baidupcs/CMU-MOSEI/extracted/Raw/Audio/Full/WAV_16000/2cwNG0YuwtQ.wav,/root/autodl-tmp/data/datasets/baidupcs/CMU-MOSEI/extracted/Raw/Labels/extreme_sentiment_results.csv#18,0.00,0.00,en,high,high,high,true,true,0,0,,,neutral,/root/autodl-tmp/data/datasets/baidupcs/CMU-MOSEI/extracted/Raw/Labels/extreme_sentiment_results.csv#2cwNG0YuwtQ/18
EAQ006336,MOSEI,unknown,MOSEI/fGYbbP8RDLQ/4,/root/autodl-tmp/data/datasets/baidupcs/CMU-MOSEI/extracted/Raw/Videos/Full/Combined/fGYbbP8RDLQ.mp4,/root/autodl-tmp/data/datasets/baidupcs/CMU-MOSEI/extracted/Raw/Audio/Full/WAV_16000/fGYbbP8RDLQ.wav,/root/autodl-tmp/data/datasets/baidupcs/CMU-MOSEI/extracted/Raw/Labels/extreme_sentiment_results.csv#4,0.00,0.00,en,high,high,high,true,true,0,0,,,neutral,/root/autodl-tmp/data/datasets/baidupcs/CMU-MOSEI/extracted/Raw/Labels/extreme_sentiment_results.csv#fGYbbP8RDLQ/4
EAQ006337,MOSEI,unknown,MOSEI/F2M7WbPXRps/8,/root/autodl-tmp/data/datasets/baidupcs/CMU-MOSEI/extracted/Raw/Videos/Full/Combined/F2M7WbPXRps.mp4,/root/autodl-tmp/data/datasets/baidupcs/CMU-MOSEI/extracted/Raw/Audio/Full/WAV_16000/F2M7WbPXRps.wav,/root/autodl-tmp/data/datasets/baidupcs/CMU-MOSEI/extracted/Raw/Labels/extreme_sentiment_results.csv#8,0.00,0.00,en,high,high,high,true,true,0,0,,,neutral,/root/autodl-tmp/data/datasets/baidupcs/CMU-MOSEI/extracted/Raw/Labels/extreme_sentiment_results.csv#F2M7WbPXRps/8
EAQ006338,MOSEI,unknown,MOSEI/6hp1SGhVYfY/1,/root/autodl-tmp/data/datasets/baidupcs/CMU-MOSEI/extracted/Raw/Videos/Full/Combined/6hp1SGhVYfY.mp4,/root/autodl-tmp/data/datasets/baidupcs/CMU-MOSEI/extracted/Raw/Audio/Full/WAV_16000/6hp1SGhVYfY.wav,/root/autodl-tmp/data/datasets/baidupcs/CMU-MOSEI/extracted/Raw/Labels/extreme_sentiment_results.csv#1,0.00,0.00,en,high,high,high,true,true,0,2,,,positive,/root/autodl-tmp/data/datasets/baidupcs/CMU-MOSEI/extracted/Raw/Labels/extreme_sentiment_results.csv#6hp1SGhVYfY/1
EAQ006339,MOSEI,unknown,MOSEI/RzOFxDk26p0/1,/root/autodl-tmp/data/datasets/baidupcs/CMU-MOSEI/extracted/Raw/Videos/Full/Combined/RzOFxDk26p0.mp4,/root/autodl-tmp/data/datasets/baidupcs/CMU-MOSEI/extracted/Raw/Audio/Full/WAV_16000/RzOFxDk26p0.wav,/root/autodl-tmp/data/datasets/baidupcs/CMU-MOSEI/extracted/Raw/Labels/extreme_sentiment_results.csv#1,0.00,0.00,en,high,high,high,true,true,0,2,,,positive,/root/autodl-tmp/data/datasets/baidupcs/CMU-MOSEI/extracted/Raw/Labels/extreme_sentiment_results.csv#RzOFxDk26p0/1
EAQ006340,MOSEI,unknown,MOSEI/663uRzFOfrg/8,/root/autodl-tmp/data/datasets/baidupcs/CMU-MOSEI/extracted/Raw/Videos/Full/Combined/663uRzFOfrg.mp4,/root/autodl-tmp/data/datasets/baidupcs/CMU-MOSEI/extracted/Raw/Audio/Full/WAV_16000/663uRzFOfrg.wav,/root/autodl-tmp/data/datasets/baidupcs/CMU-MOSEI/extracted/Raw/Labels/extreme_sentiment_results.csv#8,0.00,0.00,en,high,high,high,true,true,0,0,,,neutral,/root/autodl-tmp/data/datasets/baidupcs/CMU-MOSEI/extracted/Raw/Labels/extreme_sentiment_results.csv#663uRzFOfrg/8
EAQ006341,MOSEI,unknown,MOSEI/H4w9mU8B3Mc/8,/root/autodl-tmp/data/datasets/baidupcs/CMU-MOSEI/extracted/Raw/Videos/Full/Combined/H4w9mU8B3Mc.mp4,/root/autodl-tmp/data/datasets/baidupcs/CMU-MOSEI/extracted/Raw/Audio/Full/WAV_16000/H4w9mU8B3Mc.wav,/root/autodl-tmp/data/datasets/baidupcs/CMU-MOSEI/extracted/Raw/Labels/extreme_sentiment_results.csv#8,0.00,0.00,en,high,high,high,true,true,0,0,,,neutral,/root/autodl-tmp/data/datasets/baidupcs/CMU-MOSEI/extracted/Raw/Labels/extreme_sentiment_results.csv#H4w9mU8B3Mc/8
EAQ006342,MOSEI,unknown,MOSEI/dlE05KC95uk/18,/root/autodl-tmp/data/datasets/baidupcs/CMU-MOSEI/extracted/Raw/Videos/Full/Combined/dlE05KC95uk.mp4,/root/autodl-tmp/data/datasets/baidupcs/CMU-MOSEI/extracted/Raw/Audio/Full/WAV_16000/dlE05KC95uk.wav,/root/autodl-tmp/data/datasets/baidupcs/CMU-MOSEI/extracted/Raw/Labels/extreme_sentiment_results.csv#18,0.00,0.00,en,high,high,high,true,true,0,2,,,positive,/root/autodl-tmp/data/datasets/baidupcs/CMU-MOSEI/extracted/Raw/Labels/extreme_sentiment_results.csv#dlE05KC95uk/18
EAQ006343,MOSEI,unknown,MOSEI/8wQhzezNcUY/13,/root/autodl-tmp/data/datasets/baidupcs/CMU-MOSEI/extracted/Raw/Videos/Full/Combined/8wQhzezNcUY.mp4,/root/autodl-tmp/data/datasets/baidupcs/CMU-MOSEI/extracted/Raw/Audio/Full/WAV_16000/8wQhzezNcUY.wav,/root/autodl-tmp/data/datasets/baidupcs/CMU-MOSEI/extracted/Raw/Labels/extreme_sentiment_results.csv#13,0.00,0.00,en,high,high,high,true,true,0,1,,,positive,/root/autodl-tmp/data/datasets/baidupcs/CMU-MOSEI/extracted/Raw/Labels/extreme_sentiment_results.csv#8wQhzezNcUY/13
EAQ006344,MOSEI,unknown,MOSEI/t7a3zECpT4k/1,/root/autodl-tmp/data/datasets/baidupcs/CMU-MOSEI/extracted/Raw/Videos/Full/Combined/t7a3zECpT4k.mp4,/root/autodl-tmp/data/datasets/baidupcs/CMU-MOSEI/extracted/Raw/Audio/Full/WAV_16000/t7a3zECpT4k.wav,/root/autodl-tmp/data/datasets/baidupcs/CMU-MOSEI/extracted/Raw/Labels/extreme_sentiment_results.csv#1,0.00,0.00,en,high,high,high,true,true,0,-2,,,negative,/root/autodl-tmp/data/datasets/baidupcs/CMU-MOSEI/extracted/Raw/Labels/extreme_sentiment_results.csv#t7a3zECpT4k/1
EAQ006345,MOSEI,unknown,MOSEI/VzDXgBOe5iI/6,/root/autodl-tmp/data/datasets/baidupcs/CMU-MOSEI/extracted/Raw/Videos/Full/Combined/VzDXgBOe5iI.mp4,/root/autodl-tmp/data/datasets/baidupcs/CMU-MOSEI/extracted/Raw/Audio/Full/WAV_16000/VzDXgBOe5iI.wav,/root/autodl-tmp/data/datasets/baidupcs/CMU-MOSEI/extracted/Raw/Labels/extreme_sentiment_results.csv#6,0.00,0.00,en,high,high,high,true,true,0,1,,,positive,/root/autodl-tmp/data/datasets/baidupcs/CMU-MOSEI/extracted/Raw/Labels/extreme_sentiment_results.csv#VzDXgBOe5iI/6
EAQ006346,MOSEI,unknown,MOSEI/mI50zj8cTNw/2,/root/autodl-tmp/data/datasets/baidupcs/CMU-MOSEI/extracted/Raw/Videos/Full/Combined/mI50zj8cTNw.mp4,/root/autodl-tmp/data/datasets/baidupcs/CMU-MOSEI/extracted/Raw/Audio/Full/WAV_16000/mI50zj8cTNw.wav,/root/autodl-tmp/data/datasets/baidupcs/CMU-MOSEI/extracted/Raw/Labels/extreme_sentiment_results.csv#2,0.00,0.00,en,high,high,high,true,true,0,0,,,neutral,/root/autodl-tmp/data/datasets/baidupcs/CMU-MOSEI/extracted/Raw/Labels/extreme_sentiment_results.csv#mI50zj8cTNw/2
EAQ006347,MOSEI,unknown,MOSEI/5pxFqJ5hKMU/8,/root/autodl-tmp/data/datasets/baidupcs/CMU-MOSEI/extracted/Raw/Videos/Full/Combined/5pxFqJ5hKMU.mp4,/root/autodl-tmp/data/datasets/baidupcs/CMU-MOSEI/extracted/Raw/Audio/Full/WAV_16000/5pxFqJ5hKMU.wav,/root/autodl-tmp/data/datasets/baidupcs/CMU-MOSEI/extracted/Raw/Labels/extreme_sentiment_results.csv#8,0.00,0.00,en,high,high,high,true,true,0,0,,,neutral,/root/autodl-tmp/data/datasets/baidupcs/CMU-MOSEI/extracted/Raw/Labels/extreme_sentiment_results.csv#5pxFqJ5hKMU/8
EAQ006348,MOSEI,unknown,MOSEI/3lkn8MS3n8Q/19,/root/autodl-tmp/data/datasets/baidupcs/CMU-MOSEI/extracted/Raw/Videos/Full/Combined/3lkn8MS3n8Q.mp4,/root/autodl-tmp/data/datasets/baidupcs/CMU-MOSEI/extracted/Raw/Audio/Full/WAV_16000/3lkn8MS3n8Q.wav,/root/autodl-tmp/data/datasets/baidupcs/CMU-MOSEI/extracted/Raw/Labels/extreme_sentiment_results.csv#19,0.00,0.00,en,high,high,high,true,true,0,1,,,positive,/root/autodl-tmp/data/datasets/baidupcs/CMU-MOSEI/extracted/Raw/Labels/extreme_sentiment_results.csv#3lkn8MS3n8Q/19
EAQ006349,MOSEI,unknown,MOSEI/G38DwNDQ8Cc/21,/root/autodl-tmp/data/datasets/baidupcs/CMU-MOSEI/extracted/Raw/Videos/Full/Combined/G38DwNDQ8Cc.mp4,/root/autodl-tmp/data/datasets/baidupcs/CMU-MOSEI/extracted/Raw/Audio/Full/WAV_16000/G38DwNDQ8Cc.wav,/root/autodl-tmp/data/datasets/baidupcs/CMU-MOSEI/extracted/Raw/Labels/extreme_sentiment_results.csv#21,0.00,0.00,en,high,high,high,true,true,0,-1,,,negative,/root/autodl-tmp/data/datasets/baidupcs/CMU-MOSEI/extracted/Raw/Labels/extreme_sentiment_results.csv#G38DwNDQ8Cc/21
EAQ006350,MOSEI,unknown,MOSEI/dCDAcBR505Q/14,/root/autodl-tmp/data/datasets/baidupcs/CMU-MOSEI/extracted/Raw/Videos/Full/Combined/dCDAcBR505Q.mp4,/root/autodl-tmp/data/datasets/baidupcs/CMU-MOSEI/extracted/Raw/Audio/Full/WAV_16000/dCDAcBR505Q.wav,/root/autodl-tmp/data/datasets/baidupcs/CMU-MOSEI/extracted/Raw/Labels/extreme_sentiment_results.csv#14,0.00,0.00,en,high,high,high,true,true,0,0,,,neutral,/root/autodl-tmp/data/datasets/baidupcs/CMU-MOSEI/extracted/Raw/Labels/extreme_sentiment_results.csv#dCDAcBR505Q/14
EAQ006351,MOSEI,unknown,MOSEI/ROC2YI3tDsk/9,/root/autodl-tmp/data/datasets/baidupcs/CMU-MOSEI/extracted/Raw/Videos/Full/Combined/ROC2YI3tDsk.mp4,/root/autodl-tmp/data/datasets/baidupcs/CMU-MOSEI/extracted/Raw/Audio/Full/WAV_16000/ROC2YI3tDsk.wav,/root/autodl-tmp/data/datasets/baidupcs/CMU-MOSEI/extracted/Raw/Labels/extreme_sentiment_results.csv#9,0.00,0.00,en,high,high,high,true,true,0,0,,,neutral,/root/autodl-tmp/data/datasets/baidupcs/CMU-MOSEI/extracted/Raw/Labels/extreme_sentiment_results.csv#ROC2YI3tDsk/9
EAQ006352,MOSEI,unknown,MOSEI/UXvMaHD9kmA/2,/root/autodl-tmp/data/datasets/baidupcs/CMU-MOSEI/extracted/Raw/Videos/Full/Combined/UXvMaHD9kmA.mp4,/root/autodl-tmp/data/datasets/baidupcs/CMU-MOSEI/extracted/Raw/Audio/Full/WAV_16000/UXvMaHD9kmA.wav,/root/autodl-tmp/data/datasets/baidupcs/CMU-MOSEI/extracted/Raw/Labels/extreme_sentiment_results.csv#2,0.00,0.00,en,high,high,high,true,true,0,1,,,positive,/root/autodl-tmp/data/datasets/baidupcs/CMU-MOSEI/extracted/Raw/Labels/extreme_sentiment_results.csv#UXvMaHD9kmA/2
EAQ006353,MOSEI,unknown,MOSEI/G4HMKRdIva0/14,/root/autodl-tmp/data/datasets/baidupcs/CMU-MOSEI/extracted/Raw/Videos/Full/Combined/G4HMKRdIva0.mp4,/root/autodl-tmp/data/datasets/baidupcs/CMU-MOSEI/extracted/Raw/Audio/Full/WAV_16000/G4HMKRdIva0.wav,/root/autodl-tmp/data/datasets/baidupcs/CMU-MOSEI/extracted/Raw/Labels/extreme_sentiment_results.csv#14,0.00,0.00,en,high,high,high,true,true,0,3,,,positive,/root/autodl-tmp/data/datasets/baidupcs/CMU-MOSEI/extracted/Raw/Labels/extreme_sentiment_results.csv#G4HMKRdIva0/14
EAQ006354,MOSEI,unknown,MOSEI/_7HVhnSYX1Y/14,/root/autodl-tmp/data/datasets/baidupcs/CMU-MOSEI/extracted/Raw/Videos/Full/Combined/_7HVhnSYX1Y.mp4,/root/autodl-tmp/data/datasets/baidupcs/CMU-MOSEI/extracted/Raw/Audio/Full/WAV_16000/_7HVhnSYX1Y.wav,/root/autodl-tmp/data/datasets/baidupcs/CMU-MOSEI/extracted/Raw/Labels/extreme_sentiment_results.csv#14,0.00,0.00,en,high,high,high,true,true,0,0,,,neutral,/root/autodl-tmp/data/datasets/baidupcs/CMU-MOSEI/extracted/Raw/Labels/extreme_sentiment_results.csv#_7HVhnSYX1Y/14
EAQ006355,MOSEI,unknown,MOSEI/tL8RzwWSmAE/1,/root/autodl-tmp/data/datasets/baidupcs/CMU-MOSEI/extracted/Raw/Videos/Full/Combined/tL8RzwWSmAE.mp4,/root/autodl-tmp/data/datasets/baidupcs/CMU-MOSEI/extracted/Raw/Audio/Full/WAV_16000/tL8RzwWSmAE.wav,/root/autodl-tmp/data/datasets/baidupcs/CMU-MOSEI/extracted/Raw/Labels/extreme_sentiment_results.csv#1,0.00,0.00,en,high,high,high,true,true,1,-2,,,negative,/root/autodl-tmp/data/datasets/baidupcs/CMU-MOSEI/extracted/Raw/Labels/extreme_sentiment_results.csv#tL8RzwWSmAE/1
EAQ006356,MOSEI,unknown,MOSEI/M2Pb2kx77ww/4,/root/autodl-tmp/data/datasets/baidupcs/CMU-MOSEI/extracted/Raw/Videos/Full/Combined/M2Pb2kx77ww.mp4,/root/autodl-tmp/data/datasets/baidupcs/CMU-MOSEI/extracted/Raw/Audio/Full/WAV_16000/M2Pb2kx77ww.wav,/root/autodl-tmp/data/datasets/baidupcs/CMU-MOSEI/extracted/Raw/Labels/extreme_sentiment_results.csv#4,0.00,0.00,en,high,high,high,true,true,0,0,,,neutral,/root/autodl-tmp/data/datasets/baidupcs/CMU-MOSEI/extracted/Raw/Labels/extreme_sentiment_results.csv#M2Pb2kx77ww/4
EAQ006357,MOSEI,unknown,MOSEI/XAT2IfFFAU0/7,/root/autodl-tmp/data/datasets/baidupcs/CMU-MOSEI/extracted/Raw/Videos/Full/Combined/XAT2IfFFAU0.mp4,/root/autodl-tmp/data/datasets/baidupcs/CMU-MOSEI/extracted/Raw/Audio/Full/WAV_16000/XAT2IfFFAU0.wav,/root/autodl-tmp/data/datasets/baidupcs/CMU-MOSEI/extracted/Raw/Labels/extreme_sentiment_results.csv#7,0.00,0.00,en,high,high,high,true,true,0,0,,,neutral,/root/autodl-tmp/data/datasets/baidupcs/CMU-MOSEI/extracted/Raw/Labels/extreme_sentiment_results.csv#XAT2IfFFAU0/7
EAQ006358,MOSEI,unknown,MOSEI/4oeKDFIaL7o/1,/root/autodl-tmp/data/datasets/baidupcs/CMU-MOSEI/extracted/Raw/Videos/Full/Combined/4oeKDFIaL7o.mp4,/root/autodl-tmp/data/datasets/baidupcs/CMU-MOSEI/extracted/Raw/Audio/Full/WAV_16000/4oeKDFIaL7o.wav,/root/autodl-tmp/data/datasets/baidupcs/CMU-MOSEI/extracted/Raw/Labels/extreme_sentiment_results.csv#1,0.00,0.00,en,high,high,high,true,true,0,0,,,neutral,/root/autodl-tmp/data/datasets/baidupcs/CMU-MOSEI/extracted/Raw/Labels/extreme_sentiment_results.csv#4oeKDFIaL7o/1
EAQ006359,MOSEI,unknown,MOSEI/BRzjQHYWbSs/19,/root/autodl-tmp/data/datasets/baidupcs/CMU-MOSEI/extracted/Raw/Videos/Full/Combined/BRzjQHYWbSs.mp4,/root/autodl-tmp/data/datasets/baidupcs/CMU-MOSEI/extracted/Raw/Audio/Full/WAV_16000/BRzjQHYWbSs.wav,/root/autodl-tmp/data/datasets/baidupcs/CMU-MOSEI/extracted/Raw/Labels/extreme_sentiment_results.csv#19,0.00,0.00,en,high,high,high,true,true,0,0,,,neutral,/root/autodl-tmp/data/datasets/baidupcs/CMU-MOSEI/extracted/Raw/Labels/extreme_sentiment_results.csv#BRzjQHYWbSs/19
EAQ006360,MOSEI,unknown,MOSEI/3aD0xAgxxyw/0,/root/autodl-tmp/data/datasets/baidupcs/CMU-MOSEI/extracted/Raw/Videos/Full/Combined/3aD0xAgxxyw.mp4,/root/autodl-tmp/data/datasets/baidupcs/CMU-MOSEI/extracted/Raw/Audio/Full/WAV_16000/3aD0xAgxxyw.wav,/root/autodl-tmp/data/datasets/baidupcs/CMU-MOSEI/extracted/Raw/Labels/extreme_sentiment_results.csv#0,0.00,0.00,en,high,high,high,true,true,0,1,,,positive,/root/autodl-tmp/data/datasets/baidupcs/CMU-MOSEI/extracted/Raw/Labels/extreme_sentiment_results.csv#3aD0xAgxxyw/0
EAQ006361,MOSEI,unknown,MOSEI/nTBKtwqPIYw/3,/root/autodl-tmp/data/datasets/baidupcs/CMU-MOSEI/extracted/Raw/Videos/Full/Combined/nTBKtwqPIYw.mp4,/root/autodl-tmp/data/datasets/baidupcs/CMU-MOSEI/extracted/Raw/Audio/Full/WAV_16000/nTBKtwqPIYw.wav,/root/autodl-tmp/data/datasets/baidupcs/CMU-MOSEI/extracted/Raw/Labels/extreme_sentiment_results.csv#3,0.00,0.00,en,high,high,high,true,true,0,1,,,positive,/root/autodl-tmp/data/datasets/baidupcs/CMU-MOSEI/extracted/Raw/Labels/extreme_sentiment_results.csv#nTBKtwqPIYw/3
EAQ006362,MOSEI,unknown,MOSEI/hThsntvCk2s/8,/root/autodl-tmp/data/datasets/baidupcs/CMU-MOSEI/extracted/Raw/Videos/Full/Combined/hThsntvCk2s.mp4,/root/autodl-tmp/data/datasets/baidupcs/CMU-MOSEI/extracted/Raw/Audio/Full/WAV_16000/hThsntvCk2s.wav,/root/autodl-tmp/data/datasets/baidupcs/CMU-MOSEI/extracted/Raw/Labels/extreme_sentiment_results.csv#8,0.00,0.00,en,high,high,high,true,true,0,1,,,positive,/root/autodl-tmp/data/datasets/baidupcs/CMU-MOSEI/extracted/Raw/Labels/extreme_sentiment_results.csv#hThsntvCk2s/8
EAQ006363,MOSEI,unknown,MOSEI/e7_2U4lm6TE/24,/root/autodl-tmp/data/datasets/baidupcs/CMU-MOSEI/extracted/Raw/Videos/Full/Combined/e7_2U4lm6TE.mp4,/root/autodl-tmp/data/datasets/baidupcs/CMU-MOSEI/extracted/Raw/Audio/Full/WAV_16000/e7_2U4lm6TE.wav,/root/autodl-tmp/data/datasets/baidupcs/CMU-MOSEI/extracted/Raw/Labels/extreme_sentiment_results.csv#24,0.00,0.00,en,high,high,high,true,true,1,-1,,,negative,/root/autodl-tmp/data/datasets/baidupcs/CMU-MOSEI/extracted/Raw/Labels/extreme_sentiment_results.csv#e7_2U4lm6TE/24
EAQ006364,MOSEI,unknown,MOSEI/TqQgIxR7thU/0,/root/autodl-tmp/data/datasets/baidupcs/CMU-MOSEI/extracted/Raw/Videos/Full/Combined/TqQgIxR7thU.mp4,/root/autodl-tmp/data/datasets/baidupcs/CMU-MOSEI/extracted/Raw/Audio/Full/WAV_16000/TqQgIxR7thU.wav,/root/autodl-tmp/data/datasets/baidupcs/CMU-MOSEI/extracted/Raw/Labels/extreme_sentiment_results.csv#0,0.00,0.00,en,high,high,high,true,true,0,0,,,neutral,/root/autodl-tmp/data/datasets/baidupcs/CMU-MOSEI/extracted/Raw/Labels/extreme_sentiment_results.csv#TqQgIxR7thU/0
EAQ006365,MOSEI,unknown,MOSEI/yDIFWzOBjXc/27,/root/autodl-tmp/data/datasets/baidupcs/CMU-MOSEI/extracted/Raw/Videos/Full/Combined/yDIFWzOBjXc.mp4,/root/autodl-tmp/data/datasets/baidupcs/CMU-MOSEI/extracted/Raw/Audio/Full/WAV_16000/yDIFWzOBjXc.wav,/root/autodl-tmp/data/datasets/baidupcs/CMU-MOSEI/extracted/Raw/Labels/extreme_sentiment_results.csv#27,0.00,0.00,en,high,high,high,true,true,0,0,,,neutral,/root/autodl-tmp/data/datasets/baidupcs/CMU-MOSEI/extracted/Raw/Labels/extreme_sentiment_results.csv#yDIFWzOBjXc/27
EAQ006366,MOSEI,unknown,MOSEI/RsE2gYghZ2s/2,/root/autodl-tmp/data/datasets/baidupcs/CMU-MOSEI/extracted/Raw/Videos/Full/Combined/RsE2gYghZ2s.mp4,/root/autodl-tmp/data/datasets/baidupcs/CMU-MOSEI/extracted/Raw/Audio/Full/WAV_16000/RsE2gYghZ2s.wav,/root/autodl-tmp/data/datasets/baidupcs/CMU-MOSEI/extracted/Raw/Labels/extreme_sentiment_results.csv#2,0.00,0.00,en,high,high,high,true,true,2,0,,,neutral,/root/autodl-tmp/data/datasets/baidupcs/CMU-MOSEI/extracted/Raw/Labels/extreme_sentiment_results.csv#RsE2gYghZ2s/2
EAQ006367,MOSEI,unknown,MOSEI/O_fTDhCtAhw/6,/root/autodl-tmp/data/datasets/baidupcs/CMU-MOSEI/extracted/Raw/Videos/Full/Combined/O_fTDhCtAhw.mp4,/root/autodl-tmp/data/datasets/baidupcs/CMU-MOSEI/extracted/Raw/Audio/Full/WAV_16000/O_fTDhCtAhw.wav,/root/autodl-tmp/data/datasets/baidupcs/CMU-MOSEI/extracted/Raw/Labels/extreme_sentiment_results.csv#6,0.00,0.00,en,high,high,high,true,true,0,0,,,neutral,/root/autodl-tmp/data/datasets/baidupcs/CMU-MOSEI/extracted/Raw/Labels/extreme_sentiment_results.csv#O_fTDhCtAhw/6
EAQ006368,MOSEI,unknown,MOSEI/-lqc32Zpr7M/0,/root/autodl-tmp/data/datasets/baidupcs/CMU-MOSEI/extracted/Raw/Videos/Full/Combined/-lqc32Zpr7M.mp4,/root/autodl-tmp/data/datasets/baidupcs/CMU-MOSEI/extracted/Raw/Audio/Full/WAV_16000/-lqc32Zpr7M.wav,/root/autodl-tmp/data/datasets/baidupcs/CMU-MOSEI/extracted/Raw/Labels/extreme_sentiment_results.csv#0,0.00,0.00,en,high,high,high,true,true,0,0,,,neutral,/root/autodl-tmp/data/datasets/baidupcs/CMU-MOSEI/extracted/Raw/Labels/extreme_sentiment_results.csv#-lqc32Zpr7M/0
EAQ006369,MOSEI,unknown,MOSEI/6TDXQtGUNEs/2,/root/autodl-tmp/data/datasets/baidupcs/CMU-MOSEI/extracted/Raw/Videos/Full/Combined/6TDXQtGUNEs.mp4,/root/autodl-tmp/data/datasets/baidupcs/CMU-MOSEI/extracted/Raw/Audio/Full/WAV_16000/6TDXQtGUNEs.wav,/root/autodl-tmp/data/datasets/baidupcs/CMU-MOSEI/extracted/Raw/Labels/extreme_sentiment_results.csv#2,0.00,0.00,en,high,high,high,true,true,0,0,,,neutral,/root/autodl-tmp/data/datasets/baidupcs/CMU-MOSEI/extracted/Raw/Labels/extreme_sentiment_results.csv#6TDXQtGUNEs/2
EAQ006370,MOSEI,unknown,MOSEI/5wpCKY2U1NE/10,/root/autodl-tmp/data/datasets/baidupcs/CMU-MOSEI/extracted/Raw/Videos/Full/Combined/5wpCKY2U1NE.mp4,/root/autodl-tmp/data/datasets/baidupcs/CMU-MOSEI/extracted/Raw/Audio/Full/WAV_16000/5wpCKY2U1NE.wav,/root/autodl-tmp/data/datasets/baidupcs/CMU-MOSEI/extracted/Raw/Labels/extreme_sentiment_results.csv#10,0.00,0.00,en,high,high,high,true,true,0,0,,,neutral,/root/autodl-tmp/data/datasets/baidupcs/CMU-MOSEI/extracted/Raw/Labels/extreme_sentiment_results.csv#5wpCKY2U1NE/10
EAQ006371,MOSEI,unknown,MOSEI/DEFDuYyc-Xw/4,/root/autodl-tmp/data/datasets/baidupcs/CMU-MOSEI/extracted/Raw/Videos/Full/Combined/DEFDuYyc-Xw.mp4,/root/autodl-tmp/data/datasets/baidupcs/CMU-MOSEI/extracted/Raw/Audio/Full/WAV_16000/DEFDuYyc-Xw.wav,/root/autodl-tmp/data/datasets/baidupcs/CMU-MOSEI/extracted/Raw/Labels/extreme_sentiment_results.csv#4,0.00,0.00,en,high,high,high,true,true,0,0,,,neutral,/root/autodl-tmp/data/datasets/baidupcs/CMU-MOSEI/extracted/Raw/Labels/extreme_sentiment_results.csv#DEFDuYyc-Xw/4
EAQ006372,MOSEI,unknown,MOSEI/RqOgkJbqFXg/4,/root/autodl-tmp/data/datasets/baidupcs/CMU-MOSEI/extracted/Raw/Videos/Full/Combined/RqOgkJbqFXg.mp4,/root/autodl-tmp/data/datasets/baidupcs/CMU-MOSEI/extracted/Raw/Audio/Full/WAV_16000/RqOgkJbqFXg.wav,/root/autodl-tmp/data/datasets/baidupcs/CMU-MOSEI/extracted/Raw/Labels/extreme_sentiment_results.csv#4,0.00,0.00,en,high,high,high,true,true,0,0,,,neutral,/root/autodl-tmp/data/datasets/baidupcs/CMU-MOSEI/extracted/Raw/Labels/extreme_sentiment_results.csv#RqOgkJbqFXg/4
EAQ006373,MOSEI,unknown,MOSEI/XrNaL-MTjXg/2,/root/autodl-tmp/data/datasets/baidupcs/CMU-MOSEI/extracted/Raw/Videos/Full/Combined/XrNaL-MTjXg.mp4,/root/autodl-tmp/data/datasets/baidupcs/CMU-MOSEI/extracted/Raw/Audio/Full/WAV_16000/XrNaL-MTjXg.wav,/root/autodl-tmp/data/datasets/baidupcs/CMU-MOSEI/extracted/Raw/Labels/extreme_sentiment_results.csv#2,0.00,0.00,en,high,high,high,true,true,0,0,,,neutral,/root/autodl-tmp/data/datasets/baidupcs/CMU-MOSEI/extracted/Raw/Labels/extreme_sentiment_results.csv#XrNaL-MTjXg/2
EAQ006374,MOSEI,unknown,MOSEI/K1VeXZxR24U/4,/root/autodl-tmp/data/datasets/baidupcs/CMU-MOSEI/extracted/Raw/Videos/Full/Combined/K1VeXZxR24U.mp4,/root/autodl-tmp/data/datasets/baidupcs/CMU-MOSEI/extracted/Raw/Audio/Full/WAV_16000/K1VeXZxR24U.wav,/root/autodl-tmp/data/datasets/baidupcs/CMU-MOSEI/extracted/Raw/Labels/extreme_sentiment_results.csv#4,0.00,0.00,en,high,high,high,true,true,0,-2,,,negative,/root/autodl-tmp/data/datasets/baidupcs/CMU-MOSEI/extracted/Raw/Labels/extreme_sentiment_results.csv#K1VeXZxR24U/4
EAQ006375,MOSEI,unknown,MOSEI/vi0FsBCqfRE/12,/root/autodl-tmp/data/datasets/baidupcs/CMU-MOSEI/extracted/Raw/Videos/Full/Combined/vi0FsBCqfRE.mp4,/root/autodl-tmp/data/datasets/baidupcs/CMU-MOSEI/extracted/Raw/Audio/Full/WAV_16000/vi0FsBCqfRE.wav,/root/autodl-tmp/data/datasets/baidupcs/CMU-MOSEI/extracted/Raw/Labels/extreme_sentiment_results.csv#12,0.00,0.00,en,high,high,high,true,true,0,0,,,neutral,/root/autodl-tmp/data/datasets/baidupcs/CMU-MOSEI/extracted/Raw/Labels/extreme_sentiment_results.csv#vi0FsBCqfRE/12
EAQ006376,MOSEI,unknown,MOSEI/CzstrpOTtgo/3,/root/autodl-tmp/data/datasets/baidupcs/CMU-MOSEI/extracted/Raw/Videos/Full/Combined/CzstrpOTtgo.mp4,/root/autodl-tmp/data/datasets/baidupcs/CMU-MOSEI/extracted/Raw/Audio/Full/WAV_16000/CzstrpOTtgo.wav,/root/autodl-tmp/data/datasets/baidupcs/CMU-MOSEI/extracted/Raw/Labels/extreme_sentiment_results.csv#3,0.00,0.00,en,high,high,high,true,true,0,0,,,neutral,/root/autodl-tmp/data/datasets/baidupcs/CMU-MOSEI/extracted/Raw/Labels/extreme_sentiment_results.csv#CzstrpOTtgo/3
EAQ006377,MOSEI,unknown,MOSEI/UmB5c_QqUPs/13,/root/autodl-tmp/data/datasets/baidupcs/CMU-MOSEI/extracted/Raw/Videos/Full/Combined/UmB5c_QqUPs.mp4,/root/autodl-tmp/data/datasets/baidupcs/CMU-MOSEI/extracted/Raw/Audio/Full/WAV_16000/UmB5c_QqUPs.wav,/root/autodl-tmp/data/datasets/baidupcs/CMU-MOSEI/extracted/Raw/Labels/extreme_sentiment_results.csv#13,0.00,0.00,en,high,high,high,true,true,0,2,,,positive,/root/autodl-tmp/data/datasets/baidupcs/CMU-MOSEI/extracted/Raw/Labels/extreme_sentiment_results.csv#UmB5c_QqUPs/13
EAQ006378,MOSEI,unknown,MOSEI/jj8aSNPHMw8/0,/root/autodl-tmp/data/datasets/baidupcs/CMU-MOSEI/extracted/Raw/Videos/Full/Combined/jj8aSNPHMw8.mp4,/root/autodl-tmp/data/datasets/baidupcs/CMU-MOSEI/extracted/Raw/Audio/Full/WAV_16000/jj8aSNPHMw8.wav,/root/autodl-tmp/data/datasets/baidupcs/CMU-MOSEI/extracted/Raw/Labels/extreme_sentiment_results.csv#0,0.00,0.00,en,high,high,high,true,true,0,2,,,positive,/root/autodl-tmp/data/datasets/baidupcs/CMU-MOSEI/extracted/Raw/Labels/extreme_sentiment_results.csv#jj8aSNPHMw8/0
EAQ006379,MOSEI,unknown,MOSEI/PHZIx22aFhU/0,/root/autodl-tmp/data/datasets/baidupcs/CMU-MOSEI/extracted/Raw/Videos/Full/Combined/PHZIx22aFhU.mp4,/root/autodl-tmp/data/datasets/baidupcs/CMU-MOSEI/extracted/Raw/Audio/Full/WAV_16000/PHZIx22aFhU.wav,/root/autodl-tmp/data/datasets/baidupcs/CMU-MOSEI/extracted/Raw/Labels/extreme_sentiment_results.csv#0,0.00,0.00,en,high,high,high,true,true,0,2,,,positive,/root/autodl-tmp/data/datasets/baidupcs/CMU-MOSEI/extracted/Raw/Labels/extreme_sentiment_results.csv#PHZIx22aFhU/0
EAQ006380,MOSEI,unknown,MOSEI/GUffC7vu9zA/26,/root/autodl-tmp/data/datasets/baidupcs/CMU-MOSEI/extracted/Raw/Videos/Full/Combined/GUffC7vu9zA.mp4,/root/autodl-tmp/data/datasets/baidupcs/CMU-MOSEI/extracted/Raw/Audio/Full/WAV_16000/GUffC7vu9zA.wav,/root/autodl-tmp/data/datasets/baidupcs/CMU-MOSEI/extracted/Raw/Labels/extreme_sentiment_results.csv#26,0.00,0.00,en,high,high,high,true,true,0,0,,,neutral,/root/autodl-tmp/data/datasets/baidupcs/CMU-MOSEI/extracted/Raw/Labels/extreme_sentiment_results.csv#GUffC7vu9zA/26
EAQ006381,MOSEI,unknown,MOSEI/avW2m6VHTyg/0,/root/autodl-tmp/data/datasets/baidupcs/CMU-MOSEI/extracted/Raw/Videos/Full/Combined/avW2m6VHTyg.mp4,/root/autodl-tmp/data/datasets/baidupcs/CMU-MOSEI/extracted/Raw/Audio/Full/WAV_16000/avW2m6VHTyg.wav,/root/autodl-tmp/data/datasets/baidupcs/CMU-MOSEI/extracted/Raw/Labels/extreme_sentiment_results.csv#0,0.00,0.00,en,high,high,high,true,true,0,2,,,positive,/root/autodl-tmp/data/datasets/baidupcs/CMU-MOSEI/extracted/Raw/Labels/extreme_sentiment_results.csv#avW2m6VHTyg/0
EAQ006382,MOSEI,unknown,MOSEI/oecQ9yDtfx0/5,/root/autodl-tmp/data/datasets/baidupcs/CMU-MOSEI/extracted/Raw/Videos/Full/Combined/oecQ9yDtfx0.mp4,/root/autodl-tmp/data/datasets/baidupcs/CMU-MOSEI/extracted/Raw/Audio/Full/WAV_16000/oecQ9yDtfx0.wav,/root/autodl-tmp/data/datasets/baidupcs/CMU-MOSEI/extracted/Raw/Labels/extreme_sentiment_results.csv#5,0.00,0.00,en,high,high,high,true,true,0,1,,,positive,/root/autodl-tmp/data/datasets/baidupcs/CMU-MOSEI/extracted/Raw/Labels/extreme_sentiment_results.csv#oecQ9yDtfx0/5
EAQ006383,MOSEI,unknown,MOSEI/unOeTDc2rlY/8,/root/autodl-tmp/data/datasets/baidupcs/CMU-MOSEI/extracted/Raw/Videos/Full/Combined/unOeTDc2rlY.mp4,/root/autodl-tmp/data/datasets/baidupcs/CMU-MOSEI/extracted/Raw/Audio/Full/WAV_16000/unOeTDc2rlY.wav,/root/autodl-tmp/data/datasets/baidupcs/CMU-MOSEI/extracted/Raw/Labels/extreme_sentiment_results.csv#8,0.00,0.00,en,high,high,high,true,true,0,0,,,neutral,/root/autodl-tmp/data/datasets/baidupcs/CMU-MOSEI/extracted/Raw/Labels/extreme_sentiment_results.csv#unOeTDc2rlY/8
EAQ006384,MOSEI,unknown,MOSEI/yp6Gd2NPwOU/10,/root/autodl-tmp/data/datasets/baidupcs/CMU-MOSEI/extracted/Raw/Videos/Full/Combined/yp6Gd2NPwOU.mp4,/root/autodl-tmp/data/datasets/baidupcs/CMU-MOSEI/extracted/Raw/Audio/Full/WAV_16000/yp6Gd2NPwOU.wav,/root/autodl-tmp/data/datasets/baidupcs/CMU-MOSEI/extracted/Raw/Labels/extreme_sentiment_results.csv#10,0.00,0.00,en,high,high,high,true,true,0,0,,,neutral,/root/autodl-tmp/data/datasets/baidupcs/CMU-MOSEI/extracted/Raw/Labels/extreme_sentiment_results.csv#yp6Gd2NPwOU/10
EAQ006385,MOSEI,unknown,MOSEI/BseI8-TYWm8/2,/root/autodl-tmp/data/datasets/baidupcs/CMU-MOSEI/extracted/Raw/Videos/Full/Combined/BseI8-TYWm8.mp4,/root/autodl-tmp/data/datasets/baidupcs/CMU-MOSEI/extracted/Raw/Audio/Full/WAV_16000/BseI8-TYWm8.wav,/root/autodl-tmp/data/datasets/baidupcs/CMU-MOSEI/extracted/Raw/Labels/extreme_sentiment_results.csv#2,0.00,0.00,en,high,high,high,true,true,0,0,,,neutral,/root/autodl-tmp/data/datasets/baidupcs/CMU-MOSEI/extracted/Raw/Labels/extreme_sentiment_results.csv#BseI8-TYWm8/2
EAQ006386,MOSEI,unknown,MOSEI/oZxMx8e0x2U/2,/root/autodl-tmp/data/datasets/baidupcs/CMU-MOSEI/extracted/Raw/Videos/Full/Combined/oZxMx8e0x2U.mp4,/root/autodl-tmp/data/datasets/baidupcs/CMU-MOSEI/extracted/Raw/Audio/Full/WAV_16000/oZxMx8e0x2U.wav,/root/autodl-tmp/data/datasets/baidupcs/CMU-MOSEI/extracted/Raw/Labels/extreme_sentiment_results.csv#2,0.00,0.00,en,high,high,high,true,true,0,0,,,neutral,/root/autodl-tmp/data/datasets/baidupcs/CMU-MOSEI/extracted/Raw/Labels/extreme_sentiment_results.csv#oZxMx8e0x2U/2
EAQ006387,MOSEI,unknown,MOSEI/rwNlqh0k1j4/7,/root/autodl-tmp/data/datasets/baidupcs/CMU-MOSEI/extracted/Raw/Videos/Full/Combined/rwNlqh0k1j4.mp4,/root/autodl-tmp/data/datasets/baidupcs/CMU-MOSEI/extracted/Raw/Audio/Full/WAV_16000/rwNlqh0k1j4.wav,/root/autodl-tmp/data/datasets/baidupcs/CMU-MOSEI/extracted/Raw/Labels/extreme_sentiment_results.csv#7,0.00,0.00,en,high,high,high,true,true,2,-3,,,negative,/root/autodl-tmp/data/datasets/baidupcs/CMU-MOSEI/extracted/Raw/Labels/extreme_sentiment_results.csv#rwNlqh0k1j4/7
EAQ006388,MOSEI,unknown,MOSEI/H9mSft9YGuk/7,/root/autodl-tmp/data/datasets/baidupcs/CMU-MOSEI/extracted/Raw/Videos/Full/Combined/H9mSft9YGuk.mp4,/root/autodl-tmp/data/datasets/baidupcs/CMU-MOSEI/extracted/Raw/Audio/Full/WAV_16000/H9mSft9YGuk.wav,/root/autodl-tmp/data/datasets/baidupcs/CMU-MOSEI/extracted/Raw/Labels/extreme_sentiment_results.csv#7,0.00,0.00,en,high,high,high,true,true,0,0,,,neutral,/root/autodl-tmp/data/datasets/baidupcs/CMU-MOSEI/extracted/Raw/Labels/extreme_sentiment_results.csv#H9mSft9YGuk/7
EAQ006389,MOSEI,unknown,MOSEI/aE-X_QdDaqQ/13,/root/autodl-tmp/data/datasets/baidupcs/CMU-MOSEI/extracted/Raw/Videos/Full/Combined/aE-X_QdDaqQ.mp4,/root/autodl-tmp/data/datasets/baidupcs/CMU-MOSEI/extracted/Raw/Audio/Full/WAV_16000/aE-X_QdDaqQ.wav,/root/autodl-tmp/data/datasets/baidupcs/CMU-MOSEI/extracted/Raw/Labels/extreme_sentiment_results.csv#13,0.00,0.00,en,high,high,high,true,true,0,0,,,neutral,/root/autodl-tmp/data/datasets/baidupcs/CMU-MOSEI/extracted/Raw/Labels/extreme_sentiment_results.csv#aE-X_QdDaqQ/13
EAQ006390,MOSEI,unknown,MOSEI/HJTxq72GuMs/14,/root/autodl-tmp/data/datasets/baidupcs/CMU-MOSEI/extracted/Raw/Videos/Full/Combined/HJTxq72GuMs.mp4,/root/autodl-tmp/data/datasets/baidupcs/CMU-MOSEI/extracted/Raw/Audio/Full/WAV_16000/HJTxq72GuMs.wav,/root/autodl-tmp/data/datasets/baidupcs/CMU-MOSEI/extracted/Raw/Labels/extreme_sentiment_results.csv#14,0.00,0.00,en,high,high,high,true,true,0,0,,,neutral,/root/autodl-tmp/data/datasets/baidupcs/CMU-MOSEI/extracted/Raw/Labels/extreme_sentiment_results.csv#HJTxq72GuMs/14
EAQ006391,MOSEI,unknown,MOSEI/7mb8Y2AhXIY/6,/root/autodl-tmp/data/datasets/baidupcs/CMU-MOSEI/extracted/Raw/Videos/Full/Combined/7mb8Y2AhXIY.mp4,/root/autodl-tmp/data/datasets/baidupcs/CMU-MOSEI/extracted/Raw/Audio/Full/WAV_16000/7mb8Y2AhXIY.wav,/root/autodl-tmp/data/datasets/baidupcs/CMU-MOSEI/extracted/Raw/Labels/extreme_sentiment_results.csv#6,0.00,0.00,en,high,high,high,true,true,0,2,,,positive,/root/autodl-tmp/data/datasets/baidupcs/CMU-MOSEI/extracted/Raw/Labels/extreme_sentiment_results.csv#7mb8Y2AhXIY/6
EAQ006392,MOSEI,unknown,MOSEI/mHGaQ_nv9UY/11,/root/autodl-tmp/data/datasets/baidupcs/CMU-MOSEI/extracted/Raw/Videos/Full/Combined/mHGaQ_nv9UY.mp4,/root/autodl-tmp/data/datasets/baidupcs/CMU-MOSEI/extracted/Raw/Audio/Full/WAV_16000/mHGaQ_nv9UY.wav,/root/autodl-tmp/data/datasets/baidupcs/CMU-MOSEI/extracted/Raw/Labels/extreme_sentiment_results.csv#11,0.00,0.00,en,high,high,high,true,true,0,0,,,neutral,/root/autodl-tmp/data/datasets/baidupcs/CMU-MOSEI/extracted/Raw/Labels/extreme_sentiment_results.csv#mHGaQ_nv9UY/11
EAQ006393,MOSEI,unknown,MOSEI/G4HMKRdIva0/8,/root/autodl-tmp/data/datasets/baidupcs/CMU-MOSEI/extracted/Raw/Videos/Full/Combined/G4HMKRdIva0.mp4,/root/autodl-tmp/data/datasets/baidupcs/CMU-MOSEI/extracted/Raw/Audio/Full/WAV_16000/G4HMKRdIva0.wav,/root/autodl-tmp/data/datasets/baidupcs/CMU-MOSEI/extracted/Raw/Labels/extreme_sentiment_results.csv#8,0.00,0.00,en,high,high,high,true,true,0,2,,,positive,/root/autodl-tmp/data/datasets/baidupcs/CMU-MOSEI/extracted/Raw/Labels/extreme_sentiment_results.csv#G4HMKRdIva0/8
EAQ006394,MOSEI,unknown,MOSEI/uogwnZGb-iE/22,/root/autodl-tmp/data/datasets/baidupcs/CMU-MOSEI/extracted/Raw/Videos/Full/Combined/uogwnZGb-iE.mp4,/root/autodl-tmp/data/datasets/baidupcs/CMU-MOSEI/extracted/Raw/Audio/Full/WAV_16000/uogwnZGb-iE.wav,/root/autodl-tmp/data/datasets/baidupcs/CMU-MOSEI/extracted/Raw/Labels/extreme_sentiment_results.csv#22,0.00,0.00,en,high,high,high,true,true,0,1,,,positive,/root/autodl-tmp/data/datasets/baidupcs/CMU-MOSEI/extracted/Raw/Labels/extreme_sentiment_results.csv#uogwnZGb-iE/22
EAQ006395,MOSEI,unknown,MOSEI/We5nTulz1Vs/5,/root/autodl-tmp/data/datasets/baidupcs/CMU-MOSEI/extracted/Raw/Videos/Full/Combined/We5nTulz1Vs.mp4,/root/autodl-tmp/data/datasets/baidupcs/CMU-MOSEI/extracted/Raw/Audio/Full/WAV_16000/We5nTulz1Vs.wav,/root/autodl-tmp/data/datasets/baidupcs/CMU-MOSEI/extracted/Raw/Labels/extreme_sentiment_results.csv#5,0.00,0.00,en,high,high,high,true,true,3,0,,,neutral,/root/autodl-tmp/data/datasets/baidupcs/CMU-MOSEI/extracted/Raw/Labels/extreme_sentiment_results.csv#We5nTulz1Vs/5
EAQ006396,MOSEI,unknown,MOSEI/HR18U0yAlTc/10,/root/autodl-tmp/data/datasets/baidupcs/CMU-MOSEI/extracted/Raw/Videos/Full/Combined/HR18U0yAlTc.mp4,/root/autodl-tmp/data/datasets/baidupcs/CMU-MOSEI/extracted/Raw/Audio/Full/WAV_16000/HR18U0yAlTc.wav,/root/autodl-tmp/data/datasets/baidupcs/CMU-MOSEI/extracted/Raw/Labels/extreme_sentiment_results.csv#10,0.00,0.00,en,high,high,high,true,true,0,0,,,neutral,/root/autodl-tmp/data/datasets/baidupcs/CMU-MOSEI/extracted/Raw/Labels/extreme_sentiment_results.csv#HR18U0yAlTc/10
EAQ006397,MOSEI,unknown,MOSEI/rFHIApgUtoI/3,/root/autodl-tmp/data/datasets/baidupcs/CMU-MOSEI/extracted/Raw/Videos/Full/Combined/rFHIApgUtoI.mp4,/root/autodl-tmp/data/datasets/baidupcs/CMU-MOSEI/extracted/Raw/Audio/Full/WAV_16000/rFHIApgUtoI.wav,/root/autodl-tmp/data/datasets/baidupcs/CMU-MOSEI/extracted/Raw/Labels/extreme_sentiment_results.csv#3,0.00,0.00,en,high,high,high,true,true,0,-1,,,negative,/root/autodl-tmp/data/datasets/baidupcs/CMU-MOSEI/extracted/Raw/Labels/extreme_sentiment_results.csv#rFHIApgUtoI/3
EAQ006398,MOSEI,unknown,MOSEI/p5LEk2u8tXk/8,/root/autodl-tmp/data/datasets/baidupcs/CMU-MOSEI/extracted/Raw/Videos/Full/Combined/p5LEk2u8tXk.mp4,/root/autodl-tmp/data/datasets/baidupcs/CMU-MOSEI/extracted/Raw/Audio/Full/WAV_16000/p5LEk2u8tXk.wav,/root/autodl-tmp/data/datasets/baidupcs/CMU-MOSEI/extracted/Raw/Labels/extreme_sentiment_results.csv#8,0.00,0.00,en,high,high,high,true,true,0,0,,,neutral,/root/autodl-tmp/data/datasets/baidupcs/CMU-MOSEI/extracted/Raw/Labels/extreme_sentiment_results.csv#p5LEk2u8tXk/8
EAQ006399,MOSEI,unknown,MOSEI/kfsO4c0Ekes/9,/root/autodl-tmp/data/datasets/baidupcs/CMU-MOSEI/extracted/Raw/Videos/Full/Combined/kfsO4c0Ekes.mp4,/root/autodl-tmp/data/datasets/baidupcs/CMU-MOSEI/extracted/Raw/Audio/Full/WAV_16000/kfsO4c0Ekes.wav,/root/autodl-tmp/data/datasets/baidupcs/CMU-MOSEI/extracted/Raw/Labels/extreme_sentiment_results.csv#9,0.00,0.00,en,high,high,high,true,true,0,2,,,positive,/root/autodl-tmp/data/datasets/baidupcs/CMU-MOSEI/extracted/Raw/Labels/extreme_sentiment_results.csv#kfsO4c0Ekes/9
EAQ006400,MOSEI,unknown,MOSEI/t2U7w3K2qac/8,/root/autodl-tmp/data/datasets/baidupcs/CMU-MOSEI/extracted/Raw/Videos/Full/Combined/t2U7w3K2qac.mp4,/root/autodl-tmp/data/datasets/baidupcs/CMU-MOSEI/extracted/Raw/Audio/Full/WAV_16000/t2U7w3K2qac.wav,/root/autodl-tmp/data/datasets/baidupcs/CMU-MOSEI/extracted/Raw/Labels/extreme_sentiment_results.csv#8,0.00,0.00,en,high,high,high,true,true,0,2,,,positive,/root/autodl-tmp/data/datasets/baidupcs/CMU-MOSEI/extracted/Raw/Labels/extreme_sentiment_results.csv#t2U7w3K2qac/8
EAQ006401,MOSEI,unknown,MOSEI/KB5hSnV1emg/12,/root/autodl-tmp/data/datasets/baidupcs/CMU-MOSEI/extracted/Raw/Videos/Full/Combined/KB5hSnV1emg.mp4,/root/autodl-tmp/data/datasets/baidupcs/CMU-MOSEI/extracted/Raw/Audio/Full/WAV_16000/KB5hSnV1emg.wav,/root/autodl-tmp/data/datasets/baidupcs/CMU-MOSEI/extracted/Raw/Labels/extreme_sentiment_results.csv#12,0.00,0.00,en,high,high,high,true,true,0,0,,,neutral,/root/autodl-tmp/data/datasets/baidupcs/CMU-MOSEI/extracted/Raw/Labels/extreme_sentiment_results.csv#KB5hSnV1emg/12
EAQ006402,MOSEI,unknown,MOSEI/3lkn8MS3n8Q/24,/root/autodl-tmp/data/datasets/baidupcs/CMU-MOSEI/extracted/Raw/Videos/Full/Combined/3lkn8MS3n8Q.mp4,/root/autodl-tmp/data/datasets/baidupcs/CMU-MOSEI/extracted/Raw/Audio/Full/WAV_16000/3lkn8MS3n8Q.wav,/root/autodl-tmp/data/datasets/baidupcs/CMU-MOSEI/extracted/Raw/Labels/extreme_sentiment_results.csv#24,0.00,0.00,en,high,high,high,true,true,0,0,,,neutral,/root/autodl-tmp/data/datasets/baidupcs/CMU-MOSEI/extracted/Raw/Labels/extreme_sentiment_results.csv#3lkn8MS3n8Q/24
EAQ006403,MOSEI,unknown,MOSEI/iQDB_OkAQWs/4,/root/autodl-tmp/data/datasets/baidupcs/CMU-MOSEI/extracted/Raw/Videos/Full/Combined/iQDB_OkAQWs.mp4,/root/autodl-tmp/data/datasets/baidupcs/CMU-MOSEI/extracted/Raw/Audio/Full/WAV_16000/iQDB_OkAQWs.wav,/root/autodl-tmp/data/datasets/baidupcs/CMU-MOSEI/extracted/Raw/Labels/extreme_sentiment_results.csv#4,0.00,0.00,en,high,high,high,true,true,0,0,,,neutral,/root/autodl-tmp/data/datasets/baidupcs/CMU-MOSEI/extracted/Raw/Labels/extreme_sentiment_results.csv#iQDB_OkAQWs/4
EAQ006404,MOSEI,unknown,MOSEI/hfVXx8hfKak/2,/root/autodl-tmp/data/datasets/baidupcs/CMU-MOSEI/extracted/Raw/Videos/Full/Combined/hfVXx8hfKak.mp4,/root/autodl-tmp/data/datasets/baidupcs/CMU-MOSEI/extracted/Raw/Audio/Full/WAV_16000/hfVXx8hfKak.wav,/root/autodl-tmp/data/datasets/baidupcs/CMU-MOSEI/extracted/Raw/Labels/extreme_sentiment_results.csv#2,0.00,0.00,en,high,high,high,true,true,2,-2,,,negative,/root/autodl-tmp/data/datasets/baidupcs/CMU-MOSEI/extracted/Raw/Labels/extreme_sentiment_results.csv#hfVXx8hfKak/2
EAQ006405,MOSEI,unknown,MOSEI/svsbGQn389o/6,/root/autodl-tmp/data/datasets/baidupcs/CMU-MOSEI/extracted/Raw/Videos/Full/Combined/svsbGQn389o.mp4,/root/autodl-tmp/data/datasets/baidupcs/CMU-MOSEI/extracted/Raw/Audio/Full/WAV_16000/svsbGQn389o.wav,/root/autodl-tmp/data/datasets/baidupcs/CMU-MOSEI/extracted/Raw/Labels/extreme_sentiment_results.csv#6,0.00,0.00,en,high,high,high,true,true,0,2,,,positive,/root/autodl-tmp/data/datasets/baidupcs/CMU-MOSEI/extracted/Raw/Labels/extreme_sentiment_results.csv#svsbGQn389o/6
EAQ006406,MOSEI,unknown,MOSEI/mRnEJOLkhp8/24,/root/autodl-tmp/data/datasets/baidupcs/CMU-MOSEI/extracted/Raw/Videos/Full/Combined/mRnEJOLkhp8.mp4,/root/autodl-tmp/data/datasets/baidupcs/CMU-MOSEI/extracted/Raw/Audio/Full/WAV_16000/mRnEJOLkhp8.wav,/root/autodl-tmp/data/datasets/baidupcs/CMU-MOSEI/extracted/Raw/Labels/extreme_sentiment_results.csv#24,0.00,0.00,en,high,high,high,true,true,0,0,,,neutral,/root/autodl-tmp/data/datasets/baidupcs/CMU-MOSEI/extracted/Raw/Labels/extreme_sentiment_results.csv#mRnEJOLkhp8/24
EAQ006407,MOSEI,unknown,MOSEI/E7ZLz3tSwNM/15,/root/autodl-tmp/data/datasets/baidupcs/CMU-MOSEI/extracted/Raw/Videos/Full/Combined/E7ZLz3tSwNM.mp4,/root/autodl-tmp/data/datasets/baidupcs/CMU-MOSEI/extracted/Raw/Audio/Full/WAV_16000/E7ZLz3tSwNM.wav,/root/autodl-tmp/data/datasets/baidupcs/CMU-MOSEI/extracted/Raw/Labels/extreme_sentiment_results.csv#15,0.00,0.00,en,high,high,high,true,true,0,0,,,neutral,/root/autodl-tmp/data/datasets/baidupcs/CMU-MOSEI/extracted/Raw/Labels/extreme_sentiment_results.csv#E7ZLz3tSwNM/15
EAQ006408,MOSEI,unknown,MOSEI/Rdf0Psjyrwc/3,/root/autodl-tmp/data/datasets/baidupcs/CMU-MOSEI/extracted/Raw/Videos/Full/Combined/Rdf0Psjyrwc.mp4,/root/autodl-tmp/data/datasets/baidupcs/CMU-MOSEI/extracted/Raw/Audio/Full/WAV_16000/Rdf0Psjyrwc.wav,/root/autodl-tmp/data/datasets/baidupcs/CMU-MOSEI/extracted/Raw/Labels/extreme_sentiment_results.csv#3,0.00,0.00,en,high,high,high,true,true,0,2,,,positive,/root/autodl-tmp/data/datasets/baidupcs/CMU-MOSEI/extracted/Raw/Labels/extreme_sentiment_results.csv#Rdf0Psjyrwc/3
EAQ006409,MOSEI,unknown,MOSEI/K0m1tO3Ybyc/2,/root/autodl-tmp/data/datasets/baidupcs/CMU-MOSEI/extracted/Raw/Videos/Full/Combined/K0m1tO3Ybyc.mp4,/root/autodl-tmp/data/datasets/baidupcs/CMU-MOSEI/extracted/Raw/Audio/Full/WAV_16000/K0m1tO3Ybyc.wav,/root/autodl-tmp/data/datasets/baidupcs/CMU-MOSEI/extracted/Raw/Labels/extreme_sentiment_results.csv#2,0.00,0.00,en,high,high,high,true,true,0,0,,,neutral,/root/autodl-tmp/data/datasets/baidupcs/CMU-MOSEI/extracted/Raw/Labels/extreme_sentiment_results.csv#K0m1tO3Ybyc/2
EAQ006410,MOSEI,unknown,MOSEI/88S1BjwMfdw/29,/root/autodl-tmp/data/datasets/baidupcs/CMU-MOSEI/extracted/Raw/Videos/Full/Combined/88S1BjwMfdw.mp4,/root/autodl-tmp/data/datasets/baidupcs/CMU-MOSEI/extracted/Raw/Audio/Full/WAV_16000/88S1BjwMfdw.wav,/root/autodl-tmp/data/datasets/baidupcs/CMU-MOSEI/extracted/Raw/Labels/extreme_sentiment_results.csv#29,0.00,0.00,en,high,high,high,true,true,0,0,,,neutral,/root/autodl-tmp/data/datasets/baidupcs/CMU-MOSEI/extracted/Raw/Labels/extreme_sentiment_results.csv#88S1BjwMfdw/29
EAQ006411,MOSEI,unknown,MOSEI/WxYb2x_irTM/0,/root/autodl-tmp/data/datasets/baidupcs/CMU-MOSEI/extracted/Raw/Videos/Full/Combined/WxYb2x_irTM.mp4,/root/autodl-tmp/data/datasets/baidupcs/CMU-MOSEI/extracted/Raw/Audio/Full/WAV_16000/WxYb2x_irTM.wav,/root/autodl-tmp/data/datasets/baidupcs/CMU-MOSEI/extracted/Raw/Labels/extreme_sentiment_results.csv#0,0.00,0.00,en,high,high,high,true,true,0,1,,,positive,/root/autodl-tmp/data/datasets/baidupcs/CMU-MOSEI/extracted/Raw/Labels/extreme_sentiment_results.csv#WxYb2x_irTM/0
EAQ006412,MOSEI,unknown,MOSEI/8UH0aPUf7sQ/2,/root/autodl-tmp/data/datasets/baidupcs/CMU-MOSEI/extracted/Raw/Videos/Full/Combined/8UH0aPUf7sQ.mp4,/root/autodl-tmp/data/datasets/baidupcs/CMU-MOSEI/extracted/Raw/Audio/Full/WAV_16000/8UH0aPUf7sQ.wav,/root/autodl-tmp/data/datasets/baidupcs/CMU-MOSEI/extracted/Raw/Labels/extreme_sentiment_results.csv#2,0.00,0.00,en,high,high,high,true,true,0,3,,,positive,/root/autodl-tmp/data/datasets/baidupcs/CMU-MOSEI/extracted/Raw/Labels/extreme_sentiment_results.csv#8UH0aPUf7sQ/2
EAQ006413,MOSEI,unknown,MOSEI/sFxUNO2HOKY/3,/root/autodl-tmp/data/datasets/baidupcs/CMU-MOSEI/extracted/Raw/Videos/Full/Combined/sFxUNO2HOKY.mp4,/root/autodl-tmp/data/datasets/baidupcs/CMU-MOSEI/extracted/Raw/Audio/Full/WAV_16000/sFxUNO2HOKY.wav,/root/autodl-tmp/data/datasets/baidupcs/CMU-MOSEI/extracted/Raw/Labels/extreme_sentiment_results.csv#3,0.00,0.00,en,high,high,high,true,true,0,0,,,neutral,/root/autodl-tmp/data/datasets/baidupcs/CMU-MOSEI/extracted/Raw/Labels/extreme_sentiment_results.csv#sFxUNO2HOKY/3
EAQ006414,MOSEI,unknown,MOSEI/rz4Ax6xfZHQ/2,/root/autodl-tmp/data/datasets/baidupcs/CMU-MOSEI/extracted/Raw/Videos/Full/Combined/rz4Ax6xfZHQ.mp4,/root/autodl-tmp/data/datasets/baidupcs/CMU-MOSEI/extracted/Raw/Audio/Full/WAV_16000/rz4Ax6xfZHQ.wav,/root/autodl-tmp/data/datasets/baidupcs/CMU-MOSEI/extracted/Raw/Labels/extreme_sentiment_results.csv#2,0.00,0.00,en,high,high,high,true,true,0,-2,,,negative,/root/autodl-tmp/data/datasets/baidupcs/CMU-MOSEI/extracted/Raw/Labels/extreme_sentiment_results.csv#rz4Ax6xfZHQ/2
EAQ006415,MOSEI,unknown,MOSEI/vbVLgaP5IYU/4,/root/autodl-tmp/data/datasets/baidupcs/CMU-MOSEI/extracted/Raw/Videos/Full/Combined/vbVLgaP5IYU.mp4,/root/autodl-tmp/data/datasets/baidupcs/CMU-MOSEI/extracted/Raw/Audio/Full/WAV_16000/vbVLgaP5IYU.wav,/root/autodl-tmp/data/datasets/baidupcs/CMU-MOSEI/extracted/Raw/Labels/extreme_sentiment_results.csv#4,0.00,0.00,en,high,high,high,true,true,0,0,,,neutral,/root/autodl-tmp/data/datasets/baidupcs/CMU-MOSEI/extracted/Raw/Labels/extreme_sentiment_results.csv#vbVLgaP5IYU/4
EAQ006416,MOSEI,unknown,MOSEI/J3-NEG8uoiE/20,/root/autodl-tmp/data/datasets/baidupcs/CMU-MOSEI/extracted/Raw/Videos/Full/Combined/J3-NEG8uoiE.mp4,/root/autodl-tmp/data/datasets/baidupcs/CMU-MOSEI/extracted/Raw/Audio/Full/WAV_16000/J3-NEG8uoiE.wav,/root/autodl-tmp/data/datasets/baidupcs/CMU-MOSEI/extracted/Raw/Labels/extreme_sentiment_results.csv#20,0.00,0.00,en,high,high,high,true,true,0,1,,,positive,/root/autodl-tmp/data/datasets/baidupcs/CMU-MOSEI/extracted/Raw/Labels/extreme_sentiment_results.csv#J3-NEG8uoiE/20
EAQ006417,MOSEI,unknown,MOSEI/jj8aSNPHMw8/5,/root/autodl-tmp/data/datasets/baidupcs/CMU-MOSEI/extracted/Raw/Videos/Full/Combined/jj8aSNPHMw8.mp4,/root/autodl-tmp/data/datasets/baidupcs/CMU-MOSEI/extracted/Raw/Audio/Full/WAV_16000/jj8aSNPHMw8.wav,/root/autodl-tmp/data/datasets/baidupcs/CMU-MOSEI/extracted/Raw/Labels/extreme_sentiment_results.csv#5,0.00,0.00,en,high,high,high,true,true,0,0,,,neutral,/root/autodl-tmp/data/datasets/baidupcs/CMU-MOSEI/extracted/Raw/Labels/extreme_sentiment_results.csv#jj8aSNPHMw8/5
EAQ006418,MOSEI,unknown,MOSEI/2lj0BaPsJpM/6,/root/autodl-tmp/data/datasets/baidupcs/CMU-MOSEI/extracted/Raw/Videos/Full/Combined/2lj0BaPsJpM.mp4,/root/autodl-tmp/data/datasets/baidupcs/CMU-MOSEI/extracted/Raw/Audio/Full/WAV_16000/2lj0BaPsJpM.wav,/root/autodl-tmp/data/datasets/baidupcs/CMU-MOSEI/extracted/Raw/Labels/extreme_sentiment_results.csv#6,0.00,0.00,en,high,high,high,true,true,0,-1,,,negative,/root/autodl-tmp/data/datasets/baidupcs/CMU-MOSEI/extracted/Raw/Labels/extreme_sentiment_results.csv#2lj0BaPsJpM/6
EAQ006419,MOSEI,unknown,MOSEI/r_vjlTcrI-U/2,/root/autodl-tmp/data/datasets/baidupcs/CMU-MOSEI/extracted/Raw/Videos/Full/Combined/r_vjlTcrI-U.mp4,/root/autodl-tmp/data/datasets/baidupcs/CMU-MOSEI/extracted/Raw/Audio/Full/WAV_16000/r_vjlTcrI-U.wav,/root/autodl-tmp/data/datasets/baidupcs/CMU-MOSEI/extracted/Raw/Labels/extreme_sentiment_results.csv#2,0.00,0.00,en,high,high,high,true,true,0,-1,,,negative,/root/autodl-tmp/data/datasets/baidupcs/CMU-MOSEI/extracted/Raw/Labels/extreme_sentiment_results.csv#r_vjlTcrI-U/2
EAQ006420,MOSEI,unknown,MOSEI/Vdf1McvE9ao/19,/root/autodl-tmp/data/datasets/baidupcs/CMU-MOSEI/extracted/Raw/Videos/Full/Combined/Vdf1McvE9ao.mp4,/root/autodl-tmp/data/datasets/baidupcs/CMU-MOSEI/extracted/Raw/Audio/Full/WAV_16000/Vdf1McvE9ao.wav,/root/autodl-tmp/data/datasets/baidupcs/CMU-MOSEI/extracted/Raw/Labels/extreme_sentiment_results.csv#19,0.00,0.00,en,high,high,high,true,true,0,0,,,neutral,/root/autodl-tmp/data/datasets/baidupcs/CMU-MOSEI/extracted/Raw/Labels/extreme_sentiment_results.csv#Vdf1McvE9ao/19
EAQ006421,MOSEI,unknown,MOSEI/9XCmrHbU-rU/2,/root/autodl-tmp/data/datasets/baidupcs/CMU-MOSEI/extracted/Raw/Videos/Full/Combined/9XCmrHbU-rU.mp4,/root/autodl-tmp/data/datasets/baidupcs/CMU-MOSEI/extracted/Raw/Audio/Full/WAV_16000/9XCmrHbU-rU.wav,/root/autodl-tmp/data/datasets/baidupcs/CMU-MOSEI/extracted/Raw/Labels/extreme_sentiment_results.csv#2,0.00,0.00,en,high,high,high,true,true,0,0,,,neutral,/root/autodl-tmp/data/datasets/baidupcs/CMU-MOSEI/extracted/Raw/Labels/extreme_sentiment_results.csv#9XCmrHbU-rU/2
EAQ006422,MOSEI,unknown,MOSEI/cUm0TN3vXRc/7,/root/autodl-tmp/data/datasets/baidupcs/CMU-MOSEI/extracted/Raw/Videos/Full/Combined/cUm0TN3vXRc.mp4,/root/autodl-tmp/data/datasets/baidupcs/CMU-MOSEI/extracted/Raw/Audio/Full/WAV_16000/cUm0TN3vXRc.wav,/root/autodl-tmp/data/datasets/baidupcs/CMU-MOSEI/extracted/Raw/Labels/extreme_sentiment_results.csv#7,0.00,0.00,en,high,high,high,true,true,0,0,,,neutral,/root/autodl-tmp/data/datasets/baidupcs/CMU-MOSEI/extracted/Raw/Labels/extreme_sentiment_results.csv#cUm0TN3vXRc/7
EAQ006423,MOSEI,unknown,MOSEI/45c3QQzGakM/5,/root/autodl-tmp/data/datasets/baidupcs/CMU-MOSEI/extracted/Raw/Videos/Full/Combined/45c3QQzGakM.mp4,/root/autodl-tmp/data/datasets/baidupcs/CMU-MOSEI/extracted/Raw/Audio/Full/WAV_16000/45c3QQzGakM.wav,/root/autodl-tmp/data/datasets/baidupcs/CMU-MOSEI/extracted/Raw/Labels/extreme_sentiment_results.csv#5,0.00,0.00,en,high,high,high,true,true,0,1,,,positive,/root/autodl-tmp/data/datasets/baidupcs/CMU-MOSEI/extracted/Raw/Labels/extreme_sentiment_results.csv#45c3QQzGakM/5
EAQ006424,MOSEI,unknown,MOSEI/13JpsLvddoY/8,/root/autodl-tmp/data/datasets/baidupcs/CMU-MOSEI/extracted/Raw/Videos/Full/Combined/13JpsLvddoY.mp4,/root/autodl-tmp/data/datasets/baidupcs/CMU-MOSEI/extracted/Raw/Audio/Full/WAV_16000/13JpsLvddoY.wav,/root/autodl-tmp/data/datasets/baidupcs/CMU-MOSEI/extracted/Raw/Labels/extreme_sentiment_results.csv#8,0.00,0.00,en,high,high,high,true,true,0,1,,,positive,/root/autodl-tmp/data/datasets/baidupcs/CMU-MOSEI/extracted/Raw/Labels/extreme_sentiment_results.csv#13JpsLvddoY/8
EAQ006425,MOSEI,unknown,MOSEI/GUffC7vu9zA/44,/root/autodl-tmp/data/datasets/baidupcs/CMU-MOSEI/extracted/Raw/Videos/Full/Combined/GUffC7vu9zA.mp4,/root/autodl-tmp/data/datasets/baidupcs/CMU-MOSEI/extracted/Raw/Audio/Full/WAV_16000/GUffC7vu9zA.wav,/root/autodl-tmp/data/datasets/baidupcs/CMU-MOSEI/extracted/Raw/Labels/extreme_sentiment_results.csv#44,0.00,0.00,en,high,high,high,true,true,0,2,,,positive,/root/autodl-tmp/data/datasets/baidupcs/CMU-MOSEI/extracted/Raw/Labels/extreme_sentiment_results.csv#GUffC7vu9zA/44
EAQ006426,MOSEI,unknown,MOSEI/1pl2FVdQWj0/5,/root/autodl-tmp/data/datasets/baidupcs/CMU-MOSEI/extracted/Raw/Videos/Full/Combined/1pl2FVdQWj0.mp4,/root/autodl-tmp/data/datasets/baidupcs/CMU-MOSEI/extracted/Raw/Audio/Full/WAV_16000/1pl2FVdQWj0.wav,/root/autodl-tmp/data/datasets/baidupcs/CMU-MOSEI/extracted/Raw/Labels/extreme_sentiment_results.csv#5,0.00,0.00,en,high,high,high,true,true,0,0,,,neutral,/root/autodl-tmp/data/datasets/baidupcs/CMU-MOSEI/extracted/Raw/Labels/extreme_sentiment_results.csv#1pl2FVdQWj0/5
EAQ006427,MOSEI,unknown,MOSEI/_q7DM8WkzAQ/9,/root/autodl-tmp/data/datasets/baidupcs/CMU-MOSEI/extracted/Raw/Videos/Full/Combined/_q7DM8WkzAQ.mp4,/root/autodl-tmp/data/datasets/baidupcs/CMU-MOSEI/extracted/Raw/Audio/Full/WAV_16000/_q7DM8WkzAQ.wav,/root/autodl-tmp/data/datasets/baidupcs/CMU-MOSEI/extracted/Raw/Labels/extreme_sentiment_results.csv#9,0.00,0.00,en,high,high,high,true,true,0,0,,,neutral,/root/autodl-tmp/data/datasets/baidupcs/CMU-MOSEI/extracted/Raw/Labels/extreme_sentiment_results.csv#_q7DM8WkzAQ/9
EAQ006428,MOSEI,unknown,MOSEI/SaNXCez-9iQ/0,/root/autodl-tmp/data/datasets/baidupcs/CMU-MOSEI/extracted/Raw/Videos/Full/Combined/SaNXCez-9iQ.mp4,/root/autodl-tmp/data/datasets/baidupcs/CMU-MOSEI/extracted/Raw/Audio/Full/WAV_16000/SaNXCez-9iQ.wav,/root/autodl-tmp/data/datasets/baidupcs/CMU-MOSEI/extracted/Raw/Labels/extreme_sentiment_results.csv#0,0.00,0.00,en,high,high,high,true,true,0,0,,,neutral,/root/autodl-tmp/data/datasets/baidupcs/CMU-MOSEI/extracted/Raw/Labels/extreme_sentiment_results.csv#SaNXCez-9iQ/0
EAQ006429,MOSEI,unknown,MOSEI/kg-W6-hP2Do/16,/root/autodl-tmp/data/datasets/baidupcs/CMU-MOSEI/extracted/Raw/Videos/Full/Combined/kg-W6-hP2Do.mp4,/root/autodl-tmp/data/datasets/baidupcs/CMU-MOSEI/extracted/Raw/Audio/Full/WAV_16000/kg-W6-hP2Do.wav,/root/autodl-tmp/data/datasets/baidupcs/CMU-MOSEI/extracted/Raw/Labels/extreme_sentiment_results.csv#16,0.00,0.00,en,high,high,high,true,true,0,1,,,positive,/root/autodl-tmp/data/datasets/baidupcs/CMU-MOSEI/extracted/Raw/Labels/extreme_sentiment_results.csv#kg-W6-hP2Do/16
EAQ006430,MOSEI,unknown,MOSEI/lksy-At0vxc/7,/root/autodl-tmp/data/datasets/baidupcs/CMU-MOSEI/extracted/Raw/Videos/Full/Combined/lksy-At0vxc.mp4,/root/autodl-tmp/data/datasets/baidupcs/CMU-MOSEI/extracted/Raw/Audio/Full/WAV_16000/lksy-At0vxc.wav,/root/autodl-tmp/data/datasets/baidupcs/CMU-MOSEI/extracted/Raw/Labels/extreme_sentiment_results.csv#7,0.00,0.00,en,high,high,high,true,true,0,1,,,positive,/root/autodl-tmp/data/datasets/baidupcs/CMU-MOSEI/extracted/Raw/Labels/extreme_sentiment_results.csv#lksy-At0vxc/7
EAQ006431,MOSEI,unknown,MOSEI/lWvaIexY2WU/2,/root/autodl-tmp/data/datasets/baidupcs/CMU-MOSEI/extracted/Raw/Videos/Full/Combined/lWvaIexY2WU.mp4,/root/autodl-tmp/data/datasets/baidupcs/CMU-MOSEI/extracted/Raw/Audio/Full/WAV_16000/lWvaIexY2WU.wav,/root/autodl-tmp/data/datasets/baidupcs/CMU-MOSEI/extracted/Raw/Labels/extreme_sentiment_results.csv#2,0.00,0.00,en,high,high,high,true,true,0,0,,,neutral,/root/autodl-tmp/data/datasets/baidupcs/CMU-MOSEI/extracted/Raw/Labels/extreme_sentiment_results.csv#lWvaIexY2WU/2
EAQ006432,MOSEI,unknown,MOSEI/7ifnoHhrMtA/12,/root/autodl-tmp/data/datasets/baidupcs/CMU-MOSEI/extracted/Raw/Videos/Full/Combined/7ifnoHhrMtA.mp4,/root/autodl-tmp/data/datasets/baidupcs/CMU-MOSEI/extracted/Raw/Audio/Full/WAV_16000/7ifnoHhrMtA.wav,/root/autodl-tmp/data/datasets/baidupcs/CMU-MOSEI/extracted/Raw/Labels/extreme_sentiment_results.csv#12,0.00,0.00,en,high,high,high,true,true,0,2,,,positive,/root/autodl-tmp/data/datasets/baidupcs/CMU-MOSEI/extracted/Raw/Labels/extreme_sentiment_results.csv#7ifnoHhrMtA/12
EAQ006433,MOSEI,unknown,MOSEI/5Fs_7A_V2kA/7,/root/autodl-tmp/data/datasets/baidupcs/CMU-MOSEI/extracted/Raw/Videos/Full/Combined/5Fs_7A_V2kA.mp4,/root/autodl-tmp/data/datasets/baidupcs/CMU-MOSEI/extracted/Raw/Audio/Full/WAV_16000/5Fs_7A_V2kA.wav,/root/autodl-tmp/data/datasets/baidupcs/CMU-MOSEI/extracted/Raw/Labels/extreme_sentiment_results.csv#7,0.00,0.00,en,high,high,high,true,true,0,0,,,neutral,/root/autodl-tmp/data/datasets/baidupcs/CMU-MOSEI/extracted/Raw/Labels/extreme_sentiment_results.csv#5Fs_7A_V2kA/7
EAQ006434,MOSEI,unknown,MOSEI/-MeTTeMJBNc/2,/root/autodl-tmp/data/datasets/baidupcs/CMU-MOSEI/extracted/Raw/Videos/Full/Combined/-MeTTeMJBNc.mp4,/root/autodl-tmp/data/datasets/baidupcs/CMU-MOSEI/extracted/Raw/Audio/Full/WAV_16000/-MeTTeMJBNc.wav,/root/autodl-tmp/data/datasets/baidupcs/CMU-MOSEI/extracted/Raw/Labels/extreme_sentiment_results.csv#2,0.00,0.00,en,high,high,high,true,true,0,0,,,neutral,/root/autodl-tmp/data/datasets/baidupcs/CMU-MOSEI/extracted/Raw/Labels/extreme_sentiment_results.csv#-MeTTeMJBNc/2
EAQ006435,MOSEI,unknown,MOSEI/YD5vqR15nco/1,/root/autodl-tmp/data/datasets/baidupcs/CMU-MOSEI/extracted/Raw/Videos/Full/Combined/YD5vqR15nco.mp4,/root/autodl-tmp/data/datasets/baidupcs/CMU-MOSEI/extracted/Raw/Audio/Full/WAV_16000/YD5vqR15nco.wav,/root/autodl-tmp/data/datasets/baidupcs/CMU-MOSEI/extracted/Raw/Labels/extreme_sentiment_results.csv#1,0.00,0.00,en,high,high,high,true,true,0,0,,,neutral,/root/autodl-tmp/data/datasets/baidupcs/CMU-MOSEI/extracted/Raw/Labels/extreme_sentiment_results.csv#YD5vqR15nco/1
EAQ006436,MOSEI,unknown,MOSEI/wMggOhhVouA/6,/root/autodl-tmp/data/datasets/baidupcs/CMU-MOSEI/extracted/Raw/Videos/Full/Combined/wMggOhhVouA.mp4,/root/autodl-tmp/data/datasets/baidupcs/CMU-MOSEI/extracted/Raw/Audio/Full/WAV_16000/wMggOhhVouA.wav,/root/autodl-tmp/data/datasets/baidupcs/CMU-MOSEI/extracted/Raw/Labels/extreme_sentiment_results.csv#6,0.00,0.00,en,high,high,high,true,true,0,0,,,neutral,/root/autodl-tmp/data/datasets/baidupcs/CMU-MOSEI/extracted/Raw/Labels/extreme_sentiment_results.csv#wMggOhhVouA/6
EAQ006437,MOSEI,unknown,MOSEI/oZkWWCQw2Js/12,/root/autodl-tmp/data/datasets/baidupcs/CMU-MOSEI/extracted/Raw/Videos/Full/Combined/oZkWWCQw2Js.mp4,/root/autodl-tmp/data/datasets/baidupcs/CMU-MOSEI/extracted/Raw/Audio/Full/WAV_16000/oZkWWCQw2Js.wav,/root/autodl-tmp/data/datasets/baidupcs/CMU-MOSEI/extracted/Raw/Labels/extreme_sentiment_results.csv#12,0.00,0.00,en,high,high,high,true,true,0,0,,,neutral,/root/autodl-tmp/data/datasets/baidupcs/CMU-MOSEI/extracted/Raw/Labels/extreme_sentiment_results.csv#oZkWWCQw2Js/12
EAQ006438,MOSEI,unknown,MOSEI/OiMkqEH5WeE/3,/root/autodl-tmp/data/datasets/baidupcs/CMU-MOSEI/extracted/Raw/Videos/Full/Combined/OiMkqEH5WeE.mp4,/root/autodl-tmp/data/datasets/baidupcs/CMU-MOSEI/extracted/Raw/Audio/Full/WAV_16000/OiMkqEH5WeE.wav,/root/autodl-tmp/data/datasets/baidupcs/CMU-MOSEI/extracted/Raw/Labels/extreme_sentiment_results.csv#3,0.00,0.00,en,high,high,high,true,true,0,0,,,neutral,/root/autodl-tmp/data/datasets/baidupcs/CMU-MOSEI/extracted/Raw/Labels/extreme_sentiment_results.csv#OiMkqEH5WeE/3
EAQ006439,MOSEI,unknown,MOSEI/OEOkmrKvTUo/0,/root/autodl-tmp/data/datasets/baidupcs/CMU-MOSEI/extracted/Raw/Videos/Full/Combined/OEOkmrKvTUo.mp4,/root/autodl-tmp/data/datasets/baidupcs/CMU-MOSEI/extracted/Raw/Audio/Full/WAV_16000/OEOkmrKvTUo.wav,/root/autodl-tmp/data/datasets/baidupcs/CMU-MOSEI/extracted/Raw/Labels/extreme_sentiment_results.csv#0,0.00,0.00,en,high,high,high,true,true,0,0,,,neutral,/root/autodl-tmp/data/datasets/baidupcs/CMU-MOSEI/extracted/Raw/Labels/extreme_sentiment_results.csv#OEOkmrKvTUo/0
EAQ006440,MOSEI,unknown,MOSEI/RqOgkJbqFXg/2,/root/autodl-tmp/data/datasets/baidupcs/CMU-MOSEI/extracted/Raw/Videos/Full/Combined/RqOgkJbqFXg.mp4,/root/autodl-tmp/data/datasets/baidupcs/CMU-MOSEI/extracted/Raw/Audio/Full/WAV_16000/RqOgkJbqFXg.wav,/root/autodl-tmp/data/datasets/baidupcs/CMU-MOSEI/extracted/Raw/Labels/extreme_sentiment_results.csv#2,0.00,0.00,en,high,high,high,true,true,0,0,,,neutral,/root/autodl-tmp/data/datasets/baidupcs/CMU-MOSEI/extracted/Raw/Labels/extreme_sentiment_results.csv#RqOgkJbqFXg/2
EAQ006441,MOSEI,unknown,MOSEI/F6Ci45lP5aA/6,/root/autodl-tmp/data/datasets/baidupcs/CMU-MOSEI/extracted/Raw/Videos/Full/Combined/F6Ci45lP5aA.mp4,/root/autodl-tmp/data/datasets/baidupcs/CMU-MOSEI/extracted/Raw/Audio/Full/WAV_16000/F6Ci45lP5aA.wav,/root/autodl-tmp/data/datasets/baidupcs/CMU-MOSEI/extracted/Raw/Labels/extreme_sentiment_results.csv#6,0.00,0.00,en,high,high,high,true,true,0,3,,,positive,/root/autodl-tmp/data/datasets/baidupcs/CMU-MOSEI/extracted/Raw/Labels/extreme_sentiment_results.csv#F6Ci45lP5aA/6
EAQ006442,MOSEI,unknown,MOSEI/117tQqLjza4/8,/root/autodl-tmp/data/datasets/baidupcs/CMU-MOSEI/extracted/Raw/Videos/Full/Combined/117tQqLjza4.mp4,/root/autodl-tmp/data/datasets/baidupcs/CMU-MOSEI/extracted/Raw/Audio/Full/WAV_16000/117tQqLjza4.wav,/root/autodl-tmp/data/datasets/baidupcs/CMU-MOSEI/extracted/Raw/Labels/extreme_sentiment_results.csv#8,0.00,0.00,en,high,high,high,true,true,0,0,,,neutral,/root/autodl-tmp/data/datasets/baidupcs/CMU-MOSEI/extracted/Raw/Labels/extreme_sentiment_results.csv#117tQqLjza4/8
EAQ006443,MOSEI,unknown,MOSEI/IHv_yBn83P8/1,/root/autodl-tmp/data/datasets/baidupcs/CMU-MOSEI/extracted/Raw/Videos/Full/Combined/IHv_yBn83P8.mp4,/root/autodl-tmp/data/datasets/baidupcs/CMU-MOSEI/extracted/Raw/Audio/Full/WAV_16000/IHv_yBn83P8.wav,/root/autodl-tmp/data/datasets/baidupcs/CMU-MOSEI/extracted/Raw/Labels/extreme_sentiment_results.csv#1,0.00,0.00,en,high,high,high,true,true,0,1,,,positive,/root/autodl-tmp/data/datasets/baidupcs/CMU-MOSEI/extracted/Raw/Labels/extreme_sentiment_results.csv#IHv_yBn83P8/1
EAQ006444,MOSEI,unknown,MOSEI/9tX18DNC74w/4,/root/autodl-tmp/data/datasets/baidupcs/CMU-MOSEI/extracted/Raw/Videos/Full/Combined/9tX18DNC74w.mp4,/root/autodl-tmp/data/datasets/baidupcs/CMU-MOSEI/extracted/Raw/Audio/Full/WAV_16000/9tX18DNC74w.wav,/root/autodl-tmp/data/datasets/baidupcs/CMU-MOSEI/extracted/Raw/Labels/extreme_sentiment_results.csv#4,0.00,0.00,en,high,high,high,true,true,0,1,,,positive,/root/autodl-tmp/data/datasets/baidupcs/CMU-MOSEI/extracted/Raw/Labels/extreme_sentiment_results.csv#9tX18DNC74w/4
EAQ006445,MOSEI,unknown,MOSEI/uITHY4LORDs/2,/root/autodl-tmp/data/datasets/baidupcs/CMU-MOSEI/extracted/Raw/Videos/Full/Combined/uITHY4LORDs.mp4,/root/autodl-tmp/data/datasets/baidupcs/CMU-MOSEI/extracted/Raw/Audio/Full/WAV_16000/uITHY4LORDs.wav,/root/autodl-tmp/data/datasets/baidupcs/CMU-MOSEI/extracted/Raw/Labels/extreme_sentiment_results.csv#2,0.00,0.00,en,high,high,high,true,true,0,-3,,,negative,/root/autodl-tmp/data/datasets/baidupcs/CMU-MOSEI/extracted/Raw/Labels/extreme_sentiment_results.csv#uITHY4LORDs/2
EAQ006446,MOSEI,unknown,MOSEI/TqMh7U3J4D4/3,/root/autodl-tmp/data/datasets/baidupcs/CMU-MOSEI/extracted/Raw/Videos/Full/Combined/TqMh7U3J4D4.mp4,/root/autodl-tmp/data/datasets/baidupcs/CMU-MOSEI/extracted/Raw/Audio/Full/WAV_16000/TqMh7U3J4D4.wav,/root/autodl-tmp/data/datasets/baidupcs/CMU-MOSEI/extracted/Raw/Labels/extreme_sentiment_results.csv#3,0.00,0.00,en,high,high,high,true,true,0,0,,,neutral,/root/autodl-tmp/data/datasets/baidupcs/CMU-MOSEI/extracted/Raw/Labels/extreme_sentiment_results.csv#TqMh7U3J4D4/3
EAQ006447,MOSEI,unknown,MOSEI/b1Il3Nf6BrU/3,/root/autodl-tmp/data/datasets/baidupcs/CMU-MOSEI/extracted/Raw/Videos/Full/Combined/b1Il3Nf6BrU.mp4,/root/autodl-tmp/data/datasets/baidupcs/CMU-MOSEI/extracted/Raw/Audio/Full/WAV_16000/b1Il3Nf6BrU.wav,/root/autodl-tmp/data/datasets/baidupcs/CMU-MOSEI/extracted/Raw/Labels/extreme_sentiment_results.csv#3,0.00,0.00,en,high,high,high,true,true,0,-1,,,negative,/root/autodl-tmp/data/datasets/baidupcs/CMU-MOSEI/extracted/Raw/Labels/extreme_sentiment_results.csv#b1Il3Nf6BrU/3
EAQ006448,MOSEI,unknown,MOSEI/Q5fZk_jPjBI/10,/root/autodl-tmp/data/datasets/baidupcs/CMU-MOSEI/extracted/Raw/Videos/Full/Combined/Q5fZk_jPjBI.mp4,/root/autodl-tmp/data/datasets/baidupcs/CMU-MOSEI/extracted/Raw/Audio/Full/WAV_16000/Q5fZk_jPjBI.wav,/root/autodl-tmp/data/datasets/baidupcs/CMU-MOSEI/extracted/Raw/Labels/extreme_sentiment_results.csv#10,0.00,0.00,en,high,high,high,true,true,0,3,,,positive,/root/autodl-tmp/data/datasets/baidupcs/CMU-MOSEI/extracted/Raw/Labels/extreme_sentiment_results.csv#Q5fZk_jPjBI/10
EAQ006449,MOSEI,unknown,MOSEI/-yRb-Jum7EQ/5,/root/autodl-tmp/data/datasets/baidupcs/CMU-MOSEI/extracted/Raw/Videos/Full/Combined/-yRb-Jum7EQ.mp4,/root/autodl-tmp/data/datasets/baidupcs/CMU-MOSEI/extracted/Raw/Audio/Full/WAV_16000/-yRb-Jum7EQ.wav,/root/autodl-tmp/data/datasets/baidupcs/CMU-MOSEI/extracted/Raw/Labels/extreme_sentiment_results.csv#5,0.00,0.00,en,high,high,high,true,true,2,-2,,,negative,/root/autodl-tmp/data/datasets/baidupcs/CMU-MOSEI/extracted/Raw/Labels/extreme_sentiment_results.csv#-yRb-Jum7EQ/5
EAQ006450,MOSEI,unknown,MOSEI/2vsgDSlJ9pU/13,/root/autodl-tmp/data/datasets/baidupcs/CMU-MOSEI/extracted/Raw/Videos/Full/Combined/2vsgDSlJ9pU.mp4,/root/autodl-tmp/data/datasets/baidupcs/CMU-MOSEI/extracted/Raw/Audio/Full/WAV_16000/2vsgDSlJ9pU.wav,/root/autodl-tmp/data/datasets/baidupcs/CMU-MOSEI/extracted/Raw/Labels/extreme_sentiment_results.csv#13,0.00,0.00,en,high,high,high,true,true,0,1,,,positive,/root/autodl-tmp/data/datasets/baidupcs/CMU-MOSEI/extracted/Raw/Labels/extreme_sentiment_results.csv#2vsgDSlJ9pU/13
EAQ006451,MOSEI,unknown,MOSEI/tRSPfPlNbMU/4,/root/autodl-tmp/data/datasets/baidupcs/CMU-MOSEI/extracted/Raw/Videos/Full/Combined/tRSPfPlNbMU.mp4,/root/autodl-tmp/data/datasets/baidupcs/CMU-MOSEI/extracted/Raw/Audio/Full/WAV_16000/tRSPfPlNbMU.wav,/root/autodl-tmp/data/datasets/baidupcs/CMU-MOSEI/extracted/Raw/Labels/extreme_sentiment_results.csv#4,0.00,0.00,en,high,high,high,true,true,0,0,,,neutral,/root/autodl-tmp/data/datasets/baidupcs/CMU-MOSEI/extracted/Raw/Labels/extreme_sentiment_results.csv#tRSPfPlNbMU/4
EAQ006452,MOSEI,unknown,MOSEI/0uftSGdwo0Q/11,/root/autodl-tmp/data/datasets/baidupcs/CMU-MOSEI/extracted/Raw/Videos/Full/Combined/0uftSGdwo0Q.mp4,/root/autodl-tmp/data/datasets/baidupcs/CMU-MOSEI/extracted/Raw/Audio/Full/WAV_16000/0uftSGdwo0Q.wav,/root/autodl-tmp/data/datasets/baidupcs/CMU-MOSEI/extracted/Raw/Labels/extreme_sentiment_results.csv#11,0.00,0.00,en,high,high,high,true,true,0,0,,,neutral,/root/autodl-tmp/data/datasets/baidupcs/CMU-MOSEI/extracted/Raw/Labels/extreme_sentiment_results.csv#0uftSGdwo0Q/11
EAQ006453,MOSEI,unknown,MOSEI/BZOB3r5AoKE/8,/root/autodl-tmp/data/datasets/baidupcs/CMU-MOSEI/extracted/Raw/Videos/Full/Combined/BZOB3r5AoKE.mp4,/root/autodl-tmp/data/datasets/baidupcs/CMU-MOSEI/extracted/Raw/Audio/Full/WAV_16000/BZOB3r5AoKE.wav,/root/autodl-tmp/data/datasets/baidupcs/CMU-MOSEI/extracted/Raw/Labels/extreme_sentiment_results.csv#8,0.00,0.00,en,high,high,high,true,true,0,0,,,neutral,/root/autodl-tmp/data/datasets/baidupcs/CMU-MOSEI/extracted/Raw/Labels/extreme_sentiment_results.csv#BZOB3r5AoKE/8
EAQ006454,MOSEI,unknown,MOSEI/O_fTDhCtAhw/7,/root/autodl-tmp/data/datasets/baidupcs/CMU-MOSEI/extracted/Raw/Videos/Full/Combined/O_fTDhCtAhw.mp4,/root/autodl-tmp/data/datasets/baidupcs/CMU-MOSEI/extracted/Raw/Audio/Full/WAV_16000/O_fTDhCtAhw.wav,/root/autodl-tmp/data/datasets/baidupcs/CMU-MOSEI/extracted/Raw/Labels/extreme_sentiment_results.csv#7,0.00,0.00,en,high,high,high,true,true,0,0,,,neutral,/root/autodl-tmp/data/datasets/baidupcs/CMU-MOSEI/extracted/Raw/Labels/extreme_sentiment_results.csv#O_fTDhCtAhw/7
EAQ006455,MOSEI,unknown,MOSEI/OctOcfI4KSs/13,/root/autodl-tmp/data/datasets/baidupcs/CMU-MOSEI/extracted/Raw/Videos/Full/Combined/OctOcfI4KSs.mp4,/root/autodl-tmp/data/datasets/baidupcs/CMU-MOSEI/extracted/Raw/Audio/Full/WAV_16000/OctOcfI4KSs.wav,/root/autodl-tmp/data/datasets/baidupcs/CMU-MOSEI/extracted/Raw/Labels/extreme_sentiment_results.csv#13,0.00,0.00,en,high,high,high,true,true,0,1,,,positive,/root/autodl-tmp/data/datasets/baidupcs/CMU-MOSEI/extracted/Raw/Labels/extreme_sentiment_results.csv#OctOcfI4KSs/13
EAQ006456,MOSEI,unknown,MOSEI/jbKDW9URnvM/18,/root/autodl-tmp/data/datasets/baidupcs/CMU-MOSEI/extracted/Raw/Videos/Full/Combined/jbKDW9URnvM.mp4,/root/autodl-tmp/data/datasets/baidupcs/CMU-MOSEI/extracted/Raw/Audio/Full/WAV_16000/jbKDW9URnvM.wav,/root/autodl-tmp/data/datasets/baidupcs/CMU-MOSEI/extracted/Raw/Labels/extreme_sentiment_results.csv#18,0.00,0.00,en,high,high,high,true,true,0,0,,,neutral,/root/autodl-tmp/data/datasets/baidupcs/CMU-MOSEI/extracted/Raw/Labels/extreme_sentiment_results.csv#jbKDW9URnvM/18
EAQ006457,MOSEI,unknown,MOSEI/Vlas-mPydcg/4,/root/autodl-tmp/data/datasets/baidupcs/CMU-MOSEI/extracted/Raw/Videos/Full/Combined/Vlas-mPydcg.mp4,/root/autodl-tmp/data/datasets/baidupcs/CMU-MOSEI/extracted/Raw/Audio/Full/WAV_16000/Vlas-mPydcg.wav,/root/autodl-tmp/data/datasets/baidupcs/CMU-MOSEI/extracted/Raw/Labels/extreme_sentiment_results.csv#4,0.00,0.00,en,high,high,high,true,true,0,2,,,positive,/root/autodl-tmp/data/datasets/baidupcs/CMU-MOSEI/extracted/Raw/Labels/extreme_sentiment_results.csv#Vlas-mPydcg/4
EAQ006458,MOSEI,unknown,MOSEI/muOYAxkG-Zo/6,/root/autodl-tmp/data/datasets/baidupcs/CMU-MOSEI/extracted/Raw/Videos/Full/Combined/muOYAxkG-Zo.mp4,/root/autodl-tmp/data/datasets/baidupcs/CMU-MOSEI/extracted/Raw/Audio/Full/WAV_16000/muOYAxkG-Zo.wav,/root/autodl-tmp/data/datasets/baidupcs/CMU-MOSEI/extracted/Raw/Labels/extreme_sentiment_results.csv#6,0.00,0.00,en,high,high,high,true,true,0,0,,,neutral,/root/autodl-tmp/data/datasets/baidupcs/CMU-MOSEI/extracted/Raw/Labels/extreme_sentiment_results.csv#muOYAxkG-Zo/6
EAQ006459,MOSEI,unknown,MOSEI/rwNlqh0k1j4/5,/root/autodl-tmp/data/datasets/baidupcs/CMU-MOSEI/extracted/Raw/Videos/Full/Combined/rwNlqh0k1j4.mp4,/root/autodl-tmp/data/datasets/baidupcs/CMU-MOSEI/extracted/Raw/Audio/Full/WAV_16000/rwNlqh0k1j4.wav,/root/autodl-tmp/data/datasets/baidupcs/CMU-MOSEI/extracted/Raw/Labels/extreme_sentiment_results.csv#5,0.00,0.00,en,high,high,high,true,true,2,0,,,neutral,/root/autodl-tmp/data/datasets/baidupcs/CMU-MOSEI/extracted/Raw/Labels/extreme_sentiment_results.csv#rwNlqh0k1j4/5
EAQ006460,MOSEI,unknown,MOSEI/oHV99Y_EWfI/7,/root/autodl-tmp/data/datasets/baidupcs/CMU-MOSEI/extracted/Raw/Videos/Full/Combined/oHV99Y_EWfI.mp4,/root/autodl-tmp/data/datasets/baidupcs/CMU-MOSEI/extracted/Raw/Audio/Full/WAV_16000/oHV99Y_EWfI.wav,/root/autodl-tmp/data/datasets/baidupcs/CMU-MOSEI/extracted/Raw/Labels/extreme_sentiment_results.csv#7,0.00,0.00,en,high,high,high,true,true,0,-1,,,negative,/root/autodl-tmp/data/datasets/baidupcs/CMU-MOSEI/extracted/Raw/Labels/extreme_sentiment_results.csv#oHV99Y_EWfI/7
EAQ006461,MOSEI,unknown,MOSEI/xUz5cCA-oTo/9,/root/autodl-tmp/data/datasets/baidupcs/CMU-MOSEI/extracted/Raw/Videos/Full/Combined/xUz5cCA-oTo.mp4,/root/autodl-tmp/data/datasets/baidupcs/CMU-MOSEI/extracted/Raw/Audio/Full/WAV_16000/xUz5cCA-oTo.wav,/root/autodl-tmp/data/datasets/baidupcs/CMU-MOSEI/extracted/Raw/Labels/extreme_sentiment_results.csv#9,0.00,0.00,en,high,high,high,true,true,0,0,,,neutral,/root/autodl-tmp/data/datasets/baidupcs/CMU-MOSEI/extracted/Raw/Labels/extreme_sentiment_results.csv#xUz5cCA-oTo/9
EAQ006462,MOSEI,unknown,MOSEI/G4HMKRdIva0/10,/root/autodl-tmp/data/datasets/baidupcs/CMU-MOSEI/extracted/Raw/Videos/Full/Combined/G4HMKRdIva0.mp4,/root/autodl-tmp/data/datasets/baidupcs/CMU-MOSEI/extracted/Raw/Audio/Full/WAV_16000/G4HMKRdIva0.wav,/root/autodl-tmp/data/datasets/baidupcs/CMU-MOSEI/extracted/Raw/Labels/extreme_sentiment_results.csv#10,0.00,0.00,en,high,high,high,true,true,0,-1,,,negative,/root/autodl-tmp/data/datasets/baidupcs/CMU-MOSEI/extracted/Raw/Labels/extreme_sentiment_results.csv#G4HMKRdIva0/10
EAQ006463,MOSEI,unknown,MOSEI/7deoh0NoMs4/1,/root/autodl-tmp/data/datasets/baidupcs/CMU-MOSEI/extracted/Raw/Videos/Full/Combined/7deoh0NoMs4.mp4,/root/autodl-tmp/data/datasets/baidupcs/CMU-MOSEI/extracted/Raw/Audio/Full/WAV_16000/7deoh0NoMs4.wav,/root/autodl-tmp/data/datasets/baidupcs/CMU-MOSEI/extracted/Raw/Labels/extreme_sentiment_results.csv#1,0.00,0.00,en,high,high,high,true,true,0,1,,,positive,/root/autodl-tmp/data/datasets/baidupcs/CMU-MOSEI/extracted/Raw/Labels/extreme_sentiment_results.csv#7deoh0NoMs4/1
EAQ006464,MOSEI,unknown,MOSEI/GK-Pprzh0t0/5,/root/autodl-tmp/data/datasets/baidupcs/CMU-MOSEI/extracted/Raw/Videos/Full/Combined/GK-Pprzh0t0.mp4,/root/autodl-tmp/data/datasets/baidupcs/CMU-MOSEI/extracted/Raw/Audio/Full/WAV_16000/GK-Pprzh0t0.wav,/root/autodl-tmp/data/datasets/baidupcs/CMU-MOSEI/extracted/Raw/Labels/extreme_sentiment_results.csv#5,0.00,0.00,en,high,high,high,true,true,0,-1,,,negative,/root/autodl-tmp/data/datasets/baidupcs/CMU-MOSEI/extracted/Raw/Labels/extreme_sentiment_results.csv#GK-Pprzh0t0/5
EAQ006465,MOSEI,unknown,MOSEI/9sAoeFTKILY/20,/root/autodl-tmp/data/datasets/baidupcs/CMU-MOSEI/extracted/Raw/Videos/Full/Combined/9sAoeFTKILY.mp4,/root/autodl-tmp/data/datasets/baidupcs/CMU-MOSEI/extracted/Raw/Audio/Full/WAV_16000/9sAoeFTKILY.wav,/root/autodl-tmp/data/datasets/baidupcs/CMU-MOSEI/extracted/Raw/Labels/extreme_sentiment_results.csv#20,0.00,0.00,en,high,high,high,true,true,0,0,,,neutral,/root/autodl-tmp/data/datasets/baidupcs/CMU-MOSEI/extracted/Raw/Labels/extreme_sentiment_results.csv#9sAoeFTKILY/20
EAQ006466,MOSEI,unknown,MOSEI/K7KEtrgBkz4/14,/root/autodl-tmp/data/datasets/baidupcs/CMU-MOSEI/extracted/Raw/Videos/Full/Combined/K7KEtrgBkz4.mp4,/root/autodl-tmp/data/datasets/baidupcs/CMU-MOSEI/extracted/Raw/Audio/Full/WAV_16000/K7KEtrgBkz4.wav,/root/autodl-tmp/data/datasets/baidupcs/CMU-MOSEI/extracted/Raw/Labels/extreme_sentiment_results.csv#14,0.00,0.00,en,high,high,high,true,true,0,0,,,neutral,/root/autodl-tmp/data/datasets/baidupcs/CMU-MOSEI/extracted/Raw/Labels/extreme_sentiment_results.csv#K7KEtrgBkz4/14
EAQ006467,MOSEI,unknown,MOSEI/jYT3-RQFy1U/4,/root/autodl-tmp/data/datasets/baidupcs/CMU-MOSEI/extracted/Raw/Videos/Full/Combined/jYT3-RQFy1U.mp4,/root/autodl-tmp/data/datasets/baidupcs/CMU-MOSEI/extracted/Raw/Audio/Full/WAV_16000/jYT3-RQFy1U.wav,/root/autodl-tmp/data/datasets/baidupcs/CMU-MOSEI/extracted/Raw/Labels/extreme_sentiment_results.csv#4,0.00,0.00,en,high,high,high,true,true,2,-3,,,negative,/root/autodl-tmp/data/datasets/baidupcs/CMU-MOSEI/extracted/Raw/Labels/extreme_sentiment_results.csv#jYT3-RQFy1U/4
EAQ006468,MOSEI,unknown,MOSEI/Ja7phs8EbWk/5,/root/autodl-tmp/data/datasets/baidupcs/CMU-MOSEI/extracted/Raw/Videos/Full/Combined/Ja7phs8EbWk.mp4,/root/autodl-tmp/data/datasets/baidupcs/CMU-MOSEI/extracted/Raw/Audio/Full/WAV_16000/Ja7phs8EbWk.wav,/root/autodl-tmp/data/datasets/baidupcs/CMU-MOSEI/extracted/Raw/Labels/extreme_sentiment_results.csv#5,0.00,0.00,en,high,high,high,true,true,1,-1,,,negative,/root/autodl-tmp/data/datasets/baidupcs/CMU-MOSEI/extracted/Raw/Labels/extreme_sentiment_results.csv#Ja7phs8EbWk/5
EAQ006469,MOSEI,unknown,MOSEI/WJ2QF4Kw9Y8/5,/root/autodl-tmp/data/datasets/baidupcs/CMU-MOSEI/extracted/Raw/Videos/Full/Combined/WJ2QF4Kw9Y8.mp4,/root/autodl-tmp/data/datasets/baidupcs/CMU-MOSEI/extracted/Raw/Audio/Full/WAV_16000/WJ2QF4Kw9Y8.wav,/root/autodl-tmp/data/datasets/baidupcs/CMU-MOSEI/extracted/Raw/Labels/extreme_sentiment_results.csv#5,0.00,0.00,en,high,high,high,true,true,0,0,,,neutral,/root/autodl-tmp/data/datasets/baidupcs/CMU-MOSEI/extracted/Raw/Labels/extreme_sentiment_results.csv#WJ2QF4Kw9Y8/5
EAQ006470,MOSEI,unknown,MOSEI/_bIJOxiIJFk/3,/root/autodl-tmp/data/datasets/baidupcs/CMU-MOSEI/extracted/Raw/Videos/Full/Combined/_bIJOxiIJFk.mp4,/root/autodl-tmp/data/datasets/baidupcs/CMU-MOSEI/extracted/Raw/Audio/Full/WAV_16000/_bIJOxiIJFk.wav,/root/autodl-tmp/data/datasets/baidupcs/CMU-MOSEI/extracted/Raw/Labels/extreme_sentiment_results.csv#3,0.00,0.00,en,high,high,high,true,true,0,0,,,neutral,/root/autodl-tmp/data/datasets/baidupcs/CMU-MOSEI/extracted/Raw/Labels/extreme_sentiment_results.csv#_bIJOxiIJFk/3
EAQ006471,MOSEI,unknown,MOSEI/JLqBVj6f5gI/17,/root/autodl-tmp/data/datasets/baidupcs/CMU-MOSEI/extracted/Raw/Videos/Full/Combined/JLqBVj6f5gI.mp4,/root/autodl-tmp/data/datasets/baidupcs/CMU-MOSEI/extracted/Raw/Audio/Full/WAV_16000/JLqBVj6f5gI.wav,/root/autodl-tmp/data/datasets/baidupcs/CMU-MOSEI/extracted/Raw/Labels/extreme_sentiment_results.csv#17,0.00,0.00,en,high,high,high,true,true,0,0,,,neutral,/root/autodl-tmp/data/datasets/baidupcs/CMU-MOSEI/extracted/Raw/Labels/extreme_sentiment_results.csv#JLqBVj6f5gI/17
EAQ006472,MOSEI,unknown,MOSEI/0r8KVXUCV6c/6,/root/autodl-tmp/data/datasets/baidupcs/CMU-MOSEI/extracted/Raw/Videos/Full/Combined/0r8KVXUCV6c.mp4,/root/autodl-tmp/data/datasets/baidupcs/CMU-MOSEI/extracted/Raw/Audio/Full/WAV_16000/0r8KVXUCV6c.wav,/root/autodl-tmp/data/datasets/baidupcs/CMU-MOSEI/extracted/Raw/Labels/extreme_sentiment_results.csv#6,0.00,0.00,en,high,high,high,true,true,0,0,,,neutral,/root/autodl-tmp/data/datasets/baidupcs/CMU-MOSEI/extracted/Raw/Labels/extreme_sentiment_results.csv#0r8KVXUCV6c/6
EAQ006473,MOSEI,unknown,MOSEI/2S00zYaVrtc/1,/root/autodl-tmp/data/datasets/baidupcs/CMU-MOSEI/extracted/Raw/Videos/Full/Combined/2S00zYaVrtc.mp4,/root/autodl-tmp/data/datasets/baidupcs/CMU-MOSEI/extracted/Raw/Audio/Full/WAV_16000/2S00zYaVrtc.wav,/root/autodl-tmp/data/datasets/baidupcs/CMU-MOSEI/extracted/Raw/Labels/extreme_sentiment_results.csv#1,0.00,0.00,en,high,high,high,true,true,0,0,,,neutral,/root/autodl-tmp/data/datasets/baidupcs/CMU-MOSEI/extracted/Raw/Labels/extreme_sentiment_results.csv#2S00zYaVrtc/1
EAQ006474,MOSEI,unknown,MOSEI/Xq7zLxYHxd8/3,/root/autodl-tmp/data/datasets/baidupcs/CMU-MOSEI/extracted/Raw/Videos/Full/Combined/Xq7zLxYHxd8.mp4,/root/autodl-tmp/data/datasets/baidupcs/CMU-MOSEI/extracted/Raw/Audio/Full/WAV_16000/Xq7zLxYHxd8.wav,/root/autodl-tmp/data/datasets/baidupcs/CMU-MOSEI/extracted/Raw/Labels/extreme_sentiment_results.csv#3,0.00,0.00,en,high,high,high,true,true,0,1,,,positive,/root/autodl-tmp/data/datasets/baidupcs/CMU-MOSEI/extracted/Raw/Labels/extreme_sentiment_results.csv#Xq7zLxYHxd8/3
EAQ006475,MOSEI,unknown,MOSEI/7l3BNtSE0xc/2,/root/autodl-tmp/data/datasets/baidupcs/CMU-MOSEI/extracted/Raw/Videos/Full/Combined/7l3BNtSE0xc.mp4,/root/autodl-tmp/data/datasets/baidupcs/CMU-MOSEI/extracted/Raw/Audio/Full/WAV_16000/7l3BNtSE0xc.wav,/root/autodl-tmp/data/datasets/baidupcs/CMU-MOSEI/extracted/Raw/Labels/extreme_sentiment_results.csv#2,0.00,0.00,en,high,high,high,true,true,0,0,,,neutral,/root/autodl-tmp/data/datasets/baidupcs/CMU-MOSEI/extracted/Raw/Labels/extreme_sentiment_results.csv#7l3BNtSE0xc/2
EAQ006476,MOSEI,unknown,MOSEI/kwkhYpCHWPw/3,/root/autodl-tmp/data/datasets/baidupcs/CMU-MOSEI/extracted/Raw/Videos/Full/Combined/kwkhYpCHWPw.mp4,/root/autodl-tmp/data/datasets/baidupcs/CMU-MOSEI/extracted/Raw/Audio/Full/WAV_16000/kwkhYpCHWPw.wav,/root/autodl-tmp/data/datasets/baidupcs/CMU-MOSEI/extracted/Raw/Labels/extreme_sentiment_results.csv#3,0.00,0.00,en,high,high,high,true,true,0,0,,,neutral,/root/autodl-tmp/data/datasets/baidupcs/CMU-MOSEI/extracted/Raw/Labels/extreme_sentiment_results.csv#kwkhYpCHWPw/3
EAQ006477,MOSEI,unknown,MOSEI/hvfaYsv7p8E/12,/root/autodl-tmp/data/datasets/baidupcs/CMU-MOSEI/extracted/Raw/Videos/Full/Combined/hvfaYsv7p8E.mp4,/root/autodl-tmp/data/datasets/baidupcs/CMU-MOSEI/extracted/Raw/Audio/Full/WAV_16000/hvfaYsv7p8E.wav,/root/autodl-tmp/data/datasets/baidupcs/CMU-MOSEI/extracted/Raw/Labels/extreme_sentiment_results.csv#12,0.00,0.00,en,high,high,high,true,true,2,0,,,neutral,/root/autodl-tmp/data/datasets/baidupcs/CMU-MOSEI/extracted/Raw/Labels/extreme_sentiment_results.csv#hvfaYsv7p8E/12
EAQ006478,MOSEI,unknown,MOSEI/xZ1FrxU6hcg/23,/root/autodl-tmp/data/datasets/baidupcs/CMU-MOSEI/extracted/Raw/Videos/Full/Combined/xZ1FrxU6hcg.mp4,/root/autodl-tmp/data/datasets/baidupcs/CMU-MOSEI/extracted/Raw/Audio/Full/WAV_16000/xZ1FrxU6hcg.wav,/root/autodl-tmp/data/datasets/baidupcs/CMU-MOSEI/extracted/Raw/Labels/extreme_sentiment_results.csv#23,0.00,0.00,en,high,high,high,true,true,0,1,,,positive,/root/autodl-tmp/data/datasets/baidupcs/CMU-MOSEI/extracted/Raw/Labels/extreme_sentiment_results.csv#xZ1FrxU6hcg/23
EAQ006479,MOSEI,unknown,MOSEI/XFGHTk_3hGg/6,/root/autodl-tmp/data/datasets/baidupcs/CMU-MOSEI/extracted/Raw/Videos/Full/Combined/XFGHTk_3hGg.mp4,/root/autodl-tmp/data/datasets/baidupcs/CMU-MOSEI/extracted/Raw/Audio/Full/WAV_16000/XFGHTk_3hGg.wav,/root/autodl-tmp/data/datasets/baidupcs/CMU-MOSEI/extracted/Raw/Labels/extreme_sentiment_results.csv#6,0.00,0.00,en,high,high,high,true,true,0,1,,,positive,/root/autodl-tmp/data/datasets/baidupcs/CMU-MOSEI/extracted/Raw/Labels/extreme_sentiment_results.csv#XFGHTk_3hGg/6
EAQ006480,MOSEI,unknown,MOSEI/AepwIhSbAws/3,/root/autodl-tmp/data/datasets/baidupcs/CMU-MOSEI/extracted/Raw/Videos/Full/Combined/AepwIhSbAws.mp4,/root/autodl-tmp/data/datasets/baidupcs/CMU-MOSEI/extracted/Raw/Audio/Full/WAV_16000/AepwIhSbAws.wav,/root/autodl-tmp/data/datasets/baidupcs/CMU-MOSEI/extracted/Raw/Labels/extreme_sentiment_results.csv#3,0.00,0.00,en,high,high,high,true,true,0,0,,,neutral,/root/autodl-tmp/data/datasets/baidupcs/CMU-MOSEI/extracted/Raw/Labels/extreme_sentiment_results.csv#AepwIhSbAws/3
EAQ006481,MOSEI,unknown,MOSEI/0eTibWQdO5M/6,/root/autodl-tmp/data/datasets/baidupcs/CMU-MOSEI/extracted/Raw/Videos/Full/Combined/0eTibWQdO5M.mp4,/root/autodl-tmp/data/datasets/baidupcs/CMU-MOSEI/extracted/Raw/Audio/Full/WAV_16000/0eTibWQdO5M.wav,/root/autodl-tmp/data/datasets/baidupcs/CMU-MOSEI/extracted/Raw/Labels/extreme_sentiment_results.csv#6,0.00,0.00,en,high,high,high,true,true,0,0,,,neutral,/root/autodl-tmp/data/datasets/baidupcs/CMU-MOSEI/extracted/Raw/Labels/extreme_sentiment_results.csv#0eTibWQdO5M/6
EAQ006482,MOSEI,unknown,MOSEI/dSax_7klbfE/4,/root/autodl-tmp/data/datasets/baidupcs/CMU-MOSEI/extracted/Raw/Videos/Full/Combined/dSax_7klbfE.mp4,/root/autodl-tmp/data/datasets/baidupcs/CMU-MOSEI/extracted/Raw/Audio/Full/WAV_16000/dSax_7klbfE.wav,/root/autodl-tmp/data/datasets/baidupcs/CMU-MOSEI/extracted/Raw/Labels/extreme_sentiment_results.csv#4,0.00,0.00,en,high,high,high,true,true,0,0,,,neutral,/root/autodl-tmp/data/datasets/baidupcs/CMU-MOSEI/extracted/Raw/Labels/extreme_sentiment_results.csv#dSax_7klbfE/4
EAQ006483,MOSEI,unknown,MOSEI/--qXJuDtHPw/5,/root/autodl-tmp/data/datasets/baidupcs/CMU-MOSEI/extracted/Raw/Videos/Full/Combined/--qXJuDtHPw.mp4,/root/autodl-tmp/data/datasets/baidupcs/CMU-MOSEI/extracted/Raw/Audio/Full/WAV_16000/--qXJuDtHPw.wav,/root/autodl-tmp/data/datasets/baidupcs/CMU-MOSEI/extracted/Raw/Labels/extreme_sentiment_results.csv#5,0.00,0.00,en,high,high,high,true,true,0,1,,,positive,/root/autodl-tmp/data/datasets/baidupcs/CMU-MOSEI/extracted/Raw/Labels/extreme_sentiment_results.csv#--qXJuDtHPw/5
EAQ006484,MOSEI,unknown,MOSEI/rEWQW_ibDwg/15,/root/autodl-tmp/data/datasets/baidupcs/CMU-MOSEI/extracted/Raw/Videos/Full/Combined/rEWQW_ibDwg.mp4,/root/autodl-tmp/data/datasets/baidupcs/CMU-MOSEI/extracted/Raw/Audio/Full/WAV_16000/rEWQW_ibDwg.wav,/root/autodl-tmp/data/datasets/baidupcs/CMU-MOSEI/extracted/Raw/Labels/extreme_sentiment_results.csv#15,0.00,0.00,en,high,high,high,true,true,1,-2,,,negative,/root/autodl-tmp/data/datasets/baidupcs/CMU-MOSEI/extracted/Raw/Labels/extreme_sentiment_results.csv#rEWQW_ibDwg/15
EAQ006485,MOSEI,unknown,MOSEI/cRFiXLzcCOA/4,/root/autodl-tmp/data/datasets/baidupcs/CMU-MOSEI/extracted/Raw/Videos/Full/Combined/cRFiXLzcCOA.mp4,/root/autodl-tmp/data/datasets/baidupcs/CMU-MOSEI/extracted/Raw/Audio/Full/WAV_16000/cRFiXLzcCOA.wav,/root/autodl-tmp/data/datasets/baidupcs/CMU-MOSEI/extracted/Raw/Labels/extreme_sentiment_results.csv#4,0.00,0.00,en,high,high,high,true,true,0,1,,,positive,/root/autodl-tmp/data/datasets/baidupcs/CMU-MOSEI/extracted/Raw/Labels/extreme_sentiment_results.csv#cRFiXLzcCOA/4
EAQ006486,MOSEI,unknown,MOSEI/-571d8cVauQ/3,/root/autodl-tmp/data/datasets/baidupcs/CMU-MOSEI/extracted/Raw/Videos/Full/Combined/-571d8cVauQ.mp4,/root/autodl-tmp/data/datasets/baidupcs/CMU-MOSEI/extracted/Raw/Audio/Full/WAV_16000/-571d8cVauQ.wav,/root/autodl-tmp/data/datasets/baidupcs/CMU-MOSEI/extracted/Raw/Labels/extreme_sentiment_results.csv#3,0.00,0.00,en,high,high,high,true,true,0,0,,,neutral,/root/autodl-tmp/data/datasets/baidupcs/CMU-MOSEI/extracted/Raw/Labels/extreme_sentiment_results.csv#-571d8cVauQ/3
EAQ006487,MOSEI,unknown,MOSEI/yyToAEoUuek/8,/root/autodl-tmp/data/datasets/baidupcs/CMU-MOSEI/extracted/Raw/Videos/Full/Combined/yyToAEoUuek.mp4,/root/autodl-tmp/data/datasets/baidupcs/CMU-MOSEI/extracted/Raw/Audio/Full/WAV_16000/yyToAEoUuek.wav,/root/autodl-tmp/data/datasets/baidupcs/CMU-MOSEI/extracted/Raw/Labels/extreme_sentiment_results.csv#8,0.00,0.00,en,high,high,high,true,true,0,1,,,positive,/root/autodl-tmp/data/datasets/baidupcs/CMU-MOSEI/extracted/Raw/Labels/extreme_sentiment_results.csv#yyToAEoUuek/8
EAQ006488,MOSEI,unknown,MOSEI/MPRqaQqrd9Y/9,/root/autodl-tmp/data/datasets/baidupcs/CMU-MOSEI/extracted/Raw/Videos/Full/Combined/MPRqaQqrd9Y.mp4,/root/autodl-tmp/data/datasets/baidupcs/CMU-MOSEI/extracted/Raw/Audio/Full/WAV_16000/MPRqaQqrd9Y.wav,/root/autodl-tmp/data/datasets/baidupcs/CMU-MOSEI/extracted/Raw/Labels/extreme_sentiment_results.csv#9,0.00,0.00,en,high,high,high,true,true,0,0,,,neutral,/root/autodl-tmp/data/datasets/baidupcs/CMU-MOSEI/extracted/Raw/Labels/extreme_sentiment_results.csv#MPRqaQqrd9Y/9
EAQ006489,MOSEI,unknown,MOSEI/3oHPsYc8bmw/9,/root/autodl-tmp/data/datasets/baidupcs/CMU-MOSEI/extracted/Raw/Videos/Full/Combined/3oHPsYc8bmw.mp4,/root/autodl-tmp/data/datasets/baidupcs/CMU-MOSEI/extracted/Raw/Audio/Full/WAV_16000/3oHPsYc8bmw.wav,/root/autodl-tmp/data/datasets/baidupcs/CMU-MOSEI/extracted/Raw/Labels/extreme_sentiment_results.csv#9,0.00,0.00,en,high,high,high,true,true,0,2,,,positive,/root/autodl-tmp/data/datasets/baidupcs/CMU-MOSEI/extracted/Raw/Labels/extreme_sentiment_results.csv#3oHPsYc8bmw/9
EAQ006490,MOSEI,unknown,MOSEI/5kaCGzjYukM/5,/root/autodl-tmp/data/datasets/baidupcs/CMU-MOSEI/extracted/Raw/Videos/Full/Combined/5kaCGzjYukM.mp4,/root/autodl-tmp/data/datasets/baidupcs/CMU-MOSEI/extracted/Raw/Audio/Full/WAV_16000/5kaCGzjYukM.wav,/root/autodl-tmp/data/datasets/baidupcs/CMU-MOSEI/extracted/Raw/Labels/extreme_sentiment_results.csv#5,0.00,0.00,en,high,high,high,true,true,2,-3,,,negative,/root/autodl-tmp/data/datasets/baidupcs/CMU-MOSEI/extracted/Raw/Labels/extreme_sentiment_results.csv#5kaCGzjYukM/5
EAQ006491,MOSEI,unknown,MOSEI/18QjfdhJEM4/20,/root/autodl-tmp/data/datasets/baidupcs/CMU-MOSEI/extracted/Raw/Videos/Full/Combined/18QjfdhJEM4.mp4,/root/autodl-tmp/data/datasets/baidupcs/CMU-MOSEI/extracted/Raw/Audio/Full/WAV_16000/18QjfdhJEM4.wav,/root/autodl-tmp/data/datasets/baidupcs/CMU-MOSEI/extracted/Raw/Labels/extreme_sentiment_results.csv#20,0.00,0.00,en,high,high,high,true,true,2,-2,,,negative,/root/autodl-tmp/data/datasets/baidupcs/CMU-MOSEI/extracted/Raw/Labels/extreme_sentiment_results.csv#18QjfdhJEM4/20
EAQ006492,MOSEI,unknown,MOSEI/9dFEGb_RfwE/11,/root/autodl-tmp/data/datasets/baidupcs/CMU-MOSEI/extracted/Raw/Videos/Full/Combined/9dFEGb_RfwE.mp4,/root/autodl-tmp/data/datasets/baidupcs/CMU-MOSEI/extracted/Raw/Audio/Full/WAV_16000/9dFEGb_RfwE.wav,/root/autodl-tmp/data/datasets/baidupcs/CMU-MOSEI/extracted/Raw/Labels/extreme_sentiment_results.csv#11,0.00,0.00,en,high,high,high,true,true,0,0,,,neutral,/root/autodl-tmp/data/datasets/baidupcs/CMU-MOSEI/extracted/Raw/Labels/extreme_sentiment_results.csv#9dFEGb_RfwE/11
EAQ006493,MOSEI,unknown,MOSEI/h4LrwMn94ss/4,/root/autodl-tmp/data/datasets/baidupcs/CMU-MOSEI/extracted/Raw/Videos/Full/Combined/h4LrwMn94ss.mp4,/root/autodl-tmp/data/datasets/baidupcs/CMU-MOSEI/extracted/Raw/Audio/Full/WAV_16000/h4LrwMn94ss.wav,/root/autodl-tmp/data/datasets/baidupcs/CMU-MOSEI/extracted/Raw/Labels/extreme_sentiment_results.csv#4,0.00,0.00,en,high,high,high,true,true,0,0,,,neutral,/root/autodl-tmp/data/datasets/baidupcs/CMU-MOSEI/extracted/Raw/Labels/extreme_sentiment_results.csv#h4LrwMn94ss/4
EAQ006494,MOSEI,unknown,MOSEI/tymso_pAxhk/17,/root/autodl-tmp/data/datasets/baidupcs/CMU-MOSEI/extracted/Raw/Videos/Full/Combined/tymso_pAxhk.mp4,/root/autodl-tmp/data/datasets/baidupcs/CMU-MOSEI/extracted/Raw/Audio/Full/WAV_16000/tymso_pAxhk.wav,/root/autodl-tmp/data/datasets/baidupcs/CMU-MOSEI/extracted/Raw/Labels/extreme_sentiment_results.csv#17,0.00,0.00,en,high,high,high,true,true,0,1,,,positive,/root/autodl-tmp/data/datasets/baidupcs/CMU-MOSEI/extracted/Raw/Labels/extreme_sentiment_results.csv#tymso_pAxhk/17
EAQ006495,MOSEI,unknown,MOSEI/ezuWKsxPRSM/2,/root/autodl-tmp/data/datasets/baidupcs/CMU-MOSEI/extracted/Raw/Videos/Full/Combined/ezuWKsxPRSM.mp4,/root/autodl-tmp/data/datasets/baidupcs/CMU-MOSEI/extracted/Raw/Audio/Full/WAV_16000/ezuWKsxPRSM.wav,/root/autodl-tmp/data/datasets/baidupcs/CMU-MOSEI/extracted/Raw/Labels/extreme_sentiment_results.csv#2,0.00,0.00,en,high,high,high,true,true,0,2,,,positive,/root/autodl-tmp/data/datasets/baidupcs/CMU-MOSEI/extracted/Raw/Labels/extreme_sentiment_results.csv#ezuWKsxPRSM/2
EAQ006496,MOSEI,unknown,MOSEI/_tBaGXNwlp0/1,/root/autodl-tmp/data/datasets/baidupcs/CMU-MOSEI/extracted/Raw/Videos/Full/Combined/_tBaGXNwlp0.mp4,/root/autodl-tmp/data/datasets/baidupcs/CMU-MOSEI/extracted/Raw/Audio/Full/WAV_16000/_tBaGXNwlp0.wav,/root/autodl-tmp/data/datasets/baidupcs/CMU-MOSEI/extracted/Raw/Labels/extreme_sentiment_results.csv#1,0.00,0.00,en,high,high,high,true,true,0,0,,,neutral,/root/autodl-tmp/data/datasets/baidupcs/CMU-MOSEI/extracted/Raw/Labels/extreme_sentiment_results.csv#_tBaGXNwlp0/1
EAQ006497,MOSEI,unknown,MOSEI/YcJ5RJYUr7Y/8,/root/autodl-tmp/data/datasets/baidupcs/CMU-MOSEI/extracted/Raw/Videos/Full/Combined/YcJ5RJYUr7Y.mp4,/root/autodl-tmp/data/datasets/baidupcs/CMU-MOSEI/extracted/Raw/Audio/Full/WAV_16000/YcJ5RJYUr7Y.wav,/root/autodl-tmp/data/datasets/baidupcs/CMU-MOSEI/extracted/Raw/Labels/extreme_sentiment_results.csv#8,0.00,0.00,en,high,high,high,true,true,0,0,,,neutral,/root/autodl-tmp/data/datasets/baidupcs/CMU-MOSEI/extracted/Raw/Labels/extreme_sentiment_results.csv#YcJ5RJYUr7Y/8
EAQ006498,MOSEI,unknown,MOSEI/KB5hSnV1emg/0,/root/autodl-tmp/data/datasets/baidupcs/CMU-MOSEI/extracted/Raw/Videos/Full/Combined/KB5hSnV1emg.mp4,/root/autodl-tmp/data/datasets/baidupcs/CMU-MOSEI/extracted/Raw/Audio/Full/WAV_16000/KB5hSnV1emg.wav,/root/autodl-tmp/data/datasets/baidupcs/CMU-MOSEI/extracted/Raw/Labels/extreme_sentiment_results.csv#0,0.00,0.00,en,high,high,high,true,true,0,0,,,neutral,/root/autodl-tmp/data/datasets/baidupcs/CMU-MOSEI/extracted/Raw/Labels/extreme_sentiment_results.csv#KB5hSnV1emg/0
EAQ006499,MOSEI,unknown,MOSEI/pf-78LF4ORE/9,/root/autodl-tmp/data/datasets/baidupcs/CMU-MOSEI/extracted/Raw/Videos/Full/Combined/pf-78LF4ORE.mp4,/root/autodl-tmp/data/datasets/baidupcs/CMU-MOSEI/extracted/Raw/Audio/Full/WAV_16000/pf-78LF4ORE.wav,/root/autodl-tmp/data/datasets/baidupcs/CMU-MOSEI/extracted/Raw/Labels/extreme_sentiment_results.csv#9,0.00,0.00,en,high,high,high,true,true,0,0,,,neutral,/root/autodl-tmp/data/datasets/baidupcs/CMU-MOSEI/extracted/Raw/Labels/extreme_sentiment_results.csv#pf-78LF4ORE/9
EAQ006500,MOSEI,unknown,MOSEI/XAgD-xoil40/5,/root/autodl-tmp/data/datasets/baidupcs/CMU-MOSEI/extracted/Raw/Videos/Full/Combined/XAgD-xoil40.mp4,/root/autodl-tmp/data/datasets/baidupcs/CMU-MOSEI/extracted/Raw/Audio/Full/WAV_16000/XAgD-xoil40.wav,/root/autodl-tmp/data/datasets/baidupcs/CMU-MOSEI/extracted/Raw/Labels/extreme_sentiment_results.csv#5,0.00,0.00,en,high,high,high,true,true,0,0,,,neutral,/root/autodl-tmp/data/datasets/baidupcs/CMU-MOSEI/extracted/Raw/Labels/extreme_sentiment_results.csv#XAgD-xoil40/5
EAQ006501,MOSEI,unknown,MOSEI/O3whFU2lAAk/5,/root/autodl-tmp/data/datasets/baidupcs/CMU-MOSEI/extracted/Raw/Videos/Full/Combined/O3whFU2lAAk.mp4,/root/autodl-tmp/data/datasets/baidupcs/CMU-MOSEI/extracted/Raw/Audio/Full/WAV_16000/O3whFU2lAAk.wav,/root/autodl-tmp/data/datasets/baidupcs/CMU-MOSEI/extracted/Raw/Labels/extreme_sentiment_results.csv#5,0.00,0.00,en,high,high,high,true,true,1,-1,,,negative,/root/autodl-tmp/data/datasets/baidupcs/CMU-MOSEI/extracted/Raw/Labels/extreme_sentiment_results.csv#O3whFU2lAAk/5
EAQ006502,MOSEI,unknown,MOSEI/I8MM8y1XVjs/7,/root/autodl-tmp/data/datasets/baidupcs/CMU-MOSEI/extracted/Raw/Videos/Full/Combined/I8MM8y1XVjs.mp4,/root/autodl-tmp/data/datasets/baidupcs/CMU-MOSEI/extracted/Raw/Audio/Full/WAV_16000/I8MM8y1XVjs.wav,/root/autodl-tmp/data/datasets/baidupcs/CMU-MOSEI/extracted/Raw/Labels/extreme_sentiment_results.csv#7,0.00,0.00,en,high,high,high,true,true,0,0,,,neutral,/root/autodl-tmp/data/datasets/baidupcs/CMU-MOSEI/extracted/Raw/Labels/extreme_sentiment_results.csv#I8MM8y1XVjs/7
EAQ006503,MOSEI,unknown,MOSEI/iUXqlrui25c/12,/root/autodl-tmp/data/datasets/baidupcs/CMU-MOSEI/extracted/Raw/Videos/Full/Combined/iUXqlrui25c.mp4,/root/autodl-tmp/data/datasets/baidupcs/CMU-MOSEI/extracted/Raw/Audio/Full/WAV_16000/iUXqlrui25c.wav,/root/autodl-tmp/data/datasets/baidupcs/CMU-MOSEI/extracted/Raw/Labels/extreme_sentiment_results.csv#12,0.00,0.00,en,high,high,high,true,true,0,0,,,neutral,/root/autodl-tmp/data/datasets/baidupcs/CMU-MOSEI/extracted/Raw/Labels/extreme_sentiment_results.csv#iUXqlrui25c/12
EAQ006504,MOSEI,unknown,MOSEI/-HeZS2-Prhc/2,/root/autodl-tmp/data/datasets/baidupcs/CMU-MOSEI/extracted/Raw/Videos/Full/Combined/-HeZS2-Prhc.mp4,/root/autodl-tmp/data/datasets/baidupcs/CMU-MOSEI/extracted/Raw/Audio/Full/WAV_16000/-HeZS2-Prhc.wav,/root/autodl-tmp/data/datasets/baidupcs/CMU-MOSEI/extracted/Raw/Labels/extreme_sentiment_results.csv#2,0.00,0.00,en,high,high,high,true,true,0,1,,,positive,/root/autodl-tmp/data/datasets/baidupcs/CMU-MOSEI/extracted/Raw/Labels/extreme_sentiment_results.csv#-HeZS2-Prhc/2
EAQ006505,MOSEI,unknown,MOSEI/q1_knonj0Lw/23,/root/autodl-tmp/data/datasets/baidupcs/CMU-MOSEI/extracted/Raw/Videos/Full/Combined/q1_knonj0Lw.mp4,/root/autodl-tmp/data/datasets/baidupcs/CMU-MOSEI/extracted/Raw/Audio/Full/WAV_16000/q1_knonj0Lw.wav,/root/autodl-tmp/data/datasets/baidupcs/CMU-MOSEI/extracted/Raw/Labels/extreme_sentiment_results.csv#23,0.00,0.00,en,high,high,high,true,true,0,0,,,neutral,/root/autodl-tmp/data/datasets/baidupcs/CMU-MOSEI/extracted/Raw/Labels/extreme_sentiment_results.csv#q1_knonj0Lw/23
EAQ006506,MOSEI,unknown,MOSEI/k0cGUNUHuyY/0,/root/autodl-tmp/data/datasets/baidupcs/CMU-MOSEI/extracted/Raw/Videos/Full/Combined/k0cGUNUHuyY.mp4,/root/autodl-tmp/data/datasets/baidupcs/CMU-MOSEI/extracted/Raw/Audio/Full/WAV_16000/k0cGUNUHuyY.wav,/root/autodl-tmp/data/datasets/baidupcs/CMU-MOSEI/extracted/Raw/Labels/extreme_sentiment_results.csv#0,0.00,0.00,en,high,high,high,true,true,0,-1,,,negative,/root/autodl-tmp/data/datasets/baidupcs/CMU-MOSEI/extracted/Raw/Labels/extreme_sentiment_results.csv#k0cGUNUHuyY/0
EAQ006507,MOSEI,unknown,MOSEI/Arh2TKRi_mg/3,/root/autodl-tmp/data/datasets/baidupcs/CMU-MOSEI/extracted/Raw/Videos/Full/Combined/Arh2TKRi_mg.mp4,/root/autodl-tmp/data/datasets/baidupcs/CMU-MOSEI/extracted/Raw/Audio/Full/WAV_16000/Arh2TKRi_mg.wav,/root/autodl-tmp/data/datasets/baidupcs/CMU-MOSEI/extracted/Raw/Labels/extreme_sentiment_results.csv#3,0.00,0.00,en,high,high,high,true,true,0,1,,,positive,/root/autodl-tmp/data/datasets/baidupcs/CMU-MOSEI/extracted/Raw/Labels/extreme_sentiment_results.csv#Arh2TKRi_mg/3
EAQ006508,MOSEI,unknown,MOSEI/jqKzaEniiKo/4,/root/autodl-tmp/data/datasets/baidupcs/CMU-MOSEI/extracted/Raw/Videos/Full/Combined/jqKzaEniiKo.mp4,/root/autodl-tmp/data/datasets/baidupcs/CMU-MOSEI/extracted/Raw/Audio/Full/WAV_16000/jqKzaEniiKo.wav,/root/autodl-tmp/data/datasets/baidupcs/CMU-MOSEI/extracted/Raw/Labels/extreme_sentiment_results.csv#4,0.00,0.00,en,high,high,high,true,true,0,0,,,neutral,/root/autodl-tmp/data/datasets/baidupcs/CMU-MOSEI/extracted/Raw/Labels/extreme_sentiment_results.csv#jqKzaEniiKo/4
EAQ006509,MOSEI,unknown,MOSEI/Emi9cw9xa00/4,/root/autodl-tmp/data/datasets/baidupcs/CMU-MOSEI/extracted/Raw/Videos/Full/Combined/Emi9cw9xa00.mp4,/root/autodl-tmp/data/datasets/baidupcs/CMU-MOSEI/extracted/Raw/Audio/Full/WAV_16000/Emi9cw9xa00.wav,/root/autodl-tmp/data/datasets/baidupcs/CMU-MOSEI/extracted/Raw/Labels/extreme_sentiment_results.csv#4,0.00,0.00,en,high,high,high,true,true,0,2,,,positive,/root/autodl-tmp/data/datasets/baidupcs/CMU-MOSEI/extracted/Raw/Labels/extreme_sentiment_results.csv#Emi9cw9xa00/4
EAQ006510,MOSEI,unknown,MOSEI/N0GhVkCwrqw/12,/root/autodl-tmp/data/datasets/baidupcs/CMU-MOSEI/extracted/Raw/Videos/Full/Combined/N0GhVkCwrqw.mp4,/root/autodl-tmp/data/datasets/baidupcs/CMU-MOSEI/extracted/Raw/Audio/Full/WAV_16000/N0GhVkCwrqw.wav,/root/autodl-tmp/data/datasets/baidupcs/CMU-MOSEI/extracted/Raw/Labels/extreme_sentiment_results.csv#12,0.00,0.00,en,high,high,high,true,true,0,1,,,positive,/root/autodl-tmp/data/datasets/baidupcs/CMU-MOSEI/extracted/Raw/Labels/extreme_sentiment_results.csv#N0GhVkCwrqw/12
EAQ006511,MOSEI,unknown,MOSEI/OEesmAnTpeA/0,/root/autodl-tmp/data/datasets/baidupcs/CMU-MOSEI/extracted/Raw/Videos/Full/Combined/OEesmAnTpeA.mp4,/root/autodl-tmp/data/datasets/baidupcs/CMU-MOSEI/extracted/Raw/Audio/Full/WAV_16000/OEesmAnTpeA.wav,/root/autodl-tmp/data/datasets/baidupcs/CMU-MOSEI/extracted/Raw/Labels/extreme_sentiment_results.csv#0,0.00,0.00,en,high,high,high,true,true,0,1,,,positive,/root/autodl-tmp/data/datasets/baidupcs/CMU-MOSEI/extracted/Raw/Labels/extreme_sentiment_results.csv#OEesmAnTpeA/0
EAQ006512,MOSEI,unknown,MOSEI/aDvgbBqTWWE/30,/root/autodl-tmp/data/datasets/baidupcs/CMU-MOSEI/extracted/Raw/Videos/Full/Combined/aDvgbBqTWWE.mp4,/root/autodl-tmp/data/datasets/baidupcs/CMU-MOSEI/extracted/Raw/Audio/Full/WAV_16000/aDvgbBqTWWE.wav,/root/autodl-tmp/data/datasets/baidupcs/CMU-MOSEI/extracted/Raw/Labels/extreme_sentiment_results.csv#30,0.00,0.00,en,high,high,high,true,true,0,2,,,positive,/root/autodl-tmp/data/datasets/baidupcs/CMU-MOSEI/extracted/Raw/Labels/extreme_sentiment_results.csv#aDvgbBqTWWE/30
EAQ006513,MOSEI,unknown,MOSEI/3FpmKxZgihw/2,/root/autodl-tmp/data/datasets/baidupcs/CMU-MOSEI/extracted/Raw/Videos/Full/Combined/3FpmKxZgihw.mp4,/root/autodl-tmp/data/datasets/baidupcs/CMU-MOSEI/extracted/Raw/Audio/Full/WAV_16000/3FpmKxZgihw.wav,/root/autodl-tmp/data/datasets/baidupcs/CMU-MOSEI/extracted/Raw/Labels/extreme_sentiment_results.csv#2,0.00,0.00,en,high,high,high,true,true,0,0,,,neutral,/root/autodl-tmp/data/datasets/baidupcs/CMU-MOSEI/extracted/Raw/Labels/extreme_sentiment_results.csv#3FpmKxZgihw/2
EAQ006514,MOSEI,unknown,MOSEI/FRKwvmrwrZA/26,/root/autodl-tmp/data/datasets/baidupcs/CMU-MOSEI/extracted/Raw/Videos/Full/Combined/FRKwvmrwrZA.mp4,/root/autodl-tmp/data/datasets/baidupcs/CMU-MOSEI/extracted/Raw/Audio/Full/WAV_16000/FRKwvmrwrZA.wav,/root/autodl-tmp/data/datasets/baidupcs/CMU-MOSEI/extracted/Raw/Labels/extreme_sentiment_results.csv#26,0.00,0.00,en,high,high,high,true,true,0,2,,,positive,/root/autodl-tmp/data/datasets/baidupcs/CMU-MOSEI/extracted/Raw/Labels/extreme_sentiment_results.csv#FRKwvmrwrZA/26
EAQ006515,MOSEI,unknown,MOSEI/uTWeng4h5eM/1,/root/autodl-tmp/data/datasets/baidupcs/CMU-MOSEI/extracted/Raw/Videos/Full/Combined/uTWeng4h5eM.mp4,/root/autodl-tmp/data/datasets/baidupcs/CMU-MOSEI/extracted/Raw/Audio/Full/WAV_16000/uTWeng4h5eM.wav,/root/autodl-tmp/data/datasets/baidupcs/CMU-MOSEI/extracted/Raw/Labels/extreme_sentiment_results.csv#1,0.00,0.00,en,high,high,high,true,true,0,1,,,positive,/root/autodl-tmp/data/datasets/baidupcs/CMU-MOSEI/extracted/Raw/Labels/extreme_sentiment_results.csv#uTWeng4h5eM/1
EAQ006516,MOSEI,unknown,MOSEI/IiGzuoblKSM/0,/root/autodl-tmp/data/datasets/baidupcs/CMU-MOSEI/extracted/Raw/Videos/Full/Combined/IiGzuoblKSM.mp4,/root/autodl-tmp/data/datasets/baidupcs/CMU-MOSEI/extracted/Raw/Audio/Full/WAV_16000/IiGzuoblKSM.wav,/root/autodl-tmp/data/datasets/baidupcs/CMU-MOSEI/extracted/Raw/Labels/extreme_sentiment_results.csv#0,0.00,0.00,en,high,high,high,true,true,0,2,,,positive,/root/autodl-tmp/data/datasets/baidupcs/CMU-MOSEI/extracted/Raw/Labels/extreme_sentiment_results.csv#IiGzuoblKSM/0
EAQ006517,MOSEI,unknown,MOSEI/wd8VQ5E7o7o/3,/root/autodl-tmp/data/datasets/baidupcs/CMU-MOSEI/extracted/Raw/Videos/Full/Combined/wd8VQ5E7o7o.mp4,/root/autodl-tmp/data/datasets/baidupcs/CMU-MOSEI/extracted/Raw/Audio/Full/WAV_16000/wd8VQ5E7o7o.wav,/root/autodl-tmp/data/datasets/baidupcs/CMU-MOSEI/extracted/Raw/Labels/extreme_sentiment_results.csv#3,0.00,0.00,en,high,high,high,true,true,0,2,,,positive,/root/autodl-tmp/data/datasets/baidupcs/CMU-MOSEI/extracted/Raw/Labels/extreme_sentiment_results.csv#wd8VQ5E7o7o/3
EAQ006518,MOSEI,unknown,MOSEI/Nrurc5sMUOE/6,/root/autodl-tmp/data/datasets/baidupcs/CMU-MOSEI/extracted/Raw/Videos/Full/Combined/Nrurc5sMUOE.mp4,/root/autodl-tmp/data/datasets/baidupcs/CMU-MOSEI/extracted/Raw/Audio/Full/WAV_16000/Nrurc5sMUOE.wav,/root/autodl-tmp/data/datasets/baidupcs/CMU-MOSEI/extracted/Raw/Labels/extreme_sentiment_results.csv#6,0.00,0.00,en,high,high,high,true,true,0,0,,,neutral,/root/autodl-tmp/data/datasets/baidupcs/CMU-MOSEI/extracted/Raw/Labels/extreme_sentiment_results.csv#Nrurc5sMUOE/6
EAQ006519,MOSEI,unknown,MOSEI/8eaYvALnJ0o/0,/root/autodl-tmp/data/datasets/baidupcs/CMU-MOSEI/extracted/Raw/Videos/Full/Combined/8eaYvALnJ0o.mp4,/root/autodl-tmp/data/datasets/baidupcs/CMU-MOSEI/extracted/Raw/Audio/Full/WAV_16000/8eaYvALnJ0o.wav,/root/autodl-tmp/data/datasets/baidupcs/CMU-MOSEI/extracted/Raw/Labels/extreme_sentiment_results.csv#0,0.00,0.00,en,high,high,high,true,true,0,1,,,positive,/root/autodl-tmp/data/datasets/baidupcs/CMU-MOSEI/extracted/Raw/Labels/extreme_sentiment_results.csv#8eaYvALnJ0o/0
EAQ006520,MOSEI,unknown,MOSEI/BBoe8-HWPSw/15,/root/autodl-tmp/data/datasets/baidupcs/CMU-MOSEI/extracted/Raw/Videos/Full/Combined/BBoe8-HWPSw.mp4,/root/autodl-tmp/data/datasets/baidupcs/CMU-MOSEI/extracted/Raw/Audio/Full/WAV_16000/BBoe8-HWPSw.wav,/root/autodl-tmp/data/datasets/baidupcs/CMU-MOSEI/extracted/Raw/Labels/extreme_sentiment_results.csv#15,0.00,0.00,en,high,high,high,true,true,0,3,,,positive,/root/autodl-tmp/data/datasets/baidupcs/CMU-MOSEI/extracted/Raw/Labels/extreme_sentiment_results.csv#BBoe8-HWPSw/15
EAQ006521,MOSEI,unknown,MOSEI/2ahFSMFvs_c/21,/root/autodl-tmp/data/datasets/baidupcs/CMU-MOSEI/extracted/Raw/Videos/Full/Combined/2ahFSMFvs_c.mp4,/root/autodl-tmp/data/datasets/baidupcs/CMU-MOSEI/extracted/Raw/Audio/Full/WAV_16000/2ahFSMFvs_c.wav,/root/autodl-tmp/data/datasets/baidupcs/CMU-MOSEI/extracted/Raw/Labels/extreme_sentiment_results.csv#21,0.00,0.00,en,high,high,high,true,true,0,-2,,,negative,/root/autodl-tmp/data/datasets/baidupcs/CMU-MOSEI/extracted/Raw/Labels/extreme_sentiment_results.csv#2ahFSMFvs_c/21
EAQ006522,MOSEI,unknown,MOSEI/pnSRLB6anIM/6,/root/autodl-tmp/data/datasets/baidupcs/CMU-MOSEI/extracted/Raw/Videos/Full/Combined/pnSRLB6anIM.mp4,/root/autodl-tmp/data/datasets/baidupcs/CMU-MOSEI/extracted/Raw/Audio/Full/WAV_16000/pnSRLB6anIM.wav,/root/autodl-tmp/data/datasets/baidupcs/CMU-MOSEI/extracted/Raw/Labels/extreme_sentiment_results.csv#6,0.00,0.00,en,high,high,high,true,true,0,0,,,neutral,/root/autodl-tmp/data/datasets/baidupcs/CMU-MOSEI/extracted/Raw/Labels/extreme_sentiment_results.csv#pnSRLB6anIM/6
EAQ006523,MOSEI,unknown,MOSEI/Gvg_80PlAAs/8,/root/autodl-tmp/data/datasets/baidupcs/CMU-MOSEI/extracted/Raw/Videos/Full/Combined/Gvg_80PlAAs.mp4,/root/autodl-tmp/data/datasets/baidupcs/CMU-MOSEI/extracted/Raw/Audio/Full/WAV_16000/Gvg_80PlAAs.wav,/root/autodl-tmp/data/datasets/baidupcs/CMU-MOSEI/extracted/Raw/Labels/extreme_sentiment_results.csv#8,0.00,0.00,en,high,high,high,true,true,0,-1,,,negative,/root/autodl-tmp/data/datasets/baidupcs/CMU-MOSEI/extracted/Raw/Labels/extreme_sentiment_results.csv#Gvg_80PlAAs/8
EAQ006524,MOSEI,unknown,MOSEI/94ULum9MYX0/11,/root/autodl-tmp/data/datasets/baidupcs/CMU-MOSEI/extracted/Raw/Videos/Full/Combined/94ULum9MYX0.mp4,/root/autodl-tmp/data/datasets/baidupcs/CMU-MOSEI/extracted/Raw/Audio/Full/WAV_16000/94ULum9MYX0.wav,/root/autodl-tmp/data/datasets/baidupcs/CMU-MOSEI/extracted/Raw/Labels/extreme_sentiment_results.csv#11,0.00,0.00,en,high,high,high,true,true,0,0,,,neutral,/root/autodl-tmp/data/datasets/baidupcs/CMU-MOSEI/extracted/Raw/Labels/extreme_sentiment_results.csv#94ULum9MYX0/11
EAQ006525,MOSEI,unknown,MOSEI/nTBKtwqPIYw/10,/root/autodl-tmp/data/datasets/baidupcs/CMU-MOSEI/extracted/Raw/Videos/Full/Combined/nTBKtwqPIYw.mp4,/root/autodl-tmp/data/datasets/baidupcs/CMU-MOSEI/extracted/Raw/Audio/Full/WAV_16000/nTBKtwqPIYw.wav,/root/autodl-tmp/data/datasets/baidupcs/CMU-MOSEI/extracted/Raw/Labels/extreme_sentiment_results.csv#10,0.00,0.00,en,high,high,high,true,true,0,1,,,positive,/root/autodl-tmp/data/datasets/baidupcs/CMU-MOSEI/extracted/Raw/Labels/extreme_sentiment_results.csv#nTBKtwqPIYw/10
EAQ006526,MOSEI,unknown,MOSEI/P35dyIit1yM/1,/root/autodl-tmp/data/datasets/baidupcs/CMU-MOSEI/extracted/Raw/Videos/Full/Combined/P35dyIit1yM.mp4,/root/autodl-tmp/data/datasets/baidupcs/CMU-MOSEI/extracted/Raw/Audio/Full/WAV_16000/P35dyIit1yM.wav,/root/autodl-tmp/data/datasets/baidupcs/CMU-MOSEI/extracted/Raw/Labels/extreme_sentiment_results.csv#1,0.00,0.00,en,high,high,high,true,true,0,0,,,neutral,/root/autodl-tmp/data/datasets/baidupcs/CMU-MOSEI/extracted/Raw/Labels/extreme_sentiment_results.csv#P35dyIit1yM/1
EAQ006527,MOSEI,unknown,MOSEI/xn9_4n4NpEw/10,/root/autodl-tmp/data/datasets/baidupcs/CMU-MOSEI/extracted/Raw/Videos/Full/Combined/xn9_4n4NpEw.mp4,/root/autodl-tmp/data/datasets/baidupcs/CMU-MOSEI/extracted/Raw/Audio/Full/WAV_16000/xn9_4n4NpEw.wav,/root/autodl-tmp/data/datasets/baidupcs/CMU-MOSEI/extracted/Raw/Labels/extreme_sentiment_results.csv#10,0.00,0.00,en,high,high,high,true,true,0,2,,,positive,/root/autodl-tmp/data/datasets/baidupcs/CMU-MOSEI/extracted/Raw/Labels/extreme_sentiment_results.csv#xn9_4n4NpEw/10
EAQ006528,MOSEI,unknown,MOSEI/ypZhKsR-9iI/9,/root/autodl-tmp/data/datasets/baidupcs/CMU-MOSEI/extracted/Raw/Videos/Full/Combined/ypZhKsR-9iI.mp4,/root/autodl-tmp/data/datasets/baidupcs/CMU-MOSEI/extracted/Raw/Audio/Full/WAV_16000/ypZhKsR-9iI.wav,/root/autodl-tmp/data/datasets/baidupcs/CMU-MOSEI/extracted/Raw/Labels/extreme_sentiment_results.csv#9,0.00,0.00,en,high,high,high,true,true,0,-2,,,negative,/root/autodl-tmp/data/datasets/baidupcs/CMU-MOSEI/extracted/Raw/Labels/extreme_sentiment_results.csv#ypZhKsR-9iI/9
EAQ006529,MOSEI,unknown,MOSEI/d38u9n5GOLM/30,/root/autodl-tmp/data/datasets/baidupcs/CMU-MOSEI/extracted/Raw/Videos/Full/Combined/d38u9n5GOLM.mp4,/root/autodl-tmp/data/datasets/baidupcs/CMU-MOSEI/extracted/Raw/Audio/Full/WAV_16000/d38u9n5GOLM.wav,/root/autodl-tmp/data/datasets/baidupcs/CMU-MOSEI/extracted/Raw/Labels/extreme_sentiment_results.csv#30,0.00,0.00,en,high,high,high,true,true,0,2,,,positive,/root/autodl-tmp/data/datasets/baidupcs/CMU-MOSEI/extracted/Raw/Labels/extreme_sentiment_results.csv#d38u9n5GOLM/30
EAQ006530,MOSEI,unknown,MOSEI/cl1DNRGX578/5,/root/autodl-tmp/data/datasets/baidupcs/CMU-MOSEI/extracted/Raw/Videos/Full/Combined/cl1DNRGX578.mp4,/root/autodl-tmp/data/datasets/baidupcs/CMU-MOSEI/extracted/Raw/Audio/Full/WAV_16000/cl1DNRGX578.wav,/root/autodl-tmp/data/datasets/baidupcs/CMU-MOSEI/extracted/Raw/Labels/extreme_sentiment_results.csv#5,0.00,0.00,en,high,high,high,true,true,0,0,,,neutral,/root/autodl-tmp/data/datasets/baidupcs/CMU-MOSEI/extracted/Raw/Labels/extreme_sentiment_results.csv#cl1DNRGX578/5
EAQ006531,MOSEI,unknown,MOSEI/r_vjlTcrI-U/3,/root/autodl-tmp/data/datasets/baidupcs/CMU-MOSEI/extracted/Raw/Videos/Full/Combined/r_vjlTcrI-U.mp4,/root/autodl-tmp/data/datasets/baidupcs/CMU-MOSEI/extracted/Raw/Audio/Full/WAV_16000/r_vjlTcrI-U.wav,/root/autodl-tmp/data/datasets/baidupcs/CMU-MOSEI/extracted/Raw/Labels/extreme_sentiment_results.csv#3,0.00,0.00,en,high,high,high,true,true,0,2,,,positive,/root/autodl-tmp/data/datasets/baidupcs/CMU-MOSEI/extracted/Raw/Labels/extreme_sentiment_results.csv#r_vjlTcrI-U/3
EAQ006532,MOSEI,unknown,MOSEI/Y6s_vuUUsJM/9,/root/autodl-tmp/data/datasets/baidupcs/CMU-MOSEI/extracted/Raw/Videos/Full/Combined/Y6s_vuUUsJM.mp4,/root/autodl-tmp/data/datasets/baidupcs/CMU-MOSEI/extracted/Raw/Audio/Full/WAV_16000/Y6s_vuUUsJM.wav,/root/autodl-tmp/data/datasets/baidupcs/CMU-MOSEI/extracted/Raw/Labels/extreme_sentiment_results.csv#9,0.00,0.00,en,high,high,high,true,true,0,2,,,positive,/root/autodl-tmp/data/datasets/baidupcs/CMU-MOSEI/extracted/Raw/Labels/extreme_sentiment_results.csv#Y6s_vuUUsJM/9
EAQ006533,MOSEI,unknown,MOSEI/aE-X_QdDaqQ/3,/root/autodl-tmp/data/datasets/baidupcs/CMU-MOSEI/extracted/Raw/Videos/Full/Combined/aE-X_QdDaqQ.mp4,/root/autodl-tmp/data/datasets/baidupcs/CMU-MOSEI/extracted/Raw/Audio/Full/WAV_16000/aE-X_QdDaqQ.wav,/root/autodl-tmp/data/datasets/baidupcs/CMU-MOSEI/extracted/Raw/Labels/extreme_sentiment_results.csv#3,0.00,0.00,en,high,high,high,true,true,0,0,,,neutral,/root/autodl-tmp/data/datasets/baidupcs/CMU-MOSEI/extracted/Raw/Labels/extreme_sentiment_results.csv#aE-X_QdDaqQ/3
EAQ006534,MOSEI,unknown,MOSEI/LityRNuQihc/6,/root/autodl-tmp/data/datasets/baidupcs/CMU-MOSEI/extracted/Raw/Videos/Full/Combined/LityRNuQihc.mp4,/root/autodl-tmp/data/datasets/baidupcs/CMU-MOSEI/extracted/Raw/Audio/Full/WAV_16000/LityRNuQihc.wav,/root/autodl-tmp/data/datasets/baidupcs/CMU-MOSEI/extracted/Raw/Labels/extreme_sentiment_results.csv#6,0.00,0.00,en,high,high,high,true,true,0,-3,,,negative,/root/autodl-tmp/data/datasets/baidupcs/CMU-MOSEI/extracted/Raw/Labels/extreme_sentiment_results.csv#LityRNuQihc/6
EAQ006535,MOSEI,unknown,MOSEI/Sb2xMPwNKPo/17,/root/autodl-tmp/data/datasets/baidupcs/CMU-MOSEI/extracted/Raw/Videos/Full/Combined/Sb2xMPwNKPo.mp4,/root/autodl-tmp/data/datasets/baidupcs/CMU-MOSEI/extracted/Raw/Audio/Full/WAV_16000/Sb2xMPwNKPo.wav,/root/autodl-tmp/data/datasets/baidupcs/CMU-MOSEI/extracted/Raw/Labels/extreme_sentiment_results.csv#17,0.00,0.00,en,high,high,high,true,true,0,0,,,neutral,/root/autodl-tmp/data/datasets/baidupcs/CMU-MOSEI/extracted/Raw/Labels/extreme_sentiment_results.csv#Sb2xMPwNKPo/17
EAQ006536,MOSEI,unknown,MOSEI/2cwNG0YuwtQ/19,/root/autodl-tmp/data/datasets/baidupcs/CMU-MOSEI/extracted/Raw/Videos/Full/Combined/2cwNG0YuwtQ.mp4,/root/autodl-tmp/data/datasets/baidupcs/CMU-MOSEI/extracted/Raw/Audio/Full/WAV_16000/2cwNG0YuwtQ.wav,/root/autodl-tmp/data/datasets/baidupcs/CMU-MOSEI/extracted/Raw/Labels/extreme_sentiment_results.csv#19,0.00,0.00,en,high,high,high,true,true,0,1,,,positive,/root/autodl-tmp/data/datasets/baidupcs/CMU-MOSEI/extracted/Raw/Labels/extreme_sentiment_results.csv#2cwNG0YuwtQ/19
EAQ006537,MOSEI,unknown,MOSEI/J_DtcW86D9c/18,/root/autodl-tmp/data/datasets/baidupcs/CMU-MOSEI/extracted/Raw/Videos/Full/Combined/J_DtcW86D9c.mp4,/root/autodl-tmp/data/datasets/baidupcs/CMU-MOSEI/extracted/Raw/Audio/Full/WAV_16000/J_DtcW86D9c.wav,/root/autodl-tmp/data/datasets/baidupcs/CMU-MOSEI/extracted/Raw/Labels/extreme_sentiment_results.csv#18,0.00,0.00,en,high,high,high,true,true,0,0,,,neutral,/root/autodl-tmp/data/datasets/baidupcs/CMU-MOSEI/extracted/Raw/Labels/extreme_sentiment_results.csv#J_DtcW86D9c/18
EAQ006538,MOSEI,unknown,MOSEI/4jTUcNlxlYA/6,/root/autodl-tmp/data/datasets/baidupcs/CMU-MOSEI/extracted/Raw/Videos/Full/Combined/4jTUcNlxlYA.mp4,/root/autodl-tmp/data/datasets/baidupcs/CMU-MOSEI/extracted/Raw/Audio/Full/WAV_16000/4jTUcNlxlYA.wav,/root/autodl-tmp/data/datasets/baidupcs/CMU-MOSEI/extracted/Raw/Labels/extreme_sentiment_results.csv#6,0.00,0.00,en,high,high,high,true,true,0,1,,,positive,/root/autodl-tmp/data/datasets/baidupcs/CMU-MOSEI/extracted/Raw/Labels/extreme_sentiment_results.csv#4jTUcNlxlYA/6
EAQ006539,MOSEI,unknown,MOSEI/p5LEk2u8tXk/15,/root/autodl-tmp/data/datasets/baidupcs/CMU-MOSEI/extracted/Raw/Videos/Full/Combined/p5LEk2u8tXk.mp4,/root/autodl-tmp/data/datasets/baidupcs/CMU-MOSEI/extracted/Raw/Audio/Full/WAV_16000/p5LEk2u8tXk.wav,/root/autodl-tmp/data/datasets/baidupcs/CMU-MOSEI/extracted/Raw/Labels/extreme_sentiment_results.csv#15,0.00,0.00,en,high,high,high,true,true,0,2,,,positive,/root/autodl-tmp/data/datasets/baidupcs/CMU-MOSEI/extracted/Raw/Labels/extreme_sentiment_results.csv#p5LEk2u8tXk/15
EAQ006540,MOSEI,unknown,MOSEI/1bzS0YF5hfs/1,/root/autodl-tmp/data/datasets/baidupcs/CMU-MOSEI/extracted/Raw/Videos/Full/Combined/1bzS0YF5hfs.mp4,/root/autodl-tmp/data/datasets/baidupcs/CMU-MOSEI/extracted/Raw/Audio/Full/WAV_16000/1bzS0YF5hfs.wav,/root/autodl-tmp/data/datasets/baidupcs/CMU-MOSEI/extracted/Raw/Labels/extreme_sentiment_results.csv#1,0.00,0.00,en,high,high,high,true,true,0,1,,,positive,/root/autodl-tmp/data/datasets/baidupcs/CMU-MOSEI/extracted/Raw/Labels/extreme_sentiment_results.csv#1bzS0YF5hfs/1
EAQ006541,MOSEI,unknown,MOSEI/1J9Fa995Ojs/1,/root/autodl-tmp/data/datasets/baidupcs/CMU-MOSEI/extracted/Raw/Videos/Full/Combined/1J9Fa995Ojs.mp4,/root/autodl-tmp/data/datasets/baidupcs/CMU-MOSEI/extracted/Raw/Audio/Full/WAV_16000/1J9Fa995Ojs.wav,/root/autodl-tmp/data/datasets/baidupcs/CMU-MOSEI/extracted/Raw/Labels/extreme_sentiment_results.csv#1,0.00,0.00,en,high,high,high,true,true,0,2,,,positive,/root/autodl-tmp/data/datasets/baidupcs/CMU-MOSEI/extracted/Raw/Labels/extreme_sentiment_results.csv#1J9Fa995Ojs/1
EAQ006542,MOSEI,unknown,MOSEI/2QOf2wSu0j0/5,/root/autodl-tmp/data/datasets/baidupcs/CMU-MOSEI/extracted/Raw/Videos/Full/Combined/2QOf2wSu0j0.mp4,/root/autodl-tmp/data/datasets/baidupcs/CMU-MOSEI/extracted/Raw/Audio/Full/WAV_16000/2QOf2wSu0j0.wav,/root/autodl-tmp/data/datasets/baidupcs/CMU-MOSEI/extracted/Raw/Labels/extreme_sentiment_results.csv#5,0.00,0.00,en,high,high,high,true,true,0,0,,,neutral,/root/autodl-tmp/data/datasets/baidupcs/CMU-MOSEI/extracted/Raw/Labels/extreme_sentiment_results.csv#2QOf2wSu0j0/5
EAQ006543,MOSEI,unknown,MOSEI/OctOcfI4KSs/3,/root/autodl-tmp/data/datasets/baidupcs/CMU-MOSEI/extracted/Raw/Videos/Full/Combined/OctOcfI4KSs.mp4,/root/autodl-tmp/data/datasets/baidupcs/CMU-MOSEI/extracted/Raw/Audio/Full/WAV_16000/OctOcfI4KSs.wav,/root/autodl-tmp/data/datasets/baidupcs/CMU-MOSEI/extracted/Raw/Labels/extreme_sentiment_results.csv#3,0.00,0.00,en,high,high,high,true,true,0,-1,,,negative,/root/autodl-tmp/data/datasets/baidupcs/CMU-MOSEI/extracted/Raw/Labels/extreme_sentiment_results.csv#OctOcfI4KSs/3
EAQ006544,MOSEI,unknown,MOSEI/flBtk736di4/0,/root/autodl-tmp/data/datasets/baidupcs/CMU-MOSEI/extracted/Raw/Videos/Full/Combined/flBtk736di4.mp4,/root/autodl-tmp/data/datasets/baidupcs/CMU-MOSEI/extracted/Raw/Audio/Full/WAV_16000/flBtk736di4.wav,/root/autodl-tmp/data/datasets/baidupcs/CMU-MOSEI/extracted/Raw/Labels/extreme_sentiment_results.csv#0,0.00,0.00,en,high,high,high,true,true,0,1,,,positive,/root/autodl-tmp/data/datasets/baidupcs/CMU-MOSEI/extracted/Raw/Labels/extreme_sentiment_results.csv#flBtk736di4/0
EAQ006545,MOSEI,unknown,MOSEI/tymso_pAxhk/18,/root/autodl-tmp/data/datasets/baidupcs/CMU-MOSEI/extracted/Raw/Videos/Full/Combined/tymso_pAxhk.mp4,/root/autodl-tmp/data/datasets/baidupcs/CMU-MOSEI/extracted/Raw/Audio/Full/WAV_16000/tymso_pAxhk.wav,/root/autodl-tmp/data/datasets/baidupcs/CMU-MOSEI/extracted/Raw/Labels/extreme_sentiment_results.csv#18,0.00,0.00,en,high,high,high,true,true,1,-1,,,negative,/root/autodl-tmp/data/datasets/baidupcs/CMU-MOSEI/extracted/Raw/Labels/extreme_sentiment_results.csv#tymso_pAxhk/18
EAQ006546,MOSEI,unknown,MOSEI/S21ApRNQ9Ko/2,/root/autodl-tmp/data/datasets/baidupcs/CMU-MOSEI/extracted/Raw/Videos/Full/Combined/S21ApRNQ9Ko.mp4,/root/autodl-tmp/data/datasets/baidupcs/CMU-MOSEI/extracted/Raw/Audio/Full/WAV_16000/S21ApRNQ9Ko.wav,/root/autodl-tmp/data/datasets/baidupcs/CMU-MOSEI/extracted/Raw/Labels/extreme_sentiment_results.csv#2,0.00,0.00,en,high,high,high,true,true,0,1,,,positive,/root/autodl-tmp/data/datasets/baidupcs/CMU-MOSEI/extracted/Raw/Labels/extreme_sentiment_results.csv#S21ApRNQ9Ko/2
EAQ006547,MOSEI,unknown,MOSEI/gR4gM_WXesQ/21,/root/autodl-tmp/data/datasets/baidupcs/CMU-MOSEI/extracted/Raw/Videos/Full/Combined/gR4gM_WXesQ.mp4,/root/autodl-tmp/data/datasets/baidupcs/CMU-MOSEI/extracted/Raw/Audio/Full/WAV_16000/gR4gM_WXesQ.wav,/root/autodl-tmp/data/datasets/baidupcs/CMU-MOSEI/extracted/Raw/Labels/extreme_sentiment_results.csv#21,0.00,0.00,en,high,high,high,true,true,0,1,,,positive,/root/autodl-tmp/data/datasets/baidupcs/CMU-MOSEI/extracted/Raw/Labels/extreme_sentiment_results.csv#gR4gM_WXesQ/21
EAQ006548,MOSEI,unknown,MOSEI/5hXC8JbiLd8/2,/root/autodl-tmp/data/datasets/baidupcs/CMU-MOSEI/extracted/Raw/Videos/Full/Combined/5hXC8JbiLd8.mp4,/root/autodl-tmp/data/datasets/baidupcs/CMU-MOSEI/extracted/Raw/Audio/Full/WAV_16000/5hXC8JbiLd8.wav,/root/autodl-tmp/data/datasets/baidupcs/CMU-MOSEI/extracted/Raw/Labels/extreme_sentiment_results.csv#2,0.00,0.00,en,high,high,high,true,true,0,0,,,neutral,/root/autodl-tmp/data/datasets/baidupcs/CMU-MOSEI/extracted/Raw/Labels/extreme_sentiment_results.csv#5hXC8JbiLd8/2
EAQ006549,MOSEI,unknown,MOSEI/grsV1YN1z5s/6,/root/autodl-tmp/data/datasets/baidupcs/CMU-MOSEI/extracted/Raw/Videos/Full/Combined/grsV1YN1z5s.mp4,/root/autodl-tmp/data/datasets/baidupcs/CMU-MOSEI/extracted/Raw/Audio/Full/WAV_16000/grsV1YN1z5s.wav,/root/autodl-tmp/data/datasets/baidupcs/CMU-MOSEI/extracted/Raw/Labels/extreme_sentiment_results.csv#6,0.00,0.00,en,high,high,high,true,true,0,2,,,positive,/root/autodl-tmp/data/datasets/baidupcs/CMU-MOSEI/extracted/Raw/Labels/extreme_sentiment_results.csv#grsV1YN1z5s/6
EAQ006550,MOSEI,unknown,MOSEI/HjLpXXFoAQw/1,/root/autodl-tmp/data/datasets/baidupcs/CMU-MOSEI/extracted/Raw/Videos/Full/Combined/HjLpXXFoAQw.mp4,/root/autodl-tmp/data/datasets/baidupcs/CMU-MOSEI/extracted/Raw/Audio/Full/WAV_16000/HjLpXXFoAQw.wav,/root/autodl-tmp/data/datasets/baidupcs/CMU-MOSEI/extracted/Raw/Labels/extreme_sentiment_results.csv#1,0.00,0.00,en,high,high,high,true,true,0,0,,,neutral,/root/autodl-tmp/data/datasets/baidupcs/CMU-MOSEI/extracted/Raw/Labels/extreme_sentiment_results.csv#HjLpXXFoAQw/1
EAQ006551,MOSEI,unknown,MOSEI/J_DtcW86D9c/2,/root/autodl-tmp/data/datasets/baidupcs/CMU-MOSEI/extracted/Raw/Videos/Full/Combined/J_DtcW86D9c.mp4,/root/autodl-tmp/data/datasets/baidupcs/CMU-MOSEI/extracted/Raw/Audio/Full/WAV_16000/J_DtcW86D9c.wav,/root/autodl-tmp/data/datasets/baidupcs/CMU-MOSEI/extracted/Raw/Labels/extreme_sentiment_results.csv#2,0.00,0.00,en,high,high,high,true,true,0,1,,,positive,/root/autodl-tmp/data/datasets/baidupcs/CMU-MOSEI/extracted/Raw/Labels/extreme_sentiment_results.csv#J_DtcW86D9c/2
EAQ006552,MOSEI,unknown,MOSEI/2-5hH_k2VFk/8,/root/autodl-tmp/data/datasets/baidupcs/CMU-MOSEI/extracted/Raw/Videos/Full/Combined/2-5hH_k2VFk.mp4,/root/autodl-tmp/data/datasets/baidupcs/CMU-MOSEI/extracted/Raw/Audio/Full/WAV_16000/2-5hH_k2VFk.wav,/root/autodl-tmp/data/datasets/baidupcs/CMU-MOSEI/extracted/Raw/Labels/extreme_sentiment_results.csv#8,0.00,0.00,en,high,high,high,true,true,0,-2,,,negative,/root/autodl-tmp/data/datasets/baidupcs/CMU-MOSEI/extracted/Raw/Labels/extreme_sentiment_results.csv#2-5hH_k2VFk/8
EAQ006553,MOSEI,unknown,MOSEI/lc5bSoGlQwY/8,/root/autodl-tmp/data/datasets/baidupcs/CMU-MOSEI/extracted/Raw/Videos/Full/Combined/lc5bSoGlQwY.mp4,/root/autodl-tmp/data/datasets/baidupcs/CMU-MOSEI/extracted/Raw/Audio/Full/WAV_16000/lc5bSoGlQwY.wav,/root/autodl-tmp/data/datasets/baidupcs/CMU-MOSEI/extracted/Raw/Labels/extreme_sentiment_results.csv#8,0.00,0.00,en,high,high,high,true,true,0,0,,,neutral,/root/autodl-tmp/data/datasets/baidupcs/CMU-MOSEI/extracted/Raw/Labels/extreme_sentiment_results.csv#lc5bSoGlQwY/8
EAQ006554,MOSEI,unknown,MOSEI/xZ1FrxU6hcg/0,/root/autodl-tmp/data/datasets/baidupcs/CMU-MOSEI/extracted/Raw/Videos/Full/Combined/xZ1FrxU6hcg.mp4,/root/autodl-tmp/data/datasets/baidupcs/CMU-MOSEI/extracted/Raw/Audio/Full/WAV_16000/xZ1FrxU6hcg.wav,/root/autodl-tmp/data/datasets/baidupcs/CMU-MOSEI/extracted/Raw/Labels/extreme_sentiment_results.csv#0,0.00,0.00,en,high,high,high,true,true,0,0,,,neutral,/root/autodl-tmp/data/datasets/baidupcs/CMU-MOSEI/extracted/Raw/Labels/extreme_sentiment_results.csv#xZ1FrxU6hcg/0
EAQ006555,MOSEI,unknown,MOSEI/GjCUDqWSI6c/4,/root/autodl-tmp/data/datasets/baidupcs/CMU-MOSEI/extracted/Raw/Videos/Full/Combined/GjCUDqWSI6c.mp4,/root/autodl-tmp/data/datasets/baidupcs/CMU-MOSEI/extracted/Raw/Audio/Full/WAV_16000/GjCUDqWSI6c.wav,/root/autodl-tmp/data/datasets/baidupcs/CMU-MOSEI/extracted/Raw/Labels/extreme_sentiment_results.csv#4,0.00,0.00,en,high,high,high,true,true,0,0,,,neutral,/root/autodl-tmp/data/datasets/baidupcs/CMU-MOSEI/extracted/Raw/Labels/extreme_sentiment_results.csv#GjCUDqWSI6c/4
EAQ006556,MOSEI,unknown,MOSEI/ZltpfWh2aIw/0,/root/autodl-tmp/data/datasets/baidupcs/CMU-MOSEI/extracted/Raw/Videos/Full/Combined/ZltpfWh2aIw.mp4,/root/autodl-tmp/data/datasets/baidupcs/CMU-MOSEI/extracted/Raw/Audio/Full/WAV_16000/ZltpfWh2aIw.wav,/root/autodl-tmp/data/datasets/baidupcs/CMU-MOSEI/extracted/Raw/Labels/extreme_sentiment_results.csv#0,0.00,0.00,en,high,high,high,true,true,0,2,,,positive,/root/autodl-tmp/data/datasets/baidupcs/CMU-MOSEI/extracted/Raw/Labels/extreme_sentiment_results.csv#ZltpfWh2aIw/0
EAQ006557,MOSEI,unknown,MOSEI/Te-vgmYgGM4/4,/root/autodl-tmp/data/datasets/baidupcs/CMU-MOSEI/extracted/Raw/Videos/Full/Combined/Te-vgmYgGM4.mp4,/root/autodl-tmp/data/datasets/baidupcs/CMU-MOSEI/extracted/Raw/Audio/Full/WAV_16000/Te-vgmYgGM4.wav,/root/autodl-tmp/data/datasets/baidupcs/CMU-MOSEI/extracted/Raw/Labels/extreme_sentiment_results.csv#4,0.00,0.00,en,high,high,high,true,true,0,2,,,positive,/root/autodl-tmp/data/datasets/baidupcs/CMU-MOSEI/extracted/Raw/Labels/extreme_sentiment_results.csv#Te-vgmYgGM4/4
EAQ006558,MOSEI,unknown,MOSEI/2S00zYaVrtc/20,/root/autodl-tmp/data/datasets/baidupcs/CMU-MOSEI/extracted/Raw/Videos/Full/Combined/2S00zYaVrtc.mp4,/root/autodl-tmp/data/datasets/baidupcs/CMU-MOSEI/extracted/Raw/Audio/Full/WAV_16000/2S00zYaVrtc.wav,/root/autodl-tmp/data/datasets/baidupcs/CMU-MOSEI/extracted/Raw/Labels/extreme_sentiment_results.csv#20,0.00,0.00,en,high,high,high,true,true,0,2,,,positive,/root/autodl-tmp/data/datasets/baidupcs/CMU-MOSEI/extracted/Raw/Labels/extreme_sentiment_results.csv#2S00zYaVrtc/20
EAQ006559,MOSEI,unknown,MOSEI/ZmAIDJ_gcXM/8,/root/autodl-tmp/data/datasets/baidupcs/CMU-MOSEI/extracted/Raw/Videos/Full/Combined/ZmAIDJ_gcXM.mp4,/root/autodl-tmp/data/datasets/baidupcs/CMU-MOSEI/extracted/Raw/Audio/Full/WAV_16000/ZmAIDJ_gcXM.wav,/root/autodl-tmp/data/datasets/baidupcs/CMU-MOSEI/extracted/Raw/Labels/extreme_sentiment_results.csv#8,0.00,0.00,en,high,high,high,true,true,1,0,,,neutral,/root/autodl-tmp/data/datasets/baidupcs/CMU-MOSEI/extracted/Raw/Labels/extreme_sentiment_results.csv#ZmAIDJ_gcXM/8
EAQ006560,MOSEI,unknown,MOSEI/3IUVpwx23cY/31,/root/autodl-tmp/data/datasets/baidupcs/CMU-MOSEI/extracted/Raw/Videos/Full/Combined/3IUVpwx23cY.mp4,/root/autodl-tmp/data/datasets/baidupcs/CMU-MOSEI/extracted/Raw/Audio/Full/WAV_16000/3IUVpwx23cY.wav,/root/autodl-tmp/data/datasets/baidupcs/CMU-MOSEI/extracted/Raw/Labels/extreme_sentiment_results.csv#31,0.00,0.00,en,high,high,high,true,true,1,-2,,,negative,/root/autodl-tmp/data/datasets/baidupcs/CMU-MOSEI/extracted/Raw/Labels/extreme_sentiment_results.csv#3IUVpwx23cY/31
EAQ006561,MOSEI,unknown,MOSEI/gZDyk95Xob4/20,/root/autodl-tmp/data/datasets/baidupcs/CMU-MOSEI/extracted/Raw/Videos/Full/Combined/gZDyk95Xob4.mp4,/root/autodl-tmp/data/datasets/baidupcs/CMU-MOSEI/extracted/Raw/Audio/Full/WAV_16000/gZDyk95Xob4.wav,/root/autodl-tmp/data/datasets/baidupcs/CMU-MOSEI/extracted/Raw/Labels/extreme_sentiment_results.csv#20,0.00,0.00,en,high,high,high,true,true,0,2,,,positive,/root/autodl-tmp/data/datasets/baidupcs/CMU-MOSEI/extracted/Raw/Labels/extreme_sentiment_results.csv#gZDyk95Xob4/20
EAQ006562,MOSEI,unknown,MOSEI/HmXXW45eZL4/4,/root/autodl-tmp/data/datasets/baidupcs/CMU-MOSEI/extracted/Raw/Videos/Full/Combined/HmXXW45eZL4.mp4,/root/autodl-tmp/data/datasets/baidupcs/CMU-MOSEI/extracted/Raw/Audio/Full/WAV_16000/HmXXW45eZL4.wav,/root/autodl-tmp/data/datasets/baidupcs/CMU-MOSEI/extracted/Raw/Labels/extreme_sentiment_results.csv#4,0.00,0.00,en,high,high,high,true,true,0,0,,,neutral,/root/autodl-tmp/data/datasets/baidupcs/CMU-MOSEI/extracted/Raw/Labels/extreme_sentiment_results.csv#HmXXW45eZL4/4
EAQ006563,MOSEI,unknown,MOSEI/uacdDoBtT1k/2,/root/autodl-tmp/data/datasets/baidupcs/CMU-MOSEI/extracted/Raw/Videos/Full/Combined/uacdDoBtT1k.mp4,/root/autodl-tmp/data/datasets/baidupcs/CMU-MOSEI/extracted/Raw/Audio/Full/WAV_16000/uacdDoBtT1k.wav,/root/autodl-tmp/data/datasets/baidupcs/CMU-MOSEI/extracted/Raw/Labels/extreme_sentiment_results.csv#2,0.00,0.00,en,high,high,high,true,true,0,0,,,neutral,/root/autodl-tmp/data/datasets/baidupcs/CMU-MOSEI/extracted/Raw/Labels/extreme_sentiment_results.csv#uacdDoBtT1k/2
EAQ006564,MOSEI,unknown,MOSEI/mpfSRGHFY0g/1,/root/autodl-tmp/data/datasets/baidupcs/CMU-MOSEI/extracted/Raw/Videos/Full/Combined/mpfSRGHFY0g.mp4,/root/autodl-tmp/data/datasets/baidupcs/CMU-MOSEI/extracted/Raw/Audio/Full/WAV_16000/mpfSRGHFY0g.wav,/root/autodl-tmp/data/datasets/baidupcs/CMU-MOSEI/extracted/Raw/Labels/extreme_sentiment_results.csv#1,0.00,0.00,en,high,high,high,true,true,0,0,,,neutral,/root/autodl-tmp/data/datasets/baidupcs/CMU-MOSEI/extracted/Raw/Labels/extreme_sentiment_results.csv#mpfSRGHFY0g/1
EAQ006565,MOSEI,unknown,MOSEI/EEjCkc82oyk/3,/root/autodl-tmp/data/datasets/baidupcs/CMU-MOSEI/extracted/Raw/Videos/Full/Combined/EEjCkc82oyk.mp4,/root/autodl-tmp/data/datasets/baidupcs/CMU-MOSEI/extracted/Raw/Audio/Full/WAV_16000/EEjCkc82oyk.wav,/root/autodl-tmp/data/datasets/baidupcs/CMU-MOSEI/extracted/Raw/Labels/extreme_sentiment_results.csv#3,0.00,0.00,en,high,high,high,true,true,0,-2,,,negative,/root/autodl-tmp/data/datasets/baidupcs/CMU-MOSEI/extracted/Raw/Labels/extreme_sentiment_results.csv#EEjCkc82oyk/3
EAQ006566,MOSEI,unknown,MOSEI/9QI-9w_VdB4/6,/root/autodl-tmp/data/datasets/baidupcs/CMU-MOSEI/extracted/Raw/Videos/Full/Combined/9QI-9w_VdB4.mp4,/root/autodl-tmp/data/datasets/baidupcs/CMU-MOSEI/extracted/Raw/Audio/Full/WAV_16000/9QI-9w_VdB4.wav,/root/autodl-tmp/data/datasets/baidupcs/CMU-MOSEI/extracted/Raw/Labels/extreme_sentiment_results.csv#6,0.00,0.00,en,high,high,high,true,true,0,0,,,neutral,/root/autodl-tmp/data/datasets/baidupcs/CMU-MOSEI/extracted/Raw/Labels/extreme_sentiment_results.csv#9QI-9w_VdB4/6
EAQ006567,MOSEI,unknown,MOSEI/DVvJoMt9o80/2,/root/autodl-tmp/data/datasets/baidupcs/CMU-MOSEI/extracted/Raw/Videos/Full/Combined/DVvJoMt9o80.mp4,/root/autodl-tmp/data/datasets/baidupcs/CMU-MOSEI/extracted/Raw/Audio/Full/WAV_16000/DVvJoMt9o80.wav,/root/autodl-tmp/data/datasets/baidupcs/CMU-MOSEI/extracted/Raw/Labels/extreme_sentiment_results.csv#2,0.00,0.00,en,high,high,high,true,true,0,2,,,positive,/root/autodl-tmp/data/datasets/baidupcs/CMU-MOSEI/extracted/Raw/Labels/extreme_sentiment_results.csv#DVvJoMt9o80/2
EAQ006568,MOSEI,unknown,MOSEI/rBWeo_rEdcU/21,/root/autodl-tmp/data/datasets/baidupcs/CMU-MOSEI/extracted/Raw/Videos/Full/Combined/rBWeo_rEdcU.mp4,/root/autodl-tmp/data/datasets/baidupcs/CMU-MOSEI/extracted/Raw/Audio/Full/WAV_16000/rBWeo_rEdcU.wav,/root/autodl-tmp/data/datasets/baidupcs/CMU-MOSEI/extracted/Raw/Labels/extreme_sentiment_results.csv#21,0.00,0.00,en,high,high,high,true,true,0,2,,,positive,/root/autodl-tmp/data/datasets/baidupcs/CMU-MOSEI/extracted/Raw/Labels/extreme_sentiment_results.csv#rBWeo_rEdcU/21
EAQ006569,MOSEI,unknown,MOSEI/9pzn93kdP_g/13,/root/autodl-tmp/data/datasets/baidupcs/CMU-MOSEI/extracted/Raw/Videos/Full/Combined/9pzn93kdP_g.mp4,/root/autodl-tmp/data/datasets/baidupcs/CMU-MOSEI/extracted/Raw/Audio/Full/WAV_16000/9pzn93kdP_g.wav,/root/autodl-tmp/data/datasets/baidupcs/CMU-MOSEI/extracted/Raw/Labels/extreme_sentiment_results.csv#13,0.00,0.00,en,high,high,high,true,true,0,1,,,positive,/root/autodl-tmp/data/datasets/baidupcs/CMU-MOSEI/extracted/Raw/Labels/extreme_sentiment_results.csv#9pzn93kdP_g/13
EAQ006570,MOSEI,unknown,MOSEI/yBGuxyO-ElM/10,/root/autodl-tmp/data/datasets/baidupcs/CMU-MOSEI/extracted/Raw/Videos/Full/Combined/yBGuxyO-ElM.mp4,/root/autodl-tmp/data/datasets/baidupcs/CMU-MOSEI/extracted/Raw/Audio/Full/WAV_16000/yBGuxyO-ElM.wav,/root/autodl-tmp/data/datasets/baidupcs/CMU-MOSEI/extracted/Raw/Labels/extreme_sentiment_results.csv#10,0.00,0.00,en,high,high,high,true,true,0,1,,,positive,/root/autodl-tmp/data/datasets/baidupcs/CMU-MOSEI/extracted/Raw/Labels/extreme_sentiment_results.csv#yBGuxyO-ElM/10
EAQ006571,MOSEI,unknown,MOSEI/UcV-bpksJi0/4,/root/autodl-tmp/data/datasets/baidupcs/CMU-MOSEI/extracted/Raw/Videos/Full/Combined/UcV-bpksJi0.mp4,/root/autodl-tmp/data/datasets/baidupcs/CMU-MOSEI/extracted/Raw/Audio/Full/WAV_16000/UcV-bpksJi0.wav,/root/autodl-tmp/data/datasets/baidupcs/CMU-MOSEI/extracted/Raw/Labels/extreme_sentiment_results.csv#4,0.00,0.00,en,high,high,high,true,true,1,0,,,neutral,/root/autodl-tmp/data/datasets/baidupcs/CMU-MOSEI/extracted/Raw/Labels/extreme_sentiment_results.csv#UcV-bpksJi0/4
EAQ006572,MOSEI,unknown,MOSEI/zoPOeViAdOo/1,/root/autodl-tmp/data/datasets/baidupcs/CMU-MOSEI/extracted/Raw/Videos/Full/Combined/zoPOeViAdOo.mp4,/root/autodl-tmp/data/datasets/baidupcs/CMU-MOSEI/extracted/Raw/Audio/Full/WAV_16000/zoPOeViAdOo.wav,/root/autodl-tmp/data/datasets/baidupcs/CMU-MOSEI/extracted/Raw/Labels/extreme_sentiment_results.csv#1,0.00,0.00,en,high,high,high,true,true,1,0,,,neutral,/root/autodl-tmp/data/datasets/baidupcs/CMU-MOSEI/extracted/Raw/Labels/extreme_sentiment_results.csv#zoPOeViAdOo/1
EAQ006573,MOSEI,unknown,MOSEI/9cxlcpbmrH0/13,/root/autodl-tmp/data/datasets/baidupcs/CMU-MOSEI/extracted/Raw/Videos/Full/Combined/9cxlcpbmrH0.mp4,/root/autodl-tmp/data/datasets/baidupcs/CMU-MOSEI/extracted/Raw/Audio/Full/WAV_16000/9cxlcpbmrH0.wav,/root/autodl-tmp/data/datasets/baidupcs/CMU-MOSEI/extracted/Raw/Labels/extreme_sentiment_results.csv#13,0.00,0.00,en,high,high,high,true,true,0,0,,,neutral,/root/autodl-tmp/data/datasets/baidupcs/CMU-MOSEI/extracted/Raw/Labels/extreme_sentiment_results.csv#9cxlcpbmrH0/13
EAQ006574,MOSEI,unknown,MOSEI/LDKWr94J0wM/5,/root/autodl-tmp/data/datasets/baidupcs/CMU-MOSEI/extracted/Raw/Videos/Full/Combined/LDKWr94J0wM.mp4,/root/autodl-tmp/data/datasets/baidupcs/CMU-MOSEI/extracted/Raw/Audio/Full/WAV_16000/LDKWr94J0wM.wav,/root/autodl-tmp/data/datasets/baidupcs/CMU-MOSEI/extracted/Raw/Labels/extreme_sentiment_results.csv#5,0.00,0.00,en,high,high,high,true,true,0,0,,,neutral,/root/autodl-tmp/data/datasets/baidupcs/CMU-MOSEI/extracted/Raw/Labels/extreme_sentiment_results.csv#LDKWr94J0wM/5
EAQ006575,MOSEI,unknown,MOSEI/oQizLbmte0c/13,/root/autodl-tmp/data/datasets/baidupcs/CMU-MOSEI/extracted/Raw/Videos/Full/Combined/oQizLbmte0c.mp4,/root/autodl-tmp/data/datasets/baidupcs/CMU-MOSEI/extracted/Raw/Audio/Full/WAV_16000/oQizLbmte0c.wav,/root/autodl-tmp/data/datasets/baidupcs/CMU-MOSEI/extracted/Raw/Labels/extreme_sentiment_results.csv#13,0.00,0.00,en,high,high,high,true,true,0,1,,,positive,/root/autodl-tmp/data/datasets/baidupcs/CMU-MOSEI/extracted/Raw/Labels/extreme_sentiment_results.csv#oQizLbmte0c/13
EAQ006576,MOSEI,unknown,MOSEI/y1gL_MuokI8/5,/root/autodl-tmp/data/datasets/baidupcs/CMU-MOSEI/extracted/Raw/Videos/Full/Combined/y1gL_MuokI8.mp4,/root/autodl-tmp/data/datasets/baidupcs/CMU-MOSEI/extracted/Raw/Audio/Full/WAV_16000/y1gL_MuokI8.wav,/root/autodl-tmp/data/datasets/baidupcs/CMU-MOSEI/extracted/Raw/Labels/extreme_sentiment_results.csv#5,0.00,0.00,en,high,high,high,true,true,0,0,,,neutral,/root/autodl-tmp/data/datasets/baidupcs/CMU-MOSEI/extracted/Raw/Labels/extreme_sentiment_results.csv#y1gL_MuokI8/5
EAQ006577,MOSEI,unknown,MOSEI/QjcQx8_PQfw/10,/root/autodl-tmp/data/datasets/baidupcs/CMU-MOSEI/extracted/Raw/Videos/Full/Combined/QjcQx8_PQfw.mp4,/root/autodl-tmp/data/datasets/baidupcs/CMU-MOSEI/extracted/Raw/Audio/Full/WAV_16000/QjcQx8_PQfw.wav,/root/autodl-tmp/data/datasets/baidupcs/CMU-MOSEI/extracted/Raw/Labels/extreme_sentiment_results.csv#10,0.00,0.00,en,high,high,high,true,true,0,0,,,neutral,/root/autodl-tmp/data/datasets/baidupcs/CMU-MOSEI/extracted/Raw/Labels/extreme_sentiment_results.csv#QjcQx8_PQfw/10
EAQ006578,MOSEI,unknown,MOSEI/YgyqX4aZ4tE/13,/root/autodl-tmp/data/datasets/baidupcs/CMU-MOSEI/extracted/Raw/Videos/Full/Combined/YgyqX4aZ4tE.mp4,/root/autodl-tmp/data/datasets/baidupcs/CMU-MOSEI/extracted/Raw/Audio/Full/WAV_16000/YgyqX4aZ4tE.wav,/root/autodl-tmp/data/datasets/baidupcs/CMU-MOSEI/extracted/Raw/Labels/extreme_sentiment_results.csv#13,0.00,0.00,en,high,high,high,true,true,0,0,,,neutral,/root/autodl-tmp/data/datasets/baidupcs/CMU-MOSEI/extracted/Raw/Labels/extreme_sentiment_results.csv#YgyqX4aZ4tE/13
EAQ006579,MOSEI,unknown,MOSEI/MD6Tq_4VlGc/3,/root/autodl-tmp/data/datasets/baidupcs/CMU-MOSEI/extracted/Raw/Videos/Full/Combined/MD6Tq_4VlGc.mp4,/root/autodl-tmp/data/datasets/baidupcs/CMU-MOSEI/extracted/Raw/Audio/Full/WAV_16000/MD6Tq_4VlGc.wav,/root/autodl-tmp/data/datasets/baidupcs/CMU-MOSEI/extracted/Raw/Labels/extreme_sentiment_results.csv#3,0.00,0.00,en,high,high,high,true,true,0,2,,,positive,/root/autodl-tmp/data/datasets/baidupcs/CMU-MOSEI/extracted/Raw/Labels/extreme_sentiment_results.csv#MD6Tq_4VlGc/3
EAQ006580,MOSEI,unknown,MOSEI/3HRnhUin-5g/4,/root/autodl-tmp/data/datasets/baidupcs/CMU-MOSEI/extracted/Raw/Videos/Full/Combined/3HRnhUin-5g.mp4,/root/autodl-tmp/data/datasets/baidupcs/CMU-MOSEI/extracted/Raw/Audio/Full/WAV_16000/3HRnhUin-5g.wav,/root/autodl-tmp/data/datasets/baidupcs/CMU-MOSEI/extracted/Raw/Labels/extreme_sentiment_results.csv#4,0.00,0.00,en,high,high,high,true,true,1,-2,,,negative,/root/autodl-tmp/data/datasets/baidupcs/CMU-MOSEI/extracted/Raw/Labels/extreme_sentiment_results.csv#3HRnhUin-5g/4
EAQ006581,MOSEI,unknown,MOSEI/Wmhif6hmPTQ/3,/root/autodl-tmp/data/datasets/baidupcs/CMU-MOSEI/extracted/Raw/Videos/Full/Combined/Wmhif6hmPTQ.mp4,/root/autodl-tmp/data/datasets/baidupcs/CMU-MOSEI/extracted/Raw/Audio/Full/WAV_16000/Wmhif6hmPTQ.wav,/root/autodl-tmp/data/datasets/baidupcs/CMU-MOSEI/extracted/Raw/Labels/extreme_sentiment_results.csv#3,0.00,0.00,en,high,high,high,true,true,0,0,,,neutral,/root/autodl-tmp/data/datasets/baidupcs/CMU-MOSEI/extracted/Raw/Labels/extreme_sentiment_results.csv#Wmhif6hmPTQ/3
EAQ006582,MOSEI,unknown,MOSEI/SD6wphlw72U/0,/root/autodl-tmp/data/datasets/baidupcs/CMU-MOSEI/extracted/Raw/Videos/Full/Combined/SD6wphlw72U.mp4,/root/autodl-tmp/data/datasets/baidupcs/CMU-MOSEI/extracted/Raw/Audio/Full/WAV_16000/SD6wphlw72U.wav,/root/autodl-tmp/data/datasets/baidupcs/CMU-MOSEI/extracted/Raw/Labels/extreme_sentiment_results.csv#0,0.00,0.00,en,high,high,high,true,true,0,0,,,neutral,/root/autodl-tmp/data/datasets/baidupcs/CMU-MOSEI/extracted/Raw/Labels/extreme_sentiment_results.csv#SD6wphlw72U/0
EAQ006583,MOSEI,unknown,MOSEI/rLHJ_ebXCHQ/7,/root/autodl-tmp/data/datasets/baidupcs/CMU-MOSEI/extracted/Raw/Videos/Full/Combined/rLHJ_ebXCHQ.mp4,/root/autodl-tmp/data/datasets/baidupcs/CMU-MOSEI/extracted/Raw/Audio/Full/WAV_16000/rLHJ_ebXCHQ.wav,/root/autodl-tmp/data/datasets/baidupcs/CMU-MOSEI/extracted/Raw/Labels/extreme_sentiment_results.csv#7,0.00,0.00,en,high,high,high,true,true,0,0,,,neutral,/root/autodl-tmp/data/datasets/baidupcs/CMU-MOSEI/extracted/Raw/Labels/extreme_sentiment_results.csv#rLHJ_ebXCHQ/7
EAQ006584,MOSEI,unknown,MOSEI/bEXCrGIOoWU/12,/root/autodl-tmp/data/datasets/baidupcs/CMU-MOSEI/extracted/Raw/Videos/Full/Combined/bEXCrGIOoWU.mp4,/root/autodl-tmp/data/datasets/baidupcs/CMU-MOSEI/extracted/Raw/Audio/Full/WAV_16000/bEXCrGIOoWU.wav,/root/autodl-tmp/data/datasets/baidupcs/CMU-MOSEI/extracted/Raw/Labels/extreme_sentiment_results.csv#12,0.00,0.00,en,high,high,high,true,true,0,2,,,positive,/root/autodl-tmp/data/datasets/baidupcs/CMU-MOSEI/extracted/Raw/Labels/extreme_sentiment_results.csv#bEXCrGIOoWU/12
EAQ006585,MOSEI,unknown,MOSEI/GlShH_ua_GU/4,/root/autodl-tmp/data/datasets/baidupcs/CMU-MOSEI/extracted/Raw/Videos/Full/Combined/GlShH_ua_GU.mp4,/root/autodl-tmp/data/datasets/baidupcs/CMU-MOSEI/extracted/Raw/Audio/Full/WAV_16000/GlShH_ua_GU.wav,/root/autodl-tmp/data/datasets/baidupcs/CMU-MOSEI/extracted/Raw/Labels/extreme_sentiment_results.csv#4,0.00,0.00,en,high,high,high,true,true,0,0,,,neutral,/root/autodl-tmp/data/datasets/baidupcs/CMU-MOSEI/extracted/Raw/Labels/extreme_sentiment_results.csv#GlShH_ua_GU/4
EAQ006586,MOSEI,unknown,MOSEI/2c2fhh_Dsoo/2,/root/autodl-tmp/data/datasets/baidupcs/CMU-MOSEI/extracted/Raw/Videos/Full/Combined/2c2fhh_Dsoo.mp4,/root/autodl-tmp/data/datasets/baidupcs/CMU-MOSEI/extracted/Raw/Audio/Full/WAV_16000/2c2fhh_Dsoo.wav,/root/autodl-tmp/data/datasets/baidupcs/CMU-MOSEI/extracted/Raw/Labels/extreme_sentiment_results.csv#2,0.00,0.00,en,high,high,high,true,true,0,0,,,neutral,/root/autodl-tmp/data/datasets/baidupcs/CMU-MOSEI/extracted/Raw/Labels/extreme_sentiment_results.csv#2c2fhh_Dsoo/2
EAQ006587,MOSEI,unknown,MOSEI/Nzh2KkaGwrE/5,/root/autodl-tmp/data/datasets/baidupcs/CMU-MOSEI/extracted/Raw/Videos/Full/Combined/Nzh2KkaGwrE.mp4,/root/autodl-tmp/data/datasets/baidupcs/CMU-MOSEI/extracted/Raw/Audio/Full/WAV_16000/Nzh2KkaGwrE.wav,/root/autodl-tmp/data/datasets/baidupcs/CMU-MOSEI/extracted/Raw/Labels/extreme_sentiment_results.csv#5,0.00,0.00,en,high,high,high,true,true,0,-2,,,negative,/root/autodl-tmp/data/datasets/baidupcs/CMU-MOSEI/extracted/Raw/Labels/extreme_sentiment_results.csv#Nzh2KkaGwrE/5
EAQ006588,MOSEI,unknown,MOSEI/EGA6iulTr00/17,/root/autodl-tmp/data/datasets/baidupcs/CMU-MOSEI/extracted/Raw/Videos/Full/Combined/EGA6iulTr00.mp4,/root/autodl-tmp/data/datasets/baidupcs/CMU-MOSEI/extracted/Raw/Audio/Full/WAV_16000/EGA6iulTr00.wav,/root/autodl-tmp/data/datasets/baidupcs/CMU-MOSEI/extracted/Raw/Labels/extreme_sentiment_results.csv#17,0.00,0.00,en,high,high,high,true,true,0,0,,,neutral,/root/autodl-tmp/data/datasets/baidupcs/CMU-MOSEI/extracted/Raw/Labels/extreme_sentiment_results.csv#EGA6iulTr00/17
EAQ006589,MOSEI,unknown,MOSEI/zU2_X9lIcUM/5,/root/autodl-tmp/data/datasets/baidupcs/CMU-MOSEI/extracted/Raw/Videos/Full/Combined/zU2_X9lIcUM.mp4,/root/autodl-tmp/data/datasets/baidupcs/CMU-MOSEI/extracted/Raw/Audio/Full/WAV_16000/zU2_X9lIcUM.wav,/root/autodl-tmp/data/datasets/baidupcs/CMU-MOSEI/extracted/Raw/Labels/extreme_sentiment_results.csv#5,0.00,0.00,en,high,high,high,true,true,1,0,,,neutral,/root/autodl-tmp/data/datasets/baidupcs/CMU-MOSEI/extracted/Raw/Labels/extreme_sentiment_results.csv#zU2_X9lIcUM/5
EAQ006590,MOSEI,unknown,MOSEI/Gg9ZcRlwnbc/20,/root/autodl-tmp/data/datasets/baidupcs/CMU-MOSEI/extracted/Raw/Videos/Full/Combined/Gg9ZcRlwnbc.mp4,/root/autodl-tmp/data/datasets/baidupcs/CMU-MOSEI/extracted/Raw/Audio/Full/WAV_16000/Gg9ZcRlwnbc.wav,/root/autodl-tmp/data/datasets/baidupcs/CMU-MOSEI/extracted/Raw/Labels/extreme_sentiment_results.csv#20,0.00,0.00,en,high,high,high,true,true,0,3,,,positive,/root/autodl-tmp/data/datasets/baidupcs/CMU-MOSEI/extracted/Raw/Labels/extreme_sentiment_results.csv#Gg9ZcRlwnbc/20
EAQ006591,MOSEI,unknown,MOSEI/830KzUc6CbU/0,/root/autodl-tmp/data/datasets/baidupcs/CMU-MOSEI/extracted/Raw/Videos/Full/Combined/830KzUc6CbU.mp4,/root/autodl-tmp/data/datasets/baidupcs/CMU-MOSEI/extracted/Raw/Audio/Full/WAV_16000/830KzUc6CbU.wav,/root/autodl-tmp/data/datasets/baidupcs/CMU-MOSEI/extracted/Raw/Labels/extreme_sentiment_results.csv#0,0.00,0.00,en,high,high,high,true,true,0,0,,,neutral,/root/autodl-tmp/data/datasets/baidupcs/CMU-MOSEI/extracted/Raw/Labels/extreme_sentiment_results.csv#830KzUc6CbU/0
EAQ006592,MOSEI,unknown,MOSEI/3HyAaqre_Fk/2,/root/autodl-tmp/data/datasets/baidupcs/CMU-MOSEI/extracted/Raw/Videos/Full/Combined/3HyAaqre_Fk.mp4,/root/autodl-tmp/data/datasets/baidupcs/CMU-MOSEI/extracted/Raw/Audio/Full/WAV_16000/3HyAaqre_Fk.wav,/root/autodl-tmp/data/datasets/baidupcs/CMU-MOSEI/extracted/Raw/Labels/extreme_sentiment_results.csv#2,0.00,0.00,en,high,high,high,true,true,0,1,,,positive,/root/autodl-tmp/data/datasets/baidupcs/CMU-MOSEI/extracted/Raw/Labels/extreme_sentiment_results.csv#3HyAaqre_Fk/2
EAQ006593,MOSEI,unknown,MOSEI/ffrJ91swyq0/1,/root/autodl-tmp/data/datasets/baidupcs/CMU-MOSEI/extracted/Raw/Videos/Full/Combined/ffrJ91swyq0.mp4,/root/autodl-tmp/data/datasets/baidupcs/CMU-MOSEI/extracted/Raw/Audio/Full/WAV_16000/ffrJ91swyq0.wav,/root/autodl-tmp/data/datasets/baidupcs/CMU-MOSEI/extracted/Raw/Labels/extreme_sentiment_results.csv#1,0.00,0.00,en,high,high,high,true,true,0,1,,,positive,/root/autodl-tmp/data/datasets/baidupcs/CMU-MOSEI/extracted/Raw/Labels/extreme_sentiment_results.csv#ffrJ91swyq0/1
EAQ006594,MOSEI,unknown,MOSEI/XgT2WWcXip4/10,/root/autodl-tmp/data/datasets/baidupcs/CMU-MOSEI/extracted/Raw/Videos/Full/Combined/XgT2WWcXip4.mp4,/root/autodl-tmp/data/datasets/baidupcs/CMU-MOSEI/extracted/Raw/Audio/Full/WAV_16000/XgT2WWcXip4.wav,/root/autodl-tmp/data/datasets/baidupcs/CMU-MOSEI/extracted/Raw/Labels/extreme_sentiment_results.csv#10,0.00,0.00,en,high,high,high,true,true,0,0,,,neutral,/root/autodl-tmp/data/datasets/baidupcs/CMU-MOSEI/extracted/Raw/Labels/extreme_sentiment_results.csv#XgT2WWcXip4/10
EAQ006595,MOSEI,unknown,MOSEI/nAhn8-kZpM8/8,/root/autodl-tmp/data/datasets/baidupcs/CMU-MOSEI/extracted/Raw/Videos/Full/Combined/nAhn8-kZpM8.mp4,/root/autodl-tmp/data/datasets/baidupcs/CMU-MOSEI/extracted/Raw/Audio/Full/WAV_16000/nAhn8-kZpM8.wav,/root/autodl-tmp/data/datasets/baidupcs/CMU-MOSEI/extracted/Raw/Labels/extreme_sentiment_results.csv#8,0.00,0.00,en,high,high,high,true,true,0,0,,,neutral,/root/autodl-tmp/data/datasets/baidupcs/CMU-MOSEI/extracted/Raw/Labels/extreme_sentiment_results.csv#nAhn8-kZpM8/8
EAQ006596,MOSEI,unknown,MOSEI/VS7xSvno7NA/5,/root/autodl-tmp/data/datasets/baidupcs/CMU-MOSEI/extracted/Raw/Videos/Full/Combined/VS7xSvno7NA.mp4,/root/autodl-tmp/data/datasets/baidupcs/CMU-MOSEI/extracted/Raw/Audio/Full/WAV_16000/VS7xSvno7NA.wav,/root/autodl-tmp/data/datasets/baidupcs/CMU-MOSEI/extracted/Raw/Labels/extreme_sentiment_results.csv#5,0.00,0.00,en,high,high,high,true,true,0,0,,,neutral,/root/autodl-tmp/data/datasets/baidupcs/CMU-MOSEI/extracted/Raw/Labels/extreme_sentiment_results.csv#VS7xSvno7NA/5
EAQ006597,MOSEI,unknown,MOSEI/ZZ1IyZaMTWQ/0,/root/autodl-tmp/data/datasets/baidupcs/CMU-MOSEI/extracted/Raw/Videos/Full/Combined/ZZ1IyZaMTWQ.mp4,/root/autodl-tmp/data/datasets/baidupcs/CMU-MOSEI/extracted/Raw/Audio/Full/WAV_16000/ZZ1IyZaMTWQ.wav,/root/autodl-tmp/data/datasets/baidupcs/CMU-MOSEI/extracted/Raw/Labels/extreme_sentiment_results.csv#0,0.00,0.00,en,high,high,high,true,true,0,3,,,positive,/root/autodl-tmp/data/datasets/baidupcs/CMU-MOSEI/extracted/Raw/Labels/extreme_sentiment_results.csv#ZZ1IyZaMTWQ/0
EAQ006598,MOSEI,unknown,MOSEI/PzI6yY9Y2xQ/0,/root/autodl-tmp/data/datasets/baidupcs/CMU-MOSEI/extracted/Raw/Videos/Full/Combined/PzI6yY9Y2xQ.mp4,/root/autodl-tmp/data/datasets/baidupcs/CMU-MOSEI/extracted/Raw/Audio/Full/WAV_16000/PzI6yY9Y2xQ.wav,/root/autodl-tmp/data/datasets/baidupcs/CMU-MOSEI/extracted/Raw/Labels/extreme_sentiment_results.csv#0,0.00,0.00,en,high,high,high,true,true,0,3,,,positive,/root/autodl-tmp/data/datasets/baidupcs/CMU-MOSEI/extracted/Raw/Labels/extreme_sentiment_results.csv#PzI6yY9Y2xQ/0
EAQ006599,MOSEI,unknown,MOSEI/qlDT-bmIzQI/4,/root/autodl-tmp/data/datasets/baidupcs/CMU-MOSEI/extracted/Raw/Videos/Full/Combined/qlDT-bmIzQI.mp4,/root/autodl-tmp/data/datasets/baidupcs/CMU-MOSEI/extracted/Raw/Audio/Full/WAV_16000/qlDT-bmIzQI.wav,/root/autodl-tmp/data/datasets/baidupcs/CMU-MOSEI/extracted/Raw/Labels/extreme_sentiment_results.csv#4,0.00,0.00,en,high,high,high,true,true,1,3,,,positive,/root/autodl-tmp/data/datasets/baidupcs/CMU-MOSEI/extracted/Raw/Labels/extreme_sentiment_results.csv#qlDT-bmIzQI/4
EAQ006600,MOSEI,unknown,MOSEI/Vdf1McvE9ao/11,/root/autodl-tmp/data/datasets/baidupcs/CMU-MOSEI/extracted/Raw/Videos/Full/Combined/Vdf1McvE9ao.mp4,/root/autodl-tmp/data/datasets/baidupcs/CMU-MOSEI/extracted/Raw/Audio/Full/WAV_16000/Vdf1McvE9ao.wav,/root/autodl-tmp/data/datasets/baidupcs/CMU-MOSEI/extracted/Raw/Labels/extreme_sentiment_results.csv#11,0.00,0.00,en,high,high,high,true,true,0,0,,,neutral,/root/autodl-tmp/data/datasets/baidupcs/CMU-MOSEI/extracted/Raw/Labels/extreme_sentiment_results.csv#Vdf1McvE9ao/11
EAQ006601,MOSEI,unknown,MOSEI/ICeSewdyf34/1,/root/autodl-tmp/data/datasets/baidupcs/CMU-MOSEI/extracted/Raw/Videos/Full/Combined/ICeSewdyf34.mp4,/root/autodl-tmp/data/datasets/baidupcs/CMU-MOSEI/extracted/Raw/Audio/Full/WAV_16000/ICeSewdyf34.wav,/root/autodl-tmp/data/datasets/baidupcs/CMU-MOSEI/extracted/Raw/Labels/extreme_sentiment_results.csv#1,0.00,0.00,en,high,high,high,true,true,0,0,,,neutral,/root/autodl-tmp/data/datasets/baidupcs/CMU-MOSEI/extracted/Raw/Labels/extreme_sentiment_results.csv#ICeSewdyf34/1
EAQ006602,MOSEI,unknown,MOSEI/OORklkFql3k/10,/root/autodl-tmp/data/datasets/baidupcs/CMU-MOSEI/extracted/Raw/Videos/Full/Combined/OORklkFql3k.mp4,/root/autodl-tmp/data/datasets/baidupcs/CMU-MOSEI/extracted/Raw/Audio/Full/WAV_16000/OORklkFql3k.wav,/root/autodl-tmp/data/datasets/baidupcs/CMU-MOSEI/extracted/Raw/Labels/extreme_sentiment_results.csv#10,0.00,0.00,en,high,high,high,true,true,0,0,,,neutral,/root/autodl-tmp/data/datasets/baidupcs/CMU-MOSEI/extracted/Raw/Labels/extreme_sentiment_results.csv#OORklkFql3k/10
EAQ006603,MOSEI,unknown,MOSEI/JXYot3NDQn0/7,/root/autodl-tmp/data/datasets/baidupcs/CMU-MOSEI/extracted/Raw/Videos/Full/Combined/JXYot3NDQn0.mp4,/root/autodl-tmp/data/datasets/baidupcs/CMU-MOSEI/extracted/Raw/Audio/Full/WAV_16000/JXYot3NDQn0.wav,/root/autodl-tmp/data/datasets/baidupcs/CMU-MOSEI/extracted/Raw/Labels/extreme_sentiment_results.csv#7,0.00,0.00,en,high,high,high,true,true,0,2,,,positive,/root/autodl-tmp/data/datasets/baidupcs/CMU-MOSEI/extracted/Raw/Labels/extreme_sentiment_results.csv#JXYot3NDQn0/7
EAQ006604,MOSEI,unknown,MOSEI/yxZydS2qHzs/2,/root/autodl-tmp/data/datasets/baidupcs/CMU-MOSEI/extracted/Raw/Videos/Full/Combined/yxZydS2qHzs.mp4,/root/autodl-tmp/data/datasets/baidupcs/CMU-MOSEI/extracted/Raw/Audio/Full/WAV_16000/yxZydS2qHzs.wav,/root/autodl-tmp/data/datasets/baidupcs/CMU-MOSEI/extracted/Raw/Labels/extreme_sentiment_results.csv#2,0.00,0.00,en,high,high,high,true,true,0,0,,,neutral,/root/autodl-tmp/data/datasets/baidupcs/CMU-MOSEI/extracted/Raw/Labels/extreme_sentiment_results.csv#yxZydS2qHzs/2
EAQ006605,MOSEI,unknown,MOSEI/DVvJoMt9o80/4,/root/autodl-tmp/data/datasets/baidupcs/CMU-MOSEI/extracted/Raw/Videos/Full/Combined/DVvJoMt9o80.mp4,/root/autodl-tmp/data/datasets/baidupcs/CMU-MOSEI/extracted/Raw/Audio/Full/WAV_16000/DVvJoMt9o80.wav,/root/autodl-tmp/data/datasets/baidupcs/CMU-MOSEI/extracted/Raw/Labels/extreme_sentiment_results.csv#4,0.00,0.00,en,high,high,high,true,true,0,1,,,positive,/root/autodl-tmp/data/datasets/baidupcs/CMU-MOSEI/extracted/Raw/Labels/extreme_sentiment_results.csv#DVvJoMt9o80/4
EAQ006606,MOSEI,unknown,MOSEI/n4xRx0J3rYQ/0,/root/autodl-tmp/data/datasets/baidupcs/CMU-MOSEI/extracted/Raw/Videos/Full/Combined/n4xRx0J3rYQ.mp4,/root/autodl-tmp/data/datasets/baidupcs/CMU-MOSEI/extracted/Raw/Audio/Full/WAV_16000/n4xRx0J3rYQ.wav,/root/autodl-tmp/data/datasets/baidupcs/CMU-MOSEI/extracted/Raw/Labels/extreme_sentiment_results.csv#0,0.00,0.00,en,high,high,high,true,true,0,0,,,neutral,/root/autodl-tmp/data/datasets/baidupcs/CMU-MOSEI/extracted/Raw/Labels/extreme_sentiment_results.csv#n4xRx0J3rYQ/0
EAQ006607,MOSEI,unknown,MOSEI/rojyUp4FPSg/2,/root/autodl-tmp/data/datasets/baidupcs/CMU-MOSEI/extracted/Raw/Videos/Full/Combined/rojyUp4FPSg.mp4,/root/autodl-tmp/data/datasets/baidupcs/CMU-MOSEI/extracted/Raw/Audio/Full/WAV_16000/rojyUp4FPSg.wav,/root/autodl-tmp/data/datasets/baidupcs/CMU-MOSEI/extracted/Raw/Labels/extreme_sentiment_results.csv#2,0.00,0.00,en,high,high,high,true,true,0,0,,,neutral,/root/autodl-tmp/data/datasets/baidupcs/CMU-MOSEI/extracted/Raw/Labels/extreme_sentiment_results.csv#rojyUp4FPSg/2
EAQ006608,MOSEI,unknown,MOSEI/x7ZR70cTa84/1,/root/autodl-tmp/data/datasets/baidupcs/CMU-MOSEI/extracted/Raw/Videos/Full/Combined/x7ZR70cTa84.mp4,/root/autodl-tmp/data/datasets/baidupcs/CMU-MOSEI/extracted/Raw/Audio/Full/WAV_16000/x7ZR70cTa84.wav,/root/autodl-tmp/data/datasets/baidupcs/CMU-MOSEI/extracted/Raw/Labels/extreme_sentiment_results.csv#1,0.00,0.00,en,high,high,high,true,true,0,2,,,positive,/root/autodl-tmp/data/datasets/baidupcs/CMU-MOSEI/extracted/Raw/Labels/extreme_sentiment_results.csv#x7ZR70cTa84/1
EAQ006609,MOSEI,unknown,MOSEI/cl1DNRGX578/2,/root/autodl-tmp/data/datasets/baidupcs/CMU-MOSEI/extracted/Raw/Videos/Full/Combined/cl1DNRGX578.mp4,/root/autodl-tmp/data/datasets/baidupcs/CMU-MOSEI/extracted/Raw/Audio/Full/WAV_16000/cl1DNRGX578.wav,/root/autodl-tmp/data/datasets/baidupcs/CMU-MOSEI/extracted/Raw/Labels/extreme_sentiment_results.csv#2,0.00,0.00,en,high,high,high,true,true,1,0,,,neutral,/root/autodl-tmp/data/datasets/baidupcs/CMU-MOSEI/extracted/Raw/Labels/extreme_sentiment_results.csv#cl1DNRGX578/2
EAQ006610,MOSEI,unknown,MOSEI/OoOD_VBL0i0/3,/root/autodl-tmp/data/datasets/baidupcs/CMU-MOSEI/extracted/Raw/Videos/Full/Combined/OoOD_VBL0i0.mp4,/root/autodl-tmp/data/datasets/baidupcs/CMU-MOSEI/extracted/Raw/Audio/Full/WAV_16000/OoOD_VBL0i0.wav,/root/autodl-tmp/data/datasets/baidupcs/CMU-MOSEI/extracted/Raw/Labels/extreme_sentiment_results.csv#3,0.00,0.00,en,high,high,high,true,true,0,0,,,neutral,/root/autodl-tmp/data/datasets/baidupcs/CMU-MOSEI/extracted/Raw/Labels/extreme_sentiment_results.csv#OoOD_VBL0i0/3
EAQ006611,MOSEI,unknown,MOSEI/lVj6ZdyW9pI/2,/root/autodl-tmp/data/datasets/baidupcs/CMU-MOSEI/extracted/Raw/Videos/Full/Combined/lVj6ZdyW9pI.mp4,/root/autodl-tmp/data/datasets/baidupcs/CMU-MOSEI/extracted/Raw/Audio/Full/WAV_16000/lVj6ZdyW9pI.wav,/root/autodl-tmp/data/datasets/baidupcs/CMU-MOSEI/extracted/Raw/Labels/extreme_sentiment_results.csv#2,0.00,0.00,en,high,high,high,true,true,0,1,,,positive,/root/autodl-tmp/data/datasets/baidupcs/CMU-MOSEI/extracted/Raw/Labels/extreme_sentiment_results.csv#lVj6ZdyW9pI/2
EAQ006612,MOSEI,unknown,MOSEI/H9BNzzxlscA/3,/root/autodl-tmp/data/datasets/baidupcs/CMU-MOSEI/extracted/Raw/Videos/Full/Combined/H9BNzzxlscA.mp4,/root/autodl-tmp/data/datasets/baidupcs/CMU-MOSEI/extracted/Raw/Audio/Full/WAV_16000/H9BNzzxlscA.wav,/root/autodl-tmp/data/datasets/baidupcs/CMU-MOSEI/extracted/Raw/Labels/extreme_sentiment_results.csv#3,0.00,0.00,en,high,high,high,true,true,0,0,,,neutral,/root/autodl-tmp/data/datasets/baidupcs/CMU-MOSEI/extracted/Raw/Labels/extreme_sentiment_results.csv#H9BNzzxlscA/3
EAQ006613,MOSEI,unknown,MOSEI/HObh42PhOfw/7,/root/autodl-tmp/data/datasets/baidupcs/CMU-MOSEI/extracted/Raw/Videos/Full/Combined/HObh42PhOfw.mp4,/root/autodl-tmp/data/datasets/baidupcs/CMU-MOSEI/extracted/Raw/Audio/Full/WAV_16000/HObh42PhOfw.wav,/root/autodl-tmp/data/datasets/baidupcs/CMU-MOSEI/extracted/Raw/Labels/extreme_sentiment_results.csv#7,0.00,0.00,en,high,high,high,true,true,0,0,,,neutral,/root/autodl-tmp/data/datasets/baidupcs/CMU-MOSEI/extracted/Raw/Labels/extreme_sentiment_results.csv#HObh42PhOfw/7
EAQ006614,MOSEI,unknown,MOSEI/icIS9VfbzMw/15,/root/autodl-tmp/data/datasets/baidupcs/CMU-MOSEI/extracted/Raw/Videos/Full/Combined/icIS9VfbzMw.mp4,/root/autodl-tmp/data/datasets/baidupcs/CMU-MOSEI/extracted/Raw/Audio/Full/WAV_16000/icIS9VfbzMw.wav,/root/autodl-tmp/data/datasets/baidupcs/CMU-MOSEI/extracted/Raw/Labels/extreme_sentiment_results.csv#15,0.00,0.00,en,high,high,high,true,true,0,1,,,positive,/root/autodl-tmp/data/datasets/baidupcs/CMU-MOSEI/extracted/Raw/Labels/extreme_sentiment_results.csv#icIS9VfbzMw/15
EAQ006615,MOSEI,unknown,MOSEI/r91csZc6AXE/0,/root/autodl-tmp/data/datasets/baidupcs/CMU-MOSEI/extracted/Raw/Videos/Full/Combined/r91csZc6AXE.mp4,/root/autodl-tmp/data/datasets/baidupcs/CMU-MOSEI/extracted/Raw/Audio/Full/WAV_16000/r91csZc6AXE.wav,/root/autodl-tmp/data/datasets/baidupcs/CMU-MOSEI/extracted/Raw/Labels/extreme_sentiment_results.csv#0,0.00,0.00,en,high,high,high,true,true,0,0,,,neutral,/root/autodl-tmp/data/datasets/baidupcs/CMU-MOSEI/extracted/Raw/Labels/extreme_sentiment_results.csv#r91csZc6AXE/0
EAQ006616,MOSEI,unknown,MOSEI/bdtwQxwySN0/5,/root/autodl-tmp/data/datasets/baidupcs/CMU-MOSEI/extracted/Raw/Videos/Full/Combined/bdtwQxwySN0.mp4,/root/autodl-tmp/data/datasets/baidupcs/CMU-MOSEI/extracted/Raw/Audio/Full/WAV_16000/bdtwQxwySN0.wav,/root/autodl-tmp/data/datasets/baidupcs/CMU-MOSEI/extracted/Raw/Labels/extreme_sentiment_results.csv#5,0.00,0.00,en,high,high,high,true,true,1,-1,,,negative,/root/autodl-tmp/data/datasets/baidupcs/CMU-MOSEI/extracted/Raw/Labels/extreme_sentiment_results.csv#bdtwQxwySN0/5
EAQ006617,MOSEI,unknown,MOSEI/Es9MkKsMsjU/5,/root/autodl-tmp/data/datasets/baidupcs/CMU-MOSEI/extracted/Raw/Videos/Full/Combined/Es9MkKsMsjU.mp4,/root/autodl-tmp/data/datasets/baidupcs/CMU-MOSEI/extracted/Raw/Audio/Full/WAV_16000/Es9MkKsMsjU.wav,/root/autodl-tmp/data/datasets/baidupcs/CMU-MOSEI/extracted/Raw/Labels/extreme_sentiment_results.csv#5,0.00,0.00,en,high,high,high,true,true,2,-2,,,negative,/root/autodl-tmp/data/datasets/baidupcs/CMU-MOSEI/extracted/Raw/Labels/extreme_sentiment_results.csv#Es9MkKsMsjU/5
EAQ006618,MOSEI,unknown,MOSEI/nHP7l5zAwGA/9,/root/autodl-tmp/data/datasets/baidupcs/CMU-MOSEI/extracted/Raw/Videos/Full/Combined/nHP7l5zAwGA.mp4,/root/autodl-tmp/data/datasets/baidupcs/CMU-MOSEI/extracted/Raw/Audio/Full/WAV_16000/nHP7l5zAwGA.wav,/root/autodl-tmp/data/datasets/baidupcs/CMU-MOSEI/extracted/Raw/Labels/extreme_sentiment_results.csv#9,0.00,0.00,en,high,high,high,true,true,0,1,,,positive,/root/autodl-tmp/data/datasets/baidupcs/CMU-MOSEI/extracted/Raw/Labels/extreme_sentiment_results.csv#nHP7l5zAwGA/9
EAQ006619,MOSEI,unknown,MOSEI/AlmUwZgY6bs/6,/root/autodl-tmp/data/datasets/baidupcs/CMU-MOSEI/extracted/Raw/Videos/Full/Combined/AlmUwZgY6bs.mp4,/root/autodl-tmp/data/datasets/baidupcs/CMU-MOSEI/extracted/Raw/Audio/Full/WAV_16000/AlmUwZgY6bs.wav,/root/autodl-tmp/data/datasets/baidupcs/CMU-MOSEI/extracted/Raw/Labels/extreme_sentiment_results.csv#6,0.00,0.00,en,high,high,high,true,true,0,0,,,neutral,/root/autodl-tmp/data/datasets/baidupcs/CMU-MOSEI/extracted/Raw/Labels/extreme_sentiment_results.csv#AlmUwZgY6bs/6
EAQ006620,MOSEI,unknown,MOSEI/N-NnCI6U52c/2,/root/autodl-tmp/data/datasets/baidupcs/CMU-MOSEI/extracted/Raw/Videos/Full/Combined/N-NnCI6U52c.mp4,/root/autodl-tmp/data/datasets/baidupcs/CMU-MOSEI/extracted/Raw/Audio/Full/WAV_16000/N-NnCI6U52c.wav,/root/autodl-tmp/data/datasets/baidupcs/CMU-MOSEI/extracted/Raw/Labels/extreme_sentiment_results.csv#2,0.00,0.00,en,high,high,high,true,true,0,3,,,positive,/root/autodl-tmp/data/datasets/baidupcs/CMU-MOSEI/extracted/Raw/Labels/extreme_sentiment_results.csv#N-NnCI6U52c/2
EAQ006621,MOSEI,unknown,MOSEI/aKPfbyW-Qxw/2,/root/autodl-tmp/data/datasets/baidupcs/CMU-MOSEI/extracted/Raw/Videos/Full/Combined/aKPfbyW-Qxw.mp4,/root/autodl-tmp/data/datasets/baidupcs/CMU-MOSEI/extracted/Raw/Audio/Full/WAV_16000/aKPfbyW-Qxw.wav,/root/autodl-tmp/data/datasets/baidupcs/CMU-MOSEI/extracted/Raw/Labels/extreme_sentiment_results.csv#2,0.00,0.00,en,high,high,high,true,true,0,0,,,neutral,/root/autodl-tmp/data/datasets/baidupcs/CMU-MOSEI/extracted/Raw/Labels/extreme_sentiment_results.csv#aKPfbyW-Qxw/2
EAQ006622,MOSEI,unknown,MOSEI/EO_5o9Gup6g/1,/root/autodl-tmp/data/datasets/baidupcs/CMU-MOSEI/extracted/Raw/Videos/Full/Combined/EO_5o9Gup6g.mp4,/root/autodl-tmp/data/datasets/baidupcs/CMU-MOSEI/extracted/Raw/Audio/Full/WAV_16000/EO_5o9Gup6g.wav,/root/autodl-tmp/data/datasets/baidupcs/CMU-MOSEI/extracted/Raw/Labels/extreme_sentiment_results.csv#1,0.00,0.00,en,high,high,high,true,true,0,1,,,positive,/root/autodl-tmp/data/datasets/baidupcs/CMU-MOSEI/extracted/Raw/Labels/extreme_sentiment_results.csv#EO_5o9Gup6g/1
EAQ006623,MOSEI,unknown,MOSEI/Zae-zQ3VBpY/1,/root/autodl-tmp/data/datasets/baidupcs/CMU-MOSEI/extracted/Raw/Videos/Full/Combined/Zae-zQ3VBpY.mp4,/root/autodl-tmp/data/datasets/baidupcs/CMU-MOSEI/extracted/Raw/Audio/Full/WAV_16000/Zae-zQ3VBpY.wav,/root/autodl-tmp/data/datasets/baidupcs/CMU-MOSEI/extracted/Raw/Labels/extreme_sentiment_results.csv#1,0.00,0.00,en,high,high,high,true,true,0,2,,,positive,/root/autodl-tmp/data/datasets/baidupcs/CMU-MOSEI/extracted/Raw/Labels/extreme_sentiment_results.csv#Zae-zQ3VBpY/1
EAQ006624,MOSEI,unknown,MOSEI/3ocpWAmSNUE/6,/root/autodl-tmp/data/datasets/baidupcs/CMU-MOSEI/extracted/Raw/Videos/Full/Combined/3ocpWAmSNUE.mp4,/root/autodl-tmp/data/datasets/baidupcs/CMU-MOSEI/extracted/Raw/Audio/Full/WAV_16000/3ocpWAmSNUE.wav,/root/autodl-tmp/data/datasets/baidupcs/CMU-MOSEI/extracted/Raw/Labels/extreme_sentiment_results.csv#6,0.00,0.00,en,high,high,high,true,true,0,0,,,neutral,/root/autodl-tmp/data/datasets/baidupcs/CMU-MOSEI/extracted/Raw/Labels/extreme_sentiment_results.csv#3ocpWAmSNUE/6
EAQ006625,MOSEI,unknown,MOSEI/slLRsFFiiRc/4,/root/autodl-tmp/data/datasets/baidupcs/CMU-MOSEI/extracted/Raw/Videos/Full/Combined/slLRsFFiiRc.mp4,/root/autodl-tmp/data/datasets/baidupcs/CMU-MOSEI/extracted/Raw/Audio/Full/WAV_16000/slLRsFFiiRc.wav,/root/autodl-tmp/data/datasets/baidupcs/CMU-MOSEI/extracted/Raw/Labels/extreme_sentiment_results.csv#4,0.00,0.00,en,high,high,high,true,true,0,0,,,neutral,/root/autodl-tmp/data/datasets/baidupcs/CMU-MOSEI/extracted/Raw/Labels/extreme_sentiment_results.csv#slLRsFFiiRc/4
EAQ006626,MOSEI,unknown,MOSEI/95mDHiLeDCM/2,/root/autodl-tmp/data/datasets/baidupcs/CMU-MOSEI/extracted/Raw/Videos/Full/Combined/95mDHiLeDCM.mp4,/root/autodl-tmp/data/datasets/baidupcs/CMU-MOSEI/extracted/Raw/Audio/Full/WAV_16000/95mDHiLeDCM.wav,/root/autodl-tmp/data/datasets/baidupcs/CMU-MOSEI/extracted/Raw/Labels/extreme_sentiment_results.csv#2,0.00,0.00,en,high,high,high,true,true,0,0,,,neutral,/root/autodl-tmp/data/datasets/baidupcs/CMU-MOSEI/extracted/Raw/Labels/extreme_sentiment_results.csv#95mDHiLeDCM/2
EAQ006627,MOSEI,unknown,MOSEI/uAExKaLeOl8/4,/root/autodl-tmp/data/datasets/baidupcs/CMU-MOSEI/extracted/Raw/Videos/Full/Combined/uAExKaLeOl8.mp4,/root/autodl-tmp/data/datasets/baidupcs/CMU-MOSEI/extracted/Raw/Audio/Full/WAV_16000/uAExKaLeOl8.wav,/root/autodl-tmp/data/datasets/baidupcs/CMU-MOSEI/extracted/Raw/Labels/extreme_sentiment_results.csv#4,0.00,0.00,en,high,high,high,true,true,0,1,,,positive,/root/autodl-tmp/data/datasets/baidupcs/CMU-MOSEI/extracted/Raw/Labels/extreme_sentiment_results.csv#uAExKaLeOl8/4
EAQ006628,MOSEI,unknown,MOSEI/k8NgVOCDYKM/15,/root/autodl-tmp/data/datasets/baidupcs/CMU-MOSEI/extracted/Raw/Videos/Full/Combined/k8NgVOCDYKM.mp4,/root/autodl-tmp/data/datasets/baidupcs/CMU-MOSEI/extracted/Raw/Audio/Full/WAV_16000/k8NgVOCDYKM.wav,/root/autodl-tmp/data/datasets/baidupcs/CMU-MOSEI/extracted/Raw/Labels/extreme_sentiment_results.csv#15,0.00,0.00,en,high,high,high,true,true,1,-2,,,negative,/root/autodl-tmp/data/datasets/baidupcs/CMU-MOSEI/extracted/Raw/Labels/extreme_sentiment_results.csv#k8NgVOCDYKM/15
EAQ006629,MOSEI,unknown,MOSEI/guRD0zQC6Q0/6,/root/autodl-tmp/data/datasets/baidupcs/CMU-MOSEI/extracted/Raw/Videos/Full/Combined/guRD0zQC6Q0.mp4,/root/autodl-tmp/data/datasets/baidupcs/CMU-MOSEI/extracted/Raw/Audio/Full/WAV_16000/guRD0zQC6Q0.wav,/root/autodl-tmp/data/datasets/baidupcs/CMU-MOSEI/extracted/Raw/Labels/extreme_sentiment_results.csv#6,0.00,0.00,en,high,high,high,true,true,0,1,,,positive,/root/autodl-tmp/data/datasets/baidupcs/CMU-MOSEI/extracted/Raw/Labels/extreme_sentiment_results.csv#guRD0zQC6Q0/6
EAQ006630,MOSEI,unknown,MOSEI/KanWhGY33Hk/15,/root/autodl-tmp/data/datasets/baidupcs/CMU-MOSEI/extracted/Raw/Videos/Full/Combined/KanWhGY33Hk.mp4,/root/autodl-tmp/data/datasets/baidupcs/CMU-MOSEI/extracted/Raw/Audio/Full/WAV_16000/KanWhGY33Hk.wav,/root/autodl-tmp/data/datasets/baidupcs/CMU-MOSEI/extracted/Raw/Labels/extreme_sentiment_results.csv#15,0.00,0.00,en,high,high,high,true,true,0,0,,,neutral,/root/autodl-tmp/data/datasets/baidupcs/CMU-MOSEI/extracted/Raw/Labels/extreme_sentiment_results.csv#KanWhGY33Hk/15
EAQ006631,MOSEI,unknown,MOSEI/8P0zm2oYDyY/5,/root/autodl-tmp/data/datasets/baidupcs/CMU-MOSEI/extracted/Raw/Videos/Full/Combined/8P0zm2oYDyY.mp4,/root/autodl-tmp/data/datasets/baidupcs/CMU-MOSEI/extracted/Raw/Audio/Full/WAV_16000/8P0zm2oYDyY.wav,/root/autodl-tmp/data/datasets/baidupcs/CMU-MOSEI/extracted/Raw/Labels/extreme_sentiment_results.csv#5,0.00,0.00,en,high,high,high,true,true,0,3,,,positive,/root/autodl-tmp/data/datasets/baidupcs/CMU-MOSEI/extracted/Raw/Labels/extreme_sentiment_results.csv#8P0zm2oYDyY/5
EAQ006632,MOSEI,unknown,MOSEI/mgpoY1-110U/7,/root/autodl-tmp/data/datasets/baidupcs/CMU-MOSEI/extracted/Raw/Videos/Full/Combined/mgpoY1-110U.mp4,/root/autodl-tmp/data/datasets/baidupcs/CMU-MOSEI/extracted/Raw/Audio/Full/WAV_16000/mgpoY1-110U.wav,/root/autodl-tmp/data/datasets/baidupcs/CMU-MOSEI/extracted/Raw/Labels/extreme_sentiment_results.csv#7,0.00,0.00,en,high,high,high,true,true,0,1,,,positive,/root/autodl-tmp/data/datasets/baidupcs/CMU-MOSEI/extracted/Raw/Labels/extreme_sentiment_results.csv#mgpoY1-110U/7
EAQ006633,MOSEI,unknown,MOSEI/bQcJVJcpgAs/4,/root/autodl-tmp/data/datasets/baidupcs/CMU-MOSEI/extracted/Raw/Videos/Full/Combined/bQcJVJcpgAs.mp4,/root/autodl-tmp/data/datasets/baidupcs/CMU-MOSEI/extracted/Raw/Audio/Full/WAV_16000/bQcJVJcpgAs.wav,/root/autodl-tmp/data/datasets/baidupcs/CMU-MOSEI/extracted/Raw/Labels/extreme_sentiment_results.csv#4,0.00,0.00,en,high,high,high,true,true,0,2,,,positive,/root/autodl-tmp/data/datasets/baidupcs/CMU-MOSEI/extracted/Raw/Labels/extreme_sentiment_results.csv#bQcJVJcpgAs/4
EAQ006634,MOSEI,unknown,MOSEI/Na6170hd8po/3,/root/autodl-tmp/data/datasets/baidupcs/CMU-MOSEI/extracted/Raw/Videos/Full/Combined/Na6170hd8po.mp4,/root/autodl-tmp/data/datasets/baidupcs/CMU-MOSEI/extracted/Raw/Audio/Full/WAV_16000/Na6170hd8po.wav,/root/autodl-tmp/data/datasets/baidupcs/CMU-MOSEI/extracted/Raw/Labels/extreme_sentiment_results.csv#3,0.00,0.00,en,high,high,high,true,true,0,0,,,neutral,/root/autodl-tmp/data/datasets/baidupcs/CMU-MOSEI/extracted/Raw/Labels/extreme_sentiment_results.csv#Na6170hd8po/3
EAQ006635,MOSEI,unknown,MOSEI/CZigX1ntOsI/12,/root/autodl-tmp/data/datasets/baidupcs/CMU-MOSEI/extracted/Raw/Videos/Full/Combined/CZigX1ntOsI.mp4,/root/autodl-tmp/data/datasets/baidupcs/CMU-MOSEI/extracted/Raw/Audio/Full/WAV_16000/CZigX1ntOsI.wav,/root/autodl-tmp/data/datasets/baidupcs/CMU-MOSEI/extracted/Raw/Labels/extreme_sentiment_results.csv#12,0.00,0.00,en,high,high,high,true,true,0,-2,,,negative,/root/autodl-tmp/data/datasets/baidupcs/CMU-MOSEI/extracted/Raw/Labels/extreme_sentiment_results.csv#CZigX1ntOsI/12
EAQ006636,MOSEI,unknown,MOSEI/zU2_X9lIcUM/4,/root/autodl-tmp/data/datasets/baidupcs/CMU-MOSEI/extracted/Raw/Videos/Full/Combined/zU2_X9lIcUM.mp4,/root/autodl-tmp/data/datasets/baidupcs/CMU-MOSEI/extracted/Raw/Audio/Full/WAV_16000/zU2_X9lIcUM.wav,/root/autodl-tmp/data/datasets/baidupcs/CMU-MOSEI/extracted/Raw/Labels/extreme_sentiment_results.csv#4,0.00,0.00,en,high,high,high,true,true,0,1,,,positive,/root/autodl-tmp/data/datasets/baidupcs/CMU-MOSEI/extracted/Raw/Labels/extreme_sentiment_results.csv#zU2_X9lIcUM/4
EAQ006637,MOSEI,unknown,MOSEI/-ZgjBOA1Yhw/1,/root/autodl-tmp/data/datasets/baidupcs/CMU-MOSEI/extracted/Raw/Videos/Full/Combined/-ZgjBOA1Yhw.mp4,/root/autodl-tmp/data/datasets/baidupcs/CMU-MOSEI/extracted/Raw/Audio/Full/WAV_16000/-ZgjBOA1Yhw.wav,/root/autodl-tmp/data/datasets/baidupcs/CMU-MOSEI/extracted/Raw/Labels/extreme_sentiment_results.csv#1,0.00,0.00,en,high,high,high,true,true,0,0,,,neutral,/root/autodl-tmp/data/datasets/baidupcs/CMU-MOSEI/extracted/Raw/Labels/extreme_sentiment_results.csv#-ZgjBOA1Yhw/1
EAQ006638,MOSEI,unknown,MOSEI/HqtvFTa29L8/3,/root/autodl-tmp/data/datasets/baidupcs/CMU-MOSEI/extracted/Raw/Videos/Full/Combined/HqtvFTa29L8.mp4,/root/autodl-tmp/data/datasets/baidupcs/CMU-MOSEI/extracted/Raw/Audio/Full/WAV_16000/HqtvFTa29L8.wav,/root/autodl-tmp/data/datasets/baidupcs/CMU-MOSEI/extracted/Raw/Labels/extreme_sentiment_results.csv#3,0.00,0.00,en,high,high,high,true,true,0,0,,,neutral,/root/autodl-tmp/data/datasets/baidupcs/CMU-MOSEI/extracted/Raw/Labels/extreme_sentiment_results.csv#HqtvFTa29L8/3
EAQ006639,MOSEI,unknown,MOSEI/H9zVQlzit8Y/1,/root/autodl-tmp/data/datasets/baidupcs/CMU-MOSEI/extracted/Raw/Videos/Full/Combined/H9zVQlzit8Y.mp4,/root/autodl-tmp/data/datasets/baidupcs/CMU-MOSEI/extracted/Raw/Audio/Full/WAV_16000/H9zVQlzit8Y.wav,/root/autodl-tmp/data/datasets/baidupcs/CMU-MOSEI/extracted/Raw/Labels/extreme_sentiment_results.csv#1,0.00,0.00,en,high,high,high,true,true,0,1,,,positive,/root/autodl-tmp/data/datasets/baidupcs/CMU-MOSEI/extracted/Raw/Labels/extreme_sentiment_results.csv#H9zVQlzit8Y/1
EAQ006640,MOSEI,unknown,MOSEI/2HP4KedfmSc/8,/root/autodl-tmp/data/datasets/baidupcs/CMU-MOSEI/extracted/Raw/Videos/Full/Combined/2HP4KedfmSc.mp4,/root/autodl-tmp/data/datasets/baidupcs/CMU-MOSEI/extracted/Raw/Audio/Full/WAV_16000/2HP4KedfmSc.wav,/root/autodl-tmp/data/datasets/baidupcs/CMU-MOSEI/extracted/Raw/Labels/extreme_sentiment_results.csv#8,0.00,0.00,en,high,high,high,true,true,0,3,,,positive,/root/autodl-tmp/data/datasets/baidupcs/CMU-MOSEI/extracted/Raw/Labels/extreme_sentiment_results.csv#2HP4KedfmSc/8
EAQ006641,MOSEI,unknown,MOSEI/G4HMKRdIva0/18,/root/autodl-tmp/data/datasets/baidupcs/CMU-MOSEI/extracted/Raw/Videos/Full/Combined/G4HMKRdIva0.mp4,/root/autodl-tmp/data/datasets/baidupcs/CMU-MOSEI/extracted/Raw/Audio/Full/WAV_16000/G4HMKRdIva0.wav,/root/autodl-tmp/data/datasets/baidupcs/CMU-MOSEI/extracted/Raw/Labels/extreme_sentiment_results.csv#18,0.00,0.00,en,high,high,high,true,true,1,2,,,positive,/root/autodl-tmp/data/datasets/baidupcs/CMU-MOSEI/extracted/Raw/Labels/extreme_sentiment_results.csv#G4HMKRdIva0/18
EAQ006642,MOSEI,unknown,MOSEI/R9ypacCuEZo/6,/root/autodl-tmp/data/datasets/baidupcs/CMU-MOSEI/extracted/Raw/Videos/Full/Combined/R9ypacCuEZo.mp4,/root/autodl-tmp/data/datasets/baidupcs/CMU-MOSEI/extracted/Raw/Audio/Full/WAV_16000/R9ypacCuEZo.wav,/root/autodl-tmp/data/datasets/baidupcs/CMU-MOSEI/extracted/Raw/Labels/extreme_sentiment_results.csv#6,0.00,0.00,en,high,high,high,true,true,0,2,,,positive,/root/autodl-tmp/data/datasets/baidupcs/CMU-MOSEI/extracted/Raw/Labels/extreme_sentiment_results.csv#R9ypacCuEZo/6
EAQ006643,MOSEI,unknown,MOSEI/pkH2TfFN-6s/2,/root/autodl-tmp/data/datasets/baidupcs/CMU-MOSEI/extracted/Raw/Videos/Full/Combined/pkH2TfFN-6s.mp4,/root/autodl-tmp/data/datasets/baidupcs/CMU-MOSEI/extracted/Raw/Audio/Full/WAV_16000/pkH2TfFN-6s.wav,/root/autodl-tmp/data/datasets/baidupcs/CMU-MOSEI/extracted/Raw/Labels/extreme_sentiment_results.csv#2,0.00,0.00,en,high,high,high,true,true,0,2,,,positive,/root/autodl-tmp/data/datasets/baidupcs/CMU-MOSEI/extracted/Raw/Labels/extreme_sentiment_results.csv#pkH2TfFN-6s/2
EAQ006644,MOSEI,unknown,MOSEI/We5nTulz1Vs/1,/root/autodl-tmp/data/datasets/baidupcs/CMU-MOSEI/extracted/Raw/Videos/Full/Combined/We5nTulz1Vs.mp4,/root/autodl-tmp/data/datasets/baidupcs/CMU-MOSEI/extracted/Raw/Audio/Full/WAV_16000/We5nTulz1Vs.wav,/root/autodl-tmp/data/datasets/baidupcs/CMU-MOSEI/extracted/Raw/Labels/extreme_sentiment_results.csv#1,0.00,0.00,en,high,high,high,true,true,0,-2,,,negative,/root/autodl-tmp/data/datasets/baidupcs/CMU-MOSEI/extracted/Raw/Labels/extreme_sentiment_results.csv#We5nTulz1Vs/1
EAQ006645,MOSEI,unknown,MOSEI/3sUS8vXbRwg/0,/root/autodl-tmp/data/datasets/baidupcs/CMU-MOSEI/extracted/Raw/Videos/Full/Combined/3sUS8vXbRwg.mp4,/root/autodl-tmp/data/datasets/baidupcs/CMU-MOSEI/extracted/Raw/Audio/Full/WAV_16000/3sUS8vXbRwg.wav,/root/autodl-tmp/data/datasets/baidupcs/CMU-MOSEI/extracted/Raw/Labels/extreme_sentiment_results.csv#0,0.00,0.00,en,high,high,high,true,true,0,1,,,positive,/root/autodl-tmp/data/datasets/baidupcs/CMU-MOSEI/extracted/Raw/Labels/extreme_sentiment_results.csv#3sUS8vXbRwg/0
EAQ006646,MOSEI,unknown,MOSEI/-I_e4mIh0yE/1,/root/autodl-tmp/data/datasets/baidupcs/CMU-MOSEI/extracted/Raw/Videos/Full/Combined/-I_e4mIh0yE.mp4,/root/autodl-tmp/data/datasets/baidupcs/CMU-MOSEI/extracted/Raw/Audio/Full/WAV_16000/-I_e4mIh0yE.wav,/root/autodl-tmp/data/datasets/baidupcs/CMU-MOSEI/extracted/Raw/Labels/extreme_sentiment_results.csv#1,0.00,0.00,en,high,high,high,true,true,0,0,,,neutral,/root/autodl-tmp/data/datasets/baidupcs/CMU-MOSEI/extracted/Raw/Labels/extreme_sentiment_results.csv#-I_e4mIh0yE/1
EAQ006647,MOSEI,unknown,MOSEI/XblL7mcdDdg/18,/root/autodl-tmp/data/datasets/baidupcs/CMU-MOSEI/extracted/Raw/Videos/Full/Combined/XblL7mcdDdg.mp4,/root/autodl-tmp/data/datasets/baidupcs/CMU-MOSEI/extracted/Raw/Audio/Full/WAV_16000/XblL7mcdDdg.wav,/root/autodl-tmp/data/datasets/baidupcs/CMU-MOSEI/extracted/Raw/Labels/extreme_sentiment_results.csv#18,0.00,0.00,en,high,high,high,true,true,0,0,,,neutral,/root/autodl-tmp/data/datasets/baidupcs/CMU-MOSEI/extracted/Raw/Labels/extreme_sentiment_results.csv#XblL7mcdDdg/18
EAQ006648,MOSEI,unknown,MOSEI/0PlQc98SccA/0,/root/autodl-tmp/data/datasets/baidupcs/CMU-MOSEI/extracted/Raw/Videos/Full/Combined/0PlQc98SccA.mp4,/root/autodl-tmp/data/datasets/baidupcs/CMU-MOSEI/extracted/Raw/Audio/Full/WAV_16000/0PlQc98SccA.wav,/root/autodl-tmp/data/datasets/baidupcs/CMU-MOSEI/extracted/Raw/Labels/extreme_sentiment_results.csv#0,0.00,0.00,en,high,high,high,true,true,0,1,,,positive,/root/autodl-tmp/data/datasets/baidupcs/CMU-MOSEI/extracted/Raw/Labels/extreme_sentiment_results.csv#0PlQc98SccA/0
EAQ006649,MOSEI,unknown,MOSEI/mLW-jn67gRE/1,/root/autodl-tmp/data/datasets/baidupcs/CMU-MOSEI/extracted/Raw/Videos/Full/Combined/mLW-jn67gRE.mp4,/root/autodl-tmp/data/datasets/baidupcs/CMU-MOSEI/extracted/Raw/Audio/Full/WAV_16000/mLW-jn67gRE.wav,/root/autodl-tmp/data/datasets/baidupcs/CMU-MOSEI/extracted/Raw/Labels/extreme_sentiment_results.csv#1,0.00,0.00,en,high,high,high,true,true,0,0,,,neutral,/root/autodl-tmp/data/datasets/baidupcs/CMU-MOSEI/extracted/Raw/Labels/extreme_sentiment_results.csv#mLW-jn67gRE/1
EAQ006650,MOSEI,unknown,MOSEI/FRKwvmrwrZA/9,/root/autodl-tmp/data/datasets/baidupcs/CMU-MOSEI/extracted/Raw/Videos/Full/Combined/FRKwvmrwrZA.mp4,/root/autodl-tmp/data/datasets/baidupcs/CMU-MOSEI/extracted/Raw/Audio/Full/WAV_16000/FRKwvmrwrZA.wav,/root/autodl-tmp/data/datasets/baidupcs/CMU-MOSEI/extracted/Raw/Labels/extreme_sentiment_results.csv#9,0.00,0.00,en,high,high,high,true,true,0,0,,,neutral,/root/autodl-tmp/data/datasets/baidupcs/CMU-MOSEI/extracted/Raw/Labels/extreme_sentiment_results.csv#FRKwvmrwrZA/9
EAQ006651,MOSEI,unknown,MOSEI/sMnbpyFqrlE/15,/root/autodl-tmp/data/datasets/baidupcs/CMU-MOSEI/extracted/Raw/Videos/Full/Combined/sMnbpyFqrlE.mp4,/root/autodl-tmp/data/datasets/baidupcs/CMU-MOSEI/extracted/Raw/Audio/Full/WAV_16000/sMnbpyFqrlE.wav,/root/autodl-tmp/data/datasets/baidupcs/CMU-MOSEI/extracted/Raw/Labels/extreme_sentiment_results.csv#15,0.00,0.00,en,high,high,high,true,true,0,2,,,positive,/root/autodl-tmp/data/datasets/baidupcs/CMU-MOSEI/extracted/Raw/Labels/extreme_sentiment_results.csv#sMnbpyFqrlE/15
EAQ006652,MOSEI,unknown,MOSEI/O2ShYliS3CU/8,/root/autodl-tmp/data/datasets/baidupcs/CMU-MOSEI/extracted/Raw/Videos/Full/Combined/O2ShYliS3CU.mp4,/root/autodl-tmp/data/datasets/baidupcs/CMU-MOSEI/extracted/Raw/Audio/Full/WAV_16000/O2ShYliS3CU.wav,/root/autodl-tmp/data/datasets/baidupcs/CMU-MOSEI/extracted/Raw/Labels/extreme_sentiment_results.csv#8,0.00,0.00,en,high,high,high,true,true,0,3,,,positive,/root/autodl-tmp/data/datasets/baidupcs/CMU-MOSEI/extracted/Raw/Labels/extreme_sentiment_results.csv#O2ShYliS3CU/8
EAQ006653,MOSEI,unknown,MOSEI/XblL7mcdDdg/20,/root/autodl-tmp/data/datasets/baidupcs/CMU-MOSEI/extracted/Raw/Videos/Full/Combined/XblL7mcdDdg.mp4,/root/autodl-tmp/data/datasets/baidupcs/CMU-MOSEI/extracted/Raw/Audio/Full/WAV_16000/XblL7mcdDdg.wav,/root/autodl-tmp/data/datasets/baidupcs/CMU-MOSEI/extracted/Raw/Labels/extreme_sentiment_results.csv#20,0.00,0.00,en,high,high,high,true,true,1,-2,,,negative,/root/autodl-tmp/data/datasets/baidupcs/CMU-MOSEI/extracted/Raw/Labels/extreme_sentiment_results.csv#XblL7mcdDdg/20
EAQ006654,MOSEI,unknown,MOSEI/76sN4tvbPGk/12,/root/autodl-tmp/data/datasets/baidupcs/CMU-MOSEI/extracted/Raw/Videos/Full/Combined/76sN4tvbPGk.mp4,/root/autodl-tmp/data/datasets/baidupcs/CMU-MOSEI/extracted/Raw/Audio/Full/WAV_16000/76sN4tvbPGk.wav,/root/autodl-tmp/data/datasets/baidupcs/CMU-MOSEI/extracted/Raw/Labels/extreme_sentiment_results.csv#12,0.00,0.00,en,high,high,high,true,true,0,0,,,neutral,/root/autodl-tmp/data/datasets/baidupcs/CMU-MOSEI/extracted/Raw/Labels/extreme_sentiment_results.csv#76sN4tvbPGk/12
EAQ006655,MOSEI,unknown,MOSEI/K1VeXZxR24U/3,/root/autodl-tmp/data/datasets/baidupcs/CMU-MOSEI/extracted/Raw/Videos/Full/Combined/K1VeXZxR24U.mp4,/root/autodl-tmp/data/datasets/baidupcs/CMU-MOSEI/extracted/Raw/Audio/Full/WAV_16000/K1VeXZxR24U.wav,/root/autodl-tmp/data/datasets/baidupcs/CMU-MOSEI/extracted/Raw/Labels/extreme_sentiment_results.csv#3,0.00,0.00,en,high,high,high,true,true,0,-1,,,negative,/root/autodl-tmp/data/datasets/baidupcs/CMU-MOSEI/extracted/Raw/Labels/extreme_sentiment_results.csv#K1VeXZxR24U/3
EAQ006656,MOSEI,unknown,MOSEI/Xq7zLxYHxd8/8,/root/autodl-tmp/data/datasets/baidupcs/CMU-MOSEI/extracted/Raw/Videos/Full/Combined/Xq7zLxYHxd8.mp4,/root/autodl-tmp/data/datasets/baidupcs/CMU-MOSEI/extracted/Raw/Audio/Full/WAV_16000/Xq7zLxYHxd8.wav,/root/autodl-tmp/data/datasets/baidupcs/CMU-MOSEI/extracted/Raw/Labels/extreme_sentiment_results.csv#8,0.00,0.00,en,high,high,high,true,true,0,0,,,neutral,/root/autodl-tmp/data/datasets/baidupcs/CMU-MOSEI/extracted/Raw/Labels/extreme_sentiment_results.csv#Xq7zLxYHxd8/8
EAQ006657,MOSEI,unknown,MOSEI/CvW0Mh1EWFA/12,/root/autodl-tmp/data/datasets/baidupcs/CMU-MOSEI/extracted/Raw/Videos/Full/Combined/CvW0Mh1EWFA.mp4,/root/autodl-tmp/data/datasets/baidupcs/CMU-MOSEI/extracted/Raw/Audio/Full/WAV_16000/CvW0Mh1EWFA.wav,/root/autodl-tmp/data/datasets/baidupcs/CMU-MOSEI/extracted/Raw/Labels/extreme_sentiment_results.csv#12,0.00,0.00,en,high,high,high,true,true,0,1,,,positive,/root/autodl-tmp/data/datasets/baidupcs/CMU-MOSEI/extracted/Raw/Labels/extreme_sentiment_results.csv#CvW0Mh1EWFA/12
EAQ006658,MOSEI,unknown,MOSEI/b92iw0OAnI4/1,/root/autodl-tmp/data/datasets/baidupcs/CMU-MOSEI/extracted/Raw/Videos/Full/Combined/b92iw0OAnI4.mp4,/root/autodl-tmp/data/datasets/baidupcs/CMU-MOSEI/extracted/Raw/Audio/Full/WAV_16000/b92iw0OAnI4.wav,/root/autodl-tmp/data/datasets/baidupcs/CMU-MOSEI/extracted/Raw/Labels/extreme_sentiment_results.csv#1,0.00,0.00,en,high,high,high,true,true,0,0,,,neutral,/root/autodl-tmp/data/datasets/baidupcs/CMU-MOSEI/extracted/Raw/Labels/extreme_sentiment_results.csv#b92iw0OAnI4/1
EAQ006659,MOSEI,unknown,MOSEI/TFKgo5JlPro/1,/root/autodl-tmp/data/datasets/baidupcs/CMU-MOSEI/extracted/Raw/Videos/Full/Combined/TFKgo5JlPro.mp4,/root/autodl-tmp/data/datasets/baidupcs/CMU-MOSEI/extracted/Raw/Audio/Full/WAV_16000/TFKgo5JlPro.wav,/root/autodl-tmp/data/datasets/baidupcs/CMU-MOSEI/extracted/Raw/Labels/extreme_sentiment_results.csv#1,0.00,0.00,en,high,high,high,true,true,0,0,,,neutral,/root/autodl-tmp/data/datasets/baidupcs/CMU-MOSEI/extracted/Raw/Labels/extreme_sentiment_results.csv#TFKgo5JlPro/1
EAQ006660,MOSEI,unknown,MOSEI/QDRtKv8PvFs/2,/root/autodl-tmp/data/datasets/baidupcs/CMU-MOSEI/extracted/Raw/Videos/Full/Combined/QDRtKv8PvFs.mp4,/root/autodl-tmp/data/datasets/baidupcs/CMU-MOSEI/extracted/Raw/Audio/Full/WAV_16000/QDRtKv8PvFs.wav,/root/autodl-tmp/data/datasets/baidupcs/CMU-MOSEI/extracted/Raw/Labels/extreme_sentiment_results.csv#2,0.00,0.00,en,high,high,high,true,true,0,0,,,neutral,/root/autodl-tmp/data/datasets/baidupcs/CMU-MOSEI/extracted/Raw/Labels/extreme_sentiment_results.csv#QDRtKv8PvFs/2
EAQ006661,MOSEI,unknown,MOSEI/TLPlduck5II/6,/root/autodl-tmp/data/datasets/baidupcs/CMU-MOSEI/extracted/Raw/Videos/Full/Combined/TLPlduck5II.mp4,/root/autodl-tmp/data/datasets/baidupcs/CMU-MOSEI/extracted/Raw/Audio/Full/WAV_16000/TLPlduck5II.wav,/root/autodl-tmp/data/datasets/baidupcs/CMU-MOSEI/extracted/Raw/Labels/extreme_sentiment_results.csv#6,0.00,0.00,en,high,high,high,true,true,0,2,,,positive,/root/autodl-tmp/data/datasets/baidupcs/CMU-MOSEI/extracted/Raw/Labels/extreme_sentiment_results.csv#TLPlduck5II/6
EAQ006662,MOSEI,unknown,MOSEI/11UtTaDYgII/2,/root/autodl-tmp/data/datasets/baidupcs/CMU-MOSEI/extracted/Raw/Videos/Full/Combined/11UtTaDYgII.mp4,/root/autodl-tmp/data/datasets/baidupcs/CMU-MOSEI/extracted/Raw/Audio/Full/WAV_16000/11UtTaDYgII.wav,/root/autodl-tmp/data/datasets/baidupcs/CMU-MOSEI/extracted/Raw/Labels/extreme_sentiment_results.csv#2,0.00,0.00,en,high,high,high,true,true,0,2,,,positive,/root/autodl-tmp/data/datasets/baidupcs/CMU-MOSEI/extracted/Raw/Labels/extreme_sentiment_results.csv#11UtTaDYgII/2
EAQ006663,MOSEI,unknown,MOSEI/VzDXgBOe5iI/3,/root/autodl-tmp/data/datasets/baidupcs/CMU-MOSEI/extracted/Raw/Videos/Full/Combined/VzDXgBOe5iI.mp4,/root/autodl-tmp/data/datasets/baidupcs/CMU-MOSEI/extracted/Raw/Audio/Full/WAV_16000/VzDXgBOe5iI.wav,/root/autodl-tmp/data/datasets/baidupcs/CMU-MOSEI/extracted/Raw/Labels/extreme_sentiment_results.csv#3,0.00,0.00,en,high,high,high,true,true,0,2,,,positive,/root/autodl-tmp/data/datasets/baidupcs/CMU-MOSEI/extracted/Raw/Labels/extreme_sentiment_results.csv#VzDXgBOe5iI/3
EAQ006664,MOSEI,unknown,MOSEI/CIqRibqChDQ/0,/root/autodl-tmp/data/datasets/baidupcs/CMU-MOSEI/extracted/Raw/Videos/Full/Combined/CIqRibqChDQ.mp4,/root/autodl-tmp/data/datasets/baidupcs/CMU-MOSEI/extracted/Raw/Audio/Full/WAV_16000/CIqRibqChDQ.wav,/root/autodl-tmp/data/datasets/baidupcs/CMU-MOSEI/extracted/Raw/Labels/extreme_sentiment_results.csv#0,0.00,0.00,en,high,high,high,true,true,0,-1,,,negative,/root/autodl-tmp/data/datasets/baidupcs/CMU-MOSEI/extracted/Raw/Labels/extreme_sentiment_results.csv#CIqRibqChDQ/0
EAQ006665,MOSEI,unknown,MOSEI/SRP5FYP71Ng/14,/root/autodl-tmp/data/datasets/baidupcs/CMU-MOSEI/extracted/Raw/Videos/Full/Combined/SRP5FYP71Ng.mp4,/root/autodl-tmp/data/datasets/baidupcs/CMU-MOSEI/extracted/Raw/Audio/Full/WAV_16000/SRP5FYP71Ng.wav,/root/autodl-tmp/data/datasets/baidupcs/CMU-MOSEI/extracted/Raw/Labels/extreme_sentiment_results.csv#14,0.00,0.00,en,high,high,high,true,true,0,2,,,positive,/root/autodl-tmp/data/datasets/baidupcs/CMU-MOSEI/extracted/Raw/Labels/extreme_sentiment_results.csv#SRP5FYP71Ng/14
EAQ006666,MOSEI,unknown,MOSEI/90wZz0thye4/5,/root/autodl-tmp/data/datasets/baidupcs/CMU-MOSEI/extracted/Raw/Videos/Full/Combined/90wZz0thye4.mp4,/root/autodl-tmp/data/datasets/baidupcs/CMU-MOSEI/extracted/Raw/Audio/Full/WAV_16000/90wZz0thye4.wav,/root/autodl-tmp/data/datasets/baidupcs/CMU-MOSEI/extracted/Raw/Labels/extreme_sentiment_results.csv#5,0.00,0.00,en,high,high,high,true,true,0,2,,,positive,/root/autodl-tmp/data/datasets/baidupcs/CMU-MOSEI/extracted/Raw/Labels/extreme_sentiment_results.csv#90wZz0thye4/5
EAQ006667,MOSEI,unknown,MOSEI/P35dyIit1yM/0,/root/autodl-tmp/data/datasets/baidupcs/CMU-MOSEI/extracted/Raw/Videos/Full/Combined/P35dyIit1yM.mp4,/root/autodl-tmp/data/datasets/baidupcs/CMU-MOSEI/extracted/Raw/Audio/Full/WAV_16000/P35dyIit1yM.wav,/root/autodl-tmp/data/datasets/baidupcs/CMU-MOSEI/extracted/Raw/Labels/extreme_sentiment_results.csv#0,0.00,0.00,en,high,high,high,true,true,0,2,,,positive,/root/autodl-tmp/data/datasets/baidupcs/CMU-MOSEI/extracted/Raw/Labels/extreme_sentiment_results.csv#P35dyIit1yM/0
EAQ006668,MOSEI,unknown,MOSEI/gL8h7lOPv1Q/9,/root/autodl-tmp/data/datasets/baidupcs/CMU-MOSEI/extracted/Raw/Videos/Full/Combined/gL8h7lOPv1Q.mp4,/root/autodl-tmp/data/datasets/baidupcs/CMU-MOSEI/extracted/Raw/Audio/Full/WAV_16000/gL8h7lOPv1Q.wav,/root/autodl-tmp/data/datasets/baidupcs/CMU-MOSEI/extracted/Raw/Labels/extreme_sentiment_results.csv#9,0.00,0.00,en,high,high,high,true,true,0,0,,,neutral,/root/autodl-tmp/data/datasets/baidupcs/CMU-MOSEI/extracted/Raw/Labels/extreme_sentiment_results.csv#gL8h7lOPv1Q/9
EAQ006669,MOSEI,unknown,MOSEI/BaX10vbFhuU/10,/root/autodl-tmp/data/datasets/baidupcs/CMU-MOSEI/extracted/Raw/Videos/Full/Combined/BaX10vbFhuU.mp4,/root/autodl-tmp/data/datasets/baidupcs/CMU-MOSEI/extracted/Raw/Audio/Full/WAV_16000/BaX10vbFhuU.wav,/root/autodl-tmp/data/datasets/baidupcs/CMU-MOSEI/extracted/Raw/Labels/extreme_sentiment_results.csv#10,0.00,0.00,en,high,high,high,true,true,0,0,,,neutral,/root/autodl-tmp/data/datasets/baidupcs/CMU-MOSEI/extracted/Raw/Labels/extreme_sentiment_results.csv#BaX10vbFhuU/10
EAQ006670,MOSEI,unknown,MOSEI/oH9fMma8jiQ/8,/root/autodl-tmp/data/datasets/baidupcs/CMU-MOSEI/extracted/Raw/Videos/Full/Combined/oH9fMma8jiQ.mp4,/root/autodl-tmp/data/datasets/baidupcs/CMU-MOSEI/extracted/Raw/Audio/Full/WAV_16000/oH9fMma8jiQ.wav,/root/autodl-tmp/data/datasets/baidupcs/CMU-MOSEI/extracted/Raw/Labels/extreme_sentiment_results.csv#8,0.00,0.00,en,high,high,high,true,true,0,1,,,positive,/root/autodl-tmp/data/datasets/baidupcs/CMU-MOSEI/extracted/Raw/Labels/extreme_sentiment_results.csv#oH9fMma8jiQ/8
EAQ006671,MOSEI,unknown,MOSEI/K7KEtrgBkz4/11,/root/autodl-tmp/data/datasets/baidupcs/CMU-MOSEI/extracted/Raw/Videos/Full/Combined/K7KEtrgBkz4.mp4,/root/autodl-tmp/data/datasets/baidupcs/CMU-MOSEI/extracted/Raw/Audio/Full/WAV_16000/K7KEtrgBkz4.wav,/root/autodl-tmp/data/datasets/baidupcs/CMU-MOSEI/extracted/Raw/Labels/extreme_sentiment_results.csv#11,0.00,0.00,en,high,high,high,true,true,0,0,,,neutral,/root/autodl-tmp/data/datasets/baidupcs/CMU-MOSEI/extracted/Raw/Labels/extreme_sentiment_results.csv#K7KEtrgBkz4/11
EAQ006672,MOSEI,unknown,MOSEI/hp3nsb_eIc0/12,/root/autodl-tmp/data/datasets/baidupcs/CMU-MOSEI/extracted/Raw/Videos/Full/Combined/hp3nsb_eIc0.mp4,/root/autodl-tmp/data/datasets/baidupcs/CMU-MOSEI/extracted/Raw/Audio/Full/WAV_16000/hp3nsb_eIc0.wav,/root/autodl-tmp/data/datasets/baidupcs/CMU-MOSEI/extracted/Raw/Labels/extreme_sentiment_results.csv#12,0.00,0.00,en,high,high,high,true,true,0,0,,,neutral,/root/autodl-tmp/data/datasets/baidupcs/CMU-MOSEI/extracted/Raw/Labels/extreme_sentiment_results.csv#hp3nsb_eIc0/12
EAQ006673,MOSEI,unknown,MOSEI/ixZAEncExWI/1,/root/autodl-tmp/data/datasets/baidupcs/CMU-MOSEI/extracted/Raw/Videos/Full/Combined/ixZAEncExWI.mp4,/root/autodl-tmp/data/datasets/baidupcs/CMU-MOSEI/extracted/Raw/Audio/Full/WAV_16000/ixZAEncExWI.wav,/root/autodl-tmp/data/datasets/baidupcs/CMU-MOSEI/extracted/Raw/Labels/extreme_sentiment_results.csv#1,0.00,0.00,en,high,high,high,true,true,0,0,,,neutral,/root/autodl-tmp/data/datasets/baidupcs/CMU-MOSEI/extracted/Raw/Labels/extreme_sentiment_results.csv#ixZAEncExWI/1
EAQ006674,MOSEI,unknown,MOSEI/UNLD7eYPzfQ/7,/root/autodl-tmp/data/datasets/baidupcs/CMU-MOSEI/extracted/Raw/Videos/Full/Combined/UNLD7eYPzfQ.mp4,/root/autodl-tmp/data/datasets/baidupcs/CMU-MOSEI/extracted/Raw/Audio/Full/WAV_16000/UNLD7eYPzfQ.wav,/root/autodl-tmp/data/datasets/baidupcs/CMU-MOSEI/extracted/Raw/Labels/extreme_sentiment_results.csv#7,0.00,0.00,en,high,high,high,true,true,0,-1,,,negative,/root/autodl-tmp/data/datasets/baidupcs/CMU-MOSEI/extracted/Raw/Labels/extreme_sentiment_results.csv#UNLD7eYPzfQ/7
EAQ006675,MOSEI,unknown,MOSEI/86c2OkQ3_U8/19,/root/autodl-tmp/data/datasets/baidupcs/CMU-MOSEI/extracted/Raw/Videos/Full/Combined/86c2OkQ3_U8.mp4,/root/autodl-tmp/data/datasets/baidupcs/CMU-MOSEI/extracted/Raw/Audio/Full/WAV_16000/86c2OkQ3_U8.wav,/root/autodl-tmp/data/datasets/baidupcs/CMU-MOSEI/extracted/Raw/Labels/extreme_sentiment_results.csv#19,0.00,0.00,en,high,high,high,true,true,0,0,,,neutral,/root/autodl-tmp/data/datasets/baidupcs/CMU-MOSEI/extracted/Raw/Labels/extreme_sentiment_results.csv#86c2OkQ3_U8/19
EAQ006676,MOSEI,unknown,MOSEI/z0y1ZxH1f74/2,/root/autodl-tmp/data/datasets/baidupcs/CMU-MOSEI/extracted/Raw/Videos/Full/Combined/z0y1ZxH1f74.mp4,/root/autodl-tmp/data/datasets/baidupcs/CMU-MOSEI/extracted/Raw/Audio/Full/WAV_16000/z0y1ZxH1f74.wav,/root/autodl-tmp/data/datasets/baidupcs/CMU-MOSEI/extracted/Raw/Labels/extreme_sentiment_results.csv#2,0.00,0.00,en,high,high,high,true,true,0,-2,,,negative,/root/autodl-tmp/data/datasets/baidupcs/CMU-MOSEI/extracted/Raw/Labels/extreme_sentiment_results.csv#z0y1ZxH1f74/2
EAQ006677,MOSEI,unknown,MOSEI/BZOB3r5AoKE/4,/root/autodl-tmp/data/datasets/baidupcs/CMU-MOSEI/extracted/Raw/Videos/Full/Combined/BZOB3r5AoKE.mp4,/root/autodl-tmp/data/datasets/baidupcs/CMU-MOSEI/extracted/Raw/Audio/Full/WAV_16000/BZOB3r5AoKE.wav,/root/autodl-tmp/data/datasets/baidupcs/CMU-MOSEI/extracted/Raw/Labels/extreme_sentiment_results.csv#4,0.00,0.00,en,high,high,high,true,true,1,0,,,neutral,/root/autodl-tmp/data/datasets/baidupcs/CMU-MOSEI/extracted/Raw/Labels/extreme_sentiment_results.csv#BZOB3r5AoKE/4
EAQ006678,MOSEI,unknown,MOSEI/9cSJglGi9Pg/9,/root/autodl-tmp/data/datasets/baidupcs/CMU-MOSEI/extracted/Raw/Videos/Full/Combined/9cSJglGi9Pg.mp4,/root/autodl-tmp/data/datasets/baidupcs/CMU-MOSEI/extracted/Raw/Audio/Full/WAV_16000/9cSJglGi9Pg.wav,/root/autodl-tmp/data/datasets/baidupcs/CMU-MOSEI/extracted/Raw/Labels/extreme_sentiment_results.csv#9,0.00,0.00,en,high,high,high,true,true,0,1,,,positive,/root/autodl-tmp/data/datasets/baidupcs/CMU-MOSEI/extracted/Raw/Labels/extreme_sentiment_results.csv#9cSJglGi9Pg/9
EAQ006679,MOSEI,unknown,MOSEI/eMa6gbD7id0/1,/root/autodl-tmp/data/datasets/baidupcs/CMU-MOSEI/extracted/Raw/Videos/Full/Combined/eMa6gbD7id0.mp4,/root/autodl-tmp/data/datasets/baidupcs/CMU-MOSEI/extracted/Raw/Audio/Full/WAV_16000/eMa6gbD7id0.wav,/root/autodl-tmp/data/datasets/baidupcs/CMU-MOSEI/extracted/Raw/Labels/extreme_sentiment_results.csv#1,0.00,0.00,en,high,high,high,true,true,0,0,,,neutral,/root/autodl-tmp/data/datasets/baidupcs/CMU-MOSEI/extracted/Raw/Labels/extreme_sentiment_results.csv#eMa6gbD7id0/1
EAQ006680,MOSEI,unknown,MOSEI/ITQTVfk9Iqo/8,/root/autodl-tmp/data/datasets/baidupcs/CMU-MOSEI/extracted/Raw/Videos/Full/Combined/ITQTVfk9Iqo.mp4,/root/autodl-tmp/data/datasets/baidupcs/CMU-MOSEI/extracted/Raw/Audio/Full/WAV_16000/ITQTVfk9Iqo.wav,/root/autodl-tmp/data/datasets/baidupcs/CMU-MOSEI/extracted/Raw/Labels/extreme_sentiment_results.csv#8,0.00,0.00,en,high,high,high,true,true,0,0,,,neutral,/root/autodl-tmp/data/datasets/baidupcs/CMU-MOSEI/extracted/Raw/Labels/extreme_sentiment_results.csv#ITQTVfk9Iqo/8
EAQ006681,MOSEI,unknown,MOSEI/9Jyr5laC8mg/3,/root/autodl-tmp/data/datasets/baidupcs/CMU-MOSEI/extracted/Raw/Videos/Full/Combined/9Jyr5laC8mg.mp4,/root/autodl-tmp/data/datasets/baidupcs/CMU-MOSEI/extracted/Raw/Audio/Full/WAV_16000/9Jyr5laC8mg.wav,/root/autodl-tmp/data/datasets/baidupcs/CMU-MOSEI/extracted/Raw/Labels/extreme_sentiment_results.csv#3,0.00,0.00,en,high,high,high,true,true,0,0,,,neutral,/root/autodl-tmp/data/datasets/baidupcs/CMU-MOSEI/extracted/Raw/Labels/extreme_sentiment_results.csv#9Jyr5laC8mg/3
EAQ006682,MOSEI,unknown,MOSEI/YgyqX4aZ4tE/16,/root/autodl-tmp/data/datasets/baidupcs/CMU-MOSEI/extracted/Raw/Videos/Full/Combined/YgyqX4aZ4tE.mp4,/root/autodl-tmp/data/datasets/baidupcs/CMU-MOSEI/extracted/Raw/Audio/Full/WAV_16000/YgyqX4aZ4tE.wav,/root/autodl-tmp/data/datasets/baidupcs/CMU-MOSEI/extracted/Raw/Labels/extreme_sentiment_results.csv#16,0.00,0.00,en,high,high,high,true,true,0,0,,,neutral,/root/autodl-tmp/data/datasets/baidupcs/CMU-MOSEI/extracted/Raw/Labels/extreme_sentiment_results.csv#YgyqX4aZ4tE/16
EAQ006683,MOSEI,unknown,MOSEI/a4PHWxILDp0/2,/root/autodl-tmp/data/datasets/baidupcs/CMU-MOSEI/extracted/Raw/Videos/Full/Combined/a4PHWxILDp0.mp4,/root/autodl-tmp/data/datasets/baidupcs/CMU-MOSEI/extracted/Raw/Audio/Full/WAV_16000/a4PHWxILDp0.wav,/root/autodl-tmp/data/datasets/baidupcs/CMU-MOSEI/extracted/Raw/Labels/extreme_sentiment_results.csv#2,0.00,0.00,en,high,high,high,true,true,0,-2,,,negative,/root/autodl-tmp/data/datasets/baidupcs/CMU-MOSEI/extracted/Raw/Labels/extreme_sentiment_results.csv#a4PHWxILDp0/2
EAQ006684,MOSEI,unknown,MOSEI/7oFimEZJQ_A/1,/root/autodl-tmp/data/datasets/baidupcs/CMU-MOSEI/extracted/Raw/Videos/Full/Combined/7oFimEZJQ_A.mp4,/root/autodl-tmp/data/datasets/baidupcs/CMU-MOSEI/extracted/Raw/Audio/Full/WAV_16000/7oFimEZJQ_A.wav,/root/autodl-tmp/data/datasets/baidupcs/CMU-MOSEI/extracted/Raw/Labels/extreme_sentiment_results.csv#1,0.00,0.00,en,high,high,high,true,true,0,-3,,,negative,/root/autodl-tmp/data/datasets/baidupcs/CMU-MOSEI/extracted/Raw/Labels/extreme_sentiment_results.csv#7oFimEZJQ_A/1
EAQ006685,MOSEI,unknown,MOSEI/7pZPQbMKGkY/5,/root/autodl-tmp/data/datasets/baidupcs/CMU-MOSEI/extracted/Raw/Videos/Full/Combined/7pZPQbMKGkY.mp4,/root/autodl-tmp/data/datasets/baidupcs/CMU-MOSEI/extracted/Raw/Audio/Full/WAV_16000/7pZPQbMKGkY.wav,/root/autodl-tmp/data/datasets/baidupcs/CMU-MOSEI/extracted/Raw/Labels/extreme_sentiment_results.csv#5,0.00,0.00,en,high,high,high,true,true,0,0,,,neutral,/root/autodl-tmp/data/datasets/baidupcs/CMU-MOSEI/extracted/Raw/Labels/extreme_sentiment_results.csv#7pZPQbMKGkY/5
EAQ006686,MOSEI,unknown,MOSEI/-dxfTGcXJoc/4,/root/autodl-tmp/data/datasets/baidupcs/CMU-MOSEI/extracted/Raw/Videos/Full/Combined/-dxfTGcXJoc.mp4,/root/autodl-tmp/data/datasets/baidupcs/CMU-MOSEI/extracted/Raw/Audio/Full/WAV_16000/-dxfTGcXJoc.wav,/root/autodl-tmp/data/datasets/baidupcs/CMU-MOSEI/extracted/Raw/Labels/extreme_sentiment_results.csv#4,0.00,0.00,en,high,high,high,true,true,0,2,,,positive,/root/autodl-tmp/data/datasets/baidupcs/CMU-MOSEI/extracted/Raw/Labels/extreme_sentiment_results.csv#-dxfTGcXJoc/4
EAQ006687,MOSEI,unknown,MOSEI/qmMSumMloAs/2,/root/autodl-tmp/data/datasets/baidupcs/CMU-MOSEI/extracted/Raw/Videos/Full/Combined/qmMSumMloAs.mp4,/root/autodl-tmp/data/datasets/baidupcs/CMU-MOSEI/extracted/Raw/Audio/Full/WAV_16000/qmMSumMloAs.wav,/root/autodl-tmp/data/datasets/baidupcs/CMU-MOSEI/extracted/Raw/Labels/extreme_sentiment_results.csv#2,0.00,0.00,en,high,high,high,true,true,0,3,,,positive,/root/autodl-tmp/data/datasets/baidupcs/CMU-MOSEI/extracted/Raw/Labels/extreme_sentiment_results.csv#qmMSumMloAs/2
EAQ006688,MOSEI,unknown,MOSEI/-RfYyzHpjk4/8,/root/autodl-tmp/data/datasets/baidupcs/CMU-MOSEI/extracted/Raw/Videos/Full/Combined/-RfYyzHpjk4.mp4,/root/autodl-tmp/data/datasets/baidupcs/CMU-MOSEI/extracted/Raw/Audio/Full/WAV_16000/-RfYyzHpjk4.wav,/root/autodl-tmp/data/datasets/baidupcs/CMU-MOSEI/extracted/Raw/Labels/extreme_sentiment_results.csv#8,0.00,0.00,en,high,high,high,true,true,0,1,,,positive,/root/autodl-tmp/data/datasets/baidupcs/CMU-MOSEI/extracted/Raw/Labels/extreme_sentiment_results.csv#-RfYyzHpjk4/8
EAQ006689,MOSEI,unknown,MOSEI/mgpoY1-110U/1,/root/autodl-tmp/data/datasets/baidupcs/CMU-MOSEI/extracted/Raw/Videos/Full/Combined/mgpoY1-110U.mp4,/root/autodl-tmp/data/datasets/baidupcs/CMU-MOSEI/extracted/Raw/Audio/Full/WAV_16000/mgpoY1-110U.wav,/root/autodl-tmp/data/datasets/baidupcs/CMU-MOSEI/extracted/Raw/Labels/extreme_sentiment_results.csv#1,0.00,0.00,en,high,high,high,true,true,0,-2,,,negative,/root/autodl-tmp/data/datasets/baidupcs/CMU-MOSEI/extracted/Raw/Labels/extreme_sentiment_results.csv#mgpoY1-110U/1
EAQ006690,MOSEI,unknown,MOSEI/oOhxCwkZsUI/1,/root/autodl-tmp/data/datasets/baidupcs/CMU-MOSEI/extracted/Raw/Videos/Full/Combined/oOhxCwkZsUI.mp4,/root/autodl-tmp/data/datasets/baidupcs/CMU-MOSEI/extracted/Raw/Audio/Full/WAV_16000/oOhxCwkZsUI.wav,/root/autodl-tmp/data/datasets/baidupcs/CMU-MOSEI/extracted/Raw/Labels/extreme_sentiment_results.csv#1,0.00,0.00,en,high,high,high,true,true,0,0,,,neutral,/root/autodl-tmp/data/datasets/baidupcs/CMU-MOSEI/extracted/Raw/Labels/extreme_sentiment_results.csv#oOhxCwkZsUI/1
EAQ006691,MOSEI,unknown,MOSEI/88S1BjwMfdw/3,/root/autodl-tmp/data/datasets/baidupcs/CMU-MOSEI/extracted/Raw/Videos/Full/Combined/88S1BjwMfdw.mp4,/root/autodl-tmp/data/datasets/baidupcs/CMU-MOSEI/extracted/Raw/Audio/Full/WAV_16000/88S1BjwMfdw.wav,/root/autodl-tmp/data/datasets/baidupcs/CMU-MOSEI/extracted/Raw/Labels/extreme_sentiment_results.csv#3,0.00,0.00,en,high,high,high,true,true,0,0,,,neutral,/root/autodl-tmp/data/datasets/baidupcs/CMU-MOSEI/extracted/Raw/Labels/extreme_sentiment_results.csv#88S1BjwMfdw/3
EAQ006692,MOSEI,unknown,MOSEI/FX87sfrE47w/6,/root/autodl-tmp/data/datasets/baidupcs/CMU-MOSEI/extracted/Raw/Videos/Full/Combined/FX87sfrE47w.mp4,/root/autodl-tmp/data/datasets/baidupcs/CMU-MOSEI/extracted/Raw/Audio/Full/WAV_16000/FX87sfrE47w.wav,/root/autodl-tmp/data/datasets/baidupcs/CMU-MOSEI/extracted/Raw/Labels/extreme_sentiment_results.csv#6,0.00,0.00,en,high,high,high,true,true,0,0,,,neutral,/root/autodl-tmp/data/datasets/baidupcs/CMU-MOSEI/extracted/Raw/Labels/extreme_sentiment_results.csv#FX87sfrE47w/6
EAQ006693,MOSEI,unknown,MOSEI/Y6s_vuUUsJM/10,/root/autodl-tmp/data/datasets/baidupcs/CMU-MOSEI/extracted/Raw/Videos/Full/Combined/Y6s_vuUUsJM.mp4,/root/autodl-tmp/data/datasets/baidupcs/CMU-MOSEI/extracted/Raw/Audio/Full/WAV_16000/Y6s_vuUUsJM.wav,/root/autodl-tmp/data/datasets/baidupcs/CMU-MOSEI/extracted/Raw/Labels/extreme_sentiment_results.csv#10,0.00,0.00,en,high,high,high,true,true,0,1,,,positive,/root/autodl-tmp/data/datasets/baidupcs/CMU-MOSEI/extracted/Raw/Labels/extreme_sentiment_results.csv#Y6s_vuUUsJM/10
EAQ006694,MOSEI,unknown,MOSEI/wk5lFk5kFjY/3,/root/autodl-tmp/data/datasets/baidupcs/CMU-MOSEI/extracted/Raw/Videos/Full/Combined/wk5lFk5kFjY.mp4,/root/autodl-tmp/data/datasets/baidupcs/CMU-MOSEI/extracted/Raw/Audio/Full/WAV_16000/wk5lFk5kFjY.wav,/root/autodl-tmp/data/datasets/baidupcs/CMU-MOSEI/extracted/Raw/Labels/extreme_sentiment_results.csv#3,0.00,0.00,en,high,high,high,true,true,0,0,,,neutral,/root/autodl-tmp/data/datasets/baidupcs/CMU-MOSEI/extracted/Raw/Labels/extreme_sentiment_results.csv#wk5lFk5kFjY/3
EAQ006695,MOSEI,unknown,MOSEI/jqutn5ou8_0/3,/root/autodl-tmp/data/datasets/baidupcs/CMU-MOSEI/extracted/Raw/Videos/Full/Combined/jqutn5ou8_0.mp4,/root/autodl-tmp/data/datasets/baidupcs/CMU-MOSEI/extracted/Raw/Audio/Full/WAV_16000/jqutn5ou8_0.wav,/root/autodl-tmp/data/datasets/baidupcs/CMU-MOSEI/extracted/Raw/Labels/extreme_sentiment_results.csv#3,0.00,0.00,en,high,high,high,true,true,0,0,,,neutral,/root/autodl-tmp/data/datasets/baidupcs/CMU-MOSEI/extracted/Raw/Labels/extreme_sentiment_results.csv#jqutn5ou8_0/3
EAQ006696,MOSEI,unknown,MOSEI/OUjzDchhkIA/15,/root/autodl-tmp/data/datasets/baidupcs/CMU-MOSEI/extracted/Raw/Videos/Full/Combined/OUjzDchhkIA.mp4,/root/autodl-tmp/data/datasets/baidupcs/CMU-MOSEI/extracted/Raw/Audio/Full/WAV_16000/OUjzDchhkIA.wav,/root/autodl-tmp/data/datasets/baidupcs/CMU-MOSEI/extracted/Raw/Labels/extreme_sentiment_results.csv#15,0.00,0.00,en,high,high,high,true,true,0,-2,,,negative,/root/autodl-tmp/data/datasets/baidupcs/CMU-MOSEI/extracted/Raw/Labels/extreme_sentiment_results.csv#OUjzDchhkIA/15
EAQ006697,MOSEI,unknown,MOSEI/xiRUWSUrGSg/4,/root/autodl-tmp/data/datasets/baidupcs/CMU-MOSEI/extracted/Raw/Videos/Full/Combined/xiRUWSUrGSg.mp4,/root/autodl-tmp/data/datasets/baidupcs/CMU-MOSEI/extracted/Raw/Audio/Full/WAV_16000/xiRUWSUrGSg.wav,/root/autodl-tmp/data/datasets/baidupcs/CMU-MOSEI/extracted/Raw/Labels/extreme_sentiment_results.csv#4,0.00,0.00,en,high,high,high,true,true,1,0,,,neutral,/root/autodl-tmp/data/datasets/baidupcs/CMU-MOSEI/extracted/Raw/Labels/extreme_sentiment_results.csv#xiRUWSUrGSg/4
EAQ006698,MOSEI,unknown,MOSEI/FX87sfrE47w/7,/root/autodl-tmp/data/datasets/baidupcs/CMU-MOSEI/extracted/Raw/Videos/Full/Combined/FX87sfrE47w.mp4,/root/autodl-tmp/data/datasets/baidupcs/CMU-MOSEI/extracted/Raw/Audio/Full/WAV_16000/FX87sfrE47w.wav,/root/autodl-tmp/data/datasets/baidupcs/CMU-MOSEI/extracted/Raw/Labels/extreme_sentiment_results.csv#7,0.00,0.00,en,high,high,high,true,true,0,1,,,positive,/root/autodl-tmp/data/datasets/baidupcs/CMU-MOSEI/extracted/Raw/Labels/extreme_sentiment_results.csv#FX87sfrE47w/7
EAQ006699,MOSEI,unknown,MOSEI/_BXmhCPTQmA/3,/root/autodl-tmp/data/datasets/baidupcs/CMU-MOSEI/extracted/Raw/Videos/Full/Combined/_BXmhCPTQmA.mp4,/root/autodl-tmp/data/datasets/baidupcs/CMU-MOSEI/extracted/Raw/Audio/Full/WAV_16000/_BXmhCPTQmA.wav,/root/autodl-tmp/data/datasets/baidupcs/CMU-MOSEI/extracted/Raw/Labels/extreme_sentiment_results.csv#3,0.00,0.00,en,high,high,high,true,true,0,1,,,positive,/root/autodl-tmp/data/datasets/baidupcs/CMU-MOSEI/extracted/Raw/Labels/extreme_sentiment_results.csv#_BXmhCPTQmA/3
EAQ006700,MOSEI,unknown,MOSEI/Kyz32PTyP4I/1,/root/autodl-tmp/data/datasets/baidupcs/CMU-MOSEI/extracted/Raw/Videos/Full/Combined/Kyz32PTyP4I.mp4,/root/autodl-tmp/data/datasets/baidupcs/CMU-MOSEI/extracted/Raw/Audio/Full/WAV_16000/Kyz32PTyP4I.wav,/root/autodl-tmp/data/datasets/baidupcs/CMU-MOSEI/extracted/Raw/Labels/extreme_sentiment_results.csv#1,0.00,0.00,en,high,high,high,true,true,0,3,,,positive,/root/autodl-tmp/data/datasets/baidupcs/CMU-MOSEI/extracted/Raw/Labels/extreme_sentiment_results.csv#Kyz32PTyP4I/1
EAQ006701,MOSEI,unknown,MOSEI/q7BxnIM2_z0/5,/root/autodl-tmp/data/datasets/baidupcs/CMU-MOSEI/extracted/Raw/Videos/Full/Combined/q7BxnIM2_z0.mp4,/root/autodl-tmp/data/datasets/baidupcs/CMU-MOSEI/extracted/Raw/Audio/Full/WAV_16000/q7BxnIM2_z0.wav,/root/autodl-tmp/data/datasets/baidupcs/CMU-MOSEI/extracted/Raw/Labels/extreme_sentiment_results.csv#5,0.00,0.00,en,high,high,high,true,true,0,2,,,positive,/root/autodl-tmp/data/datasets/baidupcs/CMU-MOSEI/extracted/Raw/Labels/extreme_sentiment_results.csv#q7BxnIM2_z0/5
EAQ006702,MOSEI,unknown,MOSEI/TXCXFYIc3Yo/10,/root/autodl-tmp/data/datasets/baidupcs/CMU-MOSEI/extracted/Raw/Videos/Full/Combined/TXCXFYIc3Yo.mp4,/root/autodl-tmp/data/datasets/baidupcs/CMU-MOSEI/extracted/Raw/Audio/Full/WAV_16000/TXCXFYIc3Yo.wav,/root/autodl-tmp/data/datasets/baidupcs/CMU-MOSEI/extracted/Raw/Labels/extreme_sentiment_results.csv#10,0.00,0.00,en,high,high,high,true,true,0,0,,,neutral,/root/autodl-tmp/data/datasets/baidupcs/CMU-MOSEI/extracted/Raw/Labels/extreme_sentiment_results.csv#TXCXFYIc3Yo/10
EAQ006703,MOSEI,unknown,MOSEI/cfX_iuhCbRY/9,/root/autodl-tmp/data/datasets/baidupcs/CMU-MOSEI/extracted/Raw/Videos/Full/Combined/cfX_iuhCbRY.mp4,/root/autodl-tmp/data/datasets/baidupcs/CMU-MOSEI/extracted/Raw/Audio/Full/WAV_16000/cfX_iuhCbRY.wav,/root/autodl-tmp/data/datasets/baidupcs/CMU-MOSEI/extracted/Raw/Labels/extreme_sentiment_results.csv#9,0.00,0.00,en,high,high,high,true,true,0,2,,,positive,/root/autodl-tmp/data/datasets/baidupcs/CMU-MOSEI/extracted/Raw/Labels/extreme_sentiment_results.csv#cfX_iuhCbRY/9
EAQ006704,MOSEI,unknown,MOSEI/OcqJx_cRc3Y/2,/root/autodl-tmp/data/datasets/baidupcs/CMU-MOSEI/extracted/Raw/Videos/Full/Combined/OcqJx_cRc3Y.mp4,/root/autodl-tmp/data/datasets/baidupcs/CMU-MOSEI/extracted/Raw/Audio/Full/WAV_16000/OcqJx_cRc3Y.wav,/root/autodl-tmp/data/datasets/baidupcs/CMU-MOSEI/extracted/Raw/Labels/extreme_sentiment_results.csv#2,0.00,0.00,en,high,high,high,true,true,0,0,,,neutral,/root/autodl-tmp/data/datasets/baidupcs/CMU-MOSEI/extracted/Raw/Labels/extreme_sentiment_results.csv#OcqJx_cRc3Y/2
EAQ006705,MOSEI,unknown,MOSEI/bfy28AlY-TQ/3,/root/autodl-tmp/data/datasets/baidupcs/CMU-MOSEI/extracted/Raw/Videos/Full/Combined/bfy28AlY-TQ.mp4,/root/autodl-tmp/data/datasets/baidupcs/CMU-MOSEI/extracted/Raw/Audio/Full/WAV_16000/bfy28AlY-TQ.wav,/root/autodl-tmp/data/datasets/baidupcs/CMU-MOSEI/extracted/Raw/Labels/extreme_sentiment_results.csv#3,0.00,0.00,en,high,high,high,true,true,0,0,,,neutral,/root/autodl-tmp/data/datasets/baidupcs/CMU-MOSEI/extracted/Raw/Labels/extreme_sentiment_results.csv#bfy28AlY-TQ/3
EAQ006706,MOSEI,unknown,MOSEI/rFHIApgUtoI/2,/root/autodl-tmp/data/datasets/baidupcs/CMU-MOSEI/extracted/Raw/Videos/Full/Combined/rFHIApgUtoI.mp4,/root/autodl-tmp/data/datasets/baidupcs/CMU-MOSEI/extracted/Raw/Audio/Full/WAV_16000/rFHIApgUtoI.wav,/root/autodl-tmp/data/datasets/baidupcs/CMU-MOSEI/extracted/Raw/Labels/extreme_sentiment_results.csv#2,0.00,0.00,en,high,high,high,true,true,0,1,,,positive,/root/autodl-tmp/data/datasets/baidupcs/CMU-MOSEI/extracted/Raw/Labels/extreme_sentiment_results.csv#rFHIApgUtoI/2
EAQ006707,MOSEI,unknown,MOSEI/Vdf1McvE9ao/7,/root/autodl-tmp/data/datasets/baidupcs/CMU-MOSEI/extracted/Raw/Videos/Full/Combined/Vdf1McvE9ao.mp4,/root/autodl-tmp/data/datasets/baidupcs/CMU-MOSEI/extracted/Raw/Audio/Full/WAV_16000/Vdf1McvE9ao.wav,/root/autodl-tmp/data/datasets/baidupcs/CMU-MOSEI/extracted/Raw/Labels/extreme_sentiment_results.csv#7,0.00,0.00,en,high,high,high,true,true,0,0,,,neutral,/root/autodl-tmp/data/datasets/baidupcs/CMU-MOSEI/extracted/Raw/Labels/extreme_sentiment_results.csv#Vdf1McvE9ao/7
EAQ006708,MOSEI,unknown,MOSEI/JvgofTcCSEc/15,/root/autodl-tmp/data/datasets/baidupcs/CMU-MOSEI/extracted/Raw/Videos/Full/Combined/JvgofTcCSEc.mp4,/root/autodl-tmp/data/datasets/baidupcs/CMU-MOSEI/extracted/Raw/Audio/Full/WAV_16000/JvgofTcCSEc.wav,/root/autodl-tmp/data/datasets/baidupcs/CMU-MOSEI/extracted/Raw/Labels/extreme_sentiment_results.csv#15,0.00,0.00,en,high,high,high,true,true,0,1,,,positive,/root/autodl-tmp/data/datasets/baidupcs/CMU-MOSEI/extracted/Raw/Labels/extreme_sentiment_results.csv#JvgofTcCSEc/15
EAQ006709,MOSEI,unknown,MOSEI/q17gSr9kNww/2,/root/autodl-tmp/data/datasets/baidupcs/CMU-MOSEI/extracted/Raw/Videos/Full/Combined/q17gSr9kNww.mp4,/root/autodl-tmp/data/datasets/baidupcs/CMU-MOSEI/extracted/Raw/Audio/Full/WAV_16000/q17gSr9kNww.wav,/root/autodl-tmp/data/datasets/baidupcs/CMU-MOSEI/extracted/Raw/Labels/extreme_sentiment_results.csv#2,0.00,0.00,en,high,high,high,true,true,0,0,,,neutral,/root/autodl-tmp/data/datasets/baidupcs/CMU-MOSEI/extracted/Raw/Labels/extreme_sentiment_results.csv#q17gSr9kNww/2
EAQ006710,MOSEI,unknown,MOSEI/eZVcshSUD3Q/4,/root/autodl-tmp/data/datasets/baidupcs/CMU-MOSEI/extracted/Raw/Videos/Full/Combined/eZVcshSUD3Q.mp4,/root/autodl-tmp/data/datasets/baidupcs/CMU-MOSEI/extracted/Raw/Audio/Full/WAV_16000/eZVcshSUD3Q.wav,/root/autodl-tmp/data/datasets/baidupcs/CMU-MOSEI/extracted/Raw/Labels/extreme_sentiment_results.csv#4,0.00,0.00,en,high,high,high,true,true,0,0,,,neutral,/root/autodl-tmp/data/datasets/baidupcs/CMU-MOSEI/extracted/Raw/Labels/extreme_sentiment_results.csv#eZVcshSUD3Q/4
EAQ006711,MOSEI,unknown,MOSEI/kZfcQ4a0kx4/12,/root/autodl-tmp/data/datasets/baidupcs/CMU-MOSEI/extracted/Raw/Videos/Full/Combined/kZfcQ4a0kx4.mp4,/root/autodl-tmp/data/datasets/baidupcs/CMU-MOSEI/extracted/Raw/Audio/Full/WAV_16000/kZfcQ4a0kx4.wav,/root/autodl-tmp/data/datasets/baidupcs/CMU-MOSEI/extracted/Raw/Labels/extreme_sentiment_results.csv#12,0.00,0.00,en,high,high,high,true,true,0,0,,,neutral,/root/autodl-tmp/data/datasets/baidupcs/CMU-MOSEI/extracted/Raw/Labels/extreme_sentiment_results.csv#kZfcQ4a0kx4/12
EAQ006712,MOSEI,unknown,MOSEI/xyOa9ivNrg4/1,/root/autodl-tmp/data/datasets/baidupcs/CMU-MOSEI/extracted/Raw/Videos/Full/Combined/xyOa9ivNrg4.mp4,/root/autodl-tmp/data/datasets/baidupcs/CMU-MOSEI/extracted/Raw/Audio/Full/WAV_16000/xyOa9ivNrg4.wav,/root/autodl-tmp/data/datasets/baidupcs/CMU-MOSEI/extracted/Raw/Labels/extreme_sentiment_results.csv#1,0.00,0.00,en,high,high,high,true,true,0,0,,,neutral,/root/autodl-tmp/data/datasets/baidupcs/CMU-MOSEI/extracted/Raw/Labels/extreme_sentiment_results.csv#xyOa9ivNrg4/1
EAQ006713,MOSEI,unknown,MOSEI/_Vp4SDp_knI/7,/root/autodl-tmp/data/datasets/baidupcs/CMU-MOSEI/extracted/Raw/Videos/Full/Combined/_Vp4SDp_knI.mp4,/root/autodl-tmp/data/datasets/baidupcs/CMU-MOSEI/extracted/Raw/Audio/Full/WAV_16000/_Vp4SDp_knI.wav,/root/autodl-tmp/data/datasets/baidupcs/CMU-MOSEI/extracted/Raw/Labels/extreme_sentiment_results.csv#7,0.00,0.00,en,high,high,high,true,true,0,-1,,,negative,/root/autodl-tmp/data/datasets/baidupcs/CMU-MOSEI/extracted/Raw/Labels/extreme_sentiment_results.csv#_Vp4SDp_knI/7
EAQ006714,MOSEI,unknown,MOSEI/rojyUp4FPSg/8,/root/autodl-tmp/data/datasets/baidupcs/CMU-MOSEI/extracted/Raw/Videos/Full/Combined/rojyUp4FPSg.mp4,/root/autodl-tmp/data/datasets/baidupcs/CMU-MOSEI/extracted/Raw/Audio/Full/WAV_16000/rojyUp4FPSg.wav,/root/autodl-tmp/data/datasets/baidupcs/CMU-MOSEI/extracted/Raw/Labels/extreme_sentiment_results.csv#8,0.00,0.00,en,high,high,high,true,true,0,1,,,positive,/root/autodl-tmp/data/datasets/baidupcs/CMU-MOSEI/extracted/Raw/Labels/extreme_sentiment_results.csv#rojyUp4FPSg/8
EAQ006715,MOSEI,unknown,MOSEI/icehEYAiimM/2,/root/autodl-tmp/data/datasets/baidupcs/CMU-MOSEI/extracted/Raw/Videos/Full/Combined/icehEYAiimM.mp4,/root/autodl-tmp/data/datasets/baidupcs/CMU-MOSEI/extracted/Raw/Audio/Full/WAV_16000/icehEYAiimM.wav,/root/autodl-tmp/data/datasets/baidupcs/CMU-MOSEI/extracted/Raw/Labels/extreme_sentiment_results.csv#2,0.00,0.00,en,high,high,high,true,true,0,3,,,positive,/root/autodl-tmp/data/datasets/baidupcs/CMU-MOSEI/extracted/Raw/Labels/extreme_sentiment_results.csv#icehEYAiimM/2
EAQ006716,MOSEI,unknown,MOSEI/bfy28AlY-TQ/4,/root/autodl-tmp/data/datasets/baidupcs/CMU-MOSEI/extracted/Raw/Videos/Full/Combined/bfy28AlY-TQ.mp4,/root/autodl-tmp/data/datasets/baidupcs/CMU-MOSEI/extracted/Raw/Audio/Full/WAV_16000/bfy28AlY-TQ.wav,/root/autodl-tmp/data/datasets/baidupcs/CMU-MOSEI/extracted/Raw/Labels/extreme_sentiment_results.csv#4,0.00,0.00,en,high,high,high,true,true,0,2,,,positive,/root/autodl-tmp/data/datasets/baidupcs/CMU-MOSEI/extracted/Raw/Labels/extreme_sentiment_results.csv#bfy28AlY-TQ/4
EAQ006717,MOSEI,unknown,MOSEI/nISNBD3I95A/0,/root/autodl-tmp/data/datasets/baidupcs/CMU-MOSEI/extracted/Raw/Videos/Full/Combined/nISNBD3I95A.mp4,/root/autodl-tmp/data/datasets/baidupcs/CMU-MOSEI/extracted/Raw/Audio/Full/WAV_16000/nISNBD3I95A.wav,/root/autodl-tmp/data/datasets/baidupcs/CMU-MOSEI/extracted/Raw/Labels/extreme_sentiment_results.csv#0,0.00,0.00,en,high,high,high,true,true,0,0,,,neutral,/root/autodl-tmp/data/datasets/baidupcs/CMU-MOSEI/extracted/Raw/Labels/extreme_sentiment_results.csv#nISNBD3I95A/0
EAQ006718,MOSEI,unknown,MOSEI/ai7G98thPpk/5,/root/autodl-tmp/data/datasets/baidupcs/CMU-MOSEI/extracted/Raw/Videos/Full/Combined/ai7G98thPpk.mp4,/root/autodl-tmp/data/datasets/baidupcs/CMU-MOSEI/extracted/Raw/Audio/Full/WAV_16000/ai7G98thPpk.wav,/root/autodl-tmp/data/datasets/baidupcs/CMU-MOSEI/extracted/Raw/Labels/extreme_sentiment_results.csv#5,0.00,0.00,en,high,high,high,true,true,0,0,,,neutral,/root/autodl-tmp/data/datasets/baidupcs/CMU-MOSEI/extracted/Raw/Labels/extreme_sentiment_results.csv#ai7G98thPpk/5
EAQ006719,MOSEI,unknown,MOSEI/RST6PgpsLws/8,/root/autodl-tmp/data/datasets/baidupcs/CMU-MOSEI/extracted/Raw/Videos/Full/Combined/RST6PgpsLws.mp4,/root/autodl-tmp/data/datasets/baidupcs/CMU-MOSEI/extracted/Raw/Audio/Full/WAV_16000/RST6PgpsLws.wav,/root/autodl-tmp/data/datasets/baidupcs/CMU-MOSEI/extracted/Raw/Labels/extreme_sentiment_results.csv#8,0.00,0.00,en,high,high,high,true,true,0,0,,,neutral,/root/autodl-tmp/data/datasets/baidupcs/CMU-MOSEI/extracted/Raw/Labels/extreme_sentiment_results.csv#RST6PgpsLws/8
EAQ006720,MOSEI,unknown,MOSEI/Emi9cw9xa00/9,/root/autodl-tmp/data/datasets/baidupcs/CMU-MOSEI/extracted/Raw/Videos/Full/Combined/Emi9cw9xa00.mp4,/root/autodl-tmp/data/datasets/baidupcs/CMU-MOSEI/extracted/Raw/Audio/Full/WAV_16000/Emi9cw9xa00.wav,/root/autodl-tmp/data/datasets/baidupcs/CMU-MOSEI/extracted/Raw/Labels/extreme_sentiment_results.csv#9,0.00,0.00,en,high,high,high,true,true,0,-1,,,negative,/root/autodl-tmp/data/datasets/baidupcs/CMU-MOSEI/extracted/Raw/Labels/extreme_sentiment_results.csv#Emi9cw9xa00/9
EAQ006721,MOSEI,unknown,MOSEI/Sb2xMPwNKPo/5,/root/autodl-tmp/data/datasets/baidupcs/CMU-MOSEI/extracted/Raw/Videos/Full/Combined/Sb2xMPwNKPo.mp4,/root/autodl-tmp/data/datasets/baidupcs/CMU-MOSEI/extracted/Raw/Audio/Full/WAV_16000/Sb2xMPwNKPo.wav,/root/autodl-tmp/data/datasets/baidupcs/CMU-MOSEI/extracted/Raw/Labels/extreme_sentiment_results.csv#5,0.00,0.00,en,high,high,high,true,true,0,0,,,neutral,/root/autodl-tmp/data/datasets/baidupcs/CMU-MOSEI/extracted/Raw/Labels/extreme_sentiment_results.csv#Sb2xMPwNKPo/5
EAQ006722,MOSEI,unknown,MOSEI/JYsAacFmXEo/7,/root/autodl-tmp/data/datasets/baidupcs/CMU-MOSEI/extracted/Raw/Videos/Full/Combined/JYsAacFmXEo.mp4,/root/autodl-tmp/data/datasets/baidupcs/CMU-MOSEI/extracted/Raw/Audio/Full/WAV_16000/JYsAacFmXEo.wav,/root/autodl-tmp/data/datasets/baidupcs/CMU-MOSEI/extracted/Raw/Labels/extreme_sentiment_results.csv#7,0.00,0.00,en,high,high,high,true,true,0,0,,,neutral,/root/autodl-tmp/data/datasets/baidupcs/CMU-MOSEI/extracted/Raw/Labels/extreme_sentiment_results.csv#JYsAacFmXEo/7
EAQ006723,MOSEI,unknown,MOSEI/e-2QlzFeyNU/9,/root/autodl-tmp/data/datasets/baidupcs/CMU-MOSEI/extracted/Raw/Videos/Full/Combined/e-2QlzFeyNU.mp4,/root/autodl-tmp/data/datasets/baidupcs/CMU-MOSEI/extracted/Raw/Audio/Full/WAV_16000/e-2QlzFeyNU.wav,/root/autodl-tmp/data/datasets/baidupcs/CMU-MOSEI/extracted/Raw/Labels/extreme_sentiment_results.csv#9,0.00,0.00,en,high,high,high,true,true,1,0,,,neutral,/root/autodl-tmp/data/datasets/baidupcs/CMU-MOSEI/extracted/Raw/Labels/extreme_sentiment_results.csv#e-2QlzFeyNU/9
EAQ006724,MOSEI,unknown,MOSEI/LUf9vbe0TcQ/4,/root/autodl-tmp/data/datasets/baidupcs/CMU-MOSEI/extracted/Raw/Videos/Full/Combined/LUf9vbe0TcQ.mp4,/root/autodl-tmp/data/datasets/baidupcs/CMU-MOSEI/extracted/Raw/Audio/Full/WAV_16000/LUf9vbe0TcQ.wav,/root/autodl-tmp/data/datasets/baidupcs/CMU-MOSEI/extracted/Raw/Labels/extreme_sentiment_results.csv#4,0.00,0.00,en,high,high,high,true,true,0,0,,,neutral,/root/autodl-tmp/data/datasets/baidupcs/CMU-MOSEI/extracted/Raw/Labels/extreme_sentiment_results.csv#LUf9vbe0TcQ/4
EAQ006725,MOSEI,unknown,MOSEI/Bo5IDtP8_Fk/6,/root/autodl-tmp/data/datasets/baidupcs/CMU-MOSEI/extracted/Raw/Videos/Full/Combined/Bo5IDtP8_Fk.mp4,/root/autodl-tmp/data/datasets/baidupcs/CMU-MOSEI/extracted/Raw/Audio/Full/WAV_16000/Bo5IDtP8_Fk.wav,/root/autodl-tmp/data/datasets/baidupcs/CMU-MOSEI/extracted/Raw/Labels/extreme_sentiment_results.csv#6,0.00,0.00,en,high,high,high,true,true,0,0,,,neutral,/root/autodl-tmp/data/datasets/baidupcs/CMU-MOSEI/extracted/Raw/Labels/extreme_sentiment_results.csv#Bo5IDtP8_Fk/6
EAQ006726,MOSEI,unknown,MOSEI/MvFFYObY9A8/1,/root/autodl-tmp/data/datasets/baidupcs/CMU-MOSEI/extracted/Raw/Videos/Full/Combined/MvFFYObY9A8.mp4,/root/autodl-tmp/data/datasets/baidupcs/CMU-MOSEI/extracted/Raw/Audio/Full/WAV_16000/MvFFYObY9A8.wav,/root/autodl-tmp/data/datasets/baidupcs/CMU-MOSEI/extracted/Raw/Labels/extreme_sentiment_results.csv#1,0.00,0.00,en,high,high,high,true,true,0,-2,,,negative,/root/autodl-tmp/data/datasets/baidupcs/CMU-MOSEI/extracted/Raw/Labels/extreme_sentiment_results.csv#MvFFYObY9A8/1
EAQ006727,MOSEI,unknown,MOSEI/pwj9YeMJC08/14,/root/autodl-tmp/data/datasets/baidupcs/CMU-MOSEI/extracted/Raw/Videos/Full/Combined/pwj9YeMJC08.mp4,/root/autodl-tmp/data/datasets/baidupcs/CMU-MOSEI/extracted/Raw/Audio/Full/WAV_16000/pwj9YeMJC08.wav,/root/autodl-tmp/data/datasets/baidupcs/CMU-MOSEI/extracted/Raw/Labels/extreme_sentiment_results.csv#14,0.00,0.00,en,high,high,high,true,true,0,0,,,neutral,/root/autodl-tmp/data/datasets/baidupcs/CMU-MOSEI/extracted/Raw/Labels/extreme_sentiment_results.csv#pwj9YeMJC08/14
EAQ006728,MOSEI,unknown,MOSEI/jzNIU-w0MVo/19,/root/autodl-tmp/data/datasets/baidupcs/CMU-MOSEI/extracted/Raw/Videos/Full/Combined/jzNIU-w0MVo.mp4,/root/autodl-tmp/data/datasets/baidupcs/CMU-MOSEI/extracted/Raw/Audio/Full/WAV_16000/jzNIU-w0MVo.wav,/root/autodl-tmp/data/datasets/baidupcs/CMU-MOSEI/extracted/Raw/Labels/extreme_sentiment_results.csv#19,0.00,0.00,en,high,high,high,true,true,0,1,,,positive,/root/autodl-tmp/data/datasets/baidupcs/CMU-MOSEI/extracted/Raw/Labels/extreme_sentiment_results.csv#jzNIU-w0MVo/19
EAQ006729,MOSEI,unknown,MOSEI/2W-U94hXuK0/1,/root/autodl-tmp/data/datasets/baidupcs/CMU-MOSEI/extracted/Raw/Videos/Full/Combined/2W-U94hXuK0.mp4,/root/autodl-tmp/data/datasets/baidupcs/CMU-MOSEI/extracted/Raw/Audio/Full/WAV_16000/2W-U94hXuK0.wav,/root/autodl-tmp/data/datasets/baidupcs/CMU-MOSEI/extracted/Raw/Labels/extreme_sentiment_results.csv#1,0.00,0.00,en,high,high,high,true,true,0,0,,,neutral,/root/autodl-tmp/data/datasets/baidupcs/CMU-MOSEI/extracted/Raw/Labels/extreme_sentiment_results.csv#2W-U94hXuK0/1
EAQ006730,MOSEI,unknown,MOSEI/vM9AH4EqCaA/2,/root/autodl-tmp/data/datasets/baidupcs/CMU-MOSEI/extracted/Raw/Videos/Full/Combined/vM9AH4EqCaA.mp4,/root/autodl-tmp/data/datasets/baidupcs/CMU-MOSEI/extracted/Raw/Audio/Full/WAV_16000/vM9AH4EqCaA.wav,/root/autodl-tmp/data/datasets/baidupcs/CMU-MOSEI/extracted/Raw/Labels/extreme_sentiment_results.csv#2,0.00,0.00,en,high,high,high,true,true,0,1,,,positive,/root/autodl-tmp/data/datasets/baidupcs/CMU-MOSEI/extracted/Raw/Labels/extreme_sentiment_results.csv#vM9AH4EqCaA/2
EAQ006731,MOSEI,unknown,MOSEI/d38u9n5GOLM/3,/root/autodl-tmp/data/datasets/baidupcs/CMU-MOSEI/extracted/Raw/Videos/Full/Combined/d38u9n5GOLM.mp4,/root/autodl-tmp/data/datasets/baidupcs/CMU-MOSEI/extracted/Raw/Audio/Full/WAV_16000/d38u9n5GOLM.wav,/root/autodl-tmp/data/datasets/baidupcs/CMU-MOSEI/extracted/Raw/Labels/extreme_sentiment_results.csv#3,0.00,0.00,en,high,high,high,true,true,0,3,,,positive,/root/autodl-tmp/data/datasets/baidupcs/CMU-MOSEI/extracted/Raw/Labels/extreme_sentiment_results.csv#d38u9n5GOLM/3
EAQ006732,MOSEI,unknown,MOSEI/UF9OlX-QNHU/6,/root/autodl-tmp/data/datasets/baidupcs/CMU-MOSEI/extracted/Raw/Videos/Full/Combined/UF9OlX-QNHU.mp4,/root/autodl-tmp/data/datasets/baidupcs/CMU-MOSEI/extracted/Raw/Audio/Full/WAV_16000/UF9OlX-QNHU.wav,/root/autodl-tmp/data/datasets/baidupcs/CMU-MOSEI/extracted/Raw/Labels/extreme_sentiment_results.csv#6,0.00,0.00,en,high,high,high,true,true,0,2,,,positive,/root/autodl-tmp/data/datasets/baidupcs/CMU-MOSEI/extracted/Raw/Labels/extreme_sentiment_results.csv#UF9OlX-QNHU/6
EAQ006733,MOSEI,unknown,MOSEI/5JMpMKAO-Mk/7,/root/autodl-tmp/data/datasets/baidupcs/CMU-MOSEI/extracted/Raw/Videos/Full/Combined/5JMpMKAO-Mk.mp4,/root/autodl-tmp/data/datasets/baidupcs/CMU-MOSEI/extracted/Raw/Audio/Full/WAV_16000/5JMpMKAO-Mk.wav,/root/autodl-tmp/data/datasets/baidupcs/CMU-MOSEI/extracted/Raw/Labels/extreme_sentiment_results.csv#7,0.00,0.00,en,high,high,high,true,true,0,1,,,positive,/root/autodl-tmp/data/datasets/baidupcs/CMU-MOSEI/extracted/Raw/Labels/extreme_sentiment_results.csv#5JMpMKAO-Mk/7
EAQ006734,MOSEI,unknown,MOSEI/_WA0HtVEe8U/0,/root/autodl-tmp/data/datasets/baidupcs/CMU-MOSEI/extracted/Raw/Videos/Full/Combined/_WA0HtVEe8U.mp4,/root/autodl-tmp/data/datasets/baidupcs/CMU-MOSEI/extracted/Raw/Audio/Full/WAV_16000/_WA0HtVEe8U.wav,/root/autodl-tmp/data/datasets/baidupcs/CMU-MOSEI/extracted/Raw/Labels/extreme_sentiment_results.csv#0,0.00,0.00,en,high,high,high,true,true,0,0,,,neutral,/root/autodl-tmp/data/datasets/baidupcs/CMU-MOSEI/extracted/Raw/Labels/extreme_sentiment_results.csv#_WA0HtVEe8U/0
EAQ006735,MOSEI,unknown,MOSEI/DpZGnuj-BA8/2,/root/autodl-tmp/data/datasets/baidupcs/CMU-MOSEI/extracted/Raw/Videos/Full/Combined/DpZGnuj-BA8.mp4,/root/autodl-tmp/data/datasets/baidupcs/CMU-MOSEI/extracted/Raw/Audio/Full/WAV_16000/DpZGnuj-BA8.wav,/root/autodl-tmp/data/datasets/baidupcs/CMU-MOSEI/extracted/Raw/Labels/extreme_sentiment_results.csv#2,0.00,0.00,en,high,high,high,true,true,0,0,,,neutral,/root/autodl-tmp/data/datasets/baidupcs/CMU-MOSEI/extracted/Raw/Labels/extreme_sentiment_results.csv#DpZGnuj-BA8/2
EAQ006736,MOSEI,unknown,MOSEI/B1PzCwfgXyU/4,/root/autodl-tmp/data/datasets/baidupcs/CMU-MOSEI/extracted/Raw/Videos/Full/Combined/B1PzCwfgXyU.mp4,/root/autodl-tmp/data/datasets/baidupcs/CMU-MOSEI/extracted/Raw/Audio/Full/WAV_16000/B1PzCwfgXyU.wav,/root/autodl-tmp/data/datasets/baidupcs/CMU-MOSEI/extracted/Raw/Labels/extreme_sentiment_results.csv#4,0.00,0.00,en,high,high,high,true,true,3,0,,,neutral,/root/autodl-tmp/data/datasets/baidupcs/CMU-MOSEI/extracted/Raw/Labels/extreme_sentiment_results.csv#B1PzCwfgXyU/4
EAQ006737,MOSEI,unknown,MOSEI/wHQYmMZzyJY/24,/root/autodl-tmp/data/datasets/baidupcs/CMU-MOSEI/extracted/Raw/Videos/Full/Combined/wHQYmMZzyJY.mp4,/root/autodl-tmp/data/datasets/baidupcs/CMU-MOSEI/extracted/Raw/Audio/Full/WAV_16000/wHQYmMZzyJY.wav,/root/autodl-tmp/data/datasets/baidupcs/CMU-MOSEI/extracted/Raw/Labels/extreme_sentiment_results.csv#24,0.00,0.00,en,high,high,high,true,true,0,1,,,positive,/root/autodl-tmp/data/datasets/baidupcs/CMU-MOSEI/extracted/Raw/Labels/extreme_sentiment_results.csv#wHQYmMZzyJY/24
EAQ006738,MOSEI,unknown,MOSEI/-qDkUB0GgYY/8,/root/autodl-tmp/data/datasets/baidupcs/CMU-MOSEI/extracted/Raw/Videos/Full/Combined/-qDkUB0GgYY.mp4,/root/autodl-tmp/data/datasets/baidupcs/CMU-MOSEI/extracted/Raw/Audio/Full/WAV_16000/-qDkUB0GgYY.wav,/root/autodl-tmp/data/datasets/baidupcs/CMU-MOSEI/extracted/Raw/Labels/extreme_sentiment_results.csv#8,0.00,0.00,en,high,high,high,true,true,0,2,,,positive,/root/autodl-tmp/data/datasets/baidupcs/CMU-MOSEI/extracted/Raw/Labels/extreme_sentiment_results.csv#-qDkUB0GgYY/8
EAQ006739,MOSEI,unknown,MOSEI/Z-26eyME6Co/13,/root/autodl-tmp/data/datasets/baidupcs/CMU-MOSEI/extracted/Raw/Videos/Full/Combined/Z-26eyME6Co.mp4,/root/autodl-tmp/data/datasets/baidupcs/CMU-MOSEI/extracted/Raw/Audio/Full/WAV_16000/Z-26eyME6Co.wav,/root/autodl-tmp/data/datasets/baidupcs/CMU-MOSEI/extracted/Raw/Labels/extreme_sentiment_results.csv#13,0.00,0.00,en,high,high,high,true,true,0,0,,,neutral,/root/autodl-tmp/data/datasets/baidupcs/CMU-MOSEI/extracted/Raw/Labels/extreme_sentiment_results.csv#Z-26eyME6Co/13
EAQ006740,MOSEI,unknown,MOSEI/P4qxfjZlIrY/4,/root/autodl-tmp/data/datasets/baidupcs/CMU-MOSEI/extracted/Raw/Videos/Full/Combined/P4qxfjZlIrY.mp4,/root/autodl-tmp/data/datasets/baidupcs/CMU-MOSEI/extracted/Raw/Audio/Full/WAV_16000/P4qxfjZlIrY.wav,/root/autodl-tmp/data/datasets/baidupcs/CMU-MOSEI/extracted/Raw/Labels/extreme_sentiment_results.csv#4,0.00,0.00,en,high,high,high,true,true,0,1,,,positive,/root/autodl-tmp/data/datasets/baidupcs/CMU-MOSEI/extracted/Raw/Labels/extreme_sentiment_results.csv#P4qxfjZlIrY/4
EAQ006741,MOSEI,unknown,MOSEI/r13W4H8ZhqI/2,/root/autodl-tmp/data/datasets/baidupcs/CMU-MOSEI/extracted/Raw/Videos/Full/Combined/r13W4H8ZhqI.mp4,/root/autodl-tmp/data/datasets/baidupcs/CMU-MOSEI/extracted/Raw/Audio/Full/WAV_16000/r13W4H8ZhqI.wav,/root/autodl-tmp/data/datasets/baidupcs/CMU-MOSEI/extracted/Raw/Labels/extreme_sentiment_results.csv#2,0.00,0.00,en,high,high,high,true,true,0,1,,,positive,/root/autodl-tmp/data/datasets/baidupcs/CMU-MOSEI/extracted/Raw/Labels/extreme_sentiment_results.csv#r13W4H8ZhqI/2
EAQ006742,MOSEI,unknown,MOSEI/A2E78CGi5TU/18,/root/autodl-tmp/data/datasets/baidupcs/CMU-MOSEI/extracted/Raw/Videos/Full/Combined/A2E78CGi5TU.mp4,/root/autodl-tmp/data/datasets/baidupcs/CMU-MOSEI/extracted/Raw/Audio/Full/WAV_16000/A2E78CGi5TU.wav,/root/autodl-tmp/data/datasets/baidupcs/CMU-MOSEI/extracted/Raw/Labels/extreme_sentiment_results.csv#18,0.00,0.00,en,high,high,high,true,true,0,2,,,positive,/root/autodl-tmp/data/datasets/baidupcs/CMU-MOSEI/extracted/Raw/Labels/extreme_sentiment_results.csv#A2E78CGi5TU/18
EAQ006743,MOSEI,unknown,MOSEI/Uw1nWfSuyo8/6,/root/autodl-tmp/data/datasets/baidupcs/CMU-MOSEI/extracted/Raw/Videos/Full/Combined/Uw1nWfSuyo8.mp4,/root/autodl-tmp/data/datasets/baidupcs/CMU-MOSEI/extracted/Raw/Audio/Full/WAV_16000/Uw1nWfSuyo8.wav,/root/autodl-tmp/data/datasets/baidupcs/CMU-MOSEI/extracted/Raw/Labels/extreme_sentiment_results.csv#6,0.00,0.00,en,high,high,high,true,true,0,0,,,neutral,/root/autodl-tmp/data/datasets/baidupcs/CMU-MOSEI/extracted/Raw/Labels/extreme_sentiment_results.csv#Uw1nWfSuyo8/6
EAQ006744,MOSEI,unknown,MOSEI/an_GzG40hcE/13,/root/autodl-tmp/data/datasets/baidupcs/CMU-MOSEI/extracted/Raw/Videos/Full/Combined/an_GzG40hcE.mp4,/root/autodl-tmp/data/datasets/baidupcs/CMU-MOSEI/extracted/Raw/Audio/Full/WAV_16000/an_GzG40hcE.wav,/root/autodl-tmp/data/datasets/baidupcs/CMU-MOSEI/extracted/Raw/Labels/extreme_sentiment_results.csv#13,0.00,0.00,en,high,high,high,true,true,0,1,,,positive,/root/autodl-tmp/data/datasets/baidupcs/CMU-MOSEI/extracted/Raw/Labels/extreme_sentiment_results.csv#an_GzG40hcE/13
EAQ006745,MOSEI,unknown,MOSEI/gPWyANEm0eE/12,/root/autodl-tmp/data/datasets/baidupcs/CMU-MOSEI/extracted/Raw/Videos/Full/Combined/gPWyANEm0eE.mp4,/root/autodl-tmp/data/datasets/baidupcs/CMU-MOSEI/extracted/Raw/Audio/Full/WAV_16000/gPWyANEm0eE.wav,/root/autodl-tmp/data/datasets/baidupcs/CMU-MOSEI/extracted/Raw/Labels/extreme_sentiment_results.csv#12,0.00,0.00,en,high,high,high,true,true,0,3,,,positive,/root/autodl-tmp/data/datasets/baidupcs/CMU-MOSEI/extracted/Raw/Labels/extreme_sentiment_results.csv#gPWyANEm0eE/12
EAQ006746,MOSEI,unknown,MOSEI/AuPCZlKBzq8/9,/root/autodl-tmp/data/datasets/baidupcs/CMU-MOSEI/extracted/Raw/Videos/Full/Combined/AuPCZlKBzq8.mp4,/root/autodl-tmp/data/datasets/baidupcs/CMU-MOSEI/extracted/Raw/Audio/Full/WAV_16000/AuPCZlKBzq8.wav,/root/autodl-tmp/data/datasets/baidupcs/CMU-MOSEI/extracted/Raw/Labels/extreme_sentiment_results.csv#9,0.00,0.00,en,high,high,high,true,true,0,0,,,neutral,/root/autodl-tmp/data/datasets/baidupcs/CMU-MOSEI/extracted/Raw/Labels/extreme_sentiment_results.csv#AuPCZlKBzq8/9
EAQ006747,MOSEI,unknown,MOSEI/mHGaQ_nv9UY/25,/root/autodl-tmp/data/datasets/baidupcs/CMU-MOSEI/extracted/Raw/Videos/Full/Combined/mHGaQ_nv9UY.mp4,/root/autodl-tmp/data/datasets/baidupcs/CMU-MOSEI/extracted/Raw/Audio/Full/WAV_16000/mHGaQ_nv9UY.wav,/root/autodl-tmp/data/datasets/baidupcs/CMU-MOSEI/extracted/Raw/Labels/extreme_sentiment_results.csv#25,0.00,0.00,en,high,high,high,true,true,0,1,,,positive,/root/autodl-tmp/data/datasets/baidupcs/CMU-MOSEI/extracted/Raw/Labels/extreme_sentiment_results.csv#mHGaQ_nv9UY/25
EAQ006748,MOSEI,unknown,MOSEI/ZmAIDJ_gcXM/6,/root/autodl-tmp/data/datasets/baidupcs/CMU-MOSEI/extracted/Raw/Videos/Full/Combined/ZmAIDJ_gcXM.mp4,/root/autodl-tmp/data/datasets/baidupcs/CMU-MOSEI/extracted/Raw/Audio/Full/WAV_16000/ZmAIDJ_gcXM.wav,/root/autodl-tmp/data/datasets/baidupcs/CMU-MOSEI/extracted/Raw/Labels/extreme_sentiment_results.csv#6,0.00,0.00,en,high,high,high,true,true,0,0,,,neutral,/root/autodl-tmp/data/datasets/baidupcs/CMU-MOSEI/extracted/Raw/Labels/extreme_sentiment_results.csv#ZmAIDJ_gcXM/6
EAQ006749,MOSEI,unknown,MOSEI/sWsDAG6x9n0/0,/root/autodl-tmp/data/datasets/baidupcs/CMU-MOSEI/extracted/Raw/Videos/Full/Combined/sWsDAG6x9n0.mp4,/root/autodl-tmp/data/datasets/baidupcs/CMU-MOSEI/extracted/Raw/Audio/Full/WAV_16000/sWsDAG6x9n0.wav,/root/autodl-tmp/data/datasets/baidupcs/CMU-MOSEI/extracted/Raw/Labels/extreme_sentiment_results.csv#0,0.00,0.00,en,high,high,high,true,true,0,3,,,positive,/root/autodl-tmp/data/datasets/baidupcs/CMU-MOSEI/extracted/Raw/Labels/extreme_sentiment_results.csv#sWsDAG6x9n0/0
EAQ006750,MOSEI,unknown,MOSEI/yBGuxyO-ElM/9,/root/autodl-tmp/data/datasets/baidupcs/CMU-MOSEI/extracted/Raw/Videos/Full/Combined/yBGuxyO-ElM.mp4,/root/autodl-tmp/data/datasets/baidupcs/CMU-MOSEI/extracted/Raw/Audio/Full/WAV_16000/yBGuxyO-ElM.wav,/root/autodl-tmp/data/datasets/baidupcs/CMU-MOSEI/extracted/Raw/Labels/extreme_sentiment_results.csv#9,0.00,0.00,en,high,high,high,true,true,0,1,,,positive,/root/autodl-tmp/data/datasets/baidupcs/CMU-MOSEI/extracted/Raw/Labels/extreme_sentiment_results.csv#yBGuxyO-ElM/9
EAQ006751,MOSEI,unknown,MOSEI/0r8KVXUCV6c/11,/root/autodl-tmp/data/datasets/baidupcs/CMU-MOSEI/extracted/Raw/Videos/Full/Combined/0r8KVXUCV6c.mp4,/root/autodl-tmp/data/datasets/baidupcs/CMU-MOSEI/extracted/Raw/Audio/Full/WAV_16000/0r8KVXUCV6c.wav,/root/autodl-tmp/data/datasets/baidupcs/CMU-MOSEI/extracted/Raw/Labels/extreme_sentiment_results.csv#11,0.00,0.00,en,high,high,high,true,true,1,-2,,,negative,/root/autodl-tmp/data/datasets/baidupcs/CMU-MOSEI/extracted/Raw/Labels/extreme_sentiment_results.csv#0r8KVXUCV6c/11
EAQ006752,MOSEI,unknown,MOSEI/NiAjz4ciA60/6,/root/autodl-tmp/data/datasets/baidupcs/CMU-MOSEI/extracted/Raw/Videos/Full/Combined/NiAjz4ciA60.mp4,/root/autodl-tmp/data/datasets/baidupcs/CMU-MOSEI/extracted/Raw/Audio/Full/WAV_16000/NiAjz4ciA60.wav,/root/autodl-tmp/data/datasets/baidupcs/CMU-MOSEI/extracted/Raw/Labels/extreme_sentiment_results.csv#6,0.00,0.00,en,high,high,high,true,true,0,0,,,neutral,/root/autodl-tmp/data/datasets/baidupcs/CMU-MOSEI/extracted/Raw/Labels/extreme_sentiment_results.csv#NiAjz4ciA60/6
EAQ006753,MOSEI,unknown,MOSEI/C03473pYcRM/7,/root/autodl-tmp/data/datasets/baidupcs/CMU-MOSEI/extracted/Raw/Videos/Full/Combined/C03473pYcRM.mp4,/root/autodl-tmp/data/datasets/baidupcs/CMU-MOSEI/extracted/Raw/Audio/Full/WAV_16000/C03473pYcRM.wav,/root/autodl-tmp/data/datasets/baidupcs/CMU-MOSEI/extracted/Raw/Labels/extreme_sentiment_results.csv#7,0.00,0.00,en,high,high,high,true,true,0,0,,,neutral,/root/autodl-tmp/data/datasets/baidupcs/CMU-MOSEI/extracted/Raw/Labels/extreme_sentiment_results.csv#C03473pYcRM/7
EAQ006754,MOSEI,unknown,MOSEI/zrFZAofNGi4/9,/root/autodl-tmp/data/datasets/baidupcs/CMU-MOSEI/extracted/Raw/Videos/Full/Combined/zrFZAofNGi4.mp4,/root/autodl-tmp/data/datasets/baidupcs/CMU-MOSEI/extracted/Raw/Audio/Full/WAV_16000/zrFZAofNGi4.wav,/root/autodl-tmp/data/datasets/baidupcs/CMU-MOSEI/extracted/Raw/Labels/extreme_sentiment_results.csv#9,0.00,0.00,en,high,high,high,true,true,1,-3,,,negative,/root/autodl-tmp/data/datasets/baidupcs/CMU-MOSEI/extracted/Raw/Labels/extreme_sentiment_results.csv#zrFZAofNGi4/9
EAQ006755,MOSEI,unknown,MOSEI/9pzn93kdP_g/10,/root/autodl-tmp/data/datasets/baidupcs/CMU-MOSEI/extracted/Raw/Videos/Full/Combined/9pzn93kdP_g.mp4,/root/autodl-tmp/data/datasets/baidupcs/CMU-MOSEI/extracted/Raw/Audio/Full/WAV_16000/9pzn93kdP_g.wav,/root/autodl-tmp/data/datasets/baidupcs/CMU-MOSEI/extracted/Raw/Labels/extreme_sentiment_results.csv#10,0.00,0.00,en,high,high,high,true,true,0,1,,,positive,/root/autodl-tmp/data/datasets/baidupcs/CMU-MOSEI/extracted/Raw/Labels/extreme_sentiment_results.csv#9pzn93kdP_g/10
EAQ006756,MOSEI,unknown,MOSEI/NkbRuTJaj_M/15,/root/autodl-tmp/data/datasets/baidupcs/CMU-MOSEI/extracted/Raw/Videos/Full/Combined/NkbRuTJaj_M.mp4,/root/autodl-tmp/data/datasets/baidupcs/CMU-MOSEI/extracted/Raw/Audio/Full/WAV_16000/NkbRuTJaj_M.wav,/root/autodl-tmp/data/datasets/baidupcs/CMU-MOSEI/extracted/Raw/Labels/extreme_sentiment_results.csv#15,0.00,0.00,en,high,high,high,true,true,0,-1,,,negative,/root/autodl-tmp/data/datasets/baidupcs/CMU-MOSEI/extracted/Raw/Labels/extreme_sentiment_results.csv#NkbRuTJaj_M/15
EAQ006757,MOSEI,unknown,MOSEI/zqkawTdHN5s/1,/root/autodl-tmp/data/datasets/baidupcs/CMU-MOSEI/extracted/Raw/Videos/Full/Combined/zqkawTdHN5s.mp4,/root/autodl-tmp/data/datasets/baidupcs/CMU-MOSEI/extracted/Raw/Audio/Full/WAV_16000/zqkawTdHN5s.wav,/root/autodl-tmp/data/datasets/baidupcs/CMU-MOSEI/extracted/Raw/Labels/extreme_sentiment_results.csv#1,0.00,0.00,en,high,high,high,true,true,0,2,,,positive,/root/autodl-tmp/data/datasets/baidupcs/CMU-MOSEI/extracted/Raw/Labels/extreme_sentiment_results.csv#zqkawTdHN5s/1
EAQ006758,MOSEI,unknown,MOSEI/RST6PgpsLws/5,/root/autodl-tmp/data/datasets/baidupcs/CMU-MOSEI/extracted/Raw/Videos/Full/Combined/RST6PgpsLws.mp4,/root/autodl-tmp/data/datasets/baidupcs/CMU-MOSEI/extracted/Raw/Audio/Full/WAV_16000/RST6PgpsLws.wav,/root/autodl-tmp/data/datasets/baidupcs/CMU-MOSEI/extracted/Raw/Labels/extreme_sentiment_results.csv#5,0.00,0.00,en,high,high,high,true,true,0,0,,,neutral,/root/autodl-tmp/data/datasets/baidupcs/CMU-MOSEI/extracted/Raw/Labels/extreme_sentiment_results.csv#RST6PgpsLws/5
EAQ006759,MOSEI,unknown,MOSEI/34cU3HO_hEA/8,/root/autodl-tmp/data/datasets/baidupcs/CMU-MOSEI/extracted/Raw/Videos/Full/Combined/34cU3HO_hEA.mp4,/root/autodl-tmp/data/datasets/baidupcs/CMU-MOSEI/extracted/Raw/Audio/Full/WAV_16000/34cU3HO_hEA.wav,/root/autodl-tmp/data/datasets/baidupcs/CMU-MOSEI/extracted/Raw/Labels/extreme_sentiment_results.csv#8,0.00,0.00,en,high,high,high,true,true,0,1,,,positive,/root/autodl-tmp/data/datasets/baidupcs/CMU-MOSEI/extracted/Raw/Labels/extreme_sentiment_results.csv#34cU3HO_hEA/8
EAQ006760,MOSEI,unknown,MOSEI/7U_z0JfleAw/12,/root/autodl-tmp/data/datasets/baidupcs/CMU-MOSEI/extracted/Raw/Videos/Full/Combined/7U_z0JfleAw.mp4,/root/autodl-tmp/data/datasets/baidupcs/CMU-MOSEI/extracted/Raw/Audio/Full/WAV_16000/7U_z0JfleAw.wav,/root/autodl-tmp/data/datasets/baidupcs/CMU-MOSEI/extracted/Raw/Labels/extreme_sentiment_results.csv#12,0.00,0.00,en,high,high,high,true,true,2,0,,,neutral,/root/autodl-tmp/data/datasets/baidupcs/CMU-MOSEI/extracted/Raw/Labels/extreme_sentiment_results.csv#7U_z0JfleAw/12
EAQ006761,MOSEI,unknown,MOSEI/tQk-eoA7JyE/6,/root/autodl-tmp/data/datasets/baidupcs/CMU-MOSEI/extracted/Raw/Videos/Full/Combined/tQk-eoA7JyE.mp4,/root/autodl-tmp/data/datasets/baidupcs/CMU-MOSEI/extracted/Raw/Audio/Full/WAV_16000/tQk-eoA7JyE.wav,/root/autodl-tmp/data/datasets/baidupcs/CMU-MOSEI/extracted/Raw/Labels/extreme_sentiment_results.csv#6,0.00,0.00,en,high,high,high,true,true,0,-1,,,negative,/root/autodl-tmp/data/datasets/baidupcs/CMU-MOSEI/extracted/Raw/Labels/extreme_sentiment_results.csv#tQk-eoA7JyE/6
EAQ006762,MOSEI,unknown,MOSEI/TxRtSItpGMo/0,/root/autodl-tmp/data/datasets/baidupcs/CMU-MOSEI/extracted/Raw/Videos/Full/Combined/TxRtSItpGMo.mp4,/root/autodl-tmp/data/datasets/baidupcs/CMU-MOSEI/extracted/Raw/Audio/Full/WAV_16000/TxRtSItpGMo.wav,/root/autodl-tmp/data/datasets/baidupcs/CMU-MOSEI/extracted/Raw/Labels/extreme_sentiment_results.csv#0,0.00,0.00,en,high,high,high,true,true,0,1,,,positive,/root/autodl-tmp/data/datasets/baidupcs/CMU-MOSEI/extracted/Raw/Labels/extreme_sentiment_results.csv#TxRtSItpGMo/0
EAQ006763,MOSEI,unknown,MOSEI/HJTxq72GuMs/1,/root/autodl-tmp/data/datasets/baidupcs/CMU-MOSEI/extracted/Raw/Videos/Full/Combined/HJTxq72GuMs.mp4,/root/autodl-tmp/data/datasets/baidupcs/CMU-MOSEI/extracted/Raw/Audio/Full/WAV_16000/HJTxq72GuMs.wav,/root/autodl-tmp/data/datasets/baidupcs/CMU-MOSEI/extracted/Raw/Labels/extreme_sentiment_results.csv#1,0.00,0.00,en,high,high,high,true,true,0,2,,,positive,/root/autodl-tmp/data/datasets/baidupcs/CMU-MOSEI/extracted/Raw/Labels/extreme_sentiment_results.csv#HJTxq72GuMs/1
EAQ006764,MOSEI,unknown,MOSEI/werKCgZ5dFE/14,/root/autodl-tmp/data/datasets/baidupcs/CMU-MOSEI/extracted/Raw/Videos/Full/Combined/werKCgZ5dFE.mp4,/root/autodl-tmp/data/datasets/baidupcs/CMU-MOSEI/extracted/Raw/Audio/Full/WAV_16000/werKCgZ5dFE.wav,/root/autodl-tmp/data/datasets/baidupcs/CMU-MOSEI/extracted/Raw/Labels/extreme_sentiment_results.csv#14,0.00,0.00,en,high,high,high,true,true,0,-2,,,negative,/root/autodl-tmp/data/datasets/baidupcs/CMU-MOSEI/extracted/Raw/Labels/extreme_sentiment_results.csv#werKCgZ5dFE/14
EAQ006765,MOSEI,unknown,MOSEI/CE9yV4SearE/2,/root/autodl-tmp/data/datasets/baidupcs/CMU-MOSEI/extracted/Raw/Videos/Full/Combined/CE9yV4SearE.mp4,/root/autodl-tmp/data/datasets/baidupcs/CMU-MOSEI/extracted/Raw/Audio/Full/WAV_16000/CE9yV4SearE.wav,/root/autodl-tmp/data/datasets/baidupcs/CMU-MOSEI/extracted/Raw/Labels/extreme_sentiment_results.csv#2,0.00,0.00,en,high,high,high,true,true,1,-2,,,negative,/root/autodl-tmp/data/datasets/baidupcs/CMU-MOSEI/extracted/Raw/Labels/extreme_sentiment_results.csv#CE9yV4SearE/2
EAQ006766,MOSEI,unknown,MOSEI/xUz5cCA-oTo/0,/root/autodl-tmp/data/datasets/baidupcs/CMU-MOSEI/extracted/Raw/Videos/Full/Combined/xUz5cCA-oTo.mp4,/root/autodl-tmp/data/datasets/baidupcs/CMU-MOSEI/extracted/Raw/Audio/Full/WAV_16000/xUz5cCA-oTo.wav,/root/autodl-tmp/data/datasets/baidupcs/CMU-MOSEI/extracted/Raw/Labels/extreme_sentiment_results.csv#0,0.00,0.00,en,high,high,high,true,true,0,0,,,neutral,/root/autodl-tmp/data/datasets/baidupcs/CMU-MOSEI/extracted/Raw/Labels/extreme_sentiment_results.csv#xUz5cCA-oTo/0
EAQ006767,MOSEI,unknown,MOSEI/sMnbpyFqrlE/0,/root/autodl-tmp/data/datasets/baidupcs/CMU-MOSEI/extracted/Raw/Videos/Full/Combined/sMnbpyFqrlE.mp4,/root/autodl-tmp/data/datasets/baidupcs/CMU-MOSEI/extracted/Raw/Audio/Full/WAV_16000/sMnbpyFqrlE.wav,/root/autodl-tmp/data/datasets/baidupcs/CMU-MOSEI/extracted/Raw/Labels/extreme_sentiment_results.csv#0,0.00,0.00,en,high,high,high,true,true,0,1,,,positive,/root/autodl-tmp/data/datasets/baidupcs/CMU-MOSEI/extracted/Raw/Labels/extreme_sentiment_results.csv#sMnbpyFqrlE/0
EAQ006768,MOSEI,unknown,MOSEI/cWN1bibicHc/2,/root/autodl-tmp/data/datasets/baidupcs/CMU-MOSEI/extracted/Raw/Videos/Full/Combined/cWN1bibicHc.mp4,/root/autodl-tmp/data/datasets/baidupcs/CMU-MOSEI/extracted/Raw/Audio/Full/WAV_16000/cWN1bibicHc.wav,/root/autodl-tmp/data/datasets/baidupcs/CMU-MOSEI/extracted/Raw/Labels/extreme_sentiment_results.csv#2,0.00,0.00,en,high,high,high,true,true,0,-1,,,negative,/root/autodl-tmp/data/datasets/baidupcs/CMU-MOSEI/extracted/Raw/Labels/extreme_sentiment_results.csv#cWN1bibicHc/2
EAQ006769,MOSEI,unknown,MOSEI/Kep_mLLXsqk/0,/root/autodl-tmp/data/datasets/baidupcs/CMU-MOSEI/extracted/Raw/Videos/Full/Combined/Kep_mLLXsqk.mp4,/root/autodl-tmp/data/datasets/baidupcs/CMU-MOSEI/extracted/Raw/Audio/Full/WAV_16000/Kep_mLLXsqk.wav,/root/autodl-tmp/data/datasets/baidupcs/CMU-MOSEI/extracted/Raw/Labels/extreme_sentiment_results.csv#0,0.00,0.00,en,high,high,high,true,true,0,-1,,,negative,/root/autodl-tmp/data/datasets/baidupcs/CMU-MOSEI/extracted/Raw/Labels/extreme_sentiment_results.csv#Kep_mLLXsqk/0
EAQ006770,MOSEI,unknown,MOSEI/zaTyjiyrHnk/6,/root/autodl-tmp/data/datasets/baidupcs/CMU-MOSEI/extracted/Raw/Videos/Full/Combined/zaTyjiyrHnk.mp4,/root/autodl-tmp/data/datasets/baidupcs/CMU-MOSEI/extracted/Raw/Audio/Full/WAV_16000/zaTyjiyrHnk.wav,/root/autodl-tmp/data/datasets/baidupcs/CMU-MOSEI/extracted/Raw/Labels/extreme_sentiment_results.csv#6,0.00,0.00,en,high,high,high,true,true,0,2,,,positive,/root/autodl-tmp/data/datasets/baidupcs/CMU-MOSEI/extracted/Raw/Labels/extreme_sentiment_results.csv#zaTyjiyrHnk/6
EAQ006771,MOSEI,unknown,MOSEI/ggbV7YeSl7k/3,/root/autodl-tmp/data/datasets/baidupcs/CMU-MOSEI/extracted/Raw/Videos/Full/Combined/ggbV7YeSl7k.mp4,/root/autodl-tmp/data/datasets/baidupcs/CMU-MOSEI/extracted/Raw/Audio/Full/WAV_16000/ggbV7YeSl7k.wav,/root/autodl-tmp/data/datasets/baidupcs/CMU-MOSEI/extracted/Raw/Labels/extreme_sentiment_results.csv#3,0.00,0.00,en,high,high,high,true,true,0,0,,,neutral,/root/autodl-tmp/data/datasets/baidupcs/CMU-MOSEI/extracted/Raw/Labels/extreme_sentiment_results.csv#ggbV7YeSl7k/3
EAQ006772,MOSEI,unknown,MOSEI/q1_knonj0Lw/4,/root/autodl-tmp/data/datasets/baidupcs/CMU-MOSEI/extracted/Raw/Videos/Full/Combined/q1_knonj0Lw.mp4,/root/autodl-tmp/data/datasets/baidupcs/CMU-MOSEI/extracted/Raw/Audio/Full/WAV_16000/q1_knonj0Lw.wav,/root/autodl-tmp/data/datasets/baidupcs/CMU-MOSEI/extracted/Raw/Labels/extreme_sentiment_results.csv#4,0.00,0.00,en,high,high,high,true,true,0,0,,,neutral,/root/autodl-tmp/data/datasets/baidupcs/CMU-MOSEI/extracted/Raw/Labels/extreme_sentiment_results.csv#q1_knonj0Lw/4
EAQ006773,MOSEI,unknown,MOSEI/dcUlt6zk_S0/6,/root/autodl-tmp/data/datasets/baidupcs/CMU-MOSEI/extracted/Raw/Videos/Full/Combined/dcUlt6zk_S0.mp4,/root/autodl-tmp/data/datasets/baidupcs/CMU-MOSEI/extracted/Raw/Audio/Full/WAV_16000/dcUlt6zk_S0.wav,/root/autodl-tmp/data/datasets/baidupcs/CMU-MOSEI/extracted/Raw/Labels/extreme_sentiment_results.csv#6,0.00,0.00,en,high,high,high,true,true,0,2,,,positive,/root/autodl-tmp/data/datasets/baidupcs/CMU-MOSEI/extracted/Raw/Labels/extreme_sentiment_results.csv#dcUlt6zk_S0/6
EAQ006774,MOSEI,unknown,MOSEI/k1ca_xbhohk/14,/root/autodl-tmp/data/datasets/baidupcs/CMU-MOSEI/extracted/Raw/Videos/Full/Combined/k1ca_xbhohk.mp4,/root/autodl-tmp/data/datasets/baidupcs/CMU-MOSEI/extracted/Raw/Audio/Full/WAV_16000/k1ca_xbhohk.wav,/root/autodl-tmp/data/datasets/baidupcs/CMU-MOSEI/extracted/Raw/Labels/extreme_sentiment_results.csv#14,0.00,0.00,en,high,high,high,true,true,0,0,,,neutral,/root/autodl-tmp/data/datasets/baidupcs/CMU-MOSEI/extracted/Raw/Labels/extreme_sentiment_results.csv#k1ca_xbhohk/14
EAQ006775,MOSEI,unknown,MOSEI/H_x5O9GdknI/1,/root/autodl-tmp/data/datasets/baidupcs/CMU-MOSEI/extracted/Raw/Videos/Full/Combined/H_x5O9GdknI.mp4,/root/autodl-tmp/data/datasets/baidupcs/CMU-MOSEI/extracted/Raw/Audio/Full/WAV_16000/H_x5O9GdknI.wav,/root/autodl-tmp/data/datasets/baidupcs/CMU-MOSEI/extracted/Raw/Labels/extreme_sentiment_results.csv#1,0.00,0.00,en,high,high,high,true,true,2,0,,,neutral,/root/autodl-tmp/data/datasets/baidupcs/CMU-MOSEI/extracted/Raw/Labels/extreme_sentiment_results.csv#H_x5O9GdknI/1
EAQ006776,MOSEI,unknown,MOSEI/vI5JH0daNsM/2,/root/autodl-tmp/data/datasets/baidupcs/CMU-MOSEI/extracted/Raw/Videos/Full/Combined/vI5JH0daNsM.mp4,/root/autodl-tmp/data/datasets/baidupcs/CMU-MOSEI/extracted/Raw/Audio/Full/WAV_16000/vI5JH0daNsM.wav,/root/autodl-tmp/data/datasets/baidupcs/CMU-MOSEI/extracted/Raw/Labels/extreme_sentiment_results.csv#2,0.00,0.00,en,high,high,high,true,true,1,-2,,,negative,/root/autodl-tmp/data/datasets/baidupcs/CMU-MOSEI/extracted/Raw/Labels/extreme_sentiment_results.csv#vI5JH0daNsM/2
EAQ006777,MOSEI,unknown,MOSEI/3OuNMjZo5wg/3,/root/autodl-tmp/data/datasets/baidupcs/CMU-MOSEI/extracted/Raw/Videos/Full/Combined/3OuNMjZo5wg.mp4,/root/autodl-tmp/data/datasets/baidupcs/CMU-MOSEI/extracted/Raw/Audio/Full/WAV_16000/3OuNMjZo5wg.wav,/root/autodl-tmp/data/datasets/baidupcs/CMU-MOSEI/extracted/Raw/Labels/extreme_sentiment_results.csv#3,0.00,0.00,en,high,high,high,true,true,0,1,,,positive,/root/autodl-tmp/data/datasets/baidupcs/CMU-MOSEI/extracted/Raw/Labels/extreme_sentiment_results.csv#3OuNMjZo5wg/3
EAQ006778,MOSEI,unknown,MOSEI/SNBqe_JpZC4/4,/root/autodl-tmp/data/datasets/baidupcs/CMU-MOSEI/extracted/Raw/Videos/Full/Combined/SNBqe_JpZC4.mp4,/root/autodl-tmp/data/datasets/baidupcs/CMU-MOSEI/extracted/Raw/Audio/Full/WAV_16000/SNBqe_JpZC4.wav,/root/autodl-tmp/data/datasets/baidupcs/CMU-MOSEI/extracted/Raw/Labels/extreme_sentiment_results.csv#4,0.00,0.00,en,high,high,high,true,true,0,0,,,neutral,/root/autodl-tmp/data/datasets/baidupcs/CMU-MOSEI/extracted/Raw/Labels/extreme_sentiment_results.csv#SNBqe_JpZC4/4
EAQ006779,MOSEI,unknown,MOSEI/AIPqRuTjI4E/10,/root/autodl-tmp/data/datasets/baidupcs/CMU-MOSEI/extracted/Raw/Videos/Full/Combined/AIPqRuTjI4E.mp4,/root/autodl-tmp/data/datasets/baidupcs/CMU-MOSEI/extracted/Raw/Audio/Full/WAV_16000/AIPqRuTjI4E.wav,/root/autodl-tmp/data/datasets/baidupcs/CMU-MOSEI/extracted/Raw/Labels/extreme_sentiment_results.csv#10,0.00,0.00,en,high,high,high,true,true,0,0,,,neutral,/root/autodl-tmp/data/datasets/baidupcs/CMU-MOSEI/extracted/Raw/Labels/extreme_sentiment_results.csv#AIPqRuTjI4E/10
EAQ006780,MOSEI,unknown,MOSEI/gR4gM_WXesQ/3,/root/autodl-tmp/data/datasets/baidupcs/CMU-MOSEI/extracted/Raw/Videos/Full/Combined/gR4gM_WXesQ.mp4,/root/autodl-tmp/data/datasets/baidupcs/CMU-MOSEI/extracted/Raw/Audio/Full/WAV_16000/gR4gM_WXesQ.wav,/root/autodl-tmp/data/datasets/baidupcs/CMU-MOSEI/extracted/Raw/Labels/extreme_sentiment_results.csv#3,0.00,0.00,en,high,high,high,true,true,0,0,,,neutral,/root/autodl-tmp/data/datasets/baidupcs/CMU-MOSEI/extracted/Raw/Labels/extreme_sentiment_results.csv#gR4gM_WXesQ/3
EAQ006781,MOSEI,unknown,MOSEI/7l3BNtSE0xc/8,/root/autodl-tmp/data/datasets/baidupcs/CMU-MOSEI/extracted/Raw/Videos/Full/Combined/7l3BNtSE0xc.mp4,/root/autodl-tmp/data/datasets/baidupcs/CMU-MOSEI/extracted/Raw/Audio/Full/WAV_16000/7l3BNtSE0xc.wav,/root/autodl-tmp/data/datasets/baidupcs/CMU-MOSEI/extracted/Raw/Labels/extreme_sentiment_results.csv#8,0.00,0.00,en,high,high,high,true,true,0,0,,,neutral,/root/autodl-tmp/data/datasets/baidupcs/CMU-MOSEI/extracted/Raw/Labels/extreme_sentiment_results.csv#7l3BNtSE0xc/8
EAQ006782,MOSEI,unknown,MOSEI/szic2IB9HB4/5,/root/autodl-tmp/data/datasets/baidupcs/CMU-MOSEI/extracted/Raw/Videos/Full/Combined/szic2IB9HB4.mp4,/root/autodl-tmp/data/datasets/baidupcs/CMU-MOSEI/extracted/Raw/Audio/Full/WAV_16000/szic2IB9HB4.wav,/root/autodl-tmp/data/datasets/baidupcs/CMU-MOSEI/extracted/Raw/Labels/extreme_sentiment_results.csv#5,0.00,0.00,en,high,high,high,true,true,0,0,,,neutral,/root/autodl-tmp/data/datasets/baidupcs/CMU-MOSEI/extracted/Raw/Labels/extreme_sentiment_results.csv#szic2IB9HB4/5
EAQ006783,MOSEI,unknown,MOSEI/qkWdc-E6jGI/2,/root/autodl-tmp/data/datasets/baidupcs/CMU-MOSEI/extracted/Raw/Videos/Full/Combined/qkWdc-E6jGI.mp4,/root/autodl-tmp/data/datasets/baidupcs/CMU-MOSEI/extracted/Raw/Audio/Full/WAV_16000/qkWdc-E6jGI.wav,/root/autodl-tmp/data/datasets/baidupcs/CMU-MOSEI/extracted/Raw/Labels/extreme_sentiment_results.csv#2,0.00,0.00,en,high,high,high,true,true,3,0,,,neutral,/root/autodl-tmp/data/datasets/baidupcs/CMU-MOSEI/extracted/Raw/Labels/extreme_sentiment_results.csv#qkWdc-E6jGI/2
EAQ006784,MOSEI,unknown,MOSEI/jrDqduyQrfo/16,/root/autodl-tmp/data/datasets/baidupcs/CMU-MOSEI/extracted/Raw/Videos/Full/Combined/jrDqduyQrfo.mp4,/root/autodl-tmp/data/datasets/baidupcs/CMU-MOSEI/extracted/Raw/Audio/Full/WAV_16000/jrDqduyQrfo.wav,/root/autodl-tmp/data/datasets/baidupcs/CMU-MOSEI/extracted/Raw/Labels/extreme_sentiment_results.csv#16,0.00,0.00,en,high,high,high,true,true,0,2,,,positive,/root/autodl-tmp/data/datasets/baidupcs/CMU-MOSEI/extracted/Raw/Labels/extreme_sentiment_results.csv#jrDqduyQrfo/16
EAQ006785,MOSEI,unknown,MOSEI/6_ZT8beQXq8/15,/root/autodl-tmp/data/datasets/baidupcs/CMU-MOSEI/extracted/Raw/Videos/Full/Combined/6_ZT8beQXq8.mp4,/root/autodl-tmp/data/datasets/baidupcs/CMU-MOSEI/extracted/Raw/Audio/Full/WAV_16000/6_ZT8beQXq8.wav,/root/autodl-tmp/data/datasets/baidupcs/CMU-MOSEI/extracted/Raw/Labels/extreme_sentiment_results.csv#15,0.00,0.00,en,high,high,high,true,true,0,0,,,neutral,/root/autodl-tmp/data/datasets/baidupcs/CMU-MOSEI/extracted/Raw/Labels/extreme_sentiment_results.csv#6_ZT8beQXq8/15
EAQ006786,MOSEI,unknown,MOSEI/IawsOlEKRf0/5,/root/autodl-tmp/data/datasets/baidupcs/CMU-MOSEI/extracted/Raw/Videos/Full/Combined/IawsOlEKRf0.mp4,/root/autodl-tmp/data/datasets/baidupcs/CMU-MOSEI/extracted/Raw/Audio/Full/WAV_16000/IawsOlEKRf0.wav,/root/autodl-tmp/data/datasets/baidupcs/CMU-MOSEI/extracted/Raw/Labels/extreme_sentiment_results.csv#5,0.00,0.00,en,high,high,high,true,true,0,1,,,positive,/root/autodl-tmp/data/datasets/baidupcs/CMU-MOSEI/extracted/Raw/Labels/extreme_sentiment_results.csv#IawsOlEKRf0/5
EAQ006787,MOSEI,unknown,MOSEI/Wn8nz8GPKkI/7,/root/autodl-tmp/data/datasets/baidupcs/CMU-MOSEI/extracted/Raw/Videos/Full/Combined/Wn8nz8GPKkI.mp4,/root/autodl-tmp/data/datasets/baidupcs/CMU-MOSEI/extracted/Raw/Audio/Full/WAV_16000/Wn8nz8GPKkI.wav,/root/autodl-tmp/data/datasets/baidupcs/CMU-MOSEI/extracted/Raw/Labels/extreme_sentiment_results.csv#7,0.00,0.00,en,high,high,high,true,true,0,3,,,positive,/root/autodl-tmp/data/datasets/baidupcs/CMU-MOSEI/extracted/Raw/Labels/extreme_sentiment_results.csv#Wn8nz8GPKkI/7
EAQ006788,MOSEI,unknown,MOSEI/GdFP_p4eQX0/11,/root/autodl-tmp/data/datasets/baidupcs/CMU-MOSEI/extracted/Raw/Videos/Full/Combined/GdFP_p4eQX0.mp4,/root/autodl-tmp/data/datasets/baidupcs/CMU-MOSEI/extracted/Raw/Audio/Full/WAV_16000/GdFP_p4eQX0.wav,/root/autodl-tmp/data/datasets/baidupcs/CMU-MOSEI/extracted/Raw/Labels/extreme_sentiment_results.csv#11,0.00,0.00,en,high,high,high,true,true,0,0,,,neutral,/root/autodl-tmp/data/datasets/baidupcs/CMU-MOSEI/extracted/Raw/Labels/extreme_sentiment_results.csv#GdFP_p4eQX0/11
EAQ006789,MOSEI,unknown,MOSEI/N0GhVkCwrqw/8,/root/autodl-tmp/data/datasets/baidupcs/CMU-MOSEI/extracted/Raw/Videos/Full/Combined/N0GhVkCwrqw.mp4,/root/autodl-tmp/data/datasets/baidupcs/CMU-MOSEI/extracted/Raw/Audio/Full/WAV_16000/N0GhVkCwrqw.wav,/root/autodl-tmp/data/datasets/baidupcs/CMU-MOSEI/extracted/Raw/Labels/extreme_sentiment_results.csv#8,0.00,0.00,en,high,high,high,true,true,0,0,,,neutral,/root/autodl-tmp/data/datasets/baidupcs/CMU-MOSEI/extracted/Raw/Labels/extreme_sentiment_results.csv#N0GhVkCwrqw/8
EAQ006790,MOSEI,unknown,MOSEI/tnWmVXZ87h0/1,/root/autodl-tmp/data/datasets/baidupcs/CMU-MOSEI/extracted/Raw/Videos/Full/Combined/tnWmVXZ87h0.mp4,/root/autodl-tmp/data/datasets/baidupcs/CMU-MOSEI/extracted/Raw/Audio/Full/WAV_16000/tnWmVXZ87h0.wav,/root/autodl-tmp/data/datasets/baidupcs/CMU-MOSEI/extracted/Raw/Labels/extreme_sentiment_results.csv#1,0.00,0.00,en,high,high,high,true,true,0,0,,,neutral,/root/autodl-tmp/data/datasets/baidupcs/CMU-MOSEI/extracted/Raw/Labels/extreme_sentiment_results.csv#tnWmVXZ87h0/1
EAQ006791,MOSEI,unknown,MOSEI/6_ZT8beQXq8/14,/root/autodl-tmp/data/datasets/baidupcs/CMU-MOSEI/extracted/Raw/Videos/Full/Combined/6_ZT8beQXq8.mp4,/root/autodl-tmp/data/datasets/baidupcs/CMU-MOSEI/extracted/Raw/Audio/Full/WAV_16000/6_ZT8beQXq8.wav,/root/autodl-tmp/data/datasets/baidupcs/CMU-MOSEI/extracted/Raw/Labels/extreme_sentiment_results.csv#14,0.00,0.00,en,high,high,high,true,true,0,1,,,positive,/root/autodl-tmp/data/datasets/baidupcs/CMU-MOSEI/extracted/Raw/Labels/extreme_sentiment_results.csv#6_ZT8beQXq8/14
EAQ006792,MOSEI,unknown,MOSEI/mKP6TVuixWg/12,/root/autodl-tmp/data/datasets/baidupcs/CMU-MOSEI/extracted/Raw/Videos/Full/Combined/mKP6TVuixWg.mp4,/root/autodl-tmp/data/datasets/baidupcs/CMU-MOSEI/extracted/Raw/Audio/Full/WAV_16000/mKP6TVuixWg.wav,/root/autodl-tmp/data/datasets/baidupcs/CMU-MOSEI/extracted/Raw/Labels/extreme_sentiment_results.csv#12,0.00,0.00,en,high,high,high,true,true,0,1,,,positive,/root/autodl-tmp/data/datasets/baidupcs/CMU-MOSEI/extracted/Raw/Labels/extreme_sentiment_results.csv#mKP6TVuixWg/12
EAQ006793,MOSEI,unknown,MOSEI/Q7OvlYjNt9w/1,/root/autodl-tmp/data/datasets/baidupcs/CMU-MOSEI/extracted/Raw/Videos/Full/Combined/Q7OvlYjNt9w.mp4,/root/autodl-tmp/data/datasets/baidupcs/CMU-MOSEI/extracted/Raw/Audio/Full/WAV_16000/Q7OvlYjNt9w.wav,/root/autodl-tmp/data/datasets/baidupcs/CMU-MOSEI/extracted/Raw/Labels/extreme_sentiment_results.csv#1,0.00,0.00,en,high,high,high,true,true,0,0,,,neutral,/root/autodl-tmp/data/datasets/baidupcs/CMU-MOSEI/extracted/Raw/Labels/extreme_sentiment_results.csv#Q7OvlYjNt9w/1
EAQ006794,MOSEI,unknown,MOSEI/FvoZgWvc3gc/12,/root/autodl-tmp/data/datasets/baidupcs/CMU-MOSEI/extracted/Raw/Videos/Full/Combined/FvoZgWvc3gc.mp4,/root/autodl-tmp/data/datasets/baidupcs/CMU-MOSEI/extracted/Raw/Audio/Full/WAV_16000/FvoZgWvc3gc.wav,/root/autodl-tmp/data/datasets/baidupcs/CMU-MOSEI/extracted/Raw/Labels/extreme_sentiment_results.csv#12,0.00,0.00,en,high,high,high,true,true,0,2,,,positive,/root/autodl-tmp/data/datasets/baidupcs/CMU-MOSEI/extracted/Raw/Labels/extreme_sentiment_results.csv#FvoZgWvc3gc/12
EAQ006795,MOSEI,unknown,MOSEI/YcJ5RJYUr7Y/17,/root/autodl-tmp/data/datasets/baidupcs/CMU-MOSEI/extracted/Raw/Videos/Full/Combined/YcJ5RJYUr7Y.mp4,/root/autodl-tmp/data/datasets/baidupcs/CMU-MOSEI/extracted/Raw/Audio/Full/WAV_16000/YcJ5RJYUr7Y.wav,/root/autodl-tmp/data/datasets/baidupcs/CMU-MOSEI/extracted/Raw/Labels/extreme_sentiment_results.csv#17,0.00,0.00,en,high,high,high,true,true,0,1,,,positive,/root/autodl-tmp/data/datasets/baidupcs/CMU-MOSEI/extracted/Raw/Labels/extreme_sentiment_results.csv#YcJ5RJYUr7Y/17
EAQ006796,MOSEI,unknown,MOSEI/-AUZQgSxyPQ/2,/root/autodl-tmp/data/datasets/baidupcs/CMU-MOSEI/extracted/Raw/Videos/Full/Combined/-AUZQgSxyPQ.mp4,/root/autodl-tmp/data/datasets/baidupcs/CMU-MOSEI/extracted/Raw/Audio/Full/WAV_16000/-AUZQgSxyPQ.wav,/root/autodl-tmp/data/datasets/baidupcs/CMU-MOSEI/extracted/Raw/Labels/extreme_sentiment_results.csv#2,0.00,0.00,en,high,high,high,true,true,0,0,,,neutral,/root/autodl-tmp/data/datasets/baidupcs/CMU-MOSEI/extracted/Raw/Labels/extreme_sentiment_results.csv#-AUZQgSxyPQ/2
EAQ006797,MOSEI,unknown,MOSEI/iS91daVpH2E/10,/root/autodl-tmp/data/datasets/baidupcs/CMU-MOSEI/extracted/Raw/Videos/Full/Combined/iS91daVpH2E.mp4,/root/autodl-tmp/data/datasets/baidupcs/CMU-MOSEI/extracted/Raw/Audio/Full/WAV_16000/iS91daVpH2E.wav,/root/autodl-tmp/data/datasets/baidupcs/CMU-MOSEI/extracted/Raw/Labels/extreme_sentiment_results.csv#10,0.00,0.00,en,high,high,high,true,true,0,1,,,positive,/root/autodl-tmp/data/datasets/baidupcs/CMU-MOSEI/extracted/Raw/Labels/extreme_sentiment_results.csv#iS91daVpH2E/10
EAQ006798,MOSEI,unknown,MOSEI/ngp7s5Wvde0/11,/root/autodl-tmp/data/datasets/baidupcs/CMU-MOSEI/extracted/Raw/Videos/Full/Combined/ngp7s5Wvde0.mp4,/root/autodl-tmp/data/datasets/baidupcs/CMU-MOSEI/extracted/Raw/Audio/Full/WAV_16000/ngp7s5Wvde0.wav,/root/autodl-tmp/data/datasets/baidupcs/CMU-MOSEI/extracted/Raw/Labels/extreme_sentiment_results.csv#11,0.00,0.00,en,high,high,high,true,true,0,3,,,positive,/root/autodl-tmp/data/datasets/baidupcs/CMU-MOSEI/extracted/Raw/Labels/extreme_sentiment_results.csv#ngp7s5Wvde0/11
EAQ006799,MOSEI,unknown,MOSEI/HObh42PhOfw/11,/root/autodl-tmp/data/datasets/baidupcs/CMU-MOSEI/extracted/Raw/Videos/Full/Combined/HObh42PhOfw.mp4,/root/autodl-tmp/data/datasets/baidupcs/CMU-MOSEI/extracted/Raw/Audio/Full/WAV_16000/HObh42PhOfw.wav,/root/autodl-tmp/data/datasets/baidupcs/CMU-MOSEI/extracted/Raw/Labels/extreme_sentiment_results.csv#11,0.00,0.00,en,high,high,high,true,true,0,0,,,neutral,/root/autodl-tmp/data/datasets/baidupcs/CMU-MOSEI/extracted/Raw/Labels/extreme_sentiment_results.csv#HObh42PhOfw/11
EAQ006800,MOSEI,unknown,MOSEI/oyHKiX5YGDE/19,/root/autodl-tmp/data/datasets/baidupcs/CMU-MOSEI/extracted/Raw/Videos/Full/Combined/oyHKiX5YGDE.mp4,/root/autodl-tmp/data/datasets/baidupcs/CMU-MOSEI/extracted/Raw/Audio/Full/WAV_16000/oyHKiX5YGDE.wav,/root/autodl-tmp/data/datasets/baidupcs/CMU-MOSEI/extracted/Raw/Labels/extreme_sentiment_results.csv#19,0.00,0.00,en,high,high,high,true,true,0,0,,,neutral,/root/autodl-tmp/data/datasets/baidupcs/CMU-MOSEI/extracted/Raw/Labels/extreme_sentiment_results.csv#oyHKiX5YGDE/19
EAQ006801,MOSEI,unknown,MOSEI/KI2sU-mhM44/6,/root/autodl-tmp/data/datasets/baidupcs/CMU-MOSEI/extracted/Raw/Videos/Full/Combined/KI2sU-mhM44.mp4,/root/autodl-tmp/data/datasets/baidupcs/CMU-MOSEI/extracted/Raw/Audio/Full/WAV_16000/KI2sU-mhM44.wav,/root/autodl-tmp/data/datasets/baidupcs/CMU-MOSEI/extracted/Raw/Labels/extreme_sentiment_results.csv#6,0.00,0.00,en,high,high,high,true,true,0,0,,,neutral,/root/autodl-tmp/data/datasets/baidupcs/CMU-MOSEI/extracted/Raw/Labels/extreme_sentiment_results.csv#KI2sU-mhM44/6
EAQ006802,MOSEI,unknown,MOSEI/IRY4D_-mx3Q/2,/root/autodl-tmp/data/datasets/baidupcs/CMU-MOSEI/extracted/Raw/Videos/Full/Combined/IRY4D_-mx3Q.mp4,/root/autodl-tmp/data/datasets/baidupcs/CMU-MOSEI/extracted/Raw/Audio/Full/WAV_16000/IRY4D_-mx3Q.wav,/root/autodl-tmp/data/datasets/baidupcs/CMU-MOSEI/extracted/Raw/Labels/extreme_sentiment_results.csv#2,0.00,0.00,en,high,high,high,true,true,0,0,,,neutral,/root/autodl-tmp/data/datasets/baidupcs/CMU-MOSEI/extracted/Raw/Labels/extreme_sentiment_results.csv#IRY4D_-mx3Q/2
EAQ006803,MOSEI,unknown,MOSEI/Gz2qsCqWNUY/2,/root/autodl-tmp/data/datasets/baidupcs/CMU-MOSEI/extracted/Raw/Videos/Full/Combined/Gz2qsCqWNUY.mp4,/root/autodl-tmp/data/datasets/baidupcs/CMU-MOSEI/extracted/Raw/Audio/Full/WAV_16000/Gz2qsCqWNUY.wav,/root/autodl-tmp/data/datasets/baidupcs/CMU-MOSEI/extracted/Raw/Labels/extreme_sentiment_results.csv#2,0.00,0.00,en,high,high,high,true,true,0,0,,,neutral,/root/autodl-tmp/data/datasets/baidupcs/CMU-MOSEI/extracted/Raw/Labels/extreme_sentiment_results.csv#Gz2qsCqWNUY/2
EAQ006804,MOSEI,unknown,MOSEI/io85pRFj_dw/1,/root/autodl-tmp/data/datasets/baidupcs/CMU-MOSEI/extracted/Raw/Videos/Full/Combined/io85pRFj_dw.mp4,/root/autodl-tmp/data/datasets/baidupcs/CMU-MOSEI/extracted/Raw/Audio/Full/WAV_16000/io85pRFj_dw.wav,/root/autodl-tmp/data/datasets/baidupcs/CMU-MOSEI/extracted/Raw/Labels/extreme_sentiment_results.csv#1,0.00,0.00,en,high,high,high,true,true,0,1,,,positive,/root/autodl-tmp/data/datasets/baidupcs/CMU-MOSEI/extracted/Raw/Labels/extreme_sentiment_results.csv#io85pRFj_dw/1
EAQ006805,MOSEI,unknown,MOSEI/NaWmaHwjElo/13,/root/autodl-tmp/data/datasets/baidupcs/CMU-MOSEI/extracted/Raw/Videos/Full/Combined/NaWmaHwjElo.mp4,/root/autodl-tmp/data/datasets/baidupcs/CMU-MOSEI/extracted/Raw/Audio/Full/WAV_16000/NaWmaHwjElo.wav,/root/autodl-tmp/data/datasets/baidupcs/CMU-MOSEI/extracted/Raw/Labels/extreme_sentiment_results.csv#13,0.00,0.00,en,high,high,high,true,true,0,0,,,neutral,/root/autodl-tmp/data/datasets/baidupcs/CMU-MOSEI/extracted/Raw/Labels/extreme_sentiment_results.csv#NaWmaHwjElo/13
EAQ006806,MOSEI,unknown,MOSEI/0OC3wf9x3zQ/0,/root/autodl-tmp/data/datasets/baidupcs/CMU-MOSEI/extracted/Raw/Videos/Full/Combined/0OC3wf9x3zQ.mp4,/root/autodl-tmp/data/datasets/baidupcs/CMU-MOSEI/extracted/Raw/Audio/Full/WAV_16000/0OC3wf9x3zQ.wav,/root/autodl-tmp/data/datasets/baidupcs/CMU-MOSEI/extracted/Raw/Labels/extreme_sentiment_results.csv#0,0.00,0.00,en,high,high,high,true,true,0,1,,,positive,/root/autodl-tmp/data/datasets/baidupcs/CMU-MOSEI/extracted/Raw/Labels/extreme_sentiment_results.csv#0OC3wf9x3zQ/0
EAQ006807,MOSEI,unknown,MOSEI/xmLJHru6Z1M/9,/root/autodl-tmp/data/datasets/baidupcs/CMU-MOSEI/extracted/Raw/Videos/Full/Combined/xmLJHru6Z1M.mp4,/root/autodl-tmp/data/datasets/baidupcs/CMU-MOSEI/extracted/Raw/Audio/Full/WAV_16000/xmLJHru6Z1M.wav,/root/autodl-tmp/data/datasets/baidupcs/CMU-MOSEI/extracted/Raw/Labels/extreme_sentiment_results.csv#9,0.00,0.00,en,high,high,high,true,true,0,0,,,neutral,/root/autodl-tmp/data/datasets/baidupcs/CMU-MOSEI/extracted/Raw/Labels/extreme_sentiment_results.csv#xmLJHru6Z1M/9
EAQ006808,MOSEI,unknown,MOSEI/zFuRNvfC4So/4,/root/autodl-tmp/data/datasets/baidupcs/CMU-MOSEI/extracted/Raw/Videos/Full/Combined/zFuRNvfC4So.mp4,/root/autodl-tmp/data/datasets/baidupcs/CMU-MOSEI/extracted/Raw/Audio/Full/WAV_16000/zFuRNvfC4So.wav,/root/autodl-tmp/data/datasets/baidupcs/CMU-MOSEI/extracted/Raw/Labels/extreme_sentiment_results.csv#4,0.00,0.00,en,high,high,high,true,true,0,-1,,,negative,/root/autodl-tmp/data/datasets/baidupcs/CMU-MOSEI/extracted/Raw/Labels/extreme_sentiment_results.csv#zFuRNvfC4So/4
EAQ006809,MOSEI,unknown,MOSEI/QBc7X5jj8oA/4,/root/autodl-tmp/data/datasets/baidupcs/CMU-MOSEI/extracted/Raw/Videos/Full/Combined/QBc7X5jj8oA.mp4,/root/autodl-tmp/data/datasets/baidupcs/CMU-MOSEI/extracted/Raw/Audio/Full/WAV_16000/QBc7X5jj8oA.wav,/root/autodl-tmp/data/datasets/baidupcs/CMU-MOSEI/extracted/Raw/Labels/extreme_sentiment_results.csv#4,0.00,0.00,en,high,high,high,true,true,0,2,,,positive,/root/autodl-tmp/data/datasets/baidupcs/CMU-MOSEI/extracted/Raw/Labels/extreme_sentiment_results.csv#QBc7X5jj8oA/4
EAQ006810,MOSEI,unknown,MOSEI/2Wo-0trLBjU/18,/root/autodl-tmp/data/datasets/baidupcs/CMU-MOSEI/extracted/Raw/Videos/Full/Combined/2Wo-0trLBjU.mp4,/root/autodl-tmp/data/datasets/baidupcs/CMU-MOSEI/extracted/Raw/Audio/Full/WAV_16000/2Wo-0trLBjU.wav,/root/autodl-tmp/data/datasets/baidupcs/CMU-MOSEI/extracted/Raw/Labels/extreme_sentiment_results.csv#18,0.00,0.00,en,high,high,high,true,true,0,0,,,neutral,/root/autodl-tmp/data/datasets/baidupcs/CMU-MOSEI/extracted/Raw/Labels/extreme_sentiment_results.csv#2Wo-0trLBjU/18
EAQ006811,MOSEI,unknown,MOSEI/OiMkqEH5WeE/1,/root/autodl-tmp/data/datasets/baidupcs/CMU-MOSEI/extracted/Raw/Videos/Full/Combined/OiMkqEH5WeE.mp4,/root/autodl-tmp/data/datasets/baidupcs/CMU-MOSEI/extracted/Raw/Audio/Full/WAV_16000/OiMkqEH5WeE.wav,/root/autodl-tmp/data/datasets/baidupcs/CMU-MOSEI/extracted/Raw/Labels/extreme_sentiment_results.csv#1,0.00,0.00,en,high,high,high,true,true,1,0,,,neutral,/root/autodl-tmp/data/datasets/baidupcs/CMU-MOSEI/extracted/Raw/Labels/extreme_sentiment_results.csv#OiMkqEH5WeE/1
EAQ006812,MOSEI,unknown,MOSEI/86c2OkQ3_U8/3,/root/autodl-tmp/data/datasets/baidupcs/CMU-MOSEI/extracted/Raw/Videos/Full/Combined/86c2OkQ3_U8.mp4,/root/autodl-tmp/data/datasets/baidupcs/CMU-MOSEI/extracted/Raw/Audio/Full/WAV_16000/86c2OkQ3_U8.wav,/root/autodl-tmp/data/datasets/baidupcs/CMU-MOSEI/extracted/Raw/Labels/extreme_sentiment_results.csv#3,0.00,0.00,en,high,high,high,true,true,0,0,,,neutral,/root/autodl-tmp/data/datasets/baidupcs/CMU-MOSEI/extracted/Raw/Labels/extreme_sentiment_results.csv#86c2OkQ3_U8/3
EAQ006813,MOSEI,unknown,MOSEI/2c2fhh_Dsoo/0,/root/autodl-tmp/data/datasets/baidupcs/CMU-MOSEI/extracted/Raw/Videos/Full/Combined/2c2fhh_Dsoo.mp4,/root/autodl-tmp/data/datasets/baidupcs/CMU-MOSEI/extracted/Raw/Audio/Full/WAV_16000/2c2fhh_Dsoo.wav,/root/autodl-tmp/data/datasets/baidupcs/CMU-MOSEI/extracted/Raw/Labels/extreme_sentiment_results.csv#0,0.00,0.00,en,high,high,high,true,true,0,0,,,neutral,/root/autodl-tmp/data/datasets/baidupcs/CMU-MOSEI/extracted/Raw/Labels/extreme_sentiment_results.csv#2c2fhh_Dsoo/0
EAQ006814,MOSEI,unknown,MOSEI/hj1ph17-0jE/2,/root/autodl-tmp/data/datasets/baidupcs/CMU-MOSEI/extracted/Raw/Videos/Full/Combined/hj1ph17-0jE.mp4,/root/autodl-tmp/data/datasets/baidupcs/CMU-MOSEI/extracted/Raw/Audio/Full/WAV_16000/hj1ph17-0jE.wav,/root/autodl-tmp/data/datasets/baidupcs/CMU-MOSEI/extracted/Raw/Labels/extreme_sentiment_results.csv#2,0.00,0.00,en,high,high,high,true,true,0,-2,,,negative,/root/autodl-tmp/data/datasets/baidupcs/CMU-MOSEI/extracted/Raw/Labels/extreme_sentiment_results.csv#hj1ph17-0jE/2
EAQ006815,MOSEI,unknown,MOSEI/DgO5O-oDeX8/6,/root/autodl-tmp/data/datasets/baidupcs/CMU-MOSEI/extracted/Raw/Videos/Full/Combined/DgO5O-oDeX8.mp4,/root/autodl-tmp/data/datasets/baidupcs/CMU-MOSEI/extracted/Raw/Audio/Full/WAV_16000/DgO5O-oDeX8.wav,/root/autodl-tmp/data/datasets/baidupcs/CMU-MOSEI/extracted/Raw/Labels/extreme_sentiment_results.csv#6,0.00,0.00,en,high,high,high,true,true,0,0,,,neutral,/root/autodl-tmp/data/datasets/baidupcs/CMU-MOSEI/extracted/Raw/Labels/extreme_sentiment_results.csv#DgO5O-oDeX8/6
EAQ006816,MOSEI,unknown,MOSEI/-wMB_hJL-3o/4,/root/autodl-tmp/data/datasets/baidupcs/CMU-MOSEI/extracted/Raw/Videos/Full/Combined/-wMB_hJL-3o.mp4,/root/autodl-tmp/data/datasets/baidupcs/CMU-MOSEI/extracted/Raw/Audio/Full/WAV_16000/-wMB_hJL-3o.wav,/root/autodl-tmp/data/datasets/baidupcs/CMU-MOSEI/extracted/Raw/Labels/extreme_sentiment_results.csv#4,0.00,0.00,en,high,high,high,true,true,0,1,,,positive,/root/autodl-tmp/data/datasets/baidupcs/CMU-MOSEI/extracted/Raw/Labels/extreme_sentiment_results.csv#-wMB_hJL-3o/4
EAQ006817,MOSEI,unknown,MOSEI/OORklkFql3k/7,/root/autodl-tmp/data/datasets/baidupcs/CMU-MOSEI/extracted/Raw/Videos/Full/Combined/OORklkFql3k.mp4,/root/autodl-tmp/data/datasets/baidupcs/CMU-MOSEI/extracted/Raw/Audio/Full/WAV_16000/OORklkFql3k.wav,/root/autodl-tmp/data/datasets/baidupcs/CMU-MOSEI/extracted/Raw/Labels/extreme_sentiment_results.csv#7,0.00,0.00,en,high,high,high,true,true,2,0,,,neutral,/root/autodl-tmp/data/datasets/baidupcs/CMU-MOSEI/extracted/Raw/Labels/extreme_sentiment_results.csv#OORklkFql3k/7
EAQ006818,MOSEI,unknown,MOSEI/9Un1O2ypJmI/5,/root/autodl-tmp/data/datasets/baidupcs/CMU-MOSEI/extracted/Raw/Videos/Full/Combined/9Un1O2ypJmI.mp4,/root/autodl-tmp/data/datasets/baidupcs/CMU-MOSEI/extracted/Raw/Audio/Full/WAV_16000/9Un1O2ypJmI.wav,/root/autodl-tmp/data/datasets/baidupcs/CMU-MOSEI/extracted/Raw/Labels/extreme_sentiment_results.csv#5,0.00,0.00,en,high,high,high,true,true,0,2,,,positive,/root/autodl-tmp/data/datasets/baidupcs/CMU-MOSEI/extracted/Raw/Labels/extreme_sentiment_results.csv#9Un1O2ypJmI/5
EAQ006819,MOSEI,unknown,MOSEI/K_K3wpxkRc8/3,/root/autodl-tmp/data/datasets/baidupcs/CMU-MOSEI/extracted/Raw/Videos/Full/Combined/K_K3wpxkRc8.mp4,/root/autodl-tmp/data/datasets/baidupcs/CMU-MOSEI/extracted/Raw/Audio/Full/WAV_16000/K_K3wpxkRc8.wav,/root/autodl-tmp/data/datasets/baidupcs/CMU-MOSEI/extracted/Raw/Labels/extreme_sentiment_results.csv#3,0.00,0.00,en,high,high,high,true,true,0,-1,,,negative,/root/autodl-tmp/data/datasets/baidupcs/CMU-MOSEI/extracted/Raw/Labels/extreme_sentiment_results.csv#K_K3wpxkRc8/3
EAQ006820,MOSEI,unknown,MOSEI/H6ci6Myq8uI/4,/root/autodl-tmp/data/datasets/baidupcs/CMU-MOSEI/extracted/Raw/Videos/Full/Combined/H6ci6Myq8uI.mp4,/root/autodl-tmp/data/datasets/baidupcs/CMU-MOSEI/extracted/Raw/Audio/Full/WAV_16000/H6ci6Myq8uI.wav,/root/autodl-tmp/data/datasets/baidupcs/CMU-MOSEI/extracted/Raw/Labels/extreme_sentiment_results.csv#4,0.00,0.00,en,high,high,high,true,true,0,1,,,positive,/root/autodl-tmp/data/datasets/baidupcs/CMU-MOSEI/extracted/Raw/Labels/extreme_sentiment_results.csv#H6ci6Myq8uI/4
EAQ006821,MOSEI,unknown,MOSEI/UcV-bpksJi0/5,/root/autodl-tmp/data/datasets/baidupcs/CMU-MOSEI/extracted/Raw/Videos/Full/Combined/UcV-bpksJi0.mp4,/root/autodl-tmp/data/datasets/baidupcs/CMU-MOSEI/extracted/Raw/Audio/Full/WAV_16000/UcV-bpksJi0.wav,/root/autodl-tmp/data/datasets/baidupcs/CMU-MOSEI/extracted/Raw/Labels/extreme_sentiment_results.csv#5,0.00,0.00,en,high,high,high,true,true,0,0,,,neutral,/root/autodl-tmp/data/datasets/baidupcs/CMU-MOSEI/extracted/Raw/Labels/extreme_sentiment_results.csv#UcV-bpksJi0/5
EAQ006822,MOSEI,unknown,MOSEI/JvLMNXW7B10/5,/root/autodl-tmp/data/datasets/baidupcs/CMU-MOSEI/extracted/Raw/Videos/Full/Combined/JvLMNXW7B10.mp4,/root/autodl-tmp/data/datasets/baidupcs/CMU-MOSEI/extracted/Raw/Audio/Full/WAV_16000/JvLMNXW7B10.wav,/root/autodl-tmp/data/datasets/baidupcs/CMU-MOSEI/extracted/Raw/Labels/extreme_sentiment_results.csv#5,0.00,0.00,en,high,high,high,true,true,0,0,,,neutral,/root/autodl-tmp/data/datasets/baidupcs/CMU-MOSEI/extracted/Raw/Labels/extreme_sentiment_results.csv#JvLMNXW7B10/5
EAQ006823,MOSEI,unknown,MOSEI/pU-MjERGTUk/6,/root/autodl-tmp/data/datasets/baidupcs/CMU-MOSEI/extracted/Raw/Videos/Full/Combined/pU-MjERGTUk.mp4,/root/autodl-tmp/data/datasets/baidupcs/CMU-MOSEI/extracted/Raw/Audio/Full/WAV_16000/pU-MjERGTUk.wav,/root/autodl-tmp/data/datasets/baidupcs/CMU-MOSEI/extracted/Raw/Labels/extreme_sentiment_results.csv#6,0.00,0.00,en,high,high,high,true,true,0,0,,,neutral,/root/autodl-tmp/data/datasets/baidupcs/CMU-MOSEI/extracted/Raw/Labels/extreme_sentiment_results.csv#pU-MjERGTUk/6
EAQ006824,MOSEI,unknown,MOSEI/XytBlo2R5Yg/4,/root/autodl-tmp/data/datasets/baidupcs/CMU-MOSEI/extracted/Raw/Videos/Full/Combined/XytBlo2R5Yg.mp4,/root/autodl-tmp/data/datasets/baidupcs/CMU-MOSEI/extracted/Raw/Audio/Full/WAV_16000/XytBlo2R5Yg.wav,/root/autodl-tmp/data/datasets/baidupcs/CMU-MOSEI/extracted/Raw/Labels/extreme_sentiment_results.csv#4,0.00,0.00,en,high,high,high,true,true,0,2,,,positive,/root/autodl-tmp/data/datasets/baidupcs/CMU-MOSEI/extracted/Raw/Labels/extreme_sentiment_results.csv#XytBlo2R5Yg/4
EAQ006825,MOSEI,unknown,MOSEI/zU2_X9lIcUM/0,/root/autodl-tmp/data/datasets/baidupcs/CMU-MOSEI/extracted/Raw/Videos/Full/Combined/zU2_X9lIcUM.mp4,/root/autodl-tmp/data/datasets/baidupcs/CMU-MOSEI/extracted/Raw/Audio/Full/WAV_16000/zU2_X9lIcUM.wav,/root/autodl-tmp/data/datasets/baidupcs/CMU-MOSEI/extracted/Raw/Labels/extreme_sentiment_results.csv#0,0.00,0.00,en,high,high,high,true,true,0,-2,,,negative,/root/autodl-tmp/data/datasets/baidupcs/CMU-MOSEI/extracted/Raw/Labels/extreme_sentiment_results.csv#zU2_X9lIcUM/0
EAQ006826,MOSEI,unknown,MOSEI/hvfaYsv7p8E/8,/root/autodl-tmp/data/datasets/baidupcs/CMU-MOSEI/extracted/Raw/Videos/Full/Combined/hvfaYsv7p8E.mp4,/root/autodl-tmp/data/datasets/baidupcs/CMU-MOSEI/extracted/Raw/Audio/Full/WAV_16000/hvfaYsv7p8E.wav,/root/autodl-tmp/data/datasets/baidupcs/CMU-MOSEI/extracted/Raw/Labels/extreme_sentiment_results.csv#8,0.00,0.00,en,high,high,high,true,true,0,-1,,,negative,/root/autodl-tmp/data/datasets/baidupcs/CMU-MOSEI/extracted/Raw/Labels/extreme_sentiment_results.csv#hvfaYsv7p8E/8
EAQ006827,MOSEI,unknown,MOSEI/f6S2XNPIiFk/2,/root/autodl-tmp/data/datasets/baidupcs/CMU-MOSEI/extracted/Raw/Videos/Full/Combined/f6S2XNPIiFk.mp4,/root/autodl-tmp/data/datasets/baidupcs/CMU-MOSEI/extracted/Raw/Audio/Full/WAV_16000/f6S2XNPIiFk.wav,/root/autodl-tmp/data/datasets/baidupcs/CMU-MOSEI/extracted/Raw/Labels/extreme_sentiment_results.csv#2,0.00,0.00,en,high,high,high,true,true,0,1,,,positive,/root/autodl-tmp/data/datasets/baidupcs/CMU-MOSEI/extracted/Raw/Labels/extreme_sentiment_results.csv#f6S2XNPIiFk/2
EAQ006828,MOSEI,unknown,MOSEI/0PlQc98SccA/3,/root/autodl-tmp/data/datasets/baidupcs/CMU-MOSEI/extracted/Raw/Videos/Full/Combined/0PlQc98SccA.mp4,/root/autodl-tmp/data/datasets/baidupcs/CMU-MOSEI/extracted/Raw/Audio/Full/WAV_16000/0PlQc98SccA.wav,/root/autodl-tmp/data/datasets/baidupcs/CMU-MOSEI/extracted/Raw/Labels/extreme_sentiment_results.csv#3,0.00,0.00,en,high,high,high,true,true,0,0,,,neutral,/root/autodl-tmp/data/datasets/baidupcs/CMU-MOSEI/extracted/Raw/Labels/extreme_sentiment_results.csv#0PlQc98SccA/3
EAQ006829,MOSEI,unknown,MOSEI/_7HVhnSYX1Y/30,/root/autodl-tmp/data/datasets/baidupcs/CMU-MOSEI/extracted/Raw/Videos/Full/Combined/_7HVhnSYX1Y.mp4,/root/autodl-tmp/data/datasets/baidupcs/CMU-MOSEI/extracted/Raw/Audio/Full/WAV_16000/_7HVhnSYX1Y.wav,/root/autodl-tmp/data/datasets/baidupcs/CMU-MOSEI/extracted/Raw/Labels/extreme_sentiment_results.csv#30,0.00,0.00,en,high,high,high,true,true,0,0,,,neutral,/root/autodl-tmp/data/datasets/baidupcs/CMU-MOSEI/extracted/Raw/Labels/extreme_sentiment_results.csv#_7HVhnSYX1Y/30
EAQ006830,MOSEI,unknown,MOSEI/Es9MkKsMsjU/10,/root/autodl-tmp/data/datasets/baidupcs/CMU-MOSEI/extracted/Raw/Videos/Full/Combined/Es9MkKsMsjU.mp4,/root/autodl-tmp/data/datasets/baidupcs/CMU-MOSEI/extracted/Raw/Audio/Full/WAV_16000/Es9MkKsMsjU.wav,/root/autodl-tmp/data/datasets/baidupcs/CMU-MOSEI/extracted/Raw/Labels/extreme_sentiment_results.csv#10,0.00,0.00,en,high,high,high,true,true,1,-1,,,negative,/root/autodl-tmp/data/datasets/baidupcs/CMU-MOSEI/extracted/Raw/Labels/extreme_sentiment_results.csv#Es9MkKsMsjU/10
EAQ006831,MOSEI,unknown,MOSEI/gR4gM_WXesQ/28,/root/autodl-tmp/data/datasets/baidupcs/CMU-MOSEI/extracted/Raw/Videos/Full/Combined/gR4gM_WXesQ.mp4,/root/autodl-tmp/data/datasets/baidupcs/CMU-MOSEI/extracted/Raw/Audio/Full/WAV_16000/gR4gM_WXesQ.wav,/root/autodl-tmp/data/datasets/baidupcs/CMU-MOSEI/extracted/Raw/Labels/extreme_sentiment_results.csv#28,0.00,0.00,en,high,high,high,true,true,0,0,,,neutral,/root/autodl-tmp/data/datasets/baidupcs/CMU-MOSEI/extracted/Raw/Labels/extreme_sentiment_results.csv#gR4gM_WXesQ/28
EAQ006832,MOSEI,unknown,MOSEI/NzvNW7vP-Co/4,/root/autodl-tmp/data/datasets/baidupcs/CMU-MOSEI/extracted/Raw/Videos/Full/Combined/NzvNW7vP-Co.mp4,/root/autodl-tmp/data/datasets/baidupcs/CMU-MOSEI/extracted/Raw/Audio/Full/WAV_16000/NzvNW7vP-Co.wav,/root/autodl-tmp/data/datasets/baidupcs/CMU-MOSEI/extracted/Raw/Labels/extreme_sentiment_results.csv#4,0.00,0.00,en,high,high,high,true,true,0,0,,,neutral,/root/autodl-tmp/data/datasets/baidupcs/CMU-MOSEI/extracted/Raw/Labels/extreme_sentiment_results.csv#NzvNW7vP-Co/4
EAQ006833,MOSEI,unknown,MOSEI/mLW-jn67gRE/9,/root/autodl-tmp/data/datasets/baidupcs/CMU-MOSEI/extracted/Raw/Videos/Full/Combined/mLW-jn67gRE.mp4,/root/autodl-tmp/data/datasets/baidupcs/CMU-MOSEI/extracted/Raw/Audio/Full/WAV_16000/mLW-jn67gRE.wav,/root/autodl-tmp/data/datasets/baidupcs/CMU-MOSEI/extracted/Raw/Labels/extreme_sentiment_results.csv#9,0.00,0.00,en,high,high,high,true,true,0,0,,,neutral,/root/autodl-tmp/data/datasets/baidupcs/CMU-MOSEI/extracted/Raw/Labels/extreme_sentiment_results.csv#mLW-jn67gRE/9
EAQ006834,MOSEI,unknown,MOSEI/ybK5wRaaUyE/19,/root/autodl-tmp/data/datasets/baidupcs/CMU-MOSEI/extracted/Raw/Videos/Full/Combined/ybK5wRaaUyE.mp4,/root/autodl-tmp/data/datasets/baidupcs/CMU-MOSEI/extracted/Raw/Audio/Full/WAV_16000/ybK5wRaaUyE.wav,/root/autodl-tmp/data/datasets/baidupcs/CMU-MOSEI/extracted/Raw/Labels/extreme_sentiment_results.csv#19,0.00,0.00,en,high,high,high,true,true,1,-2,,,negative,/root/autodl-tmp/data/datasets/baidupcs/CMU-MOSEI/extracted/Raw/Labels/extreme_sentiment_results.csv#ybK5wRaaUyE/19
EAQ006835,MOSEI,unknown,MOSEI/yHtR71rx16I/14,/root/autodl-tmp/data/datasets/baidupcs/CMU-MOSEI/extracted/Raw/Videos/Full/Combined/yHtR71rx16I.mp4,/root/autodl-tmp/data/datasets/baidupcs/CMU-MOSEI/extracted/Raw/Audio/Full/WAV_16000/yHtR71rx16I.wav,/root/autodl-tmp/data/datasets/baidupcs/CMU-MOSEI/extracted/Raw/Labels/extreme_sentiment_results.csv#14,0.00,0.00,en,high,high,high,true,true,0,0,,,neutral,/root/autodl-tmp/data/datasets/baidupcs/CMU-MOSEI/extracted/Raw/Labels/extreme_sentiment_results.csv#yHtR71rx16I/14
EAQ006836,MOSEI,unknown,MOSEI/SwT0gh0V8fI/17,/root/autodl-tmp/data/datasets/baidupcs/CMU-MOSEI/extracted/Raw/Videos/Full/Combined/SwT0gh0V8fI.mp4,/root/autodl-tmp/data/datasets/baidupcs/CMU-MOSEI/extracted/Raw/Audio/Full/WAV_16000/SwT0gh0V8fI.wav,/root/autodl-tmp/data/datasets/baidupcs/CMU-MOSEI/extracted/Raw/Labels/extreme_sentiment_results.csv#17,0.00,0.00,en,high,high,high,true,true,0,-2,,,negative,/root/autodl-tmp/data/datasets/baidupcs/CMU-MOSEI/extracted/Raw/Labels/extreme_sentiment_results.csv#SwT0gh0V8fI/17
EAQ006837,MOSEI,unknown,MOSEI/BZOB3r5AoKE/1,/root/autodl-tmp/data/datasets/baidupcs/CMU-MOSEI/extracted/Raw/Videos/Full/Combined/BZOB3r5AoKE.mp4,/root/autodl-tmp/data/datasets/baidupcs/CMU-MOSEI/extracted/Raw/Audio/Full/WAV_16000/BZOB3r5AoKE.wav,/root/autodl-tmp/data/datasets/baidupcs/CMU-MOSEI/extracted/Raw/Labels/extreme_sentiment_results.csv#1,0.00,0.00,en,high,high,high,true,true,1,0,,,neutral,/root/autodl-tmp/data/datasets/baidupcs/CMU-MOSEI/extracted/Raw/Labels/extreme_sentiment_results.csv#BZOB3r5AoKE/1
EAQ006838,MOSEI,unknown,MOSEI/vNID-RVhWcQ/3,/root/autodl-tmp/data/datasets/baidupcs/CMU-MOSEI/extracted/Raw/Videos/Full/Combined/vNID-RVhWcQ.mp4,/root/autodl-tmp/data/datasets/baidupcs/CMU-MOSEI/extracted/Raw/Audio/Full/WAV_16000/vNID-RVhWcQ.wav,/root/autodl-tmp/data/datasets/baidupcs/CMU-MOSEI/extracted/Raw/Labels/extreme_sentiment_results.csv#3,0.00,0.00,en,high,high,high,true,true,0,2,,,positive,/root/autodl-tmp/data/datasets/baidupcs/CMU-MOSEI/extracted/Raw/Labels/extreme_sentiment_results.csv#vNID-RVhWcQ/3
EAQ006839,MOSEI,unknown,MOSEI/QDRtKv8PvFs/0,/root/autodl-tmp/data/datasets/baidupcs/CMU-MOSEI/extracted/Raw/Videos/Full/Combined/QDRtKv8PvFs.mp4,/root/autodl-tmp/data/datasets/baidupcs/CMU-MOSEI/extracted/Raw/Audio/Full/WAV_16000/QDRtKv8PvFs.wav,/root/autodl-tmp/data/datasets/baidupcs/CMU-MOSEI/extracted/Raw/Labels/extreme_sentiment_results.csv#0,0.00,0.00,en,high,high,high,true,true,0,2,,,positive,/root/autodl-tmp/data/datasets/baidupcs/CMU-MOSEI/extracted/Raw/Labels/extreme_sentiment_results.csv#QDRtKv8PvFs/0
EAQ006840,MOSEI,unknown,MOSEI/MHyW857u_X8/13,/root/autodl-tmp/data/datasets/baidupcs/CMU-MOSEI/extracted/Raw/Videos/Full/Combined/MHyW857u_X8.mp4,/root/autodl-tmp/data/datasets/baidupcs/CMU-MOSEI/extracted/Raw/Audio/Full/WAV_16000/MHyW857u_X8.wav,/root/autodl-tmp/data/datasets/baidupcs/CMU-MOSEI/extracted/Raw/Labels/extreme_sentiment_results.csv#13,0.00,0.00,en,high,high,high,true,true,0,3,,,positive,/root/autodl-tmp/data/datasets/baidupcs/CMU-MOSEI/extracted/Raw/Labels/extreme_sentiment_results.csv#MHyW857u_X8/13
EAQ006841,MOSEI,unknown,MOSEI/ZUqTWOx9jYU/5,/root/autodl-tmp/data/datasets/baidupcs/CMU-MOSEI/extracted/Raw/Videos/Full/Combined/ZUqTWOx9jYU.mp4,/root/autodl-tmp/data/datasets/baidupcs/CMU-MOSEI/extracted/Raw/Audio/Full/WAV_16000/ZUqTWOx9jYU.wav,/root/autodl-tmp/data/datasets/baidupcs/CMU-MOSEI/extracted/Raw/Labels/extreme_sentiment_results.csv#5,0.00,0.00,en,high,high,high,true,true,0,0,,,neutral,/root/autodl-tmp/data/datasets/baidupcs/CMU-MOSEI/extracted/Raw/Labels/extreme_sentiment_results.csv#ZUqTWOx9jYU/5
EAQ006842,MOSEI,unknown,MOSEI/QDRtKv8PvFs/3,/root/autodl-tmp/data/datasets/baidupcs/CMU-MOSEI/extracted/Raw/Videos/Full/Combined/QDRtKv8PvFs.mp4,/root/autodl-tmp/data/datasets/baidupcs/CMU-MOSEI/extracted/Raw/Audio/Full/WAV_16000/QDRtKv8PvFs.wav,/root/autodl-tmp/data/datasets/baidupcs/CMU-MOSEI/extracted/Raw/Labels/extreme_sentiment_results.csv#3,0.00,0.00,en,high,high,high,true,true,0,0,,,neutral,/root/autodl-tmp/data/datasets/baidupcs/CMU-MOSEI/extracted/Raw/Labels/extreme_sentiment_results.csv#QDRtKv8PvFs/3
EAQ006843,MOSEI,unknown,MOSEI/-vxjVxOeScU/7,/root/autodl-tmp/data/datasets/baidupcs/CMU-MOSEI/extracted/Raw/Videos/Full/Combined/-vxjVxOeScU.mp4,/root/autodl-tmp/data/datasets/baidupcs/CMU-MOSEI/extracted/Raw/Audio/Full/WAV_16000/-vxjVxOeScU.wav,/root/autodl-tmp/data/datasets/baidupcs/CMU-MOSEI/extracted/Raw/Labels/extreme_sentiment_results.csv#7,0.00,0.00,en,high,high,high,true,true,0,1,,,positive,/root/autodl-tmp/data/datasets/baidupcs/CMU-MOSEI/extracted/Raw/Labels/extreme_sentiment_results.csv#-vxjVxOeScU/7
EAQ006844,MOSEI,unknown,MOSEI/wR3zalLV_6c/25,/root/autodl-tmp/data/datasets/baidupcs/CMU-MOSEI/extracted/Raw/Videos/Full/Combined/wR3zalLV_6c.mp4,/root/autodl-tmp/data/datasets/baidupcs/CMU-MOSEI/extracted/Raw/Audio/Full/WAV_16000/wR3zalLV_6c.wav,/root/autodl-tmp/data/datasets/baidupcs/CMU-MOSEI/extracted/Raw/Labels/extreme_sentiment_results.csv#25,0.00,0.00,en,high,high,high,true,true,0,2,,,positive,/root/autodl-tmp/data/datasets/baidupcs/CMU-MOSEI/extracted/Raw/Labels/extreme_sentiment_results.csv#wR3zalLV_6c/25
EAQ006845,MOSEI,unknown,MOSEI/ak7N0BqMluI/1,/root/autodl-tmp/data/datasets/baidupcs/CMU-MOSEI/extracted/Raw/Videos/Full/Combined/ak7N0BqMluI.mp4,/root/autodl-tmp/data/datasets/baidupcs/CMU-MOSEI/extracted/Raw/Audio/Full/WAV_16000/ak7N0BqMluI.wav,/root/autodl-tmp/data/datasets/baidupcs/CMU-MOSEI/extracted/Raw/Labels/extreme_sentiment_results.csv#1,0.00,0.00,en,high,high,high,true,true,0,0,,,neutral,/root/autodl-tmp/data/datasets/baidupcs/CMU-MOSEI/extracted/Raw/Labels/extreme_sentiment_results.csv#ak7N0BqMluI/1
EAQ006846,MOSEI,unknown,MOSEI/OiMkqEH5WeE/6,/root/autodl-tmp/data/datasets/baidupcs/CMU-MOSEI/extracted/Raw/Videos/Full/Combined/OiMkqEH5WeE.mp4,/root/autodl-tmp/data/datasets/baidupcs/CMU-MOSEI/extracted/Raw/Audio/Full/WAV_16000/OiMkqEH5WeE.wav,/root/autodl-tmp/data/datasets/baidupcs/CMU-MOSEI/extracted/Raw/Labels/extreme_sentiment_results.csv#6,0.00,0.00,en,high,high,high,true,true,0,-1,,,negative,/root/autodl-tmp/data/datasets/baidupcs/CMU-MOSEI/extracted/Raw/Labels/extreme_sentiment_results.csv#OiMkqEH5WeE/6
EAQ006847,MOSEI,unknown,MOSEI/b1LEcg6z66g/8,/root/autodl-tmp/data/datasets/baidupcs/CMU-MOSEI/extracted/Raw/Videos/Full/Combined/b1LEcg6z66g.mp4,/root/autodl-tmp/data/datasets/baidupcs/CMU-MOSEI/extracted/Raw/Audio/Full/WAV_16000/b1LEcg6z66g.wav,/root/autodl-tmp/data/datasets/baidupcs/CMU-MOSEI/extracted/Raw/Labels/extreme_sentiment_results.csv#8,0.00,0.00,en,high,high,high,true,true,0,-1,,,negative,/root/autodl-tmp/data/datasets/baidupcs/CMU-MOSEI/extracted/Raw/Labels/extreme_sentiment_results.csv#b1LEcg6z66g/8
EAQ006848,MOSEI,unknown,MOSEI/33ueXDUn3mA/11,/root/autodl-tmp/data/datasets/baidupcs/CMU-MOSEI/extracted/Raw/Videos/Full/Combined/33ueXDUn3mA.mp4,/root/autodl-tmp/data/datasets/baidupcs/CMU-MOSEI/extracted/Raw/Audio/Full/WAV_16000/33ueXDUn3mA.wav,/root/autodl-tmp/data/datasets/baidupcs/CMU-MOSEI/extracted/Raw/Labels/extreme_sentiment_results.csv#11,0.00,0.00,en,high,high,high,true,true,0,1,,,positive,/root/autodl-tmp/data/datasets/baidupcs/CMU-MOSEI/extracted/Raw/Labels/extreme_sentiment_results.csv#33ueXDUn3mA/11
EAQ006849,MOSEI,unknown,MOSEI/PzI6yY9Y2xQ/4,/root/autodl-tmp/data/datasets/baidupcs/CMU-MOSEI/extracted/Raw/Videos/Full/Combined/PzI6yY9Y2xQ.mp4,/root/autodl-tmp/data/datasets/baidupcs/CMU-MOSEI/extracted/Raw/Audio/Full/WAV_16000/PzI6yY9Y2xQ.wav,/root/autodl-tmp/data/datasets/baidupcs/CMU-MOSEI/extracted/Raw/Labels/extreme_sentiment_results.csv#4,0.00,0.00,en,high,high,high,true,true,0,0,,,neutral,/root/autodl-tmp/data/datasets/baidupcs/CMU-MOSEI/extracted/Raw/Labels/extreme_sentiment_results.csv#PzI6yY9Y2xQ/4
EAQ006850,MOSEI,unknown,MOSEI/VhKJm_jiciU/11,/root/autodl-tmp/data/datasets/baidupcs/CMU-MOSEI/extracted/Raw/Videos/Full/Combined/VhKJm_jiciU.mp4,/root/autodl-tmp/data/datasets/baidupcs/CMU-MOSEI/extracted/Raw/Audio/Full/WAV_16000/VhKJm_jiciU.wav,/root/autodl-tmp/data/datasets/baidupcs/CMU-MOSEI/extracted/Raw/Labels/extreme_sentiment_results.csv#11,0.00,0.00,en,high,high,high,true,true,0,0,,,neutral,/root/autodl-tmp/data/datasets/baidupcs/CMU-MOSEI/extracted/Raw/Labels/extreme_sentiment_results.csv#VhKJm_jiciU/11
EAQ006851,MOSEI,unknown,MOSEI/FHlzZ2VxuGQ/1,/root/autodl-tmp/data/datasets/baidupcs/CMU-MOSEI/extracted/Raw/Videos/Full/Combined/FHlzZ2VxuGQ.mp4,/root/autodl-tmp/data/datasets/baidupcs/CMU-MOSEI/extracted/Raw/Audio/Full/WAV_16000/FHlzZ2VxuGQ.wav,/root/autodl-tmp/data/datasets/baidupcs/CMU-MOSEI/extracted/Raw/Labels/extreme_sentiment_results.csv#1,0.00,0.00,en,high,high,high,true,true,0,-2,,,negative,/root/autodl-tmp/data/datasets/baidupcs/CMU-MOSEI/extracted/Raw/Labels/extreme_sentiment_results.csv#FHlzZ2VxuGQ/1
EAQ006852,MOSEI,unknown,MOSEI/ULtBuI6nMaY/7,/root/autodl-tmp/data/datasets/baidupcs/CMU-MOSEI/extracted/Raw/Videos/Full/Combined/ULtBuI6nMaY.mp4,/root/autodl-tmp/data/datasets/baidupcs/CMU-MOSEI/extracted/Raw/Audio/Full/WAV_16000/ULtBuI6nMaY.wav,/root/autodl-tmp/data/datasets/baidupcs/CMU-MOSEI/extracted/Raw/Labels/extreme_sentiment_results.csv#7,0.00,0.00,en,high,high,high,true,true,0,2,,,positive,/root/autodl-tmp/data/datasets/baidupcs/CMU-MOSEI/extracted/Raw/Labels/extreme_sentiment_results.csv#ULtBuI6nMaY/7
EAQ006853,MOSEI,unknown,MOSEI/d1CDP6sMuLA/19,/root/autodl-tmp/data/datasets/baidupcs/CMU-MOSEI/extracted/Raw/Videos/Full/Combined/d1CDP6sMuLA.mp4,/root/autodl-tmp/data/datasets/baidupcs/CMU-MOSEI/extracted/Raw/Audio/Full/WAV_16000/d1CDP6sMuLA.wav,/root/autodl-tmp/data/datasets/baidupcs/CMU-MOSEI/extracted/Raw/Labels/extreme_sentiment_results.csv#19,0.00,0.00,en,high,high,high,true,true,0,3,,,positive,/root/autodl-tmp/data/datasets/baidupcs/CMU-MOSEI/extracted/Raw/Labels/extreme_sentiment_results.csv#d1CDP6sMuLA/19
EAQ006854,MOSEI,unknown,MOSEI/8Cp8c-eQELQ/15,/root/autodl-tmp/data/datasets/baidupcs/CMU-MOSEI/extracted/Raw/Videos/Full/Combined/8Cp8c-eQELQ.mp4,/root/autodl-tmp/data/datasets/baidupcs/CMU-MOSEI/extracted/Raw/Audio/Full/WAV_16000/8Cp8c-eQELQ.wav,/root/autodl-tmp/data/datasets/baidupcs/CMU-MOSEI/extracted/Raw/Labels/extreme_sentiment_results.csv#15,0.00,0.00,en,high,high,high,true,true,0,0,,,neutral,/root/autodl-tmp/data/datasets/baidupcs/CMU-MOSEI/extracted/Raw/Labels/extreme_sentiment_results.csv#8Cp8c-eQELQ/15
EAQ006855,MOSEI,unknown,MOSEI/uXYAfpQUYVE/20,/root/autodl-tmp/data/datasets/baidupcs/CMU-MOSEI/extracted/Raw/Videos/Full/Combined/uXYAfpQUYVE.mp4,/root/autodl-tmp/data/datasets/baidupcs/CMU-MOSEI/extracted/Raw/Audio/Full/WAV_16000/uXYAfpQUYVE.wav,/root/autodl-tmp/data/datasets/baidupcs/CMU-MOSEI/extracted/Raw/Labels/extreme_sentiment_results.csv#20,0.00,0.00,en,high,high,high,true,true,1,-1,,,negative,/root/autodl-tmp/data/datasets/baidupcs/CMU-MOSEI/extracted/Raw/Labels/extreme_sentiment_results.csv#uXYAfpQUYVE/20
EAQ006856,MOSEI,unknown,MOSEI/ABSC1JNdpTw/9,/root/autodl-tmp/data/datasets/baidupcs/CMU-MOSEI/extracted/Raw/Videos/Full/Combined/ABSC1JNdpTw.mp4,/root/autodl-tmp/data/datasets/baidupcs/CMU-MOSEI/extracted/Raw/Audio/Full/WAV_16000/ABSC1JNdpTw.wav,/root/autodl-tmp/data/datasets/baidupcs/CMU-MOSEI/extracted/Raw/Labels/extreme_sentiment_results.csv#9,0.00,0.00,en,high,high,high,true,true,0,0,,,neutral,/root/autodl-tmp/data/datasets/baidupcs/CMU-MOSEI/extracted/Raw/Labels/extreme_sentiment_results.csv#ABSC1JNdpTw/9
EAQ006857,MOSEI,unknown,MOSEI/-6rXp3zJ3kc/3,/root/autodl-tmp/data/datasets/baidupcs/CMU-MOSEI/extracted/Raw/Videos/Full/Combined/-6rXp3zJ3kc.mp4,/root/autodl-tmp/data/datasets/baidupcs/CMU-MOSEI/extracted/Raw/Audio/Full/WAV_16000/-6rXp3zJ3kc.wav,/root/autodl-tmp/data/datasets/baidupcs/CMU-MOSEI/extracted/Raw/Labels/extreme_sentiment_results.csv#3,0.00,0.00,en,high,high,high,true,true,1,0,,,neutral,/root/autodl-tmp/data/datasets/baidupcs/CMU-MOSEI/extracted/Raw/Labels/extreme_sentiment_results.csv#-6rXp3zJ3kc/3
EAQ006858,MOSEI,unknown,MOSEI/-t217m2on-s/2,/root/autodl-tmp/data/datasets/baidupcs/CMU-MOSEI/extracted/Raw/Videos/Full/Combined/-t217m2on-s.mp4,/root/autodl-tmp/data/datasets/baidupcs/CMU-MOSEI/extracted/Raw/Audio/Full/WAV_16000/-t217m2on-s.wav,/root/autodl-tmp/data/datasets/baidupcs/CMU-MOSEI/extracted/Raw/Labels/extreme_sentiment_results.csv#2,0.00,0.00,en,high,high,high,true,true,0,2,,,positive,/root/autodl-tmp/data/datasets/baidupcs/CMU-MOSEI/extracted/Raw/Labels/extreme_sentiment_results.csv#-t217m2on-s/2
EAQ006859,MOSEI,unknown,MOSEI/qmMSumMloAs/3,/root/autodl-tmp/data/datasets/baidupcs/CMU-MOSEI/extracted/Raw/Videos/Full/Combined/qmMSumMloAs.mp4,/root/autodl-tmp/data/datasets/baidupcs/CMU-MOSEI/extracted/Raw/Audio/Full/WAV_16000/qmMSumMloAs.wav,/root/autodl-tmp/data/datasets/baidupcs/CMU-MOSEI/extracted/Raw/Labels/extreme_sentiment_results.csv#3,0.00,0.00,en,high,high,high,true,true,0,1,,,positive,/root/autodl-tmp/data/datasets/baidupcs/CMU-MOSEI/extracted/Raw/Labels/extreme_sentiment_results.csv#qmMSumMloAs/3
EAQ006860,MOSEI,unknown,MOSEI/iUXqlrui25c/10,/root/autodl-tmp/data/datasets/baidupcs/CMU-MOSEI/extracted/Raw/Videos/Full/Combined/iUXqlrui25c.mp4,/root/autodl-tmp/data/datasets/baidupcs/CMU-MOSEI/extracted/Raw/Audio/Full/WAV_16000/iUXqlrui25c.wav,/root/autodl-tmp/data/datasets/baidupcs/CMU-MOSEI/extracted/Raw/Labels/extreme_sentiment_results.csv#10,0.00,0.00,en,high,high,high,true,true,0,-1,,,negative,/root/autodl-tmp/data/datasets/baidupcs/CMU-MOSEI/extracted/Raw/Labels/extreme_sentiment_results.csv#iUXqlrui25c/10
EAQ006861,MOSEI,unknown,MOSEI/rwNlqh0k1j4/11,/root/autodl-tmp/data/datasets/baidupcs/CMU-MOSEI/extracted/Raw/Videos/Full/Combined/rwNlqh0k1j4.mp4,/root/autodl-tmp/data/datasets/baidupcs/CMU-MOSEI/extracted/Raw/Audio/Full/WAV_16000/rwNlqh0k1j4.wav,/root/autodl-tmp/data/datasets/baidupcs/CMU-MOSEI/extracted/Raw/Labels/extreme_sentiment_results.csv#11,0.00,0.00,en,high,high,high,true,true,0,0,,,neutral,/root/autodl-tmp/data/datasets/baidupcs/CMU-MOSEI/extracted/Raw/Labels/extreme_sentiment_results.csv#rwNlqh0k1j4/11
EAQ006862,MOSEI,unknown,MOSEI/wlrb0HyIs-Q/0,/root/autodl-tmp/data/datasets/baidupcs/CMU-MOSEI/extracted/Raw/Videos/Full/Combined/wlrb0HyIs-Q.mp4,/root/autodl-tmp/data/datasets/baidupcs/CMU-MOSEI/extracted/Raw/Audio/Full/WAV_16000/wlrb0HyIs-Q.wav,/root/autodl-tmp/data/datasets/baidupcs/CMU-MOSEI/extracted/Raw/Labels/extreme_sentiment_results.csv#0,0.00,0.00,en,high,high,high,true,true,0,0,,,neutral,/root/autodl-tmp/data/datasets/baidupcs/CMU-MOSEI/extracted/Raw/Labels/extreme_sentiment_results.csv#wlrb0HyIs-Q/0
EAQ006863,MOSEI,unknown,MOSEI/76sN4tvbPGk/8,/root/autodl-tmp/data/datasets/baidupcs/CMU-MOSEI/extracted/Raw/Videos/Full/Combined/76sN4tvbPGk.mp4,/root/autodl-tmp/data/datasets/baidupcs/CMU-MOSEI/extracted/Raw/Audio/Full/WAV_16000/76sN4tvbPGk.wav,/root/autodl-tmp/data/datasets/baidupcs/CMU-MOSEI/extracted/Raw/Labels/extreme_sentiment_results.csv#8,0.00,0.00,en,high,high,high,true,true,0,0,,,neutral,/root/autodl-tmp/data/datasets/baidupcs/CMU-MOSEI/extracted/Raw/Labels/extreme_sentiment_results.csv#76sN4tvbPGk/8
EAQ006864,MOSEI,unknown,MOSEI/BAi3ZJo5Vwg/2,/root/autodl-tmp/data/datasets/baidupcs/CMU-MOSEI/extracted/Raw/Videos/Full/Combined/BAi3ZJo5Vwg.mp4,/root/autodl-tmp/data/datasets/baidupcs/CMU-MOSEI/extracted/Raw/Audio/Full/WAV_16000/BAi3ZJo5Vwg.wav,/root/autodl-tmp/data/datasets/baidupcs/CMU-MOSEI/extracted/Raw/Labels/extreme_sentiment_results.csv#2,0.00,0.00,en,high,high,high,true,true,0,-1,,,negative,/root/autodl-tmp/data/datasets/baidupcs/CMU-MOSEI/extracted/Raw/Labels/extreme_sentiment_results.csv#BAi3ZJo5Vwg/2
EAQ006865,MOSEI,unknown,MOSEI/f6S2XNPIiFk/1,/root/autodl-tmp/data/datasets/baidupcs/CMU-MOSEI/extracted/Raw/Videos/Full/Combined/f6S2XNPIiFk.mp4,/root/autodl-tmp/data/datasets/baidupcs/CMU-MOSEI/extracted/Raw/Audio/Full/WAV_16000/f6S2XNPIiFk.wav,/root/autodl-tmp/data/datasets/baidupcs/CMU-MOSEI/extracted/Raw/Labels/extreme_sentiment_results.csv#1,0.00,0.00,en,high,high,high,true,true,0,3,,,positive,/root/autodl-tmp/data/datasets/baidupcs/CMU-MOSEI/extracted/Raw/Labels/extreme_sentiment_results.csv#f6S2XNPIiFk/1
EAQ006866,MOSEI,unknown,MOSEI/Zb7bdrjWyEY/3,/root/autodl-tmp/data/datasets/baidupcs/CMU-MOSEI/extracted/Raw/Videos/Full/Combined/Zb7bdrjWyEY.mp4,/root/autodl-tmp/data/datasets/baidupcs/CMU-MOSEI/extracted/Raw/Audio/Full/WAV_16000/Zb7bdrjWyEY.wav,/root/autodl-tmp/data/datasets/baidupcs/CMU-MOSEI/extracted/Raw/Labels/extreme_sentiment_results.csv#3,0.00,0.00,en,high,high,high,true,true,2,-3,,,negative,/root/autodl-tmp/data/datasets/baidupcs/CMU-MOSEI/extracted/Raw/Labels/extreme_sentiment_results.csv#Zb7bdrjWyEY/3
EAQ006867,MOSEI,unknown,MOSEI/ULtBuI6nMaY/3,/root/autodl-tmp/data/datasets/baidupcs/CMU-MOSEI/extracted/Raw/Videos/Full/Combined/ULtBuI6nMaY.mp4,/root/autodl-tmp/data/datasets/baidupcs/CMU-MOSEI/extracted/Raw/Audio/Full/WAV_16000/ULtBuI6nMaY.wav,/root/autodl-tmp/data/datasets/baidupcs/CMU-MOSEI/extracted/Raw/Labels/extreme_sentiment_results.csv#3,0.00,0.00,en,high,high,high,true,true,0,-1,,,negative,/root/autodl-tmp/data/datasets/baidupcs/CMU-MOSEI/extracted/Raw/Labels/extreme_sentiment_results.csv#ULtBuI6nMaY/3
EAQ006868,MOSEI,unknown,MOSEI/27ubp7CLLKQ/12,/root/autodl-tmp/data/datasets/baidupcs/CMU-MOSEI/extracted/Raw/Videos/Full/Combined/27ubp7CLLKQ.mp4,/root/autodl-tmp/data/datasets/baidupcs/CMU-MOSEI/extracted/Raw/Audio/Full/WAV_16000/27ubp7CLLKQ.wav,/root/autodl-tmp/data/datasets/baidupcs/CMU-MOSEI/extracted/Raw/Labels/extreme_sentiment_results.csv#12,0.00,0.00,en,high,high,high,true,true,0,2,,,positive,/root/autodl-tmp/data/datasets/baidupcs/CMU-MOSEI/extracted/Raw/Labels/extreme_sentiment_results.csv#27ubp7CLLKQ/12
EAQ006869,MOSEI,unknown,MOSEI/vC9oWzTU71s/2,/root/autodl-tmp/data/datasets/baidupcs/CMU-MOSEI/extracted/Raw/Videos/Full/Combined/vC9oWzTU71s.mp4,/root/autodl-tmp/data/datasets/baidupcs/CMU-MOSEI/extracted/Raw/Audio/Full/WAV_16000/vC9oWzTU71s.wav,/root/autodl-tmp/data/datasets/baidupcs/CMU-MOSEI/extracted/Raw/Labels/extreme_sentiment_results.csv#2,0.00,0.00,en,high,high,high,true,true,0,1,,,positive,/root/autodl-tmp/data/datasets/baidupcs/CMU-MOSEI/extracted/Raw/Labels/extreme_sentiment_results.csv#vC9oWzTU71s/2
EAQ006870,MOSEI,unknown,MOSEI/2vsgDSlJ9pU/12,/root/autodl-tmp/data/datasets/baidupcs/CMU-MOSEI/extracted/Raw/Videos/Full/Combined/2vsgDSlJ9pU.mp4,/root/autodl-tmp/data/datasets/baidupcs/CMU-MOSEI/extracted/Raw/Audio/Full/WAV_16000/2vsgDSlJ9pU.wav,/root/autodl-tmp/data/datasets/baidupcs/CMU-MOSEI/extracted/Raw/Labels/extreme_sentiment_results.csv#12,0.00,0.00,en,high,high,high,true,true,0,1,,,positive,/root/autodl-tmp/data/datasets/baidupcs/CMU-MOSEI/extracted/Raw/Labels/extreme_sentiment_results.csv#2vsgDSlJ9pU/12
EAQ006871,MOSEI,unknown,MOSEI/o8OZGBDPD8M/12,/root/autodl-tmp/data/datasets/baidupcs/CMU-MOSEI/extracted/Raw/Videos/Full/Combined/o8OZGBDPD8M.mp4,/root/autodl-tmp/data/datasets/baidupcs/CMU-MOSEI/extracted/Raw/Audio/Full/WAV_16000/o8OZGBDPD8M.wav,/root/autodl-tmp/data/datasets/baidupcs/CMU-MOSEI/extracted/Raw/Labels/extreme_sentiment_results.csv#12,0.00,0.00,en,high,high,high,true,true,0,3,,,positive,/root/autodl-tmp/data/datasets/baidupcs/CMU-MOSEI/extracted/Raw/Labels/extreme_sentiment_results.csv#o8OZGBDPD8M/12
EAQ006872,MOSEI,unknown,MOSEI/Vlas-mPydcg/11,/root/autodl-tmp/data/datasets/baidupcs/CMU-MOSEI/extracted/Raw/Videos/Full/Combined/Vlas-mPydcg.mp4,/root/autodl-tmp/data/datasets/baidupcs/CMU-MOSEI/extracted/Raw/Audio/Full/WAV_16000/Vlas-mPydcg.wav,/root/autodl-tmp/data/datasets/baidupcs/CMU-MOSEI/extracted/Raw/Labels/extreme_sentiment_results.csv#11,0.00,0.00,en,high,high,high,true,true,0,1,,,positive,/root/autodl-tmp/data/datasets/baidupcs/CMU-MOSEI/extracted/Raw/Labels/extreme_sentiment_results.csv#Vlas-mPydcg/11
EAQ006873,MOSEI,unknown,MOSEI/3w9I5SBhHNc/9,/root/autodl-tmp/data/datasets/baidupcs/CMU-MOSEI/extracted/Raw/Videos/Full/Combined/3w9I5SBhHNc.mp4,/root/autodl-tmp/data/datasets/baidupcs/CMU-MOSEI/extracted/Raw/Audio/Full/WAV_16000/3w9I5SBhHNc.wav,/root/autodl-tmp/data/datasets/baidupcs/CMU-MOSEI/extracted/Raw/Labels/extreme_sentiment_results.csv#9,0.00,0.00,en,high,high,high,true,true,0,0,,,neutral,/root/autodl-tmp/data/datasets/baidupcs/CMU-MOSEI/extracted/Raw/Labels/extreme_sentiment_results.csv#3w9I5SBhHNc/9
EAQ006874,MOSEI,unknown,MOSEI/HK0U0bIN-cw/29,/root/autodl-tmp/data/datasets/baidupcs/CMU-MOSEI/extracted/Raw/Videos/Full/Combined/HK0U0bIN-cw.mp4,/root/autodl-tmp/data/datasets/baidupcs/CMU-MOSEI/extracted/Raw/Audio/Full/WAV_16000/HK0U0bIN-cw.wav,/root/autodl-tmp/data/datasets/baidupcs/CMU-MOSEI/extracted/Raw/Labels/extreme_sentiment_results.csv#29,0.00,0.00,en,high,high,high,true,true,0,0,,,neutral,/root/autodl-tmp/data/datasets/baidupcs/CMU-MOSEI/extracted/Raw/Labels/extreme_sentiment_results.csv#HK0U0bIN-cw/29
EAQ006875,MOSEI,unknown,MOSEI/kM6wo2bb3nw/4,/root/autodl-tmp/data/datasets/baidupcs/CMU-MOSEI/extracted/Raw/Videos/Full/Combined/kM6wo2bb3nw.mp4,/root/autodl-tmp/data/datasets/baidupcs/CMU-MOSEI/extracted/Raw/Audio/Full/WAV_16000/kM6wo2bb3nw.wav,/root/autodl-tmp/data/datasets/baidupcs/CMU-MOSEI/extracted/Raw/Labels/extreme_sentiment_results.csv#4,0.00,0.00,en,high,high,high,true,true,0,0,,,neutral,/root/autodl-tmp/data/datasets/baidupcs/CMU-MOSEI/extracted/Raw/Labels/extreme_sentiment_results.csv#kM6wo2bb3nw/4
EAQ006876,MOSEI,unknown,MOSEI/f_ZJ7L14oYQ/11,/root/autodl-tmp/data/datasets/baidupcs/CMU-MOSEI/extracted/Raw/Videos/Full/Combined/f_ZJ7L14oYQ.mp4,/root/autodl-tmp/data/datasets/baidupcs/CMU-MOSEI/extracted/Raw/Audio/Full/WAV_16000/f_ZJ7L14oYQ.wav,/root/autodl-tmp/data/datasets/baidupcs/CMU-MOSEI/extracted/Raw/Labels/extreme_sentiment_results.csv#11,0.00,0.00,en,high,high,high,true,true,0,1,,,positive,/root/autodl-tmp/data/datasets/baidupcs/CMU-MOSEI/extracted/Raw/Labels/extreme_sentiment_results.csv#f_ZJ7L14oYQ/11
EAQ006877,MOSEI,unknown,MOSEI/d38u9n5GOLM/4,/root/autodl-tmp/data/datasets/baidupcs/CMU-MOSEI/extracted/Raw/Videos/Full/Combined/d38u9n5GOLM.mp4,/root/autodl-tmp/data/datasets/baidupcs/CMU-MOSEI/extracted/Raw/Audio/Full/WAV_16000/d38u9n5GOLM.wav,/root/autodl-tmp/data/datasets/baidupcs/CMU-MOSEI/extracted/Raw/Labels/extreme_sentiment_results.csv#4,0.00,0.00,en,high,high,high,true,true,0,3,,,positive,/root/autodl-tmp/data/datasets/baidupcs/CMU-MOSEI/extracted/Raw/Labels/extreme_sentiment_results.csv#d38u9n5GOLM/4
EAQ006878,MOSEI,unknown,MOSEI/GMjQUrlMa50/6,/root/autodl-tmp/data/datasets/baidupcs/CMU-MOSEI/extracted/Raw/Videos/Full/Combined/GMjQUrlMa50.mp4,/root/autodl-tmp/data/datasets/baidupcs/CMU-MOSEI/extracted/Raw/Audio/Full/WAV_16000/GMjQUrlMa50.wav,/root/autodl-tmp/data/datasets/baidupcs/CMU-MOSEI/extracted/Raw/Labels/extreme_sentiment_results.csv#6,0.00,0.00,en,high,high,high,true,true,0,-1,,,negative,/root/autodl-tmp/data/datasets/baidupcs/CMU-MOSEI/extracted/Raw/Labels/extreme_sentiment_results.csv#GMjQUrlMa50/6
EAQ006879,MOSEI,unknown,MOSEI/27ubp7CLLKQ/9,/root/autodl-tmp/data/datasets/baidupcs/CMU-MOSEI/extracted/Raw/Videos/Full/Combined/27ubp7CLLKQ.mp4,/root/autodl-tmp/data/datasets/baidupcs/CMU-MOSEI/extracted/Raw/Audio/Full/WAV_16000/27ubp7CLLKQ.wav,/root/autodl-tmp/data/datasets/baidupcs/CMU-MOSEI/extracted/Raw/Labels/extreme_sentiment_results.csv#9,0.00,0.00,en,high,high,high,true,true,0,2,,,positive,/root/autodl-tmp/data/datasets/baidupcs/CMU-MOSEI/extracted/Raw/Labels/extreme_sentiment_results.csv#27ubp7CLLKQ/9
EAQ006880,MOSEI,unknown,MOSEI/KSyX-lejDcc/5,/root/autodl-tmp/data/datasets/baidupcs/CMU-MOSEI/extracted/Raw/Videos/Full/Combined/KSyX-lejDcc.mp4,/root/autodl-tmp/data/datasets/baidupcs/CMU-MOSEI/extracted/Raw/Audio/Full/WAV_16000/KSyX-lejDcc.wav,/root/autodl-tmp/data/datasets/baidupcs/CMU-MOSEI/extracted/Raw/Labels/extreme_sentiment_results.csv#5,0.00,0.00,en,high,high,high,true,true,0,1,,,positive,/root/autodl-tmp/data/datasets/baidupcs/CMU-MOSEI/extracted/Raw/Labels/extreme_sentiment_results.csv#KSyX-lejDcc/5
EAQ006881,MOSEI,unknown,MOSEI/7IxmlIwqigw/31,/root/autodl-tmp/data/datasets/baidupcs/CMU-MOSEI/extracted/Raw/Videos/Full/Combined/7IxmlIwqigw.mp4,/root/autodl-tmp/data/datasets/baidupcs/CMU-MOSEI/extracted/Raw/Audio/Full/WAV_16000/7IxmlIwqigw.wav,/root/autodl-tmp/data/datasets/baidupcs/CMU-MOSEI/extracted/Raw/Labels/extreme_sentiment_results.csv#31,0.00,0.00,en,high,high,high,true,true,0,2,,,positive,/root/autodl-tmp/data/datasets/baidupcs/CMU-MOSEI/extracted/Raw/Labels/extreme_sentiment_results.csv#7IxmlIwqigw/31
EAQ006882,MOSEI,unknown,MOSEI/kPch8YhNfPE/6,/root/autodl-tmp/data/datasets/baidupcs/CMU-MOSEI/extracted/Raw/Videos/Full/Combined/kPch8YhNfPE.mp4,/root/autodl-tmp/data/datasets/baidupcs/CMU-MOSEI/extracted/Raw/Audio/Full/WAV_16000/kPch8YhNfPE.wav,/root/autodl-tmp/data/datasets/baidupcs/CMU-MOSEI/extracted/Raw/Labels/extreme_sentiment_results.csv#6,0.00,0.00,en,high,high,high,true,true,0,2,,,positive,/root/autodl-tmp/data/datasets/baidupcs/CMU-MOSEI/extracted/Raw/Labels/extreme_sentiment_results.csv#kPch8YhNfPE/6
EAQ006883,MOSEI,unknown,MOSEI/WZVfvgTeFPo/16,/root/autodl-tmp/data/datasets/baidupcs/CMU-MOSEI/extracted/Raw/Videos/Full/Combined/WZVfvgTeFPo.mp4,/root/autodl-tmp/data/datasets/baidupcs/CMU-MOSEI/extracted/Raw/Audio/Full/WAV_16000/WZVfvgTeFPo.wav,/root/autodl-tmp/data/datasets/baidupcs/CMU-MOSEI/extracted/Raw/Labels/extreme_sentiment_results.csv#16,0.00,0.00,en,high,high,high,true,true,0,0,,,neutral,/root/autodl-tmp/data/datasets/baidupcs/CMU-MOSEI/extracted/Raw/Labels/extreme_sentiment_results.csv#WZVfvgTeFPo/16
EAQ006884,MOSEI,unknown,MOSEI/YWxvIFmYnNU/37,/root/autodl-tmp/data/datasets/baidupcs/CMU-MOSEI/extracted/Raw/Videos/Full/Combined/YWxvIFmYnNU.mp4,/root/autodl-tmp/data/datasets/baidupcs/CMU-MOSEI/extracted/Raw/Audio/Full/WAV_16000/YWxvIFmYnNU.wav,/root/autodl-tmp/data/datasets/baidupcs/CMU-MOSEI/extracted/Raw/Labels/extreme_sentiment_results.csv#37,0.00,0.00,en,high,high,high,true,true,0,0,,,neutral,/root/autodl-tmp/data/datasets/baidupcs/CMU-MOSEI/extracted/Raw/Labels/extreme_sentiment_results.csv#YWxvIFmYnNU/37
EAQ006885,MOSEI,unknown,MOSEI/e7_2U4lm6TE/38,/root/autodl-tmp/data/datasets/baidupcs/CMU-MOSEI/extracted/Raw/Videos/Full/Combined/e7_2U4lm6TE.mp4,/root/autodl-tmp/data/datasets/baidupcs/CMU-MOSEI/extracted/Raw/Audio/Full/WAV_16000/e7_2U4lm6TE.wav,/root/autodl-tmp/data/datasets/baidupcs/CMU-MOSEI/extracted/Raw/Labels/extreme_sentiment_results.csv#38,0.00,0.00,en,high,high,high,true,true,0,-1,,,negative,/root/autodl-tmp/data/datasets/baidupcs/CMU-MOSEI/extracted/Raw/Labels/extreme_sentiment_results.csv#e7_2U4lm6TE/38
EAQ006886,MOSEI,unknown,MOSEI/RqOgkJbqFXg/1,/root/autodl-tmp/data/datasets/baidupcs/CMU-MOSEI/extracted/Raw/Videos/Full/Combined/RqOgkJbqFXg.mp4,/root/autodl-tmp/data/datasets/baidupcs/CMU-MOSEI/extracted/Raw/Audio/Full/WAV_16000/RqOgkJbqFXg.wav,/root/autodl-tmp/data/datasets/baidupcs/CMU-MOSEI/extracted/Raw/Labels/extreme_sentiment_results.csv#1,0.00,0.00,en,high,high,high,true,true,0,-1,,,negative,/root/autodl-tmp/data/datasets/baidupcs/CMU-MOSEI/extracted/Raw/Labels/extreme_sentiment_results.csv#RqOgkJbqFXg/1
EAQ006887,MOSEI,unknown,MOSEI/nZFPKP9kBkw/1,/root/autodl-tmp/data/datasets/baidupcs/CMU-MOSEI/extracted/Raw/Videos/Full/Combined/nZFPKP9kBkw.mp4,/root/autodl-tmp/data/datasets/baidupcs/CMU-MOSEI/extracted/Raw/Audio/Full/WAV_16000/nZFPKP9kBkw.wav,/root/autodl-tmp/data/datasets/baidupcs/CMU-MOSEI/extracted/Raw/Labels/extreme_sentiment_results.csv#1,0.00,0.00,en,high,high,high,true,true,0,0,,,neutral,/root/autodl-tmp/data/datasets/baidupcs/CMU-MOSEI/extracted/Raw/Labels/extreme_sentiment_results.csv#nZFPKP9kBkw/1
EAQ006888,MOSEI,unknown,MOSEI/N0Y7x_fJ0Nw/2,/root/autodl-tmp/data/datasets/baidupcs/CMU-MOSEI/extracted/Raw/Videos/Full/Combined/N0Y7x_fJ0Nw.mp4,/root/autodl-tmp/data/datasets/baidupcs/CMU-MOSEI/extracted/Raw/Audio/Full/WAV_16000/N0Y7x_fJ0Nw.wav,/root/autodl-tmp/data/datasets/baidupcs/CMU-MOSEI/extracted/Raw/Labels/extreme_sentiment_results.csv#2,0.00,0.00,en,high,high,high,true,true,0,0,,,neutral,/root/autodl-tmp/data/datasets/baidupcs/CMU-MOSEI/extracted/Raw/Labels/extreme_sentiment_results.csv#N0Y7x_fJ0Nw/2
EAQ006889,MOSEI,unknown,MOSEI/cKUPgzZu-Fk/4,/root/autodl-tmp/data/datasets/baidupcs/CMU-MOSEI/extracted/Raw/Videos/Full/Combined/cKUPgzZu-Fk.mp4,/root/autodl-tmp/data/datasets/baidupcs/CMU-MOSEI/extracted/Raw/Audio/Full/WAV_16000/cKUPgzZu-Fk.wav,/root/autodl-tmp/data/datasets/baidupcs/CMU-MOSEI/extracted/Raw/Labels/extreme_sentiment_results.csv#4,0.00,0.00,en,high,high,high,true,true,0,2,,,positive,/root/autodl-tmp/data/datasets/baidupcs/CMU-MOSEI/extracted/Raw/Labels/extreme_sentiment_results.csv#cKUPgzZu-Fk/4
EAQ006890,MOSEI,unknown,MOSEI/TWf0XFpXwfs/4,/root/autodl-tmp/data/datasets/baidupcs/CMU-MOSEI/extracted/Raw/Videos/Full/Combined/TWf0XFpXwfs.mp4,/root/autodl-tmp/data/datasets/baidupcs/CMU-MOSEI/extracted/Raw/Audio/Full/WAV_16000/TWf0XFpXwfs.wav,/root/autodl-tmp/data/datasets/baidupcs/CMU-MOSEI/extracted/Raw/Labels/extreme_sentiment_results.csv#4,0.00,0.00,en,high,high,high,true,true,0,0,,,neutral,/root/autodl-tmp/data/datasets/baidupcs/CMU-MOSEI/extracted/Raw/Labels/extreme_sentiment_results.csv#TWf0XFpXwfs/4
EAQ006891,MOSEI,unknown,MOSEI/rNXM3avNBKk/3,/root/autodl-tmp/data/datasets/baidupcs/CMU-MOSEI/extracted/Raw/Videos/Full/Combined/rNXM3avNBKk.mp4,/root/autodl-tmp/data/datasets/baidupcs/CMU-MOSEI/extracted/Raw/Audio/Full/WAV_16000/rNXM3avNBKk.wav,/root/autodl-tmp/data/datasets/baidupcs/CMU-MOSEI/extracted/Raw/Labels/extreme_sentiment_results.csv#3,0.00,0.00,en,high,high,high,true,true,0,-1,,,negative,/root/autodl-tmp/data/datasets/baidupcs/CMU-MOSEI/extracted/Raw/Labels/extreme_sentiment_results.csv#rNXM3avNBKk/3
EAQ006892,MOSEI,unknown,MOSEI/DdUJojoFU_c/6,/root/autodl-tmp/data/datasets/baidupcs/CMU-MOSEI/extracted/Raw/Videos/Full/Combined/DdUJojoFU_c.mp4,/root/autodl-tmp/data/datasets/baidupcs/CMU-MOSEI/extracted/Raw/Audio/Full/WAV_16000/DdUJojoFU_c.wav,/root/autodl-tmp/data/datasets/baidupcs/CMU-MOSEI/extracted/Raw/Labels/extreme_sentiment_results.csv#6,0.00,0.00,en,high,high,high,true,true,0,1,,,positive,/root/autodl-tmp/data/datasets/baidupcs/CMU-MOSEI/extracted/Raw/Labels/extreme_sentiment_results.csv#DdUJojoFU_c/6
EAQ006893,MOSEI,unknown,MOSEI/3OYY5Tsz_2k/14,/root/autodl-tmp/data/datasets/baidupcs/CMU-MOSEI/extracted/Raw/Videos/Full/Combined/3OYY5Tsz_2k.mp4,/root/autodl-tmp/data/datasets/baidupcs/CMU-MOSEI/extracted/Raw/Audio/Full/WAV_16000/3OYY5Tsz_2k.wav,/root/autodl-tmp/data/datasets/baidupcs/CMU-MOSEI/extracted/Raw/Labels/extreme_sentiment_results.csv#14,0.00,0.00,en,high,high,high,true,true,0,0,,,neutral,/root/autodl-tmp/data/datasets/baidupcs/CMU-MOSEI/extracted/Raw/Labels/extreme_sentiment_results.csv#3OYY5Tsz_2k/14
EAQ006894,MOSEI,unknown,MOSEI/pSxte-ms0t8/34,/root/autodl-tmp/data/datasets/baidupcs/CMU-MOSEI/extracted/Raw/Videos/Full/Combined/pSxte-ms0t8.mp4,/root/autodl-tmp/data/datasets/baidupcs/CMU-MOSEI/extracted/Raw/Audio/Full/WAV_16000/pSxte-ms0t8.wav,/root/autodl-tmp/data/datasets/baidupcs/CMU-MOSEI/extracted/Raw/Labels/extreme_sentiment_results.csv#34,0.00,0.00,en,high,high,high,true,true,0,0,,,neutral,/root/autodl-tmp/data/datasets/baidupcs/CMU-MOSEI/extracted/Raw/Labels/extreme_sentiment_results.csv#pSxte-ms0t8/34
EAQ006895,MOSEI,unknown,MOSEI/fi7g4GoK-z4/1,/root/autodl-tmp/data/datasets/baidupcs/CMU-MOSEI/extracted/Raw/Videos/Full/Combined/fi7g4GoK-z4.mp4,/root/autodl-tmp/data/datasets/baidupcs/CMU-MOSEI/extracted/Raw/Audio/Full/WAV_16000/fi7g4GoK-z4.wav,/root/autodl-tmp/data/datasets/baidupcs/CMU-MOSEI/extracted/Raw/Labels/extreme_sentiment_results.csv#1,0.00,0.00,en,high,high,high,true,true,0,0,,,neutral,/root/autodl-tmp/data/datasets/baidupcs/CMU-MOSEI/extracted/Raw/Labels/extreme_sentiment_results.csv#fi7g4GoK-z4/1
EAQ006896,MOSEI,unknown,MOSEI/zj4PzGtFwJM/4,/root/autodl-tmp/data/datasets/baidupcs/CMU-MOSEI/extracted/Raw/Videos/Full/Combined/zj4PzGtFwJM.mp4,/root/autodl-tmp/data/datasets/baidupcs/CMU-MOSEI/extracted/Raw/Audio/Full/WAV_16000/zj4PzGtFwJM.wav,/root/autodl-tmp/data/datasets/baidupcs/CMU-MOSEI/extracted/Raw/Labels/extreme_sentiment_results.csv#4,0.00,0.00,en,high,high,high,true,true,0,-1,,,negative,/root/autodl-tmp/data/datasets/baidupcs/CMU-MOSEI/extracted/Raw/Labels/extreme_sentiment_results.csv#zj4PzGtFwJM/4
EAQ006897,MOSEI,unknown,MOSEI/5F-KEGK9eXo/0,/root/autodl-tmp/data/datasets/baidupcs/CMU-MOSEI/extracted/Raw/Videos/Full/Combined/5F-KEGK9eXo.mp4,/root/autodl-tmp/data/datasets/baidupcs/CMU-MOSEI/extracted/Raw/Audio/Full/WAV_16000/5F-KEGK9eXo.wav,/root/autodl-tmp/data/datasets/baidupcs/CMU-MOSEI/extracted/Raw/Labels/extreme_sentiment_results.csv#0,0.00,0.00,en,high,high,high,true,true,0,2,,,positive,/root/autodl-tmp/data/datasets/baidupcs/CMU-MOSEI/extracted/Raw/Labels/extreme_sentiment_results.csv#5F-KEGK9eXo/0
EAQ006898,MOSEI,unknown,MOSEI/q1_knonj0Lw/2,/root/autodl-tmp/data/datasets/baidupcs/CMU-MOSEI/extracted/Raw/Videos/Full/Combined/q1_knonj0Lw.mp4,/root/autodl-tmp/data/datasets/baidupcs/CMU-MOSEI/extracted/Raw/Audio/Full/WAV_16000/q1_knonj0Lw.wav,/root/autodl-tmp/data/datasets/baidupcs/CMU-MOSEI/extracted/Raw/Labels/extreme_sentiment_results.csv#2,0.00,0.00,en,high,high,high,true,true,0,0,,,neutral,/root/autodl-tmp/data/datasets/baidupcs/CMU-MOSEI/extracted/Raw/Labels/extreme_sentiment_results.csv#q1_knonj0Lw/2
EAQ006899,MOSEI,unknown,MOSEI/3UOqbf_B_Yc/1,/root/autodl-tmp/data/datasets/baidupcs/CMU-MOSEI/extracted/Raw/Videos/Full/Combined/3UOqbf_B_Yc.mp4,/root/autodl-tmp/data/datasets/baidupcs/CMU-MOSEI/extracted/Raw/Audio/Full/WAV_16000/3UOqbf_B_Yc.wav,/root/autodl-tmp/data/datasets/baidupcs/CMU-MOSEI/extracted/Raw/Labels/extreme_sentiment_results.csv#1,0.00,0.00,en,high,high,high,true,true,0,0,,,neutral,/root/autodl-tmp/data/datasets/baidupcs/CMU-MOSEI/extracted/Raw/Labels/extreme_sentiment_results.csv#3UOqbf_B_Yc/1
EAQ006900,MOSEI,unknown,MOSEI/o2XbNJDpOlc/17,/root/autodl-tmp/data/datasets/baidupcs/CMU-MOSEI/extracted/Raw/Videos/Full/Combined/o2XbNJDpOlc.mp4,/root/autodl-tmp/data/datasets/baidupcs/CMU-MOSEI/extracted/Raw/Audio/Full/WAV_16000/o2XbNJDpOlc.wav,/root/autodl-tmp/data/datasets/baidupcs/CMU-MOSEI/extracted/Raw/Labels/extreme_sentiment_results.csv#17,0.00,0.00,en,high,high,high,true,true,0,-2,,,negative,/root/autodl-tmp/data/datasets/baidupcs/CMU-MOSEI/extracted/Raw/Labels/extreme_sentiment_results.csv#o2XbNJDpOlc/17
EAQ006901,MOSEI,unknown,MOSEI/IlgnbEdOhmI/12,/root/autodl-tmp/data/datasets/baidupcs/CMU-MOSEI/extracted/Raw/Videos/Full/Combined/IlgnbEdOhmI.mp4,/root/autodl-tmp/data/datasets/baidupcs/CMU-MOSEI/extracted/Raw/Audio/Full/WAV_16000/IlgnbEdOhmI.wav,/root/autodl-tmp/data/datasets/baidupcs/CMU-MOSEI/extracted/Raw/Labels/extreme_sentiment_results.csv#12,0.00,0.00,en,high,high,high,true,true,0,0,,,neutral,/root/autodl-tmp/data/datasets/baidupcs/CMU-MOSEI/extracted/Raw/Labels/extreme_sentiment_results.csv#IlgnbEdOhmI/12
EAQ006902,MOSEI,unknown,MOSEI/6MloL1gIccs/8,/root/autodl-tmp/data/datasets/baidupcs/CMU-MOSEI/extracted/Raw/Videos/Full/Combined/6MloL1gIccs.mp4,/root/autodl-tmp/data/datasets/baidupcs/CMU-MOSEI/extracted/Raw/Audio/Full/WAV_16000/6MloL1gIccs.wav,/root/autodl-tmp/data/datasets/baidupcs/CMU-MOSEI/extracted/Raw/Labels/extreme_sentiment_results.csv#8,0.00,0.00,en,high,high,high,true,true,0,0,,,neutral,/root/autodl-tmp/data/datasets/baidupcs/CMU-MOSEI/extracted/Raw/Labels/extreme_sentiment_results.csv#6MloL1gIccs/8
EAQ006903,MOSEI,unknown,MOSEI/NocexkPXja8/16,/root/autodl-tmp/data/datasets/baidupcs/CMU-MOSEI/extracted/Raw/Videos/Full/Combined/NocexkPXja8.mp4,/root/autodl-tmp/data/datasets/baidupcs/CMU-MOSEI/extracted/Raw/Audio/Full/WAV_16000/NocexkPXja8.wav,/root/autodl-tmp/data/datasets/baidupcs/CMU-MOSEI/extracted/Raw/Labels/extreme_sentiment_results.csv#16,0.00,0.00,en,high,high,high,true,true,0,-2,,,negative,/root/autodl-tmp/data/datasets/baidupcs/CMU-MOSEI/extracted/Raw/Labels/extreme_sentiment_results.csv#NocexkPXja8/16
EAQ006904,MOSEI,unknown,MOSEI/k1ca_xbhohk/9,/root/autodl-tmp/data/datasets/baidupcs/CMU-MOSEI/extracted/Raw/Videos/Full/Combined/k1ca_xbhohk.mp4,/root/autodl-tmp/data/datasets/baidupcs/CMU-MOSEI/extracted/Raw/Audio/Full/WAV_16000/k1ca_xbhohk.wav,/root/autodl-tmp/data/datasets/baidupcs/CMU-MOSEI/extracted/Raw/Labels/extreme_sentiment_results.csv#9,0.00,0.00,en,high,high,high,true,true,0,1,,,positive,/root/autodl-tmp/data/datasets/baidupcs/CMU-MOSEI/extracted/Raw/Labels/extreme_sentiment_results.csv#k1ca_xbhohk/9
EAQ006905,MOSEI,unknown,MOSEI/CIqRibqChDQ/4,/root/autodl-tmp/data/datasets/baidupcs/CMU-MOSEI/extracted/Raw/Videos/Full/Combined/CIqRibqChDQ.mp4,/root/autodl-tmp/data/datasets/baidupcs/CMU-MOSEI/extracted/Raw/Audio/Full/WAV_16000/CIqRibqChDQ.wav,/root/autodl-tmp/data/datasets/baidupcs/CMU-MOSEI/extracted/Raw/Labels/extreme_sentiment_results.csv#4,0.00,0.00,en,high,high,high,true,true,0,-3,,,negative,/root/autodl-tmp/data/datasets/baidupcs/CMU-MOSEI/extracted/Raw/Labels/extreme_sentiment_results.csv#CIqRibqChDQ/4
EAQ006906,MOSEI,unknown,MOSEI/N-NnCI6U52c/5,/root/autodl-tmp/data/datasets/baidupcs/CMU-MOSEI/extracted/Raw/Videos/Full/Combined/N-NnCI6U52c.mp4,/root/autodl-tmp/data/datasets/baidupcs/CMU-MOSEI/extracted/Raw/Audio/Full/WAV_16000/N-NnCI6U52c.wav,/root/autodl-tmp/data/datasets/baidupcs/CMU-MOSEI/extracted/Raw/Labels/extreme_sentiment_results.csv#5,0.00,0.00,en,high,high,high,true,true,0,3,,,positive,/root/autodl-tmp/data/datasets/baidupcs/CMU-MOSEI/extracted/Raw/Labels/extreme_sentiment_results.csv#N-NnCI6U52c/5
EAQ006907,MOSEI,unknown,MOSEI/88S1BjwMfdw/7,/root/autodl-tmp/data/datasets/baidupcs/CMU-MOSEI/extracted/Raw/Videos/Full/Combined/88S1BjwMfdw.mp4,/root/autodl-tmp/data/datasets/baidupcs/CMU-MOSEI/extracted/Raw/Audio/Full/WAV_16000/88S1BjwMfdw.wav,/root/autodl-tmp/data/datasets/baidupcs/CMU-MOSEI/extracted/Raw/Labels/extreme_sentiment_results.csv#7,0.00,0.00,en,high,high,high,true,true,0,0,,,neutral,/root/autodl-tmp/data/datasets/baidupcs/CMU-MOSEI/extracted/Raw/Labels/extreme_sentiment_results.csv#88S1BjwMfdw/7
EAQ006908,MOSEI,unknown,MOSEI/-UUCSKoHeMA/10,/root/autodl-tmp/data/datasets/baidupcs/CMU-MOSEI/extracted/Raw/Videos/Full/Combined/-UUCSKoHeMA.mp4,/root/autodl-tmp/data/datasets/baidupcs/CMU-MOSEI/extracted/Raw/Audio/Full/WAV_16000/-UUCSKoHeMA.wav,/root/autodl-tmp/data/datasets/baidupcs/CMU-MOSEI/extracted/Raw/Labels/extreme_sentiment_results.csv#10,0.00,0.00,en,high,high,high,true,true,0,0,,,neutral,/root/autodl-tmp/data/datasets/baidupcs/CMU-MOSEI/extracted/Raw/Labels/extreme_sentiment_results.csv#-UUCSKoHeMA/10
EAQ006909,MOSEI,unknown,MOSEI/F2M7WbPXRps/6,/root/autodl-tmp/data/datasets/baidupcs/CMU-MOSEI/extracted/Raw/Videos/Full/Combined/F2M7WbPXRps.mp4,/root/autodl-tmp/data/datasets/baidupcs/CMU-MOSEI/extracted/Raw/Audio/Full/WAV_16000/F2M7WbPXRps.wav,/root/autodl-tmp/data/datasets/baidupcs/CMU-MOSEI/extracted/Raw/Labels/extreme_sentiment_results.csv#6,0.00,0.00,en,high,high,high,true,true,0,0,,,neutral,/root/autodl-tmp/data/datasets/baidupcs/CMU-MOSEI/extracted/Raw/Labels/extreme_sentiment_results.csv#F2M7WbPXRps/6
EAQ006910,MOSEI,unknown,MOSEI/K0m1tO3Ybyc/4,/root/autodl-tmp/data/datasets/baidupcs/CMU-MOSEI/extracted/Raw/Videos/Full/Combined/K0m1tO3Ybyc.mp4,/root/autodl-tmp/data/datasets/baidupcs/CMU-MOSEI/extracted/Raw/Audio/Full/WAV_16000/K0m1tO3Ybyc.wav,/root/autodl-tmp/data/datasets/baidupcs/CMU-MOSEI/extracted/Raw/Labels/extreme_sentiment_results.csv#4,0.00,0.00,en,high,high,high,true,true,0,1,,,positive,/root/autodl-tmp/data/datasets/baidupcs/CMU-MOSEI/extracted/Raw/Labels/extreme_sentiment_results.csv#K0m1tO3Ybyc/4
EAQ006911,MOSEI,unknown,MOSEI/TH32jop4FiI/5,/root/autodl-tmp/data/datasets/baidupcs/CMU-MOSEI/extracted/Raw/Videos/Full/Combined/TH32jop4FiI.mp4,/root/autodl-tmp/data/datasets/baidupcs/CMU-MOSEI/extracted/Raw/Audio/Full/WAV_16000/TH32jop4FiI.wav,/root/autodl-tmp/data/datasets/baidupcs/CMU-MOSEI/extracted/Raw/Labels/extreme_sentiment_results.csv#5,0.00,0.00,en,high,high,high,true,true,0,0,,,neutral,/root/autodl-tmp/data/datasets/baidupcs/CMU-MOSEI/extracted/Raw/Labels/extreme_sentiment_results.csv#TH32jop4FiI/5
EAQ006912,MOSEI,unknown,MOSEI/Viz5vDE39y8/6,/root/autodl-tmp/data/datasets/baidupcs/CMU-MOSEI/extracted/Raw/Videos/Full/Combined/Viz5vDE39y8.mp4,/root/autodl-tmp/data/datasets/baidupcs/CMU-MOSEI/extracted/Raw/Audio/Full/WAV_16000/Viz5vDE39y8.wav,/root/autodl-tmp/data/datasets/baidupcs/CMU-MOSEI/extracted/Raw/Labels/extreme_sentiment_results.csv#6,0.00,0.00,en,high,high,high,true,true,0,3,,,positive,/root/autodl-tmp/data/datasets/baidupcs/CMU-MOSEI/extracted/Raw/Labels/extreme_sentiment_results.csv#Viz5vDE39y8/6
EAQ006913,MOSEI,unknown,MOSEI/ICeSewdyf34/2,/root/autodl-tmp/data/datasets/baidupcs/CMU-MOSEI/extracted/Raw/Videos/Full/Combined/ICeSewdyf34.mp4,/root/autodl-tmp/data/datasets/baidupcs/CMU-MOSEI/extracted/Raw/Audio/Full/WAV_16000/ICeSewdyf34.wav,/root/autodl-tmp/data/datasets/baidupcs/CMU-MOSEI/extracted/Raw/Labels/extreme_sentiment_results.csv#2,0.00,0.00,en,high,high,high,true,true,0,2,,,positive,/root/autodl-tmp/data/datasets/baidupcs/CMU-MOSEI/extracted/Raw/Labels/extreme_sentiment_results.csv#ICeSewdyf34/2
EAQ006914,MOSEI,unknown,MOSEI/1ZjIX9AK860/0,/root/autodl-tmp/data/datasets/baidupcs/CMU-MOSEI/extracted/Raw/Videos/Full/Combined/1ZjIX9AK860.mp4,/root/autodl-tmp/data/datasets/baidupcs/CMU-MOSEI/extracted/Raw/Audio/Full/WAV_16000/1ZjIX9AK860.wav,/root/autodl-tmp/data/datasets/baidupcs/CMU-MOSEI/extracted/Raw/Labels/extreme_sentiment_results.csv#0,0.00,0.00,en,high,high,high,true,true,0,0,,,neutral,/root/autodl-tmp/data/datasets/baidupcs/CMU-MOSEI/extracted/Raw/Labels/extreme_sentiment_results.csv#1ZjIX9AK860/0
EAQ006915,MOSEI,unknown,MOSEI/ARNWtLCbfW4/4,/root/autodl-tmp/data/datasets/baidupcs/CMU-MOSEI/extracted/Raw/Videos/Full/Combined/ARNWtLCbfW4.mp4,/root/autodl-tmp/data/datasets/baidupcs/CMU-MOSEI/extracted/Raw/Audio/Full/WAV_16000/ARNWtLCbfW4.wav,/root/autodl-tmp/data/datasets/baidupcs/CMU-MOSEI/extracted/Raw/Labels/extreme_sentiment_results.csv#4,0.00,0.00,en,high,high,high,true,true,0,0,,,neutral,/root/autodl-tmp/data/datasets/baidupcs/CMU-MOSEI/extracted/Raw/Labels/extreme_sentiment_results.csv#ARNWtLCbfW4/4
EAQ006916,MOSEI,unknown,MOSEI/oO61Ma17tRA/0,/root/autodl-tmp/data/datasets/baidupcs/CMU-MOSEI/extracted/Raw/Videos/Full/Combined/oO61Ma17tRA.mp4,/root/autodl-tmp/data/datasets/baidupcs/CMU-MOSEI/extracted/Raw/Audio/Full/WAV_16000/oO61Ma17tRA.wav,/root/autodl-tmp/data/datasets/baidupcs/CMU-MOSEI/extracted/Raw/Labels/extreme_sentiment_results.csv#0,0.00,0.00,en,high,high,high,true,true,0,0,,,neutral,/root/autodl-tmp/data/datasets/baidupcs/CMU-MOSEI/extracted/Raw/Labels/extreme_sentiment_results.csv#oO61Ma17tRA/0
EAQ006917,MOSEI,unknown,MOSEI/7pZPQbMKGkY/2,/root/autodl-tmp/data/datasets/baidupcs/CMU-MOSEI/extracted/Raw/Videos/Full/Combined/7pZPQbMKGkY.mp4,/root/autodl-tmp/data/datasets/baidupcs/CMU-MOSEI/extracted/Raw/Audio/Full/WAV_16000/7pZPQbMKGkY.wav,/root/autodl-tmp/data/datasets/baidupcs/CMU-MOSEI/extracted/Raw/Labels/extreme_sentiment_results.csv#2,0.00,0.00,en,high,high,high,true,true,0,0,,,neutral,/root/autodl-tmp/data/datasets/baidupcs/CMU-MOSEI/extracted/Raw/Labels/extreme_sentiment_results.csv#7pZPQbMKGkY/2
EAQ006918,MOSEI,unknown,MOSEI/3HyAaqre_Fk/3,/root/autodl-tmp/data/datasets/baidupcs/CMU-MOSEI/extracted/Raw/Videos/Full/Combined/3HyAaqre_Fk.mp4,/root/autodl-tmp/data/datasets/baidupcs/CMU-MOSEI/extracted/Raw/Audio/Full/WAV_16000/3HyAaqre_Fk.wav,/root/autodl-tmp/data/datasets/baidupcs/CMU-MOSEI/extracted/Raw/Labels/extreme_sentiment_results.csv#3,0.00,0.00,en,high,high,high,true,true,0,-2,,,negative,/root/autodl-tmp/data/datasets/baidupcs/CMU-MOSEI/extracted/Raw/Labels/extreme_sentiment_results.csv#3HyAaqre_Fk/3
EAQ006919,MOSEI,unknown,MOSEI/117tQqLjza4/6,/root/autodl-tmp/data/datasets/baidupcs/CMU-MOSEI/extracted/Raw/Videos/Full/Combined/117tQqLjza4.mp4,/root/autodl-tmp/data/datasets/baidupcs/CMU-MOSEI/extracted/Raw/Audio/Full/WAV_16000/117tQqLjza4.wav,/root/autodl-tmp/data/datasets/baidupcs/CMU-MOSEI/extracted/Raw/Labels/extreme_sentiment_results.csv#6,0.00,0.00,en,high,high,high,true,true,0,2,,,positive,/root/autodl-tmp/data/datasets/baidupcs/CMU-MOSEI/extracted/Raw/Labels/extreme_sentiment_results.csv#117tQqLjza4/6
EAQ006920,MOSEI,unknown,MOSEI/_UNQDdiAbWI/7,/root/autodl-tmp/data/datasets/baidupcs/CMU-MOSEI/extracted/Raw/Videos/Full/Combined/_UNQDdiAbWI.mp4,/root/autodl-tmp/data/datasets/baidupcs/CMU-MOSEI/extracted/Raw/Audio/Full/WAV_16000/_UNQDdiAbWI.wav,/root/autodl-tmp/data/datasets/baidupcs/CMU-MOSEI/extracted/Raw/Labels/extreme_sentiment_results.csv#7,0.00,0.00,en,high,high,high,true,true,0,0,,,neutral,/root/autodl-tmp/data/datasets/baidupcs/CMU-MOSEI/extracted/Raw/Labels/extreme_sentiment_results.csv#_UNQDdiAbWI/7
EAQ006921,MOSEI,unknown,MOSEI/xu53lk4dhSc/14,/root/autodl-tmp/data/datasets/baidupcs/CMU-MOSEI/extracted/Raw/Videos/Full/Combined/xu53lk4dhSc.mp4,/root/autodl-tmp/data/datasets/baidupcs/CMU-MOSEI/extracted/Raw/Audio/Full/WAV_16000/xu53lk4dhSc.wav,/root/autodl-tmp/data/datasets/baidupcs/CMU-MOSEI/extracted/Raw/Labels/extreme_sentiment_results.csv#14,0.00,0.00,en,high,high,high,true,true,0,0,,,neutral,/root/autodl-tmp/data/datasets/baidupcs/CMU-MOSEI/extracted/Raw/Labels/extreme_sentiment_results.csv#xu53lk4dhSc/14
EAQ006922,MOSEI,unknown,MOSEI/unOeTDc2rlY/30,/root/autodl-tmp/data/datasets/baidupcs/CMU-MOSEI/extracted/Raw/Videos/Full/Combined/unOeTDc2rlY.mp4,/root/autodl-tmp/data/datasets/baidupcs/CMU-MOSEI/extracted/Raw/Audio/Full/WAV_16000/unOeTDc2rlY.wav,/root/autodl-tmp/data/datasets/baidupcs/CMU-MOSEI/extracted/Raw/Labels/extreme_sentiment_results.csv#30,0.00,0.00,en,high,high,high,true,true,0,1,,,positive,/root/autodl-tmp/data/datasets/baidupcs/CMU-MOSEI/extracted/Raw/Labels/extreme_sentiment_results.csv#unOeTDc2rlY/30
EAQ006923,MOSEI,unknown,MOSEI/mxFU6TrHChY/16,/root/autodl-tmp/data/datasets/baidupcs/CMU-MOSEI/extracted/Raw/Videos/Full/Combined/mxFU6TrHChY.mp4,/root/autodl-tmp/data/datasets/baidupcs/CMU-MOSEI/extracted/Raw/Audio/Full/WAV_16000/mxFU6TrHChY.wav,/root/autodl-tmp/data/datasets/baidupcs/CMU-MOSEI/extracted/Raw/Labels/extreme_sentiment_results.csv#16,0.00,0.00,en,high,high,high,true,true,0,1,,,positive,/root/autodl-tmp/data/datasets/baidupcs/CMU-MOSEI/extracted/Raw/Labels/extreme_sentiment_results.csv#mxFU6TrHChY/16
EAQ006924,MOSEI,unknown,MOSEI/n4xRx0J3rYQ/14,/root/autodl-tmp/data/datasets/baidupcs/CMU-MOSEI/extracted/Raw/Videos/Full/Combined/n4xRx0J3rYQ.mp4,/root/autodl-tmp/data/datasets/baidupcs/CMU-MOSEI/extracted/Raw/Audio/Full/WAV_16000/n4xRx0J3rYQ.wav,/root/autodl-tmp/data/datasets/baidupcs/CMU-MOSEI/extracted/Raw/Labels/extreme_sentiment_results.csv#14,0.00,0.00,en,high,high,high,true,true,0,0,,,neutral,/root/autodl-tmp/data/datasets/baidupcs/CMU-MOSEI/extracted/Raw/Labels/extreme_sentiment_results.csv#n4xRx0J3rYQ/14
EAQ006925,MOSEI,unknown,MOSEI/XAT2IfFFAU0/4,/root/autodl-tmp/data/datasets/baidupcs/CMU-MOSEI/extracted/Raw/Videos/Full/Combined/XAT2IfFFAU0.mp4,/root/autodl-tmp/data/datasets/baidupcs/CMU-MOSEI/extracted/Raw/Audio/Full/WAV_16000/XAT2IfFFAU0.wav,/root/autodl-tmp/data/datasets/baidupcs/CMU-MOSEI/extracted/Raw/Labels/extreme_sentiment_results.csv#4,0.00,0.00,en,high,high,high,true,true,0,-2,,,negative,/root/autodl-tmp/data/datasets/baidupcs/CMU-MOSEI/extracted/Raw/Labels/extreme_sentiment_results.csv#XAT2IfFFAU0/4
EAQ006926,MOSEI,unknown,MOSEI/l0vCKpk6Aes/19,/root/autodl-tmp/data/datasets/baidupcs/CMU-MOSEI/extracted/Raw/Videos/Full/Combined/l0vCKpk6Aes.mp4,/root/autodl-tmp/data/datasets/baidupcs/CMU-MOSEI/extracted/Raw/Audio/Full/WAV_16000/l0vCKpk6Aes.wav,/root/autodl-tmp/data/datasets/baidupcs/CMU-MOSEI/extracted/Raw/Labels/extreme_sentiment_results.csv#19,0.00,0.00,en,high,high,high,true,true,2,0,,,neutral,/root/autodl-tmp/data/datasets/baidupcs/CMU-MOSEI/extracted/Raw/Labels/extreme_sentiment_results.csv#l0vCKpk6Aes/19
EAQ006927,MOSEI,unknown,MOSEI/XrNaL-MTjXg/4,/root/autodl-tmp/data/datasets/baidupcs/CMU-MOSEI/extracted/Raw/Videos/Full/Combined/XrNaL-MTjXg.mp4,/root/autodl-tmp/data/datasets/baidupcs/CMU-MOSEI/extracted/Raw/Audio/Full/WAV_16000/XrNaL-MTjXg.wav,/root/autodl-tmp/data/datasets/baidupcs/CMU-MOSEI/extracted/Raw/Labels/extreme_sentiment_results.csv#4,0.00,0.00,en,high,high,high,true,true,0,1,,,positive,/root/autodl-tmp/data/datasets/baidupcs/CMU-MOSEI/extracted/Raw/Labels/extreme_sentiment_results.csv#XrNaL-MTjXg/4
EAQ006928,MOSEI,unknown,MOSEI/rsQRiALH5FU/4,/root/autodl-tmp/data/datasets/baidupcs/CMU-MOSEI/extracted/Raw/Videos/Full/Combined/rsQRiALH5FU.mp4,/root/autodl-tmp/data/datasets/baidupcs/CMU-MOSEI/extracted/Raw/Audio/Full/WAV_16000/rsQRiALH5FU.wav,/root/autodl-tmp/data/datasets/baidupcs/CMU-MOSEI/extracted/Raw/Labels/extreme_sentiment_results.csv#4,0.00,0.00,en,high,high,high,true,true,0,2,,,positive,/root/autodl-tmp/data/datasets/baidupcs/CMU-MOSEI/extracted/Raw/Labels/extreme_sentiment_results.csv#rsQRiALH5FU/4
EAQ006929,MOSEI,unknown,MOSEI/uXYAfpQUYVE/4,/root/autodl-tmp/data/datasets/baidupcs/CMU-MOSEI/extracted/Raw/Videos/Full/Combined/uXYAfpQUYVE.mp4,/root/autodl-tmp/data/datasets/baidupcs/CMU-MOSEI/extracted/Raw/Audio/Full/WAV_16000/uXYAfpQUYVE.wav,/root/autodl-tmp/data/datasets/baidupcs/CMU-MOSEI/extracted/Raw/Labels/extreme_sentiment_results.csv#4,0.00,0.00,en,high,high,high,true,true,0,0,,,neutral,/root/autodl-tmp/data/datasets/baidupcs/CMU-MOSEI/extracted/Raw/Labels/extreme_sentiment_results.csv#uXYAfpQUYVE/4
EAQ006930,MOSEI,unknown,MOSEI/RfKxYiFd-fs/4,/root/autodl-tmp/data/datasets/baidupcs/CMU-MOSEI/extracted/Raw/Videos/Full/Combined/RfKxYiFd-fs.mp4,/root/autodl-tmp/data/datasets/baidupcs/CMU-MOSEI/extracted/Raw/Audio/Full/WAV_16000/RfKxYiFd-fs.wav,/root/autodl-tmp/data/datasets/baidupcs/CMU-MOSEI/extracted/Raw/Labels/extreme_sentiment_results.csv#4,0.00,0.00,en,high,high,high,true,true,0,-1,,,negative,/root/autodl-tmp/data/datasets/baidupcs/CMU-MOSEI/extracted/Raw/Labels/extreme_sentiment_results.csv#RfKxYiFd-fs/4
EAQ006931,MOSEI,unknown,MOSEI/4dV3slGSc60/12,/root/autodl-tmp/data/datasets/baidupcs/CMU-MOSEI/extracted/Raw/Videos/Full/Combined/4dV3slGSc60.mp4,/root/autodl-tmp/data/datasets/baidupcs/CMU-MOSEI/extracted/Raw/Audio/Full/WAV_16000/4dV3slGSc60.wav,/root/autodl-tmp/data/datasets/baidupcs/CMU-MOSEI/extracted/Raw/Labels/extreme_sentiment_results.csv#12,0.00,0.00,en,high,high,high,true,true,0,0,,,neutral,/root/autodl-tmp/data/datasets/baidupcs/CMU-MOSEI/extracted/Raw/Labels/extreme_sentiment_results.csv#4dV3slGSc60/12
EAQ006932,MOSEI,unknown,MOSEI/90wZz0thye4/6,/root/autodl-tmp/data/datasets/baidupcs/CMU-MOSEI/extracted/Raw/Videos/Full/Combined/90wZz0thye4.mp4,/root/autodl-tmp/data/datasets/baidupcs/CMU-MOSEI/extracted/Raw/Audio/Full/WAV_16000/90wZz0thye4.wav,/root/autodl-tmp/data/datasets/baidupcs/CMU-MOSEI/extracted/Raw/Labels/extreme_sentiment_results.csv#6,0.00,0.00,en,high,high,high,true,true,0,0,,,neutral,/root/autodl-tmp/data/datasets/baidupcs/CMU-MOSEI/extracted/Raw/Labels/extreme_sentiment_results.csv#90wZz0thye4/6
EAQ006933,MOSEI,unknown,MOSEI/kCQqLNiO0mk/3,/root/autodl-tmp/data/datasets/baidupcs/CMU-MOSEI/extracted/Raw/Videos/Full/Combined/kCQqLNiO0mk.mp4,/root/autodl-tmp/data/datasets/baidupcs/CMU-MOSEI/extracted/Raw/Audio/Full/WAV_16000/kCQqLNiO0mk.wav,/root/autodl-tmp/data/datasets/baidupcs/CMU-MOSEI/extracted/Raw/Labels/extreme_sentiment_results.csv#3,0.00,0.00,en,high,high,high,true,true,0,0,,,neutral,/root/autodl-tmp/data/datasets/baidupcs/CMU-MOSEI/extracted/Raw/Labels/extreme_sentiment_results.csv#kCQqLNiO0mk/3
EAQ006934,MOSEI,unknown,MOSEI/mKP6TVuixWg/18,/root/autodl-tmp/data/datasets/baidupcs/CMU-MOSEI/extracted/Raw/Videos/Full/Combined/mKP6TVuixWg.mp4,/root/autodl-tmp/data/datasets/baidupcs/CMU-MOSEI/extracted/Raw/Audio/Full/WAV_16000/mKP6TVuixWg.wav,/root/autodl-tmp/data/datasets/baidupcs/CMU-MOSEI/extracted/Raw/Labels/extreme_sentiment_results.csv#18,0.00,0.00,en,high,high,high,true,true,0,0,,,neutral,/root/autodl-tmp/data/datasets/baidupcs/CMU-MOSEI/extracted/Raw/Labels/extreme_sentiment_results.csv#mKP6TVuixWg/18
EAQ006935,MOSEI,unknown,MOSEI/LKAEv8x9jKI/5,/root/autodl-tmp/data/datasets/baidupcs/CMU-MOSEI/extracted/Raw/Videos/Full/Combined/LKAEv8x9jKI.mp4,/root/autodl-tmp/data/datasets/baidupcs/CMU-MOSEI/extracted/Raw/Audio/Full/WAV_16000/LKAEv8x9jKI.wav,/root/autodl-tmp/data/datasets/baidupcs/CMU-MOSEI/extracted/Raw/Labels/extreme_sentiment_results.csv#5,0.00,0.00,en,high,high,high,true,true,0,1,,,positive,/root/autodl-tmp/data/datasets/baidupcs/CMU-MOSEI/extracted/Raw/Labels/extreme_sentiment_results.csv#LKAEv8x9jKI/5
EAQ006936,MOSEI,unknown,MOSEI/mLW-jn67gRE/12,/root/autodl-tmp/data/datasets/baidupcs/CMU-MOSEI/extracted/Raw/Videos/Full/Combined/mLW-jn67gRE.mp4,/root/autodl-tmp/data/datasets/baidupcs/CMU-MOSEI/extracted/Raw/Audio/Full/WAV_16000/mLW-jn67gRE.wav,/root/autodl-tmp/data/datasets/baidupcs/CMU-MOSEI/extracted/Raw/Labels/extreme_sentiment_results.csv#12,0.00,0.00,en,high,high,high,true,true,0,-2,,,negative,/root/autodl-tmp/data/datasets/baidupcs/CMU-MOSEI/extracted/Raw/Labels/extreme_sentiment_results.csv#mLW-jn67gRE/12
EAQ006937,MOSEI,unknown,MOSEI/yHtR71rx16I/16,/root/autodl-tmp/data/datasets/baidupcs/CMU-MOSEI/extracted/Raw/Videos/Full/Combined/yHtR71rx16I.mp4,/root/autodl-tmp/data/datasets/baidupcs/CMU-MOSEI/extracted/Raw/Audio/Full/WAV_16000/yHtR71rx16I.wav,/root/autodl-tmp/data/datasets/baidupcs/CMU-MOSEI/extracted/Raw/Labels/extreme_sentiment_results.csv#16,0.00,0.00,en,high,high,high,true,true,0,0,,,neutral,/root/autodl-tmp/data/datasets/baidupcs/CMU-MOSEI/extracted/Raw/Labels/extreme_sentiment_results.csv#yHtR71rx16I/16
EAQ006938,MOSEI,unknown,MOSEI/mW8eL4e7Wrg/22,/root/autodl-tmp/data/datasets/baidupcs/CMU-MOSEI/extracted/Raw/Videos/Full/Combined/mW8eL4e7Wrg.mp4,/root/autodl-tmp/data/datasets/baidupcs/CMU-MOSEI/extracted/Raw/Audio/Full/WAV_16000/mW8eL4e7Wrg.wav,/root/autodl-tmp/data/datasets/baidupcs/CMU-MOSEI/extracted/Raw/Labels/extreme_sentiment_results.csv#22,0.00,0.00,en,high,high,high,true,true,0,0,,,neutral,/root/autodl-tmp/data/datasets/baidupcs/CMU-MOSEI/extracted/Raw/Labels/extreme_sentiment_results.csv#mW8eL4e7Wrg/22
EAQ006939,MOSEI,unknown,MOSEI/Nrurc5sMUOE/8,/root/autodl-tmp/data/datasets/baidupcs/CMU-MOSEI/extracted/Raw/Videos/Full/Combined/Nrurc5sMUOE.mp4,/root/autodl-tmp/data/datasets/baidupcs/CMU-MOSEI/extracted/Raw/Audio/Full/WAV_16000/Nrurc5sMUOE.wav,/root/autodl-tmp/data/datasets/baidupcs/CMU-MOSEI/extracted/Raw/Labels/extreme_sentiment_results.csv#8,0.00,0.00,en,high,high,high,true,true,2,0,,,neutral,/root/autodl-tmp/data/datasets/baidupcs/CMU-MOSEI/extracted/Raw/Labels/extreme_sentiment_results.csv#Nrurc5sMUOE/8
EAQ006940,MOSEI,unknown,MOSEI/QWaUvAL-yiA/1,/root/autodl-tmp/data/datasets/baidupcs/CMU-MOSEI/extracted/Raw/Videos/Full/Combined/QWaUvAL-yiA.mp4,/root/autodl-tmp/data/datasets/baidupcs/CMU-MOSEI/extracted/Raw/Audio/Full/WAV_16000/QWaUvAL-yiA.wav,/root/autodl-tmp/data/datasets/baidupcs/CMU-MOSEI/extracted/Raw/Labels/extreme_sentiment_results.csv#1,0.00,0.00,en,high,high,high,true,true,0,0,,,neutral,/root/autodl-tmp/data/datasets/baidupcs/CMU-MOSEI/extracted/Raw/Labels/extreme_sentiment_results.csv#QWaUvAL-yiA/1
EAQ006941,MOSEI,unknown,MOSEI/VZqkWIPmH6w/9,/root/autodl-tmp/data/datasets/baidupcs/CMU-MOSEI/extracted/Raw/Videos/Full/Combined/VZqkWIPmH6w.mp4,/root/autodl-tmp/data/datasets/baidupcs/CMU-MOSEI/extracted/Raw/Audio/Full/WAV_16000/VZqkWIPmH6w.wav,/root/autodl-tmp/data/datasets/baidupcs/CMU-MOSEI/extracted/Raw/Labels/extreme_sentiment_results.csv#9,0.00,0.00,en,high,high,high,true,true,0,0,,,neutral,/root/autodl-tmp/data/datasets/baidupcs/CMU-MOSEI/extracted/Raw/Labels/extreme_sentiment_results.csv#VZqkWIPmH6w/9
EAQ006942,MOSEI,unknown,MOSEI/rwNlqh0k1j4/4,/root/autodl-tmp/data/datasets/baidupcs/CMU-MOSEI/extracted/Raw/Videos/Full/Combined/rwNlqh0k1j4.mp4,/root/autodl-tmp/data/datasets/baidupcs/CMU-MOSEI/extracted/Raw/Audio/Full/WAV_16000/rwNlqh0k1j4.wav,/root/autodl-tmp/data/datasets/baidupcs/CMU-MOSEI/extracted/Raw/Labels/extreme_sentiment_results.csv#4,0.00,0.00,en,high,high,high,true,true,0,0,,,neutral,/root/autodl-tmp/data/datasets/baidupcs/CMU-MOSEI/extracted/Raw/Labels/extreme_sentiment_results.csv#rwNlqh0k1j4/4
EAQ006943,MOSEI,unknown,MOSEI/FxxJB8hBpyQ/5,/root/autodl-tmp/data/datasets/baidupcs/CMU-MOSEI/extracted/Raw/Videos/Full/Combined/FxxJB8hBpyQ.mp4,/root/autodl-tmp/data/datasets/baidupcs/CMU-MOSEI/extracted/Raw/Audio/Full/WAV_16000/FxxJB8hBpyQ.wav,/root/autodl-tmp/data/datasets/baidupcs/CMU-MOSEI/extracted/Raw/Labels/extreme_sentiment_results.csv#5,0.00,0.00,en,high,high,high,true,true,0,-3,,,negative,/root/autodl-tmp/data/datasets/baidupcs/CMU-MOSEI/extracted/Raw/Labels/extreme_sentiment_results.csv#FxxJB8hBpyQ/5
EAQ006944,MOSEI,unknown,MOSEI/r917wP1qsL4/6,/root/autodl-tmp/data/datasets/baidupcs/CMU-MOSEI/extracted/Raw/Videos/Full/Combined/r917wP1qsL4.mp4,/root/autodl-tmp/data/datasets/baidupcs/CMU-MOSEI/extracted/Raw/Audio/Full/WAV_16000/r917wP1qsL4.wav,/root/autodl-tmp/data/datasets/baidupcs/CMU-MOSEI/extracted/Raw/Labels/extreme_sentiment_results.csv#6,0.00,0.00,en,high,high,high,true,true,0,1,,,positive,/root/autodl-tmp/data/datasets/baidupcs/CMU-MOSEI/extracted/Raw/Labels/extreme_sentiment_results.csv#r917wP1qsL4/6
EAQ006945,MOSEI,unknown,MOSEI/jakiZQd4boM/4,/root/autodl-tmp/data/datasets/baidupcs/CMU-MOSEI/extracted/Raw/Videos/Full/Combined/jakiZQd4boM.mp4,/root/autodl-tmp/data/datasets/baidupcs/CMU-MOSEI/extracted/Raw/Audio/Full/WAV_16000/jakiZQd4boM.wav,/root/autodl-tmp/data/datasets/baidupcs/CMU-MOSEI/extracted/Raw/Labels/extreme_sentiment_results.csv#4,0.00,0.00,en,high,high,high,true,true,0,1,,,positive,/root/autodl-tmp/data/datasets/baidupcs/CMU-MOSEI/extracted/Raw/Labels/extreme_sentiment_results.csv#jakiZQd4boM/4
EAQ006946,MOSEI,unknown,MOSEI/kfsO4c0Ekes/4,/root/autodl-tmp/data/datasets/baidupcs/CMU-MOSEI/extracted/Raw/Videos/Full/Combined/kfsO4c0Ekes.mp4,/root/autodl-tmp/data/datasets/baidupcs/CMU-MOSEI/extracted/Raw/Audio/Full/WAV_16000/kfsO4c0Ekes.wav,/root/autodl-tmp/data/datasets/baidupcs/CMU-MOSEI/extracted/Raw/Labels/extreme_sentiment_results.csv#4,0.00,0.00,en,high,high,high,true,true,1,-2,,,negative,/root/autodl-tmp/data/datasets/baidupcs/CMU-MOSEI/extracted/Raw/Labels/extreme_sentiment_results.csv#kfsO4c0Ekes/4
EAQ006947,MOSEI,unknown,MOSEI/Xq7zLxYHxd8/11,/root/autodl-tmp/data/datasets/baidupcs/CMU-MOSEI/extracted/Raw/Videos/Full/Combined/Xq7zLxYHxd8.mp4,/root/autodl-tmp/data/datasets/baidupcs/CMU-MOSEI/extracted/Raw/Audio/Full/WAV_16000/Xq7zLxYHxd8.wav,/root/autodl-tmp/data/datasets/baidupcs/CMU-MOSEI/extracted/Raw/Labels/extreme_sentiment_results.csv#11,0.00,0.00,en,high,high,high,true,true,0,0,,,neutral,/root/autodl-tmp/data/datasets/baidupcs/CMU-MOSEI/extracted/Raw/Labels/extreme_sentiment_results.csv#Xq7zLxYHxd8/11
EAQ006948,MOSEI,unknown,MOSEI/NuRvTWhELqs/5,/root/autodl-tmp/data/datasets/baidupcs/CMU-MOSEI/extracted/Raw/Videos/Full/Combined/NuRvTWhELqs.mp4,/root/autodl-tmp/data/datasets/baidupcs/CMU-MOSEI/extracted/Raw/Audio/Full/WAV_16000/NuRvTWhELqs.wav,/root/autodl-tmp/data/datasets/baidupcs/CMU-MOSEI/extracted/Raw/Labels/extreme_sentiment_results.csv#5,0.00,0.00,en,high,high,high,true,true,0,0,,,neutral,/root/autodl-tmp/data/datasets/baidupcs/CMU-MOSEI/extracted/Raw/Labels/extreme_sentiment_results.csv#NuRvTWhELqs/5
EAQ006949,MOSEI,unknown,MOSEI/KLy4aBLqwCk/5,/root/autodl-tmp/data/datasets/baidupcs/CMU-MOSEI/extracted/Raw/Videos/Full/Combined/KLy4aBLqwCk.mp4,/root/autodl-tmp/data/datasets/baidupcs/CMU-MOSEI/extracted/Raw/Audio/Full/WAV_16000/KLy4aBLqwCk.wav,/root/autodl-tmp/data/datasets/baidupcs/CMU-MOSEI/extracted/Raw/Labels/extreme_sentiment_results.csv#5,0.00,0.00,en,high,high,high,true,true,0,0,,,neutral,/root/autodl-tmp/data/datasets/baidupcs/CMU-MOSEI/extracted/Raw/Labels/extreme_sentiment_results.csv#KLy4aBLqwCk/5
EAQ006950,MOSEI,unknown,MOSEI/7mb8Y2AhXIY/0,/root/autodl-tmp/data/datasets/baidupcs/CMU-MOSEI/extracted/Raw/Videos/Full/Combined/7mb8Y2AhXIY.mp4,/root/autodl-tmp/data/datasets/baidupcs/CMU-MOSEI/extracted/Raw/Audio/Full/WAV_16000/7mb8Y2AhXIY.wav,/root/autodl-tmp/data/datasets/baidupcs/CMU-MOSEI/extracted/Raw/Labels/extreme_sentiment_results.csv#0,0.00,0.00,en,high,high,high,true,true,0,1,,,positive,/root/autodl-tmp/data/datasets/baidupcs/CMU-MOSEI/extracted/Raw/Labels/extreme_sentiment_results.csv#7mb8Y2AhXIY/0
EAQ006951,MOSEI,unknown,MOSEI/qyJiDgtj6YE/6,/root/autodl-tmp/data/datasets/baidupcs/CMU-MOSEI/extracted/Raw/Videos/Full/Combined/qyJiDgtj6YE.mp4,/root/autodl-tmp/data/datasets/baidupcs/CMU-MOSEI/extracted/Raw/Audio/Full/WAV_16000/qyJiDgtj6YE.wav,/root/autodl-tmp/data/datasets/baidupcs/CMU-MOSEI/extracted/Raw/Labels/extreme_sentiment_results.csv#6,0.00,0.00,en,high,high,high,true,true,1,0,,,neutral,/root/autodl-tmp/data/datasets/baidupcs/CMU-MOSEI/extracted/Raw/Labels/extreme_sentiment_results.csv#qyJiDgtj6YE/6
EAQ006952,MOSEI,unknown,MOSEI/mHEtr7PHxoA/1,/root/autodl-tmp/data/datasets/baidupcs/CMU-MOSEI/extracted/Raw/Videos/Full/Combined/mHEtr7PHxoA.mp4,/root/autodl-tmp/data/datasets/baidupcs/CMU-MOSEI/extracted/Raw/Audio/Full/WAV_16000/mHEtr7PHxoA.wav,/root/autodl-tmp/data/datasets/baidupcs/CMU-MOSEI/extracted/Raw/Labels/extreme_sentiment_results.csv#1,0.00,0.00,en,high,high,high,true,true,0,1,,,positive,/root/autodl-tmp/data/datasets/baidupcs/CMU-MOSEI/extracted/Raw/Labels/extreme_sentiment_results.csv#mHEtr7PHxoA/1
EAQ006953,MOSEI,unknown,MOSEI/pfCPogxnUfw/26,/root/autodl-tmp/data/datasets/baidupcs/CMU-MOSEI/extracted/Raw/Videos/Full/Combined/pfCPogxnUfw.mp4,/root/autodl-tmp/data/datasets/baidupcs/CMU-MOSEI/extracted/Raw/Audio/Full/WAV_16000/pfCPogxnUfw.wav,/root/autodl-tmp/data/datasets/baidupcs/CMU-MOSEI/extracted/Raw/Labels/extreme_sentiment_results.csv#26,0.00,0.00,en,high,high,high,true,true,0,0,,,neutral,/root/autodl-tmp/data/datasets/baidupcs/CMU-MOSEI/extracted/Raw/Labels/extreme_sentiment_results.csv#pfCPogxnUfw/26
EAQ006954,MOSEI,unknown,MOSEI/goMtnNHQ_z4/13,/root/autodl-tmp/data/datasets/baidupcs/CMU-MOSEI/extracted/Raw/Videos/Full/Combined/goMtnNHQ_z4.mp4,/root/autodl-tmp/data/datasets/baidupcs/CMU-MOSEI/extracted/Raw/Audio/Full/WAV_16000/goMtnNHQ_z4.wav,/root/autodl-tmp/data/datasets/baidupcs/CMU-MOSEI/extracted/Raw/Labels/extreme_sentiment_results.csv#13,0.00,0.00,en,high,high,high,true,true,0,1,,,positive,/root/autodl-tmp/data/datasets/baidupcs/CMU-MOSEI/extracted/Raw/Labels/extreme_sentiment_results.csv#goMtnNHQ_z4/13
EAQ006955,MOSEI,unknown,MOSEI/FHlzZ2VxuGQ/13,/root/autodl-tmp/data/datasets/baidupcs/CMU-MOSEI/extracted/Raw/Videos/Full/Combined/FHlzZ2VxuGQ.mp4,/root/autodl-tmp/data/datasets/baidupcs/CMU-MOSEI/extracted/Raw/Audio/Full/WAV_16000/FHlzZ2VxuGQ.wav,/root/autodl-tmp/data/datasets/baidupcs/CMU-MOSEI/extracted/Raw/Labels/extreme_sentiment_results.csv#13,0.00,0.00,en,high,high,high,true,true,0,1,,,positive,/root/autodl-tmp/data/datasets/baidupcs/CMU-MOSEI/extracted/Raw/Labels/extreme_sentiment_results.csv#FHlzZ2VxuGQ/13
EAQ006956,MOSEI,unknown,MOSEI/vbr3EA8cJTI/7,/root/autodl-tmp/data/datasets/baidupcs/CMU-MOSEI/extracted/Raw/Videos/Full/Combined/vbr3EA8cJTI.mp4,/root/autodl-tmp/data/datasets/baidupcs/CMU-MOSEI/extracted/Raw/Audio/Full/WAV_16000/vbr3EA8cJTI.wav,/root/autodl-tmp/data/datasets/baidupcs/CMU-MOSEI/extracted/Raw/Labels/extreme_sentiment_results.csv#7,0.00,0.00,en,high,high,high,true,true,0,0,,,neutral,/root/autodl-tmp/data/datasets/baidupcs/CMU-MOSEI/extracted/Raw/Labels/extreme_sentiment_results.csv#vbr3EA8cJTI/7
EAQ006957,MOSEI,unknown,MOSEI/ai7G98thPpk/0,/root/autodl-tmp/data/datasets/baidupcs/CMU-MOSEI/extracted/Raw/Videos/Full/Combined/ai7G98thPpk.mp4,/root/autodl-tmp/data/datasets/baidupcs/CMU-MOSEI/extracted/Raw/Audio/Full/WAV_16000/ai7G98thPpk.wav,/root/autodl-tmp/data/datasets/baidupcs/CMU-MOSEI/extracted/Raw/Labels/extreme_sentiment_results.csv#0,0.00,0.00,en,high,high,high,true,true,0,-1,,,negative,/root/autodl-tmp/data/datasets/baidupcs/CMU-MOSEI/extracted/Raw/Labels/extreme_sentiment_results.csv#ai7G98thPpk/0
EAQ006958,MOSEI,unknown,MOSEI/_aZDaIfGfPo/1,/root/autodl-tmp/data/datasets/baidupcs/CMU-MOSEI/extracted/Raw/Videos/Full/Combined/_aZDaIfGfPo.mp4,/root/autodl-tmp/data/datasets/baidupcs/CMU-MOSEI/extracted/Raw/Audio/Full/WAV_16000/_aZDaIfGfPo.wav,/root/autodl-tmp/data/datasets/baidupcs/CMU-MOSEI/extracted/Raw/Labels/extreme_sentiment_results.csv#1,0.00,0.00,en,high,high,high,true,true,0,0,,,neutral,/root/autodl-tmp/data/datasets/baidupcs/CMU-MOSEI/extracted/Raw/Labels/extreme_sentiment_results.csv#_aZDaIfGfPo/1
EAQ006959,MOSEI,unknown,MOSEI/uacdDoBtT1k/6,/root/autodl-tmp/data/datasets/baidupcs/CMU-MOSEI/extracted/Raw/Videos/Full/Combined/uacdDoBtT1k.mp4,/root/autodl-tmp/data/datasets/baidupcs/CMU-MOSEI/extracted/Raw/Audio/Full/WAV_16000/uacdDoBtT1k.wav,/root/autodl-tmp/data/datasets/baidupcs/CMU-MOSEI/extracted/Raw/Labels/extreme_sentiment_results.csv#6,0.00,0.00,en,high,high,high,true,true,0,0,,,neutral,/root/autodl-tmp/data/datasets/baidupcs/CMU-MOSEI/extracted/Raw/Labels/extreme_sentiment_results.csv#uacdDoBtT1k/6
EAQ006960,MOSEI,unknown,MOSEI/OLP0nCKwU6k/1,/root/autodl-tmp/data/datasets/baidupcs/CMU-MOSEI/extracted/Raw/Videos/Full/Combined/OLP0nCKwU6k.mp4,/root/autodl-tmp/data/datasets/baidupcs/CMU-MOSEI/extracted/Raw/Audio/Full/WAV_16000/OLP0nCKwU6k.wav,/root/autodl-tmp/data/datasets/baidupcs/CMU-MOSEI/extracted/Raw/Labels/extreme_sentiment_results.csv#1,0.00,0.00,en,high,high,high,true,true,0,0,,,neutral,/root/autodl-tmp/data/datasets/baidupcs/CMU-MOSEI/extracted/Raw/Labels/extreme_sentiment_results.csv#OLP0nCKwU6k/1
EAQ006961,MOSEI,unknown,MOSEI/mHGaQ_nv9UY/16,/root/autodl-tmp/data/datasets/baidupcs/CMU-MOSEI/extracted/Raw/Videos/Full/Combined/mHGaQ_nv9UY.mp4,/root/autodl-tmp/data/datasets/baidupcs/CMU-MOSEI/extracted/Raw/Audio/Full/WAV_16000/mHGaQ_nv9UY.wav,/root/autodl-tmp/data/datasets/baidupcs/CMU-MOSEI/extracted/Raw/Labels/extreme_sentiment_results.csv#16,0.00,0.00,en,high,high,high,true,true,0,0,,,neutral,/root/autodl-tmp/data/datasets/baidupcs/CMU-MOSEI/extracted/Raw/Labels/extreme_sentiment_results.csv#mHGaQ_nv9UY/16
EAQ006962,MOSEI,unknown,MOSEI/MHyW857u_X8/17,/root/autodl-tmp/data/datasets/baidupcs/CMU-MOSEI/extracted/Raw/Videos/Full/Combined/MHyW857u_X8.mp4,/root/autodl-tmp/data/datasets/baidupcs/CMU-MOSEI/extracted/Raw/Audio/Full/WAV_16000/MHyW857u_X8.wav,/root/autodl-tmp/data/datasets/baidupcs/CMU-MOSEI/extracted/Raw/Labels/extreme_sentiment_results.csv#17,0.00,0.00,en,high,high,high,true,true,0,0,,,neutral,/root/autodl-tmp/data/datasets/baidupcs/CMU-MOSEI/extracted/Raw/Labels/extreme_sentiment_results.csv#MHyW857u_X8/17
EAQ006963,MOSEI,unknown,MOSEI/bfy28AlY-TQ/6,/root/autodl-tmp/data/datasets/baidupcs/CMU-MOSEI/extracted/Raw/Videos/Full/Combined/bfy28AlY-TQ.mp4,/root/autodl-tmp/data/datasets/baidupcs/CMU-MOSEI/extracted/Raw/Audio/Full/WAV_16000/bfy28AlY-TQ.wav,/root/autodl-tmp/data/datasets/baidupcs/CMU-MOSEI/extracted/Raw/Labels/extreme_sentiment_results.csv#6,0.00,0.00,en,high,high,high,true,true,3,-3,,,negative,/root/autodl-tmp/data/datasets/baidupcs/CMU-MOSEI/extracted/Raw/Labels/extreme_sentiment_results.csv#bfy28AlY-TQ/6
EAQ006964,MOSEI,unknown,MOSEI/GmpDbIstUdc/13,/root/autodl-tmp/data/datasets/baidupcs/CMU-MOSEI/extracted/Raw/Videos/Full/Combined/GmpDbIstUdc.mp4,/root/autodl-tmp/data/datasets/baidupcs/CMU-MOSEI/extracted/Raw/Audio/Full/WAV_16000/GmpDbIstUdc.wav,/root/autodl-tmp/data/datasets/baidupcs/CMU-MOSEI/extracted/Raw/Labels/extreme_sentiment_results.csv#13,0.00,0.00,en,high,high,high,true,true,0,0,,,neutral,/root/autodl-tmp/data/datasets/baidupcs/CMU-MOSEI/extracted/Raw/Labels/extreme_sentiment_results.csv#GmpDbIstUdc/13
EAQ006965,MOSEI,unknown,MOSEI/nz2vkMyqfeE/18,/root/autodl-tmp/data/datasets/baidupcs/CMU-MOSEI/extracted/Raw/Videos/Full/Combined/nz2vkMyqfeE.mp4,/root/autodl-tmp/data/datasets/baidupcs/CMU-MOSEI/extracted/Raw/Audio/Full/WAV_16000/nz2vkMyqfeE.wav,/root/autodl-tmp/data/datasets/baidupcs/CMU-MOSEI/extracted/Raw/Labels/extreme_sentiment_results.csv#18,0.00,0.00,en,high,high,high,true,true,0,1,,,positive,/root/autodl-tmp/data/datasets/baidupcs/CMU-MOSEI/extracted/Raw/Labels/extreme_sentiment_results.csv#nz2vkMyqfeE/18
EAQ006966,MOSEI,unknown,MOSEI/07Z16yRBFUQ/5,/root/autodl-tmp/data/datasets/baidupcs/CMU-MOSEI/extracted/Raw/Videos/Full/Combined/07Z16yRBFUQ.mp4,/root/autodl-tmp/data/datasets/baidupcs/CMU-MOSEI/extracted/Raw/Audio/Full/WAV_16000/07Z16yRBFUQ.wav,/root/autodl-tmp/data/datasets/baidupcs/CMU-MOSEI/extracted/Raw/Labels/extreme_sentiment_results.csv#5,0.00,0.00,en,high,high,high,true,true,0,0,,,neutral,/root/autodl-tmp/data/datasets/baidupcs/CMU-MOSEI/extracted/Raw/Labels/extreme_sentiment_results.csv#07Z16yRBFUQ/5
EAQ006967,MOSEI,unknown,MOSEI/vi0FsBCqfRE/10,/root/autodl-tmp/data/datasets/baidupcs/CMU-MOSEI/extracted/Raw/Videos/Full/Combined/vi0FsBCqfRE.mp4,/root/autodl-tmp/data/datasets/baidupcs/CMU-MOSEI/extracted/Raw/Audio/Full/WAV_16000/vi0FsBCqfRE.wav,/root/autodl-tmp/data/datasets/baidupcs/CMU-MOSEI/extracted/Raw/Labels/extreme_sentiment_results.csv#10,0.00,0.00,en,high,high,high,true,true,0,0,,,neutral,/root/autodl-tmp/data/datasets/baidupcs/CMU-MOSEI/extracted/Raw/Labels/extreme_sentiment_results.csv#vi0FsBCqfRE/10
EAQ006968,MOSEI,unknown,MOSEI/Arh2TKRi_mg/10,/root/autodl-tmp/data/datasets/baidupcs/CMU-MOSEI/extracted/Raw/Videos/Full/Combined/Arh2TKRi_mg.mp4,/root/autodl-tmp/data/datasets/baidupcs/CMU-MOSEI/extracted/Raw/Audio/Full/WAV_16000/Arh2TKRi_mg.wav,/root/autodl-tmp/data/datasets/baidupcs/CMU-MOSEI/extracted/Raw/Labels/extreme_sentiment_results.csv#10,0.00,0.00,en,high,high,high,true,true,0,0,,,neutral,/root/autodl-tmp/data/datasets/baidupcs/CMU-MOSEI/extracted/Raw/Labels/extreme_sentiment_results.csv#Arh2TKRi_mg/10
EAQ006969,MOSEI,unknown,MOSEI/ZUqTWOx9jYU/6,/root/autodl-tmp/data/datasets/baidupcs/CMU-MOSEI/extracted/Raw/Videos/Full/Combined/ZUqTWOx9jYU.mp4,/root/autodl-tmp/data/datasets/baidupcs/CMU-MOSEI/extracted/Raw/Audio/Full/WAV_16000/ZUqTWOx9jYU.wav,/root/autodl-tmp/data/datasets/baidupcs/CMU-MOSEI/extracted/Raw/Labels/extreme_sentiment_results.csv#6,0.00,0.00,en,high,high,high,true,true,0,1,,,positive,/root/autodl-tmp/data/datasets/baidupcs/CMU-MOSEI/extracted/Raw/Labels/extreme_sentiment_results.csv#ZUqTWOx9jYU/6
EAQ006970,MOSEI,unknown,MOSEI/muOYAxkG-Zo/15,/root/autodl-tmp/data/datasets/baidupcs/CMU-MOSEI/extracted/Raw/Videos/Full/Combined/muOYAxkG-Zo.mp4,/root/autodl-tmp/data/datasets/baidupcs/CMU-MOSEI/extracted/Raw/Audio/Full/WAV_16000/muOYAxkG-Zo.wav,/root/autodl-tmp/data/datasets/baidupcs/CMU-MOSEI/extracted/Raw/Labels/extreme_sentiment_results.csv#15,0.00,0.00,en,high,high,high,true,true,0,0,,,neutral,/root/autodl-tmp/data/datasets/baidupcs/CMU-MOSEI/extracted/Raw/Labels/extreme_sentiment_results.csv#muOYAxkG-Zo/15
EAQ006971,MOSEI,unknown,MOSEI/Y6s_vuUUsJM/4,/root/autodl-tmp/data/datasets/baidupcs/CMU-MOSEI/extracted/Raw/Videos/Full/Combined/Y6s_vuUUsJM.mp4,/root/autodl-tmp/data/datasets/baidupcs/CMU-MOSEI/extracted/Raw/Audio/Full/WAV_16000/Y6s_vuUUsJM.wav,/root/autodl-tmp/data/datasets/baidupcs/CMU-MOSEI/extracted/Raw/Labels/extreme_sentiment_results.csv#4,0.00,0.00,en,high,high,high,true,true,0,1,,,positive,/root/autodl-tmp/data/datasets/baidupcs/CMU-MOSEI/extracted/Raw/Labels/extreme_sentiment_results.csv#Y6s_vuUUsJM/4
EAQ006972,MOSEI,unknown,MOSEI/0OC3wf9x3zQ/16,/root/autodl-tmp/data/datasets/baidupcs/CMU-MOSEI/extracted/Raw/Videos/Full/Combined/0OC3wf9x3zQ.mp4,/root/autodl-tmp/data/datasets/baidupcs/CMU-MOSEI/extracted/Raw/Audio/Full/WAV_16000/0OC3wf9x3zQ.wav,/root/autodl-tmp/data/datasets/baidupcs/CMU-MOSEI/extracted/Raw/Labels/extreme_sentiment_results.csv#16,0.00,0.00,en,high,high,high,true,true,0,0,,,neutral,/root/autodl-tmp/data/datasets/baidupcs/CMU-MOSEI/extracted/Raw/Labels/extreme_sentiment_results.csv#0OC3wf9x3zQ/16
EAQ006973,MOSEI,unknown,MOSEI/FqEekswKPWE/6,/root/autodl-tmp/data/datasets/baidupcs/CMU-MOSEI/extracted/Raw/Videos/Full/Combined/FqEekswKPWE.mp4,/root/autodl-tmp/data/datasets/baidupcs/CMU-MOSEI/extracted/Raw/Audio/Full/WAV_16000/FqEekswKPWE.wav,/root/autodl-tmp/data/datasets/baidupcs/CMU-MOSEI/extracted/Raw/Labels/extreme_sentiment_results.csv#6,0.00,0.00,en,high,high,high,true,true,0,1,,,positive,/root/autodl-tmp/data/datasets/baidupcs/CMU-MOSEI/extracted/Raw/Labels/extreme_sentiment_results.csv#FqEekswKPWE/6
EAQ006974,MOSEI,unknown,MOSEI/YB9EUgrzCCo/9,/root/autodl-tmp/data/datasets/baidupcs/CMU-MOSEI/extracted/Raw/Videos/Full/Combined/YB9EUgrzCCo.mp4,/root/autodl-tmp/data/datasets/baidupcs/CMU-MOSEI/extracted/Raw/Audio/Full/WAV_16000/YB9EUgrzCCo.wav,/root/autodl-tmp/data/datasets/baidupcs/CMU-MOSEI/extracted/Raw/Labels/extreme_sentiment_results.csv#9,0.00,0.00,en,high,high,high,true,true,0,0,,,neutral,/root/autodl-tmp/data/datasets/baidupcs/CMU-MOSEI/extracted/Raw/Labels/extreme_sentiment_results.csv#YB9EUgrzCCo/9
EAQ006975,MOSEI,unknown,MOSEI/tw2xFbfgV4U/6,/root/autodl-tmp/data/datasets/baidupcs/CMU-MOSEI/extracted/Raw/Videos/Full/Combined/tw2xFbfgV4U.mp4,/root/autodl-tmp/data/datasets/baidupcs/CMU-MOSEI/extracted/Raw/Audio/Full/WAV_16000/tw2xFbfgV4U.wav,/root/autodl-tmp/data/datasets/baidupcs/CMU-MOSEI/extracted/Raw/Labels/extreme_sentiment_results.csv#6,0.00,0.00,en,high,high,high,true,true,0,2,,,positive,/root/autodl-tmp/data/datasets/baidupcs/CMU-MOSEI/extracted/Raw/Labels/extreme_sentiment_results.csv#tw2xFbfgV4U/6
EAQ006976,MOSEI,unknown,MOSEI/fTKe7E_4OCQ/15,/root/autodl-tmp/data/datasets/baidupcs/CMU-MOSEI/extracted/Raw/Videos/Full/Combined/fTKe7E_4OCQ.mp4,/root/autodl-tmp/data/datasets/baidupcs/CMU-MOSEI/extracted/Raw/Audio/Full/WAV_16000/fTKe7E_4OCQ.wav,/root/autodl-tmp/data/datasets/baidupcs/CMU-MOSEI/extracted/Raw/Labels/extreme_sentiment_results.csv#15,0.00,0.00,en,high,high,high,true,true,0,0,,,neutral,/root/autodl-tmp/data/datasets/baidupcs/CMU-MOSEI/extracted/Raw/Labels/extreme_sentiment_results.csv#fTKe7E_4OCQ/15
EAQ006977,MOSEI,unknown,MOSEI/PmemTgQHagk/5,/root/autodl-tmp/data/datasets/baidupcs/CMU-MOSEI/extracted/Raw/Videos/Full/Combined/PmemTgQHagk.mp4,/root/autodl-tmp/data/datasets/baidupcs/CMU-MOSEI/extracted/Raw/Audio/Full/WAV_16000/PmemTgQHagk.wav,/root/autodl-tmp/data/datasets/baidupcs/CMU-MOSEI/extracted/Raw/Labels/extreme_sentiment_results.csv#5,0.00,0.00,en,high,high,high,true,true,0,3,,,positive,/root/autodl-tmp/data/datasets/baidupcs/CMU-MOSEI/extracted/Raw/Labels/extreme_sentiment_results.csv#PmemTgQHagk/5
EAQ006978,MOSEI,unknown,MOSEI/cSrM5mHACmA/8,/root/autodl-tmp/data/datasets/baidupcs/CMU-MOSEI/extracted/Raw/Videos/Full/Combined/cSrM5mHACmA.mp4,/root/autodl-tmp/data/datasets/baidupcs/CMU-MOSEI/extracted/Raw/Audio/Full/WAV_16000/cSrM5mHACmA.wav,/root/autodl-tmp/data/datasets/baidupcs/CMU-MOSEI/extracted/Raw/Labels/extreme_sentiment_results.csv#8,0.00,0.00,en,high,high,high,true,true,0,0,,,neutral,/root/autodl-tmp/data/datasets/baidupcs/CMU-MOSEI/extracted/Raw/Labels/extreme_sentiment_results.csv#cSrM5mHACmA/8
EAQ006979,MOSEI,unknown,MOSEI/-MeTTeMJBNc/0,/root/autodl-tmp/data/datasets/baidupcs/CMU-MOSEI/extracted/Raw/Videos/Full/Combined/-MeTTeMJBNc.mp4,/root/autodl-tmp/data/datasets/baidupcs/CMU-MOSEI/extracted/Raw/Audio/Full/WAV_16000/-MeTTeMJBNc.wav,/root/autodl-tmp/data/datasets/baidupcs/CMU-MOSEI/extracted/Raw/Labels/extreme_sentiment_results.csv#0,0.00,0.00,en,high,high,high,true,true,0,0,,,neutral,/root/autodl-tmp/data/datasets/baidupcs/CMU-MOSEI/extracted/Raw/Labels/extreme_sentiment_results.csv#-MeTTeMJBNc/0
EAQ006980,MOSEI,unknown,MOSEI/bYt4wybVLRQ/14,/root/autodl-tmp/data/datasets/baidupcs/CMU-MOSEI/extracted/Raw/Videos/Full/Combined/bYt4wybVLRQ.mp4,/root/autodl-tmp/data/datasets/baidupcs/CMU-MOSEI/extracted/Raw/Audio/Full/WAV_16000/bYt4wybVLRQ.wav,/root/autodl-tmp/data/datasets/baidupcs/CMU-MOSEI/extracted/Raw/Labels/extreme_sentiment_results.csv#14,0.00,0.00,en,high,high,high,true,true,0,0,,,neutral,/root/autodl-tmp/data/datasets/baidupcs/CMU-MOSEI/extracted/Raw/Labels/extreme_sentiment_results.csv#bYt4wybVLRQ/14
EAQ006981,MOSEI,unknown,MOSEI/wNx1ZnQ0MDQ/4,/root/autodl-tmp/data/datasets/baidupcs/CMU-MOSEI/extracted/Raw/Videos/Full/Combined/wNx1ZnQ0MDQ.mp4,/root/autodl-tmp/data/datasets/baidupcs/CMU-MOSEI/extracted/Raw/Audio/Full/WAV_16000/wNx1ZnQ0MDQ.wav,/root/autodl-tmp/data/datasets/baidupcs/CMU-MOSEI/extracted/Raw/Labels/extreme_sentiment_results.csv#4,0.00,0.00,en,high,high,high,true,true,0,0,,,neutral,/root/autodl-tmp/data/datasets/baidupcs/CMU-MOSEI/extracted/Raw/Labels/extreme_sentiment_results.csv#wNx1ZnQ0MDQ/4
EAQ006982,MOSEI,unknown,MOSEI/5wpCKY2U1NE/9,/root/autodl-tmp/data/datasets/baidupcs/CMU-MOSEI/extracted/Raw/Videos/Full/Combined/5wpCKY2U1NE.mp4,/root/autodl-tmp/data/datasets/baidupcs/CMU-MOSEI/extracted/Raw/Audio/Full/WAV_16000/5wpCKY2U1NE.wav,/root/autodl-tmp/data/datasets/baidupcs/CMU-MOSEI/extracted/Raw/Labels/extreme_sentiment_results.csv#9,0.00,0.00,en,high,high,high,true,true,0,-1,,,negative,/root/autodl-tmp/data/datasets/baidupcs/CMU-MOSEI/extracted/Raw/Labels/extreme_sentiment_results.csv#5wpCKY2U1NE/9
EAQ006983,MOSEI,unknown,MOSEI/4poXF3xo6Z8/3,/root/autodl-tmp/data/datasets/baidupcs/CMU-MOSEI/extracted/Raw/Videos/Full/Combined/4poXF3xo6Z8.mp4,/root/autodl-tmp/data/datasets/baidupcs/CMU-MOSEI/extracted/Raw/Audio/Full/WAV_16000/4poXF3xo6Z8.wav,/root/autodl-tmp/data/datasets/baidupcs/CMU-MOSEI/extracted/Raw/Labels/extreme_sentiment_results.csv#3,0.00,0.00,en,high,high,high,true,true,0,0,,,neutral,/root/autodl-tmp/data/datasets/baidupcs/CMU-MOSEI/extracted/Raw/Labels/extreme_sentiment_results.csv#4poXF3xo6Z8/3
EAQ006984,MOSEI,unknown,MOSEI/szic2IB9HB4/7,/root/autodl-tmp/data/datasets/baidupcs/CMU-MOSEI/extracted/Raw/Videos/Full/Combined/szic2IB9HB4.mp4,/root/autodl-tmp/data/datasets/baidupcs/CMU-MOSEI/extracted/Raw/Audio/Full/WAV_16000/szic2IB9HB4.wav,/root/autodl-tmp/data/datasets/baidupcs/CMU-MOSEI/extracted/Raw/Labels/extreme_sentiment_results.csv#7,0.00,0.00,en,high,high,high,true,true,0,0,,,neutral,/root/autodl-tmp/data/datasets/baidupcs/CMU-MOSEI/extracted/Raw/Labels/extreme_sentiment_results.csv#szic2IB9HB4/7
EAQ006985,MOSEI,unknown,MOSEI/SZRxuS6fn9s/3,/root/autodl-tmp/data/datasets/baidupcs/CMU-MOSEI/extracted/Raw/Videos/Full/Combined/SZRxuS6fn9s.mp4,/root/autodl-tmp/data/datasets/baidupcs/CMU-MOSEI/extracted/Raw/Audio/Full/WAV_16000/SZRxuS6fn9s.wav,/root/autodl-tmp/data/datasets/baidupcs/CMU-MOSEI/extracted/Raw/Labels/extreme_sentiment_results.csv#3,0.00,0.00,en,high,high,high,true,true,1,-2,,,negative,/root/autodl-tmp/data/datasets/baidupcs/CMU-MOSEI/extracted/Raw/Labels/extreme_sentiment_results.csv#SZRxuS6fn9s/3
EAQ006986,MOSEI,unknown,MOSEI/3odZe3AGilc/3,/root/autodl-tmp/data/datasets/baidupcs/CMU-MOSEI/extracted/Raw/Videos/Full/Combined/3odZe3AGilc.mp4,/root/autodl-tmp/data/datasets/baidupcs/CMU-MOSEI/extracted/Raw/Audio/Full/WAV_16000/3odZe3AGilc.wav,/root/autodl-tmp/data/datasets/baidupcs/CMU-MOSEI/extracted/Raw/Labels/extreme_sentiment_results.csv#3,0.00,0.00,en,high,high,high,true,true,0,2,,,positive,/root/autodl-tmp/data/datasets/baidupcs/CMU-MOSEI/extracted/Raw/Labels/extreme_sentiment_results.csv#3odZe3AGilc/3
EAQ006987,MOSEI,unknown,MOSEI/P17tYiqMGRU/4,/root/autodl-tmp/data/datasets/baidupcs/CMU-MOSEI/extracted/Raw/Videos/Full/Combined/P17tYiqMGRU.mp4,/root/autodl-tmp/data/datasets/baidupcs/CMU-MOSEI/extracted/Raw/Audio/Full/WAV_16000/P17tYiqMGRU.wav,/root/autodl-tmp/data/datasets/baidupcs/CMU-MOSEI/extracted/Raw/Labels/extreme_sentiment_results.csv#4,0.00,0.00,en,high,high,high,true,true,0,0,,,neutral,/root/autodl-tmp/data/datasets/baidupcs/CMU-MOSEI/extracted/Raw/Labels/extreme_sentiment_results.csv#P17tYiqMGRU/4
EAQ006988,MOSEI,unknown,MOSEI/ussfmzwftQ8/1,/root/autodl-tmp/data/datasets/baidupcs/CMU-MOSEI/extracted/Raw/Videos/Full/Combined/ussfmzwftQ8.mp4,/root/autodl-tmp/data/datasets/baidupcs/CMU-MOSEI/extracted/Raw/Audio/Full/WAV_16000/ussfmzwftQ8.wav,/root/autodl-tmp/data/datasets/baidupcs/CMU-MOSEI/extracted/Raw/Labels/extreme_sentiment_results.csv#1,0.00,0.00,en,high,high,high,true,true,0,1,,,positive,/root/autodl-tmp/data/datasets/baidupcs/CMU-MOSEI/extracted/Raw/Labels/extreme_sentiment_results.csv#ussfmzwftQ8/1
EAQ006989,MOSEI,unknown,MOSEI/9JqwFRCTKOM/8,/root/autodl-tmp/data/datasets/baidupcs/CMU-MOSEI/extracted/Raw/Videos/Full/Combined/9JqwFRCTKOM.mp4,/root/autodl-tmp/data/datasets/baidupcs/CMU-MOSEI/extracted/Raw/Audio/Full/WAV_16000/9JqwFRCTKOM.wav,/root/autodl-tmp/data/datasets/baidupcs/CMU-MOSEI/extracted/Raw/Labels/extreme_sentiment_results.csv#8,0.00,0.00,en,high,high,high,true,true,0,1,,,positive,/root/autodl-tmp/data/datasets/baidupcs/CMU-MOSEI/extracted/Raw/Labels/extreme_sentiment_results.csv#9JqwFRCTKOM/8
EAQ006990,MOSEI,unknown,MOSEI/CQnwOZRgQXs/1,/root/autodl-tmp/data/datasets/baidupcs/CMU-MOSEI/extracted/Raw/Videos/Full/Combined/CQnwOZRgQXs.mp4,/root/autodl-tmp/data/datasets/baidupcs/CMU-MOSEI/extracted/Raw/Audio/Full/WAV_16000/CQnwOZRgQXs.wav,/root/autodl-tmp/data/datasets/baidupcs/CMU-MOSEI/extracted/Raw/Labels/extreme_sentiment_results.csv#1,0.00,0.00,en,high,high,high,true,true,0,0,,,neutral,/root/autodl-tmp/data/datasets/baidupcs/CMU-MOSEI/extracted/Raw/Labels/extreme_sentiment_results.csv#CQnwOZRgQXs/1
EAQ006991,MOSEI,unknown,MOSEI/SWHmteF5Rlk/1,/root/autodl-tmp/data/datasets/baidupcs/CMU-MOSEI/extracted/Raw/Videos/Full/Combined/SWHmteF5Rlk.mp4,/root/autodl-tmp/data/datasets/baidupcs/CMU-MOSEI/extracted/Raw/Audio/Full/WAV_16000/SWHmteF5Rlk.wav,/root/autodl-tmp/data/datasets/baidupcs/CMU-MOSEI/extracted/Raw/Labels/extreme_sentiment_results.csv#1,0.00,0.00,en,high,high,high,true,true,0,0,,,neutral,/root/autodl-tmp/data/datasets/baidupcs/CMU-MOSEI/extracted/Raw/Labels/extreme_sentiment_results.csv#SWHmteF5Rlk/1
EAQ006992,MOSEI,unknown,MOSEI/07Z16yRBFUQ/3,/root/autodl-tmp/data/datasets/baidupcs/CMU-MOSEI/extracted/Raw/Videos/Full/Combined/07Z16yRBFUQ.mp4,/root/autodl-tmp/data/datasets/baidupcs/CMU-MOSEI/extracted/Raw/Audio/Full/WAV_16000/07Z16yRBFUQ.wav,/root/autodl-tmp/data/datasets/baidupcs/CMU-MOSEI/extracted/Raw/Labels/extreme_sentiment_results.csv#3,0.00,0.00,en,high,high,high,true,true,0,0,,,neutral,/root/autodl-tmp/data/datasets/baidupcs/CMU-MOSEI/extracted/Raw/Labels/extreme_sentiment_results.csv#07Z16yRBFUQ/3
EAQ006993,MOSEI,unknown,MOSEI/iMss8xBhFiI/10,/root/autodl-tmp/data/datasets/baidupcs/CMU-MOSEI/extracted/Raw/Videos/Full/Combined/iMss8xBhFiI.mp4,/root/autodl-tmp/data/datasets/baidupcs/CMU-MOSEI/extracted/Raw/Audio/Full/WAV_16000/iMss8xBhFiI.wav,/root/autodl-tmp/data/datasets/baidupcs/CMU-MOSEI/extracted/Raw/Labels/extreme_sentiment_results.csv#10,0.00,0.00,en,high,high,high,true,true,0,-2,,,negative,/root/autodl-tmp/data/datasets/baidupcs/CMU-MOSEI/extracted/Raw/Labels/extreme_sentiment_results.csv#iMss8xBhFiI/10
EAQ006994,MOSEI,unknown,MOSEI/zeQKU2L173M/8,/root/autodl-tmp/data/datasets/baidupcs/CMU-MOSEI/extracted/Raw/Videos/Full/Combined/zeQKU2L173M.mp4,/root/autodl-tmp/data/datasets/baidupcs/CMU-MOSEI/extracted/Raw/Audio/Full/WAV_16000/zeQKU2L173M.wav,/root/autodl-tmp/data/datasets/baidupcs/CMU-MOSEI/extracted/Raw/Labels/extreme_sentiment_results.csv#8,0.00,0.00,en,high,high,high,true,true,0,0,,,neutral,/root/autodl-tmp/data/datasets/baidupcs/CMU-MOSEI/extracted/Raw/Labels/extreme_sentiment_results.csv#zeQKU2L173M/8
EAQ006995,MOSEI,unknown,MOSEI/s2oX3zxWuEI/8,/root/autodl-tmp/data/datasets/baidupcs/CMU-MOSEI/extracted/Raw/Videos/Full/Combined/s2oX3zxWuEI.mp4,/root/autodl-tmp/data/datasets/baidupcs/CMU-MOSEI/extracted/Raw/Audio/Full/WAV_16000/s2oX3zxWuEI.wav,/root/autodl-tmp/data/datasets/baidupcs/CMU-MOSEI/extracted/Raw/Labels/extreme_sentiment_results.csv#8,0.00,0.00,en,high,high,high,true,true,0,0,,,neutral,/root/autodl-tmp/data/datasets/baidupcs/CMU-MOSEI/extracted/Raw/Labels/extreme_sentiment_results.csv#s2oX3zxWuEI/8
EAQ006996,MOSEI,unknown,MOSEI/1RxliidxXyQ/0,/root/autodl-tmp/data/datasets/baidupcs/CMU-MOSEI/extracted/Raw/Videos/Full/Combined/1RxliidxXyQ.mp4,/root/autodl-tmp/data/datasets/baidupcs/CMU-MOSEI/extracted/Raw/Audio/Full/WAV_16000/1RxliidxXyQ.wav,/root/autodl-tmp/data/datasets/baidupcs/CMU-MOSEI/extracted/Raw/Labels/extreme_sentiment_results.csv#0,0.00,0.00,en,high,high,high,true,true,0,0,,,neutral,/root/autodl-tmp/data/datasets/baidupcs/CMU-MOSEI/extracted/Raw/Labels/extreme_sentiment_results.csv#1RxliidxXyQ/0
EAQ006997,MOSEI,unknown,MOSEI/6J_yzh1LNAE/0,/root/autodl-tmp/data/datasets/baidupcs/CMU-MOSEI/extracted/Raw/Videos/Full/Combined/6J_yzh1LNAE.mp4,/root/autodl-tmp/data/datasets/baidupcs/CMU-MOSEI/extracted/Raw/Audio/Full/WAV_16000/6J_yzh1LNAE.wav,/root/autodl-tmp/data/datasets/baidupcs/CMU-MOSEI/extracted/Raw/Labels/extreme_sentiment_results.csv#0,0.00,0.00,en,high,high,high,true,true,2,0,,,neutral,/root/autodl-tmp/data/datasets/baidupcs/CMU-MOSEI/extracted/Raw/Labels/extreme_sentiment_results.csv#6J_yzh1LNAE/0
EAQ006998,MOSEI,unknown,MOSEI/F8KE2ZhoUe4/19,/root/autodl-tmp/data/datasets/baidupcs/CMU-MOSEI/extracted/Raw/Videos/Full/Combined/F8KE2ZhoUe4.mp4,/root/autodl-tmp/data/datasets/baidupcs/CMU-MOSEI/extracted/Raw/Audio/Full/WAV_16000/F8KE2ZhoUe4.wav,/root/autodl-tmp/data/datasets/baidupcs/CMU-MOSEI/extracted/Raw/Labels/extreme_sentiment_results.csv#19,0.00,0.00,en,high,high,high,true,true,0,1,,,positive,/root/autodl-tmp/data/datasets/baidupcs/CMU-MOSEI/extracted/Raw/Labels/extreme_sentiment_results.csv#F8KE2ZhoUe4/19
EAQ006999,MOSEI,unknown,MOSEI/TxRtSItpGMo/7,/root/autodl-tmp/data/datasets/baidupcs/CMU-MOSEI/extracted/Raw/Videos/Full/Combined/TxRtSItpGMo.mp4,/root/autodl-tmp/data/datasets/baidupcs/CMU-MOSEI/extracted/Raw/Audio/Full/WAV_16000/TxRtSItpGMo.wav,/root/autodl-tmp/data/datasets/baidupcs/CMU-MOSEI/extracted/Raw/Labels/extreme_sentiment_results.csv#7,0.00,0.00,en,high,high,high,true,true,0,1,,,positive,/root/autodl-tmp/data/datasets/baidupcs/CMU-MOSEI/extracted/Raw/Labels/extreme_sentiment_results.csv#TxRtSItpGMo/7
EAQ007000,MOSEI,unknown,MOSEI/j4MpQ6CKoDE/2,/root/autodl-tmp/data/datasets/baidupcs/CMU-MOSEI/extracted/Raw/Videos/Full/Combined/j4MpQ6CKoDE.mp4,/root/autodl-tmp/data/datasets/baidupcs/CMU-MOSEI/extracted/Raw/Audio/Full/WAV_16000/j4MpQ6CKoDE.wav,/root/autodl-tmp/data/datasets/baidupcs/CMU-MOSEI/extracted/Raw/Labels/extreme_sentiment_results.csv#2,0.00,0.00,en,high,high,high,true,true,0,0,,,neutral,/root/autodl-tmp/data/datasets/baidupcs/CMU-MOSEI/extracted/Raw/Labels/extreme_sentiment_results.csv#j4MpQ6CKoDE/2
EAQ007001,MOSEI,unknown,MOSEI/vi0FsBCqfRE/2,/root/autodl-tmp/data/datasets/baidupcs/CMU-MOSEI/extracted/Raw/Videos/Full/Combined/vi0FsBCqfRE.mp4,/root/autodl-tmp/data/datasets/baidupcs/CMU-MOSEI/extracted/Raw/Audio/Full/WAV_16000/vi0FsBCqfRE.wav,/root/autodl-tmp/data/datasets/baidupcs/CMU-MOSEI/extracted/Raw/Labels/extreme_sentiment_results.csv#2,0.00,0.00,en,high,high,high,true,true,0,0,,,neutral,/root/autodl-tmp/data/datasets/baidupcs/CMU-MOSEI/extracted/Raw/Labels/extreme_sentiment_results.csv#vi0FsBCqfRE/2
EAQ007002,MOSEI,unknown,MOSEI/jbJF3aphcP0/3,/root/autodl-tmp/data/datasets/baidupcs/CMU-MOSEI/extracted/Raw/Videos/Full/Combined/jbJF3aphcP0.mp4,/root/autodl-tmp/data/datasets/baidupcs/CMU-MOSEI/extracted/Raw/Audio/Full/WAV_16000/jbJF3aphcP0.wav,/root/autodl-tmp/data/datasets/baidupcs/CMU-MOSEI/extracted/Raw/Labels/extreme_sentiment_results.csv#3,0.00,0.00,en,high,high,high,true,true,0,0,,,neutral,/root/autodl-tmp/data/datasets/baidupcs/CMU-MOSEI/extracted/Raw/Labels/extreme_sentiment_results.csv#jbJF3aphcP0/3
EAQ007003,MOSEI,unknown,MOSEI/-6rXp3zJ3kc/8,/root/autodl-tmp/data/datasets/baidupcs/CMU-MOSEI/extracted/Raw/Videos/Full/Combined/-6rXp3zJ3kc.mp4,/root/autodl-tmp/data/datasets/baidupcs/CMU-MOSEI/extracted/Raw/Audio/Full/WAV_16000/-6rXp3zJ3kc.wav,/root/autodl-tmp/data/datasets/baidupcs/CMU-MOSEI/extracted/Raw/Labels/extreme_sentiment_results.csv#8,0.00,0.00,en,high,high,high,true,true,0,-1,,,negative,/root/autodl-tmp/data/datasets/baidupcs/CMU-MOSEI/extracted/Raw/Labels/extreme_sentiment_results.csv#-6rXp3zJ3kc/8
EAQ007004,MOSEI,unknown,MOSEI/dbpGH5iP0GE/3,/root/autodl-tmp/data/datasets/baidupcs/CMU-MOSEI/extracted/Raw/Videos/Full/Combined/dbpGH5iP0GE.mp4,/root/autodl-tmp/data/datasets/baidupcs/CMU-MOSEI/extracted/Raw/Audio/Full/WAV_16000/dbpGH5iP0GE.wav,/root/autodl-tmp/data/datasets/baidupcs/CMU-MOSEI/extracted/Raw/Labels/extreme_sentiment_results.csv#3,0.00,0.00,en,high,high,high,true,true,0,0,,,neutral,/root/autodl-tmp/data/datasets/baidupcs/CMU-MOSEI/extracted/Raw/Labels/extreme_sentiment_results.csv#dbpGH5iP0GE/3
EAQ007005,MOSEI,unknown,MOSEI/ZUqTWOx9jYU/7,/root/autodl-tmp/data/datasets/baidupcs/CMU-MOSEI/extracted/Raw/Videos/Full/Combined/ZUqTWOx9jYU.mp4,/root/autodl-tmp/data/datasets/baidupcs/CMU-MOSEI/extracted/Raw/Audio/Full/WAV_16000/ZUqTWOx9jYU.wav,/root/autodl-tmp/data/datasets/baidupcs/CMU-MOSEI/extracted/Raw/Labels/extreme_sentiment_results.csv#7,0.00,0.00,en,high,high,high,true,true,0,0,,,neutral,/root/autodl-tmp/data/datasets/baidupcs/CMU-MOSEI/extracted/Raw/Labels/extreme_sentiment_results.csv#ZUqTWOx9jYU/7
EAQ007006,MOSEI,unknown,MOSEI/mHEtr7PHxoA/0,/root/autodl-tmp/data/datasets/baidupcs/CMU-MOSEI/extracted/Raw/Videos/Full/Combined/mHEtr7PHxoA.mp4,/root/autodl-tmp/data/datasets/baidupcs/CMU-MOSEI/extracted/Raw/Audio/Full/WAV_16000/mHEtr7PHxoA.wav,/root/autodl-tmp/data/datasets/baidupcs/CMU-MOSEI/extracted/Raw/Labels/extreme_sentiment_results.csv#0,0.00,0.00,en,high,high,high,true,true,0,1,,,positive,/root/autodl-tmp/data/datasets/baidupcs/CMU-MOSEI/extracted/Raw/Labels/extreme_sentiment_results.csv#mHEtr7PHxoA/0
EAQ007007,MOSEI,unknown,MOSEI/i714Xt6eb1Y/5,/root/autodl-tmp/data/datasets/baidupcs/CMU-MOSEI/extracted/Raw/Videos/Full/Combined/i714Xt6eb1Y.mp4,/root/autodl-tmp/data/datasets/baidupcs/CMU-MOSEI/extracted/Raw/Audio/Full/WAV_16000/i714Xt6eb1Y.wav,/root/autodl-tmp/data/datasets/baidupcs/CMU-MOSEI/extracted/Raw/Labels/extreme_sentiment_results.csv#5,0.00,0.00,en,high,high,high,true,true,0,0,,,neutral,/root/autodl-tmp/data/datasets/baidupcs/CMU-MOSEI/extracted/Raw/Labels/extreme_sentiment_results.csv#i714Xt6eb1Y/5
EAQ007008,MOSEI,unknown,MOSEI/uVM4JWjfGgQ/0,/root/autodl-tmp/data/datasets/baidupcs/CMU-MOSEI/extracted/Raw/Videos/Full/Combined/uVM4JWjfGgQ.mp4,/root/autodl-tmp/data/datasets/baidupcs/CMU-MOSEI/extracted/Raw/Audio/Full/WAV_16000/uVM4JWjfGgQ.wav,/root/autodl-tmp/data/datasets/baidupcs/CMU-MOSEI/extracted/Raw/Labels/extreme_sentiment_results.csv#0,0.00,0.00,en,high,high,high,true,true,0,1,,,positive,/root/autodl-tmp/data/datasets/baidupcs/CMU-MOSEI/extracted/Raw/Labels/extreme_sentiment_results.csv#uVM4JWjfGgQ/0
EAQ007009,MOSEI,unknown,MOSEI/kCQqLNiO0mk/1,/root/autodl-tmp/data/datasets/baidupcs/CMU-MOSEI/extracted/Raw/Videos/Full/Combined/kCQqLNiO0mk.mp4,/root/autodl-tmp/data/datasets/baidupcs/CMU-MOSEI/extracted/Raw/Audio/Full/WAV_16000/kCQqLNiO0mk.wav,/root/autodl-tmp/data/datasets/baidupcs/CMU-MOSEI/extracted/Raw/Labels/extreme_sentiment_results.csv#1,0.00,0.00,en,high,high,high,true,true,0,0,,,neutral,/root/autodl-tmp/data/datasets/baidupcs/CMU-MOSEI/extracted/Raw/Labels/extreme_sentiment_results.csv#kCQqLNiO0mk/1
EAQ007010,MOSEI,unknown,MOSEI/iFGoQUh81as/8,/root/autodl-tmp/data/datasets/baidupcs/CMU-MOSEI/extracted/Raw/Videos/Full/Combined/iFGoQUh81as.mp4,/root/autodl-tmp/data/datasets/baidupcs/CMU-MOSEI/extracted/Raw/Audio/Full/WAV_16000/iFGoQUh81as.wav,/root/autodl-tmp/data/datasets/baidupcs/CMU-MOSEI/extracted/Raw/Labels/extreme_sentiment_results.csv#8,0.00,0.00,en,high,high,high,true,true,0,0,,,neutral,/root/autodl-tmp/data/datasets/baidupcs/CMU-MOSEI/extracted/Raw/Labels/extreme_sentiment_results.csv#iFGoQUh81as/8
EAQ007011,MOSEI,unknown,MOSEI/F8eQI8E-6q4/3,/root/autodl-tmp/data/datasets/baidupcs/CMU-MOSEI/extracted/Raw/Videos/Full/Combined/F8eQI8E-6q4.mp4,/root/autodl-tmp/data/datasets/baidupcs/CMU-MOSEI/extracted/Raw/Audio/Full/WAV_16000/F8eQI8E-6q4.wav,/root/autodl-tmp/data/datasets/baidupcs/CMU-MOSEI/extracted/Raw/Labels/extreme_sentiment_results.csv#3,0.00,0.00,en,high,high,high,true,true,1,-2,,,negative,/root/autodl-tmp/data/datasets/baidupcs/CMU-MOSEI/extracted/Raw/Labels/extreme_sentiment_results.csv#F8eQI8E-6q4/3
EAQ007012,MOSEI,unknown,MOSEI/vi0FsBCqfRE/4,/root/autodl-tmp/data/datasets/baidupcs/CMU-MOSEI/extracted/Raw/Videos/Full/Combined/vi0FsBCqfRE.mp4,/root/autodl-tmp/data/datasets/baidupcs/CMU-MOSEI/extracted/Raw/Audio/Full/WAV_16000/vi0FsBCqfRE.wav,/root/autodl-tmp/data/datasets/baidupcs/CMU-MOSEI/extracted/Raw/Labels/extreme_sentiment_results.csv#4,0.00,0.00,en,high,high,high,true,true,0,0,,,neutral,/root/autodl-tmp/data/datasets/baidupcs/CMU-MOSEI/extracted/Raw/Labels/extreme_sentiment_results.csv#vi0FsBCqfRE/4
EAQ007013,MOSEI,unknown,MOSEI/flBtk736di4/15,/root/autodl-tmp/data/datasets/baidupcs/CMU-MOSEI/extracted/Raw/Videos/Full/Combined/flBtk736di4.mp4,/root/autodl-tmp/data/datasets/baidupcs/CMU-MOSEI/extracted/Raw/Audio/Full/WAV_16000/flBtk736di4.wav,/root/autodl-tmp/data/datasets/baidupcs/CMU-MOSEI/extracted/Raw/Labels/extreme_sentiment_results.csv#15,0.00,0.00,en,high,high,high,true,true,0,0,,,neutral,/root/autodl-tmp/data/datasets/baidupcs/CMU-MOSEI/extracted/Raw/Labels/extreme_sentiment_results.csv#flBtk736di4/15
EAQ007014,MOSEI,unknown,MOSEI/gPWyANEm0eE/10,/root/autodl-tmp/data/datasets/baidupcs/CMU-MOSEI/extracted/Raw/Videos/Full/Combined/gPWyANEm0eE.mp4,/root/autodl-tmp/data/datasets/baidupcs/CMU-MOSEI/extracted/Raw/Audio/Full/WAV_16000/gPWyANEm0eE.wav,/root/autodl-tmp/data/datasets/baidupcs/CMU-MOSEI/extracted/Raw/Labels/extreme_sentiment_results.csv#10,0.00,0.00,en,high,high,high,true,true,0,-2,,,negative,/root/autodl-tmp/data/datasets/baidupcs/CMU-MOSEI/extracted/Raw/Labels/extreme_sentiment_results.csv#gPWyANEm0eE/10
EAQ007015,MOSEI,unknown,MOSEI/tL8RzwWSmAE/0,/root/autodl-tmp/data/datasets/baidupcs/CMU-MOSEI/extracted/Raw/Videos/Full/Combined/tL8RzwWSmAE.mp4,/root/autodl-tmp/data/datasets/baidupcs/CMU-MOSEI/extracted/Raw/Audio/Full/WAV_16000/tL8RzwWSmAE.wav,/root/autodl-tmp/data/datasets/baidupcs/CMU-MOSEI/extracted/Raw/Labels/extreme_sentiment_results.csv#0,0.00,0.00,en,high,high,high,true,true,0,-1,,,negative,/root/autodl-tmp/data/datasets/baidupcs/CMU-MOSEI/extracted/Raw/Labels/extreme_sentiment_results.csv#tL8RzwWSmAE/0
EAQ007016,MOSEI,unknown,MOSEI/gR4gM_WXesQ/11,/root/autodl-tmp/data/datasets/baidupcs/CMU-MOSEI/extracted/Raw/Videos/Full/Combined/gR4gM_WXesQ.mp4,/root/autodl-tmp/data/datasets/baidupcs/CMU-MOSEI/extracted/Raw/Audio/Full/WAV_16000/gR4gM_WXesQ.wav,/root/autodl-tmp/data/datasets/baidupcs/CMU-MOSEI/extracted/Raw/Labels/extreme_sentiment_results.csv#11,0.00,0.00,en,high,high,high,true,true,0,0,,,neutral,/root/autodl-tmp/data/datasets/baidupcs/CMU-MOSEI/extracted/Raw/Labels/extreme_sentiment_results.csv#gR4gM_WXesQ/11
EAQ007017,MOSEI,unknown,MOSEI/uXYAfpQUYVE/10,/root/autodl-tmp/data/datasets/baidupcs/CMU-MOSEI/extracted/Raw/Videos/Full/Combined/uXYAfpQUYVE.mp4,/root/autodl-tmp/data/datasets/baidupcs/CMU-MOSEI/extracted/Raw/Audio/Full/WAV_16000/uXYAfpQUYVE.wav,/root/autodl-tmp/data/datasets/baidupcs/CMU-MOSEI/extracted/Raw/Labels/extreme_sentiment_results.csv#10,0.00,0.00,en,high,high,high,true,true,0,-2,,,negative,/root/autodl-tmp/data/datasets/baidupcs/CMU-MOSEI/extracted/Raw/Labels/extreme_sentiment_results.csv#uXYAfpQUYVE/10
EAQ007018,MOSEI,unknown,MOSEI/dJ5MXl66-UQ/1,/root/autodl-tmp/data/datasets/baidupcs/CMU-MOSEI/extracted/Raw/Videos/Full/Combined/dJ5MXl66-UQ.mp4,/root/autodl-tmp/data/datasets/baidupcs/CMU-MOSEI/extracted/Raw/Audio/Full/WAV_16000/dJ5MXl66-UQ.wav,/root/autodl-tmp/data/datasets/baidupcs/CMU-MOSEI/extracted/Raw/Labels/extreme_sentiment_results.csv#1,0.00,0.00,en,high,high,high,true,true,0,0,,,neutral,/root/autodl-tmp/data/datasets/baidupcs/CMU-MOSEI/extracted/Raw/Labels/extreme_sentiment_results.csv#dJ5MXl66-UQ/1
EAQ007019,MOSEI,unknown,MOSEI/4ZhIx2ozUIE/12,/root/autodl-tmp/data/datasets/baidupcs/CMU-MOSEI/extracted/Raw/Videos/Full/Combined/4ZhIx2ozUIE.mp4,/root/autodl-tmp/data/datasets/baidupcs/CMU-MOSEI/extracted/Raw/Audio/Full/WAV_16000/4ZhIx2ozUIE.wav,/root/autodl-tmp/data/datasets/baidupcs/CMU-MOSEI/extracted/Raw/Labels/extreme_sentiment_results.csv#12,0.00,0.00,en,high,high,high,true,true,0,0,,,neutral,/root/autodl-tmp/data/datasets/baidupcs/CMU-MOSEI/extracted/Raw/Labels/extreme_sentiment_results.csv#4ZhIx2ozUIE/12
EAQ007020,MOSEI,unknown,MOSEI/EO_5o9Gup6g/3,/root/autodl-tmp/data/datasets/baidupcs/CMU-MOSEI/extracted/Raw/Videos/Full/Combined/EO_5o9Gup6g.mp4,/root/autodl-tmp/data/datasets/baidupcs/CMU-MOSEI/extracted/Raw/Audio/Full/WAV_16000/EO_5o9Gup6g.wav,/root/autodl-tmp/data/datasets/baidupcs/CMU-MOSEI/extracted/Raw/Labels/extreme_sentiment_results.csv#3,0.00,0.00,en,high,high,high,true,true,0,-1,,,negative,/root/autodl-tmp/data/datasets/baidupcs/CMU-MOSEI/extracted/Raw/Labels/extreme_sentiment_results.csv#EO_5o9Gup6g/3
EAQ007021,MOSEI,unknown,MOSEI/3QcqpwQiiLs/2,/root/autodl-tmp/data/datasets/baidupcs/CMU-MOSEI/extracted/Raw/Videos/Full/Combined/3QcqpwQiiLs.mp4,/root/autodl-tmp/data/datasets/baidupcs/CMU-MOSEI/extracted/Raw/Audio/Full/WAV_16000/3QcqpwQiiLs.wav,/root/autodl-tmp/data/datasets/baidupcs/CMU-MOSEI/extracted/Raw/Labels/extreme_sentiment_results.csv#2,0.00,0.00,en,high,high,high,true,true,0,3,,,positive,/root/autodl-tmp/data/datasets/baidupcs/CMU-MOSEI/extracted/Raw/Labels/extreme_sentiment_results.csv#3QcqpwQiiLs/2
EAQ007022,MOSEI,unknown,MOSEI/ixZAEncExWI/5,/root/autodl-tmp/data/datasets/baidupcs/CMU-MOSEI/extracted/Raw/Videos/Full/Combined/ixZAEncExWI.mp4,/root/autodl-tmp/data/datasets/baidupcs/CMU-MOSEI/extracted/Raw/Audio/Full/WAV_16000/ixZAEncExWI.wav,/root/autodl-tmp/data/datasets/baidupcs/CMU-MOSEI/extracted/Raw/Labels/extreme_sentiment_results.csv#5,0.00,0.00,en,high,high,high,true,true,0,-1,,,negative,/root/autodl-tmp/data/datasets/baidupcs/CMU-MOSEI/extracted/Raw/Labels/extreme_sentiment_results.csv#ixZAEncExWI/5
EAQ007023,MOSEI,unknown,MOSEI/wdU-0bttAkc/3,/root/autodl-tmp/data/datasets/baidupcs/CMU-MOSEI/extracted/Raw/Videos/Full/Combined/wdU-0bttAkc.mp4,/root/autodl-tmp/data/datasets/baidupcs/CMU-MOSEI/extracted/Raw/Audio/Full/WAV_16000/wdU-0bttAkc.wav,/root/autodl-tmp/data/datasets/baidupcs/CMU-MOSEI/extracted/Raw/Labels/extreme_sentiment_results.csv#3,0.00,0.00,en,high,high,high,true,true,0,2,,,positive,/root/autodl-tmp/data/datasets/baidupcs/CMU-MOSEI/extracted/Raw/Labels/extreme_sentiment_results.csv#wdU-0bttAkc/3
EAQ007024,MOSEI,unknown,MOSEI/3lkn8MS3n8Q/28,/root/autodl-tmp/data/datasets/baidupcs/CMU-MOSEI/extracted/Raw/Videos/Full/Combined/3lkn8MS3n8Q.mp4,/root/autodl-tmp/data/datasets/baidupcs/CMU-MOSEI/extracted/Raw/Audio/Full/WAV_16000/3lkn8MS3n8Q.wav,/root/autodl-tmp/data/datasets/baidupcs/CMU-MOSEI/extracted/Raw/Labels/extreme_sentiment_results.csv#28,0.00,0.00,en,high,high,high,true,true,1,-3,,,negative,/root/autodl-tmp/data/datasets/baidupcs/CMU-MOSEI/extracted/Raw/Labels/extreme_sentiment_results.csv#3lkn8MS3n8Q/28
EAQ007025,MOSEI,unknown,MOSEI/Ta_IgA3XJ3s/2,/root/autodl-tmp/data/datasets/baidupcs/CMU-MOSEI/extracted/Raw/Videos/Full/Combined/Ta_IgA3XJ3s.mp4,/root/autodl-tmp/data/datasets/baidupcs/CMU-MOSEI/extracted/Raw/Audio/Full/WAV_16000/Ta_IgA3XJ3s.wav,/root/autodl-tmp/data/datasets/baidupcs/CMU-MOSEI/extracted/Raw/Labels/extreme_sentiment_results.csv#2,0.00,0.00,en,high,high,high,true,true,0,0,,,neutral,/root/autodl-tmp/data/datasets/baidupcs/CMU-MOSEI/extracted/Raw/Labels/extreme_sentiment_results.csv#Ta_IgA3XJ3s/2
EAQ007026,MOSEI,unknown,MOSEI/jscKL5jS-SQ/1,/root/autodl-tmp/data/datasets/baidupcs/CMU-MOSEI/extracted/Raw/Videos/Full/Combined/jscKL5jS-SQ.mp4,/root/autodl-tmp/data/datasets/baidupcs/CMU-MOSEI/extracted/Raw/Audio/Full/WAV_16000/jscKL5jS-SQ.wav,/root/autodl-tmp/data/datasets/baidupcs/CMU-MOSEI/extracted/Raw/Labels/extreme_sentiment_results.csv#1,0.00,0.00,en,high,high,high,true,true,2,-2,,,negative,/root/autodl-tmp/data/datasets/baidupcs/CMU-MOSEI/extracted/Raw/Labels/extreme_sentiment_results.csv#jscKL5jS-SQ/1
EAQ007027,MOSEI,unknown,MOSEI/KZzFCrEyKF0/8,/root/autodl-tmp/data/datasets/baidupcs/CMU-MOSEI/extracted/Raw/Videos/Full/Combined/KZzFCrEyKF0.mp4,/root/autodl-tmp/data/datasets/baidupcs/CMU-MOSEI/extracted/Raw/Audio/Full/WAV_16000/KZzFCrEyKF0.wav,/root/autodl-tmp/data/datasets/baidupcs/CMU-MOSEI/extracted/Raw/Labels/extreme_sentiment_results.csv#8,0.00,0.00,en,high,high,high,true,true,0,1,,,positive,/root/autodl-tmp/data/datasets/baidupcs/CMU-MOSEI/extracted/Raw/Labels/extreme_sentiment_results.csv#KZzFCrEyKF0/8
EAQ007028,MOSEI,unknown,MOSEI/BvvttuYysvg/5,/root/autodl-tmp/data/datasets/baidupcs/CMU-MOSEI/extracted/Raw/Videos/Full/Combined/BvvttuYysvg.mp4,/root/autodl-tmp/data/datasets/baidupcs/CMU-MOSEI/extracted/Raw/Audio/Full/WAV_16000/BvvttuYysvg.wav,/root/autodl-tmp/data/datasets/baidupcs/CMU-MOSEI/extracted/Raw/Labels/extreme_sentiment_results.csv#5,0.00,0.00,en,high,high,high,true,true,0,1,,,positive,/root/autodl-tmp/data/datasets/baidupcs/CMU-MOSEI/extracted/Raw/Labels/extreme_sentiment_results.csv#BvvttuYysvg/5
EAQ007029,MOSEI,unknown,MOSEI/qjMyjLSORY4/28,/root/autodl-tmp/data/datasets/baidupcs/CMU-MOSEI/extracted/Raw/Videos/Full/Combined/qjMyjLSORY4.mp4,/root/autodl-tmp/data/datasets/baidupcs/CMU-MOSEI/extracted/Raw/Audio/Full/WAV_16000/qjMyjLSORY4.wav,/root/autodl-tmp/data/datasets/baidupcs/CMU-MOSEI/extracted/Raw/Labels/extreme_sentiment_results.csv#28,0.00,0.00,en,high,high,high,true,true,0,0,,,neutral,/root/autodl-tmp/data/datasets/baidupcs/CMU-MOSEI/extracted/Raw/Labels/extreme_sentiment_results.csv#qjMyjLSORY4/28
EAQ007030,MOSEI,unknown,MOSEI/CzstrpOTtgo/2,/root/autodl-tmp/data/datasets/baidupcs/CMU-MOSEI/extracted/Raw/Videos/Full/Combined/CzstrpOTtgo.mp4,/root/autodl-tmp/data/datasets/baidupcs/CMU-MOSEI/extracted/Raw/Audio/Full/WAV_16000/CzstrpOTtgo.wav,/root/autodl-tmp/data/datasets/baidupcs/CMU-MOSEI/extracted/Raw/Labels/extreme_sentiment_results.csv#2,0.00,0.00,en,high,high,high,true,true,0,1,,,positive,/root/autodl-tmp/data/datasets/baidupcs/CMU-MOSEI/extracted/Raw/Labels/extreme_sentiment_results.csv#CzstrpOTtgo/2
EAQ007031,MOSEI,unknown,MOSEI/EujJ0SwiCRE/2,/root/autodl-tmp/data/datasets/baidupcs/CMU-MOSEI/extracted/Raw/Videos/Full/Combined/EujJ0SwiCRE.mp4,/root/autodl-tmp/data/datasets/baidupcs/CMU-MOSEI/extracted/Raw/Audio/Full/WAV_16000/EujJ0SwiCRE.wav,/root/autodl-tmp/data/datasets/baidupcs/CMU-MOSEI/extracted/Raw/Labels/extreme_sentiment_results.csv#2,0.00,0.00,en,high,high,high,true,true,0,0,,,neutral,/root/autodl-tmp/data/datasets/baidupcs/CMU-MOSEI/extracted/Raw/Labels/extreme_sentiment_results.csv#EujJ0SwiCRE/2
EAQ007032,MOSEI,unknown,MOSEI/B1PzCwfgXyU/6,/root/autodl-tmp/data/datasets/baidupcs/CMU-MOSEI/extracted/Raw/Videos/Full/Combined/B1PzCwfgXyU.mp4,/root/autodl-tmp/data/datasets/baidupcs/CMU-MOSEI/extracted/Raw/Audio/Full/WAV_16000/B1PzCwfgXyU.wav,/root/autodl-tmp/data/datasets/baidupcs/CMU-MOSEI/extracted/Raw/Labels/extreme_sentiment_results.csv#6,0.00,0.00,en,high,high,high,true,true,0,0,,,neutral,/root/autodl-tmp/data/datasets/baidupcs/CMU-MOSEI/extracted/Raw/Labels/extreme_sentiment_results.csv#B1PzCwfgXyU/6
EAQ007033,MOSEI,unknown,MOSEI/a4vRa-_nuJw/11,/root/autodl-tmp/data/datasets/baidupcs/CMU-MOSEI/extracted/Raw/Videos/Full/Combined/a4vRa-_nuJw.mp4,/root/autodl-tmp/data/datasets/baidupcs/CMU-MOSEI/extracted/Raw/Audio/Full/WAV_16000/a4vRa-_nuJw.wav,/root/autodl-tmp/data/datasets/baidupcs/CMU-MOSEI/extracted/Raw/Labels/extreme_sentiment_results.csv#11,0.00,0.00,en,high,high,high,true,true,1,-2,,,negative,/root/autodl-tmp/data/datasets/baidupcs/CMU-MOSEI/extracted/Raw/Labels/extreme_sentiment_results.csv#a4vRa-_nuJw/11
EAQ007034,MOSEI,unknown,MOSEI/rwNlqh0k1j4/15,/root/autodl-tmp/data/datasets/baidupcs/CMU-MOSEI/extracted/Raw/Videos/Full/Combined/rwNlqh0k1j4.mp4,/root/autodl-tmp/data/datasets/baidupcs/CMU-MOSEI/extracted/Raw/Audio/Full/WAV_16000/rwNlqh0k1j4.wav,/root/autodl-tmp/data/datasets/baidupcs/CMU-MOSEI/extracted/Raw/Labels/extreme_sentiment_results.csv#15,0.00,0.00,en,high,high,high,true,true,1,-1,,,negative,/root/autodl-tmp/data/datasets/baidupcs/CMU-MOSEI/extracted/Raw/Labels/extreme_sentiment_results.csv#rwNlqh0k1j4/15
EAQ007035,MOSEI,unknown,MOSEI/MKShLlJ7X7g/1,/root/autodl-tmp/data/datasets/baidupcs/CMU-MOSEI/extracted/Raw/Videos/Full/Combined/MKShLlJ7X7g.mp4,/root/autodl-tmp/data/datasets/baidupcs/CMU-MOSEI/extracted/Raw/Audio/Full/WAV_16000/MKShLlJ7X7g.wav,/root/autodl-tmp/data/datasets/baidupcs/CMU-MOSEI/extracted/Raw/Labels/extreme_sentiment_results.csv#1,0.00,0.00,en,high,high,high,true,true,0,0,,,neutral,/root/autodl-tmp/data/datasets/baidupcs/CMU-MOSEI/extracted/Raw/Labels/extreme_sentiment_results.csv#MKShLlJ7X7g/1
EAQ007036,MOSEI,unknown,MOSEI/94ULum9MYX0/8,/root/autodl-tmp/data/datasets/baidupcs/CMU-MOSEI/extracted/Raw/Videos/Full/Combined/94ULum9MYX0.mp4,/root/autodl-tmp/data/datasets/baidupcs/CMU-MOSEI/extracted/Raw/Audio/Full/WAV_16000/94ULum9MYX0.wav,/root/autodl-tmp/data/datasets/baidupcs/CMU-MOSEI/extracted/Raw/Labels/extreme_sentiment_results.csv#8,0.00,0.00,en,high,high,high,true,true,0,0,,,neutral,/root/autodl-tmp/data/datasets/baidupcs/CMU-MOSEI/extracted/Raw/Labels/extreme_sentiment_results.csv#94ULum9MYX0/8
EAQ007037,MOSEI,unknown,MOSEI/v0a8N7Y-Vfc/4,/root/autodl-tmp/data/datasets/baidupcs/CMU-MOSEI/extracted/Raw/Videos/Full/Combined/v0a8N7Y-Vfc.mp4,/root/autodl-tmp/data/datasets/baidupcs/CMU-MOSEI/extracted/Raw/Audio/Full/WAV_16000/v0a8N7Y-Vfc.wav,/root/autodl-tmp/data/datasets/baidupcs/CMU-MOSEI/extracted/Raw/Labels/extreme_sentiment_results.csv#4,0.00,0.00,en,high,high,high,true,true,0,2,,,positive,/root/autodl-tmp/data/datasets/baidupcs/CMU-MOSEI/extracted/Raw/Labels/extreme_sentiment_results.csv#v0a8N7Y-Vfc/4
EAQ007038,MOSEI,unknown,MOSEI/wj4snKbUWZA/3,/root/autodl-tmp/data/datasets/baidupcs/CMU-MOSEI/extracted/Raw/Videos/Full/Combined/wj4snKbUWZA.mp4,/root/autodl-tmp/data/datasets/baidupcs/CMU-MOSEI/extracted/Raw/Audio/Full/WAV_16000/wj4snKbUWZA.wav,/root/autodl-tmp/data/datasets/baidupcs/CMU-MOSEI/extracted/Raw/Labels/extreme_sentiment_results.csv#3,0.00,0.00,en,high,high,high,true,true,0,-2,,,negative,/root/autodl-tmp/data/datasets/baidupcs/CMU-MOSEI/extracted/Raw/Labels/extreme_sentiment_results.csv#wj4snKbUWZA/3
EAQ007039,MOSEI,unknown,MOSEI/EmmuWoCUgXs/12,/root/autodl-tmp/data/datasets/baidupcs/CMU-MOSEI/extracted/Raw/Videos/Full/Combined/EmmuWoCUgXs.mp4,/root/autodl-tmp/data/datasets/baidupcs/CMU-MOSEI/extracted/Raw/Audio/Full/WAV_16000/EmmuWoCUgXs.wav,/root/autodl-tmp/data/datasets/baidupcs/CMU-MOSEI/extracted/Raw/Labels/extreme_sentiment_results.csv#12,0.00,0.00,en,high,high,high,true,true,0,-1,,,negative,/root/autodl-tmp/data/datasets/baidupcs/CMU-MOSEI/extracted/Raw/Labels/extreme_sentiment_results.csv#EmmuWoCUgXs/12
EAQ007040,MOSEI,unknown,MOSEI/A1lFJXUpxZo/5,/root/autodl-tmp/data/datasets/baidupcs/CMU-MOSEI/extracted/Raw/Videos/Full/Combined/A1lFJXUpxZo.mp4,/root/autodl-tmp/data/datasets/baidupcs/CMU-MOSEI/extracted/Raw/Audio/Full/WAV_16000/A1lFJXUpxZo.wav,/root/autodl-tmp/data/datasets/baidupcs/CMU-MOSEI/extracted/Raw/Labels/extreme_sentiment_results.csv#5,0.00,0.00,en,high,high,high,true,true,0,1,,,positive,/root/autodl-tmp/data/datasets/baidupcs/CMU-MOSEI/extracted/Raw/Labels/extreme_sentiment_results.csv#A1lFJXUpxZo/5
EAQ007041,MOSEI,unknown,MOSEI/_BtdwH6mfWg/0,/root/autodl-tmp/data/datasets/baidupcs/CMU-MOSEI/extracted/Raw/Videos/Full/Combined/_BtdwH6mfWg.mp4,/root/autodl-tmp/data/datasets/baidupcs/CMU-MOSEI/extracted/Raw/Audio/Full/WAV_16000/_BtdwH6mfWg.wav,/root/autodl-tmp/data/datasets/baidupcs/CMU-MOSEI/extracted/Raw/Labels/extreme_sentiment_results.csv#0,0.00,0.00,en,high,high,high,true,true,0,3,,,positive,/root/autodl-tmp/data/datasets/baidupcs/CMU-MOSEI/extracted/Raw/Labels/extreme_sentiment_results.csv#_BtdwH6mfWg/0
EAQ007042,MOSEI,unknown,MOSEI/YVBsDJtAbk4/8,/root/autodl-tmp/data/datasets/baidupcs/CMU-MOSEI/extracted/Raw/Videos/Full/Combined/YVBsDJtAbk4.mp4,/root/autodl-tmp/data/datasets/baidupcs/CMU-MOSEI/extracted/Raw/Audio/Full/WAV_16000/YVBsDJtAbk4.wav,/root/autodl-tmp/data/datasets/baidupcs/CMU-MOSEI/extracted/Raw/Labels/extreme_sentiment_results.csv#8,0.00,0.00,en,high,high,high,true,true,0,1,,,positive,/root/autodl-tmp/data/datasets/baidupcs/CMU-MOSEI/extracted/Raw/Labels/extreme_sentiment_results.csv#YVBsDJtAbk4/8
EAQ007043,MOSEI,unknown,MOSEI/p7zuPEZgtY4/16,/root/autodl-tmp/data/datasets/baidupcs/CMU-MOSEI/extracted/Raw/Videos/Full/Combined/p7zuPEZgtY4.mp4,/root/autodl-tmp/data/datasets/baidupcs/CMU-MOSEI/extracted/Raw/Audio/Full/WAV_16000/p7zuPEZgtY4.wav,/root/autodl-tmp/data/datasets/baidupcs/CMU-MOSEI/extracted/Raw/Labels/extreme_sentiment_results.csv#16,0.00,0.00,en,high,high,high,true,true,0,2,,,positive,/root/autodl-tmp/data/datasets/baidupcs/CMU-MOSEI/extracted/Raw/Labels/extreme_sentiment_results.csv#p7zuPEZgtY4/16
EAQ007044,MOSEI,unknown,MOSEI/P35dyIit1yM/8,/root/autodl-tmp/data/datasets/baidupcs/CMU-MOSEI/extracted/Raw/Videos/Full/Combined/P35dyIit1yM.mp4,/root/autodl-tmp/data/datasets/baidupcs/CMU-MOSEI/extracted/Raw/Audio/Full/WAV_16000/P35dyIit1yM.wav,/root/autodl-tmp/data/datasets/baidupcs/CMU-MOSEI/extracted/Raw/Labels/extreme_sentiment_results.csv#8,0.00,0.00,en,high,high,high,true,true,0,2,,,positive,/root/autodl-tmp/data/datasets/baidupcs/CMU-MOSEI/extracted/Raw/Labels/extreme_sentiment_results.csv#P35dyIit1yM/8
EAQ007045,MOSEI,unknown,MOSEI/pDRdCSIyjkA/0,/root/autodl-tmp/data/datasets/baidupcs/CMU-MOSEI/extracted/Raw/Videos/Full/Combined/pDRdCSIyjkA.mp4,/root/autodl-tmp/data/datasets/baidupcs/CMU-MOSEI/extracted/Raw/Audio/Full/WAV_16000/pDRdCSIyjkA.wav,/root/autodl-tmp/data/datasets/baidupcs/CMU-MOSEI/extracted/Raw/Labels/extreme_sentiment_results.csv#0,0.00,0.00,en,high,high,high,true,true,0,1,,,positive,/root/autodl-tmp/data/datasets/baidupcs/CMU-MOSEI/extracted/Raw/Labels/extreme_sentiment_results.csv#pDRdCSIyjkA/0
EAQ007046,MOSEI,unknown,MOSEI/JvgofTcCSEc/19,/root/autodl-tmp/data/datasets/baidupcs/CMU-MOSEI/extracted/Raw/Videos/Full/Combined/JvgofTcCSEc.mp4,/root/autodl-tmp/data/datasets/baidupcs/CMU-MOSEI/extracted/Raw/Audio/Full/WAV_16000/JvgofTcCSEc.wav,/root/autodl-tmp/data/datasets/baidupcs/CMU-MOSEI/extracted/Raw/Labels/extreme_sentiment_results.csv#19,0.00,0.00,en,high,high,high,true,true,0,0,,,neutral,/root/autodl-tmp/data/datasets/baidupcs/CMU-MOSEI/extracted/Raw/Labels/extreme_sentiment_results.csv#JvgofTcCSEc/19
EAQ007047,MOSEI,unknown,MOSEI/jqutn5ou8_0/5,/root/autodl-tmp/data/datasets/baidupcs/CMU-MOSEI/extracted/Raw/Videos/Full/Combined/jqutn5ou8_0.mp4,/root/autodl-tmp/data/datasets/baidupcs/CMU-MOSEI/extracted/Raw/Audio/Full/WAV_16000/jqutn5ou8_0.wav,/root/autodl-tmp/data/datasets/baidupcs/CMU-MOSEI/extracted/Raw/Labels/extreme_sentiment_results.csv#5,0.00,0.00,en,high,high,high,true,true,0,0,,,neutral,/root/autodl-tmp/data/datasets/baidupcs/CMU-MOSEI/extracted/Raw/Labels/extreme_sentiment_results.csv#jqutn5ou8_0/5
EAQ007048,MOSEI,unknown,MOSEI/c5cB7AfVgcE/4,/root/autodl-tmp/data/datasets/baidupcs/CMU-MOSEI/extracted/Raw/Videos/Full/Combined/c5cB7AfVgcE.mp4,/root/autodl-tmp/data/datasets/baidupcs/CMU-MOSEI/extracted/Raw/Audio/Full/WAV_16000/c5cB7AfVgcE.wav,/root/autodl-tmp/data/datasets/baidupcs/CMU-MOSEI/extracted/Raw/Labels/extreme_sentiment_results.csv#4,0.00,0.00,en,high,high,high,true,true,0,0,,,neutral,/root/autodl-tmp/data/datasets/baidupcs/CMU-MOSEI/extracted/Raw/Labels/extreme_sentiment_results.csv#c5cB7AfVgcE/4
EAQ007049,MOSEI,unknown,MOSEI/nErOMpqvcRg/7,/root/autodl-tmp/data/datasets/baidupcs/CMU-MOSEI/extracted/Raw/Videos/Full/Combined/nErOMpqvcRg.mp4,/root/autodl-tmp/data/datasets/baidupcs/CMU-MOSEI/extracted/Raw/Audio/Full/WAV_16000/nErOMpqvcRg.wav,/root/autodl-tmp/data/datasets/baidupcs/CMU-MOSEI/extracted/Raw/Labels/extreme_sentiment_results.csv#7,0.00,0.00,en,high,high,high,true,true,0,2,,,positive,/root/autodl-tmp/data/datasets/baidupcs/CMU-MOSEI/extracted/Raw/Labels/extreme_sentiment_results.csv#nErOMpqvcRg/7
EAQ007050,MOSEI,unknown,MOSEI/W40BaML7mzc/1,/root/autodl-tmp/data/datasets/baidupcs/CMU-MOSEI/extracted/Raw/Videos/Full/Combined/W40BaML7mzc.mp4,/root/autodl-tmp/data/datasets/baidupcs/CMU-MOSEI/extracted/Raw/Audio/Full/WAV_16000/W40BaML7mzc.wav,/root/autodl-tmp/data/datasets/baidupcs/CMU-MOSEI/extracted/Raw/Labels/extreme_sentiment_results.csv#1,0.00,0.00,en,high,high,high,true,true,0,2,,,positive,/root/autodl-tmp/data/datasets/baidupcs/CMU-MOSEI/extracted/Raw/Labels/extreme_sentiment_results.csv#W40BaML7mzc/1
EAQ007051,MOSEI,unknown,MOSEI/2lj0BaPsJpM/0,/root/autodl-tmp/data/datasets/baidupcs/CMU-MOSEI/extracted/Raw/Videos/Full/Combined/2lj0BaPsJpM.mp4,/root/autodl-tmp/data/datasets/baidupcs/CMU-MOSEI/extracted/Raw/Audio/Full/WAV_16000/2lj0BaPsJpM.wav,/root/autodl-tmp/data/datasets/baidupcs/CMU-MOSEI/extracted/Raw/Labels/extreme_sentiment_results.csv#0,0.00,0.00,en,high,high,high,true,true,0,0,,,neutral,/root/autodl-tmp/data/datasets/baidupcs/CMU-MOSEI/extracted/Raw/Labels/extreme_sentiment_results.csv#2lj0BaPsJpM/0
EAQ007052,MOSEI,unknown,MOSEI/tw2xFbfgV4U/2,/root/autodl-tmp/data/datasets/baidupcs/CMU-MOSEI/extracted/Raw/Videos/Full/Combined/tw2xFbfgV4U.mp4,/root/autodl-tmp/data/datasets/baidupcs/CMU-MOSEI/extracted/Raw/Audio/Full/WAV_16000/tw2xFbfgV4U.wav,/root/autodl-tmp/data/datasets/baidupcs/CMU-MOSEI/extracted/Raw/Labels/extreme_sentiment_results.csv#2,0.00,0.00,en,high,high,high,true,true,0,1,,,positive,/root/autodl-tmp/data/datasets/baidupcs/CMU-MOSEI/extracted/Raw/Labels/extreme_sentiment_results.csv#tw2xFbfgV4U/2
EAQ007053,MOSEI,unknown,MOSEI/nZEPf7a8GbI/3,/root/autodl-tmp/data/datasets/baidupcs/CMU-MOSEI/extracted/Raw/Videos/Full/Combined/nZEPf7a8GbI.mp4,/root/autodl-tmp/data/datasets/baidupcs/CMU-MOSEI/extracted/Raw/Audio/Full/WAV_16000/nZEPf7a8GbI.wav,/root/autodl-tmp/data/datasets/baidupcs/CMU-MOSEI/extracted/Raw/Labels/extreme_sentiment_results.csv#3,0.00,0.00,en,high,high,high,true,true,0,-1,,,negative,/root/autodl-tmp/data/datasets/baidupcs/CMU-MOSEI/extracted/Raw/Labels/extreme_sentiment_results.csv#nZEPf7a8GbI/3
EAQ007054,MOSEI,unknown,MOSEI/LyOq9mOEPuk/3,/root/autodl-tmp/data/datasets/baidupcs/CMU-MOSEI/extracted/Raw/Videos/Full/Combined/LyOq9mOEPuk.mp4,/root/autodl-tmp/data/datasets/baidupcs/CMU-MOSEI/extracted/Raw/Audio/Full/WAV_16000/LyOq9mOEPuk.wav,/root/autodl-tmp/data/datasets/baidupcs/CMU-MOSEI/extracted/Raw/Labels/extreme_sentiment_results.csv#3,0.00,0.00,en,high,high,high,true,true,0,2,,,positive,/root/autodl-tmp/data/datasets/baidupcs/CMU-MOSEI/extracted/Raw/Labels/extreme_sentiment_results.csv#LyOq9mOEPuk/3
EAQ007055,MOSEI,unknown,MOSEI/BRzjQHYWbSs/16,/root/autodl-tmp/data/datasets/baidupcs/CMU-MOSEI/extracted/Raw/Videos/Full/Combined/BRzjQHYWbSs.mp4,/root/autodl-tmp/data/datasets/baidupcs/CMU-MOSEI/extracted/Raw/Audio/Full/WAV_16000/BRzjQHYWbSs.wav,/root/autodl-tmp/data/datasets/baidupcs/CMU-MOSEI/extracted/Raw/Labels/extreme_sentiment_results.csv#16,0.00,0.00,en,high,high,high,true,true,0,2,,,positive,/root/autodl-tmp/data/datasets/baidupcs/CMU-MOSEI/extracted/Raw/Labels/extreme_sentiment_results.csv#BRzjQHYWbSs/16
EAQ007056,MOSEI,unknown,MOSEI/v9gjg7TDlTA/0,/root/autodl-tmp/data/datasets/baidupcs/CMU-MOSEI/extracted/Raw/Videos/Full/Combined/v9gjg7TDlTA.mp4,/root/autodl-tmp/data/datasets/baidupcs/CMU-MOSEI/extracted/Raw/Audio/Full/WAV_16000/v9gjg7TDlTA.wav,/root/autodl-tmp/data/datasets/baidupcs/CMU-MOSEI/extracted/Raw/Labels/extreme_sentiment_results.csv#0,0.00,0.00,en,high,high,high,true,true,0,0,,,neutral,/root/autodl-tmp/data/datasets/baidupcs/CMU-MOSEI/extracted/Raw/Labels/extreme_sentiment_results.csv#v9gjg7TDlTA/0
EAQ007057,MOSEI,unknown,MOSEI/13JpsLvddoY/6,/root/autodl-tmp/data/datasets/baidupcs/CMU-MOSEI/extracted/Raw/Videos/Full/Combined/13JpsLvddoY.mp4,/root/autodl-tmp/data/datasets/baidupcs/CMU-MOSEI/extracted/Raw/Audio/Full/WAV_16000/13JpsLvddoY.wav,/root/autodl-tmp/data/datasets/baidupcs/CMU-MOSEI/extracted/Raw/Labels/extreme_sentiment_results.csv#6,0.00,0.00,en,high,high,high,true,true,0,2,,,positive,/root/autodl-tmp/data/datasets/baidupcs/CMU-MOSEI/extracted/Raw/Labels/extreme_sentiment_results.csv#13JpsLvddoY/6
EAQ007058,MOSEI,unknown,MOSEI/G38DwNDQ8Cc/14,/root/autodl-tmp/data/datasets/baidupcs/CMU-MOSEI/extracted/Raw/Videos/Full/Combined/G38DwNDQ8Cc.mp4,/root/autodl-tmp/data/datasets/baidupcs/CMU-MOSEI/extracted/Raw/Audio/Full/WAV_16000/G38DwNDQ8Cc.wav,/root/autodl-tmp/data/datasets/baidupcs/CMU-MOSEI/extracted/Raw/Labels/extreme_sentiment_results.csv#14,0.00,0.00,en,high,high,high,true,true,1,-1,,,negative,/root/autodl-tmp/data/datasets/baidupcs/CMU-MOSEI/extracted/Raw/Labels/extreme_sentiment_results.csv#G38DwNDQ8Cc/14
EAQ007059,MOSEI,unknown,MOSEI/2OLVF-KEaZU/4,/root/autodl-tmp/data/datasets/baidupcs/CMU-MOSEI/extracted/Raw/Videos/Full/Combined/2OLVF-KEaZU.mp4,/root/autodl-tmp/data/datasets/baidupcs/CMU-MOSEI/extracted/Raw/Audio/Full/WAV_16000/2OLVF-KEaZU.wav,/root/autodl-tmp/data/datasets/baidupcs/CMU-MOSEI/extracted/Raw/Labels/extreme_sentiment_results.csv#4,0.00,0.00,en,high,high,high,true,true,0,0,,,neutral,/root/autodl-tmp/data/datasets/baidupcs/CMU-MOSEI/extracted/Raw/Labels/extreme_sentiment_results.csv#2OLVF-KEaZU/4
EAQ007060,MOSEI,unknown,MOSEI/M2Pb2kx77ww/35,/root/autodl-tmp/data/datasets/baidupcs/CMU-MOSEI/extracted/Raw/Videos/Full/Combined/M2Pb2kx77ww.mp4,/root/autodl-tmp/data/datasets/baidupcs/CMU-MOSEI/extracted/Raw/Audio/Full/WAV_16000/M2Pb2kx77ww.wav,/root/autodl-tmp/data/datasets/baidupcs/CMU-MOSEI/extracted/Raw/Labels/extreme_sentiment_results.csv#35,0.00,0.00,en,high,high,high,true,true,0,0,,,neutral,/root/autodl-tmp/data/datasets/baidupcs/CMU-MOSEI/extracted/Raw/Labels/extreme_sentiment_results.csv#M2Pb2kx77ww/35
EAQ007061,MOSEI,unknown,MOSEI/ezuWKsxPRSM/1,/root/autodl-tmp/data/datasets/baidupcs/CMU-MOSEI/extracted/Raw/Videos/Full/Combined/ezuWKsxPRSM.mp4,/root/autodl-tmp/data/datasets/baidupcs/CMU-MOSEI/extracted/Raw/Audio/Full/WAV_16000/ezuWKsxPRSM.wav,/root/autodl-tmp/data/datasets/baidupcs/CMU-MOSEI/extracted/Raw/Labels/extreme_sentiment_results.csv#1,0.00,0.00,en,high,high,high,true,true,0,3,,,positive,/root/autodl-tmp/data/datasets/baidupcs/CMU-MOSEI/extracted/Raw/Labels/extreme_sentiment_results.csv#ezuWKsxPRSM/1
EAQ007062,MOSEI,unknown,MOSEI/oVqBUyKvgdU/7,/root/autodl-tmp/data/datasets/baidupcs/CMU-MOSEI/extracted/Raw/Videos/Full/Combined/oVqBUyKvgdU.mp4,/root/autodl-tmp/data/datasets/baidupcs/CMU-MOSEI/extracted/Raw/Audio/Full/WAV_16000/oVqBUyKvgdU.wav,/root/autodl-tmp/data/datasets/baidupcs/CMU-MOSEI/extracted/Raw/Labels/extreme_sentiment_results.csv#7,0.00,0.00,en,high,high,high,true,true,0,-1,,,negative,/root/autodl-tmp/data/datasets/baidupcs/CMU-MOSEI/extracted/Raw/Labels/extreme_sentiment_results.csv#oVqBUyKvgdU/7
EAQ007063,MOSEI,unknown,MOSEI/kcIGTPHEsNo/25,/root/autodl-tmp/data/datasets/baidupcs/CMU-MOSEI/extracted/Raw/Videos/Full/Combined/kcIGTPHEsNo.mp4,/root/autodl-tmp/data/datasets/baidupcs/CMU-MOSEI/extracted/Raw/Audio/Full/WAV_16000/kcIGTPHEsNo.wav,/root/autodl-tmp/data/datasets/baidupcs/CMU-MOSEI/extracted/Raw/Labels/extreme_sentiment_results.csv#25,0.00,0.00,en,high,high,high,true,true,0,0,,,neutral,/root/autodl-tmp/data/datasets/baidupcs/CMU-MOSEI/extracted/Raw/Labels/extreme_sentiment_results.csv#kcIGTPHEsNo/25
EAQ007064,MOSEI,unknown,MOSEI/hp3nsb_eIc0/5,/root/autodl-tmp/data/datasets/baidupcs/CMU-MOSEI/extracted/Raw/Videos/Full/Combined/hp3nsb_eIc0.mp4,/root/autodl-tmp/data/datasets/baidupcs/CMU-MOSEI/extracted/Raw/Audio/Full/WAV_16000/hp3nsb_eIc0.wav,/root/autodl-tmp/data/datasets/baidupcs/CMU-MOSEI/extracted/Raw/Labels/extreme_sentiment_results.csv#5,0.00,0.00,en,high,high,high,true,true,0,0,,,neutral,/root/autodl-tmp/data/datasets/baidupcs/CMU-MOSEI/extracted/Raw/Labels/extreme_sentiment_results.csv#hp3nsb_eIc0/5
EAQ007065,MOSEI,unknown,MOSEI/4qjz4BQCZyM/5,/root/autodl-tmp/data/datasets/baidupcs/CMU-MOSEI/extracted/Raw/Videos/Full/Combined/4qjz4BQCZyM.mp4,/root/autodl-tmp/data/datasets/baidupcs/CMU-MOSEI/extracted/Raw/Audio/Full/WAV_16000/4qjz4BQCZyM.wav,/root/autodl-tmp/data/datasets/baidupcs/CMU-MOSEI/extracted/Raw/Labels/extreme_sentiment_results.csv#5,0.00,0.00,en,high,high,high,true,true,0,0,,,neutral,/root/autodl-tmp/data/datasets/baidupcs/CMU-MOSEI/extracted/Raw/Labels/extreme_sentiment_results.csv#4qjz4BQCZyM/5
EAQ007066,MOSEI,unknown,MOSEI/YQUutkMdLj0/1,/root/autodl-tmp/data/datasets/baidupcs/CMU-MOSEI/extracted/Raw/Videos/Full/Combined/YQUutkMdLj0.mp4,/root/autodl-tmp/data/datasets/baidupcs/CMU-MOSEI/extracted/Raw/Audio/Full/WAV_16000/YQUutkMdLj0.wav,/root/autodl-tmp/data/datasets/baidupcs/CMU-MOSEI/extracted/Raw/Labels/extreme_sentiment_results.csv#1,0.00,0.00,en,high,high,high,true,true,0,-1,,,negative,/root/autodl-tmp/data/datasets/baidupcs/CMU-MOSEI/extracted/Raw/Labels/extreme_sentiment_results.csv#YQUutkMdLj0/1
EAQ007067,MOSEI,unknown,MOSEI/0AkGtPzl7D8/4,/root/autodl-tmp/data/datasets/baidupcs/CMU-MOSEI/extracted/Raw/Videos/Full/Combined/0AkGtPzl7D8.mp4,/root/autodl-tmp/data/datasets/baidupcs/CMU-MOSEI/extracted/Raw/Audio/Full/WAV_16000/0AkGtPzl7D8.wav,/root/autodl-tmp/data/datasets/baidupcs/CMU-MOSEI/extracted/Raw/Labels/extreme_sentiment_results.csv#4,0.00,0.00,en,high,high,high,true,true,0,2,,,positive,/root/autodl-tmp/data/datasets/baidupcs/CMU-MOSEI/extracted/Raw/Labels/extreme_sentiment_results.csv#0AkGtPzl7D8/4
EAQ007068,MOSEI,unknown,MOSEI/0jtdrsmVzYQ/4,/root/autodl-tmp/data/datasets/baidupcs/CMU-MOSEI/extracted/Raw/Videos/Full/Combined/0jtdrsmVzYQ.mp4,/root/autodl-tmp/data/datasets/baidupcs/CMU-MOSEI/extracted/Raw/Audio/Full/WAV_16000/0jtdrsmVzYQ.wav,/root/autodl-tmp/data/datasets/baidupcs/CMU-MOSEI/extracted/Raw/Labels/extreme_sentiment_results.csv#4,0.00,0.00,en,high,high,high,true,true,0,0,,,neutral,/root/autodl-tmp/data/datasets/baidupcs/CMU-MOSEI/extracted/Raw/Labels/extreme_sentiment_results.csv#0jtdrsmVzYQ/4
EAQ007069,MOSEI,unknown,MOSEI/bI3DTH2yTbM/6,/root/autodl-tmp/data/datasets/baidupcs/CMU-MOSEI/extracted/Raw/Videos/Full/Combined/bI3DTH2yTbM.mp4,/root/autodl-tmp/data/datasets/baidupcs/CMU-MOSEI/extracted/Raw/Audio/Full/WAV_16000/bI3DTH2yTbM.wav,/root/autodl-tmp/data/datasets/baidupcs/CMU-MOSEI/extracted/Raw/Labels/extreme_sentiment_results.csv#6,0.00,0.00,en,high,high,high,true,true,0,-1,,,negative,/root/autodl-tmp/data/datasets/baidupcs/CMU-MOSEI/extracted/Raw/Labels/extreme_sentiment_results.csv#bI3DTH2yTbM/6
EAQ007070,MOSEI,unknown,MOSEI/-aNfi7CP8vM/7,/root/autodl-tmp/data/datasets/baidupcs/CMU-MOSEI/extracted/Raw/Videos/Full/Combined/-aNfi7CP8vM.mp4,/root/autodl-tmp/data/datasets/baidupcs/CMU-MOSEI/extracted/Raw/Audio/Full/WAV_16000/-aNfi7CP8vM.wav,/root/autodl-tmp/data/datasets/baidupcs/CMU-MOSEI/extracted/Raw/Labels/extreme_sentiment_results.csv#7,0.00,0.00,en,high,high,high,true,true,0,0,,,neutral,/root/autodl-tmp/data/datasets/baidupcs/CMU-MOSEI/extracted/Raw/Labels/extreme_sentiment_results.csv#-aNfi7CP8vM/7
EAQ007071,MOSEI,unknown,MOSEI/Nmd50Uzyybs/5,/root/autodl-tmp/data/datasets/baidupcs/CMU-MOSEI/extracted/Raw/Videos/Full/Combined/Nmd50Uzyybs.mp4,/root/autodl-tmp/data/datasets/baidupcs/CMU-MOSEI/extracted/Raw/Audio/Full/WAV_16000/Nmd50Uzyybs.wav,/root/autodl-tmp/data/datasets/baidupcs/CMU-MOSEI/extracted/Raw/Labels/extreme_sentiment_results.csv#5,0.00,0.00,en,high,high,high,true,true,0,0,,,neutral,/root/autodl-tmp/data/datasets/baidupcs/CMU-MOSEI/extracted/Raw/Labels/extreme_sentiment_results.csv#Nmd50Uzyybs/5
EAQ007072,MOSEI,unknown,MOSEI/PwapK9d8IGk/6,/root/autodl-tmp/data/datasets/baidupcs/CMU-MOSEI/extracted/Raw/Videos/Full/Combined/PwapK9d8IGk.mp4,/root/autodl-tmp/data/datasets/baidupcs/CMU-MOSEI/extracted/Raw/Audio/Full/WAV_16000/PwapK9d8IGk.wav,/root/autodl-tmp/data/datasets/baidupcs/CMU-MOSEI/extracted/Raw/Labels/extreme_sentiment_results.csv#6,0.00,0.00,en,high,high,high,true,true,0,0,,,neutral,/root/autodl-tmp/data/datasets/baidupcs/CMU-MOSEI/extracted/Raw/Labels/extreme_sentiment_results.csv#PwapK9d8IGk/6
EAQ007073,MOSEI,unknown,MOSEI/fGYbbP8RDLQ/5,/root/autodl-tmp/data/datasets/baidupcs/CMU-MOSEI/extracted/Raw/Videos/Full/Combined/fGYbbP8RDLQ.mp4,/root/autodl-tmp/data/datasets/baidupcs/CMU-MOSEI/extracted/Raw/Audio/Full/WAV_16000/fGYbbP8RDLQ.wav,/root/autodl-tmp/data/datasets/baidupcs/CMU-MOSEI/extracted/Raw/Labels/extreme_sentiment_results.csv#5,0.00,0.00,en,high,high,high,true,true,0,0,,,neutral,/root/autodl-tmp/data/datasets/baidupcs/CMU-MOSEI/extracted/Raw/Labels/extreme_sentiment_results.csv#fGYbbP8RDLQ/5
EAQ007074,MOSEI,unknown,MOSEI/3REPHw7oLWo/1,/root/autodl-tmp/data/datasets/baidupcs/CMU-MOSEI/extracted/Raw/Videos/Full/Combined/3REPHw7oLWo.mp4,/root/autodl-tmp/data/datasets/baidupcs/CMU-MOSEI/extracted/Raw/Audio/Full/WAV_16000/3REPHw7oLWo.wav,/root/autodl-tmp/data/datasets/baidupcs/CMU-MOSEI/extracted/Raw/Labels/extreme_sentiment_results.csv#1,0.00,0.00,en,high,high,high,true,true,0,2,,,positive,/root/autodl-tmp/data/datasets/baidupcs/CMU-MOSEI/extracted/Raw/Labels/extreme_sentiment_results.csv#3REPHw7oLWo/1
EAQ007075,MOSEI,unknown,MOSEI/3MFNIag0wNE/1,/root/autodl-tmp/data/datasets/baidupcs/CMU-MOSEI/extracted/Raw/Videos/Full/Combined/3MFNIag0wNE.mp4,/root/autodl-tmp/data/datasets/baidupcs/CMU-MOSEI/extracted/Raw/Audio/Full/WAV_16000/3MFNIag0wNE.wav,/root/autodl-tmp/data/datasets/baidupcs/CMU-MOSEI/extracted/Raw/Labels/extreme_sentiment_results.csv#1,0.00,0.00,en,high,high,high,true,true,0,0,,,neutral,/root/autodl-tmp/data/datasets/baidupcs/CMU-MOSEI/extracted/Raw/Labels/extreme_sentiment_results.csv#3MFNIag0wNE/1
EAQ007076,MOSEI,unknown,MOSEI/YgyqX4aZ4tE/18,/root/autodl-tmp/data/datasets/baidupcs/CMU-MOSEI/extracted/Raw/Videos/Full/Combined/YgyqX4aZ4tE.mp4,/root/autodl-tmp/data/datasets/baidupcs/CMU-MOSEI/extracted/Raw/Audio/Full/WAV_16000/YgyqX4aZ4tE.wav,/root/autodl-tmp/data/datasets/baidupcs/CMU-MOSEI/extracted/Raw/Labels/extreme_sentiment_results.csv#18,0.00,0.00,en,high,high,high,true,true,0,0,,,neutral,/root/autodl-tmp/data/datasets/baidupcs/CMU-MOSEI/extracted/Raw/Labels/extreme_sentiment_results.csv#YgyqX4aZ4tE/18
EAQ007077,MOSEI,unknown,MOSEI/LUf9vbe0TcQ/7,/root/autodl-tmp/data/datasets/baidupcs/CMU-MOSEI/extracted/Raw/Videos/Full/Combined/LUf9vbe0TcQ.mp4,/root/autodl-tmp/data/datasets/baidupcs/CMU-MOSEI/extracted/Raw/Audio/Full/WAV_16000/LUf9vbe0TcQ.wav,/root/autodl-tmp/data/datasets/baidupcs/CMU-MOSEI/extracted/Raw/Labels/extreme_sentiment_results.csv#7,0.00,0.00,en,high,high,high,true,true,0,0,,,neutral,/root/autodl-tmp/data/datasets/baidupcs/CMU-MOSEI/extracted/Raw/Labels/extreme_sentiment_results.csv#LUf9vbe0TcQ/7
EAQ007078,MOSEI,unknown,MOSEI/wHeZHLv9wGI/12,/root/autodl-tmp/data/datasets/baidupcs/CMU-MOSEI/extracted/Raw/Videos/Full/Combined/wHeZHLv9wGI.mp4,/root/autodl-tmp/data/datasets/baidupcs/CMU-MOSEI/extracted/Raw/Audio/Full/WAV_16000/wHeZHLv9wGI.wav,/root/autodl-tmp/data/datasets/baidupcs/CMU-MOSEI/extracted/Raw/Labels/extreme_sentiment_results.csv#12,0.00,0.00,en,high,high,high,true,true,0,0,,,neutral,/root/autodl-tmp/data/datasets/baidupcs/CMU-MOSEI/extracted/Raw/Labels/extreme_sentiment_results.csv#wHeZHLv9wGI/12
EAQ007079,MOSEI,unknown,MOSEI/cUm0TN3vXRc/2,/root/autodl-tmp/data/datasets/baidupcs/CMU-MOSEI/extracted/Raw/Videos/Full/Combined/cUm0TN3vXRc.mp4,/root/autodl-tmp/data/datasets/baidupcs/CMU-MOSEI/extracted/Raw/Audio/Full/WAV_16000/cUm0TN3vXRc.wav,/root/autodl-tmp/data/datasets/baidupcs/CMU-MOSEI/extracted/Raw/Labels/extreme_sentiment_results.csv#2,0.00,0.00,en,high,high,high,true,true,0,0,,,neutral,/root/autodl-tmp/data/datasets/baidupcs/CMU-MOSEI/extracted/Raw/Labels/extreme_sentiment_results.csv#cUm0TN3vXRc/2
EAQ007080,MOSEI,unknown,MOSEI/-lqc32Zpr7M/18,/root/autodl-tmp/data/datasets/baidupcs/CMU-MOSEI/extracted/Raw/Videos/Full/Combined/-lqc32Zpr7M.mp4,/root/autodl-tmp/data/datasets/baidupcs/CMU-MOSEI/extracted/Raw/Audio/Full/WAV_16000/-lqc32Zpr7M.wav,/root/autodl-tmp/data/datasets/baidupcs/CMU-MOSEI/extracted/Raw/Labels/extreme_sentiment_results.csv#18,0.00,0.00,en,high,high,high,true,true,0,-1,,,negative,/root/autodl-tmp/data/datasets/baidupcs/CMU-MOSEI/extracted/Raw/Labels/extreme_sentiment_results.csv#-lqc32Zpr7M/18
EAQ007081,MOSEI,unknown,MOSEI/6MloL1gIccs/15,/root/autodl-tmp/data/datasets/baidupcs/CMU-MOSEI/extracted/Raw/Videos/Full/Combined/6MloL1gIccs.mp4,/root/autodl-tmp/data/datasets/baidupcs/CMU-MOSEI/extracted/Raw/Audio/Full/WAV_16000/6MloL1gIccs.wav,/root/autodl-tmp/data/datasets/baidupcs/CMU-MOSEI/extracted/Raw/Labels/extreme_sentiment_results.csv#15,0.00,0.00,en,high,high,high,true,true,0,0,,,neutral,/root/autodl-tmp/data/datasets/baidupcs/CMU-MOSEI/extracted/Raw/Labels/extreme_sentiment_results.csv#6MloL1gIccs/15
EAQ007082,MOSEI,unknown,MOSEI/z0y1ZxH1f74/7,/root/autodl-tmp/data/datasets/baidupcs/CMU-MOSEI/extracted/Raw/Videos/Full/Combined/z0y1ZxH1f74.mp4,/root/autodl-tmp/data/datasets/baidupcs/CMU-MOSEI/extracted/Raw/Audio/Full/WAV_16000/z0y1ZxH1f74.wav,/root/autodl-tmp/data/datasets/baidupcs/CMU-MOSEI/extracted/Raw/Labels/extreme_sentiment_results.csv#7,0.00,0.00,en,high,high,high,true,true,1,-3,,,negative,/root/autodl-tmp/data/datasets/baidupcs/CMU-MOSEI/extracted/Raw/Labels/extreme_sentiment_results.csv#z0y1ZxH1f74/7
EAQ007083,MOSEI,unknown,MOSEI/OEesmAnTpeA/10,/root/autodl-tmp/data/datasets/baidupcs/CMU-MOSEI/extracted/Raw/Videos/Full/Combined/OEesmAnTpeA.mp4,/root/autodl-tmp/data/datasets/baidupcs/CMU-MOSEI/extracted/Raw/Audio/Full/WAV_16000/OEesmAnTpeA.wav,/root/autodl-tmp/data/datasets/baidupcs/CMU-MOSEI/extracted/Raw/Labels/extreme_sentiment_results.csv#10,0.00,0.00,en,high,high,high,true,true,0,-1,,,negative,/root/autodl-tmp/data/datasets/baidupcs/CMU-MOSEI/extracted/Raw/Labels/extreme_sentiment_results.csv#OEesmAnTpeA/10
EAQ007084,MOSEI,unknown,MOSEI/A2E78CGi5TU/7,/root/autodl-tmp/data/datasets/baidupcs/CMU-MOSEI/extracted/Raw/Videos/Full/Combined/A2E78CGi5TU.mp4,/root/autodl-tmp/data/datasets/baidupcs/CMU-MOSEI/extracted/Raw/Audio/Full/WAV_16000/A2E78CGi5TU.wav,/root/autodl-tmp/data/datasets/baidupcs/CMU-MOSEI/extracted/Raw/Labels/extreme_sentiment_results.csv#7,0.00,0.00,en,high,high,high,true,true,0,0,,,neutral,/root/autodl-tmp/data/datasets/baidupcs/CMU-MOSEI/extracted/Raw/Labels/extreme_sentiment_results.csv#A2E78CGi5TU/7
EAQ007085,MOSEI,unknown,MOSEI/-571d8cVauQ/0,/root/autodl-tmp/data/datasets/baidupcs/CMU-MOSEI/extracted/Raw/Videos/Full/Combined/-571d8cVauQ.mp4,/root/autodl-tmp/data/datasets/baidupcs/CMU-MOSEI/extracted/Raw/Audio/Full/WAV_16000/-571d8cVauQ.wav,/root/autodl-tmp/data/datasets/baidupcs/CMU-MOSEI/extracted/Raw/Labels/extreme_sentiment_results.csv#0,0.00,0.00,en,high,high,high,true,true,0,0,,,neutral,/root/autodl-tmp/data/datasets/baidupcs/CMU-MOSEI/extracted/Raw/Labels/extreme_sentiment_results.csv#-571d8cVauQ/0
EAQ007086,MOSEI,unknown,MOSEI/EmmuWoCUgXs/19,/root/autodl-tmp/data/datasets/baidupcs/CMU-MOSEI/extracted/Raw/Videos/Full/Combined/EmmuWoCUgXs.mp4,/root/autodl-tmp/data/datasets/baidupcs/CMU-MOSEI/extracted/Raw/Audio/Full/WAV_16000/EmmuWoCUgXs.wav,/root/autodl-tmp/data/datasets/baidupcs/CMU-MOSEI/extracted/Raw/Labels/extreme_sentiment_results.csv#19,0.00,0.00,en,high,high,high,true,true,0,0,,,neutral,/root/autodl-tmp/data/datasets/baidupcs/CMU-MOSEI/extracted/Raw/Labels/extreme_sentiment_results.csv#EmmuWoCUgXs/19
EAQ007087,MOSEI,unknown,MOSEI/ITQTVfk9Iqo/3,/root/autodl-tmp/data/datasets/baidupcs/CMU-MOSEI/extracted/Raw/Videos/Full/Combined/ITQTVfk9Iqo.mp4,/root/autodl-tmp/data/datasets/baidupcs/CMU-MOSEI/extracted/Raw/Audio/Full/WAV_16000/ITQTVfk9Iqo.wav,/root/autodl-tmp/data/datasets/baidupcs/CMU-MOSEI/extracted/Raw/Labels/extreme_sentiment_results.csv#3,0.00,0.00,en,high,high,high,true,true,0,0,,,neutral,/root/autodl-tmp/data/datasets/baidupcs/CMU-MOSEI/extracted/Raw/Labels/extreme_sentiment_results.csv#ITQTVfk9Iqo/3
EAQ007088,MOSEI,unknown,MOSEI/Jv4CxSgWP2k/7,/root/autodl-tmp/data/datasets/baidupcs/CMU-MOSEI/extracted/Raw/Videos/Full/Combined/Jv4CxSgWP2k.mp4,/root/autodl-tmp/data/datasets/baidupcs/CMU-MOSEI/extracted/Raw/Audio/Full/WAV_16000/Jv4CxSgWP2k.wav,/root/autodl-tmp/data/datasets/baidupcs/CMU-MOSEI/extracted/Raw/Labels/extreme_sentiment_results.csv#7,0.00,0.00,en,high,high,high,true,true,0,0,,,neutral,/root/autodl-tmp/data/datasets/baidupcs/CMU-MOSEI/extracted/Raw/Labels/extreme_sentiment_results.csv#Jv4CxSgWP2k/7
EAQ007089,MOSEI,unknown,MOSEI/uacdDoBtT1k/1,/root/autodl-tmp/data/datasets/baidupcs/CMU-MOSEI/extracted/Raw/Videos/Full/Combined/uacdDoBtT1k.mp4,/root/autodl-tmp/data/datasets/baidupcs/CMU-MOSEI/extracted/Raw/Audio/Full/WAV_16000/uacdDoBtT1k.wav,/root/autodl-tmp/data/datasets/baidupcs/CMU-MOSEI/extracted/Raw/Labels/extreme_sentiment_results.csv#1,0.00,0.00,en,high,high,high,true,true,0,-1,,,negative,/root/autodl-tmp/data/datasets/baidupcs/CMU-MOSEI/extracted/Raw/Labels/extreme_sentiment_results.csv#uacdDoBtT1k/1
EAQ007090,MOSEI,unknown,MOSEI/x266rUJQC_8/12,/root/autodl-tmp/data/datasets/baidupcs/CMU-MOSEI/extracted/Raw/Videos/Full/Combined/x266rUJQC_8.mp4,/root/autodl-tmp/data/datasets/baidupcs/CMU-MOSEI/extracted/Raw/Audio/Full/WAV_16000/x266rUJQC_8.wav,/root/autodl-tmp/data/datasets/baidupcs/CMU-MOSEI/extracted/Raw/Labels/extreme_sentiment_results.csv#12,0.00,0.00,en,high,high,high,true,true,0,0,,,neutral,/root/autodl-tmp/data/datasets/baidupcs/CMU-MOSEI/extracted/Raw/Labels/extreme_sentiment_results.csv#x266rUJQC_8/12
EAQ007091,MOSEI,unknown,MOSEI/MMpo2bDk-DU/14,/root/autodl-tmp/data/datasets/baidupcs/CMU-MOSEI/extracted/Raw/Videos/Full/Combined/MMpo2bDk-DU.mp4,/root/autodl-tmp/data/datasets/baidupcs/CMU-MOSEI/extracted/Raw/Audio/Full/WAV_16000/MMpo2bDk-DU.wav,/root/autodl-tmp/data/datasets/baidupcs/CMU-MOSEI/extracted/Raw/Labels/extreme_sentiment_results.csv#14,0.00,0.00,en,high,high,high,true,true,0,0,,,neutral,/root/autodl-tmp/data/datasets/baidupcs/CMU-MOSEI/extracted/Raw/Labels/extreme_sentiment_results.csv#MMpo2bDk-DU/14
EAQ007092,MOSEI,unknown,MOSEI/-lzEya4AM_4/6,/root/autodl-tmp/data/datasets/baidupcs/CMU-MOSEI/extracted/Raw/Videos/Full/Combined/-lzEya4AM_4.mp4,/root/autodl-tmp/data/datasets/baidupcs/CMU-MOSEI/extracted/Raw/Audio/Full/WAV_16000/-lzEya4AM_4.wav,/root/autodl-tmp/data/datasets/baidupcs/CMU-MOSEI/extracted/Raw/Labels/extreme_sentiment_results.csv#6,0.00,0.00,en,high,high,high,true,true,0,-1,,,negative,/root/autodl-tmp/data/datasets/baidupcs/CMU-MOSEI/extracted/Raw/Labels/extreme_sentiment_results.csv#-lzEya4AM_4/6
EAQ007093,MOSEI,unknown,MOSEI/JP95Fby6qLE/6,/root/autodl-tmp/data/datasets/baidupcs/CMU-MOSEI/extracted/Raw/Videos/Full/Combined/JP95Fby6qLE.mp4,/root/autodl-tmp/data/datasets/baidupcs/CMU-MOSEI/extracted/Raw/Audio/Full/WAV_16000/JP95Fby6qLE.wav,/root/autodl-tmp/data/datasets/baidupcs/CMU-MOSEI/extracted/Raw/Labels/extreme_sentiment_results.csv#6,0.00,0.00,en,high,high,high,true,true,0,1,,,positive,/root/autodl-tmp/data/datasets/baidupcs/CMU-MOSEI/extracted/Raw/Labels/extreme_sentiment_results.csv#JP95Fby6qLE/6
EAQ007094,MOSEI,unknown,MOSEI/_HanACduNJk/10,/root/autodl-tmp/data/datasets/baidupcs/CMU-MOSEI/extracted/Raw/Videos/Full/Combined/_HanACduNJk.mp4,/root/autodl-tmp/data/datasets/baidupcs/CMU-MOSEI/extracted/Raw/Audio/Full/WAV_16000/_HanACduNJk.wav,/root/autodl-tmp/data/datasets/baidupcs/CMU-MOSEI/extracted/Raw/Labels/extreme_sentiment_results.csv#10,0.00,0.00,en,high,high,high,true,true,0,0,,,neutral,/root/autodl-tmp/data/datasets/baidupcs/CMU-MOSEI/extracted/Raw/Labels/extreme_sentiment_results.csv#_HanACduNJk/10
EAQ007095,MOSEI,unknown,MOSEI/jEQoBvc7V1o/4,/root/autodl-tmp/data/datasets/baidupcs/CMU-MOSEI/extracted/Raw/Videos/Full/Combined/jEQoBvc7V1o.mp4,/root/autodl-tmp/data/datasets/baidupcs/CMU-MOSEI/extracted/Raw/Audio/Full/WAV_16000/jEQoBvc7V1o.wav,/root/autodl-tmp/data/datasets/baidupcs/CMU-MOSEI/extracted/Raw/Labels/extreme_sentiment_results.csv#4,0.00,0.00,en,high,high,high,true,true,0,0,,,neutral,/root/autodl-tmp/data/datasets/baidupcs/CMU-MOSEI/extracted/Raw/Labels/extreme_sentiment_results.csv#jEQoBvc7V1o/4
EAQ007096,MOSEI,unknown,MOSEI/R7IkQVUuLew/6,/root/autodl-tmp/data/datasets/baidupcs/CMU-MOSEI/extracted/Raw/Videos/Full/Combined/R7IkQVUuLew.mp4,/root/autodl-tmp/data/datasets/baidupcs/CMU-MOSEI/extracted/Raw/Audio/Full/WAV_16000/R7IkQVUuLew.wav,/root/autodl-tmp/data/datasets/baidupcs/CMU-MOSEI/extracted/Raw/Labels/extreme_sentiment_results.csv#6,0.00,0.00,en,high,high,high,true,true,0,0,,,neutral,/root/autodl-tmp/data/datasets/baidupcs/CMU-MOSEI/extracted/Raw/Labels/extreme_sentiment_results.csv#R7IkQVUuLew/6
EAQ007097,MOSEI,unknown,MOSEI/qP4uuMI-JSk/9,/root/autodl-tmp/data/datasets/baidupcs/CMU-MOSEI/extracted/Raw/Videos/Full/Combined/qP4uuMI-JSk.mp4,/root/autodl-tmp/data/datasets/baidupcs/CMU-MOSEI/extracted/Raw/Audio/Full/WAV_16000/qP4uuMI-JSk.wav,/root/autodl-tmp/data/datasets/baidupcs/CMU-MOSEI/extracted/Raw/Labels/extreme_sentiment_results.csv#9,0.00,0.00,en,high,high,high,true,true,0,2,,,positive,/root/autodl-tmp/data/datasets/baidupcs/CMU-MOSEI/extracted/Raw/Labels/extreme_sentiment_results.csv#qP4uuMI-JSk/9
EAQ007098,MOSEI,unknown,MOSEI/ABSC1JNdpTw/11,/root/autodl-tmp/data/datasets/baidupcs/CMU-MOSEI/extracted/Raw/Videos/Full/Combined/ABSC1JNdpTw.mp4,/root/autodl-tmp/data/datasets/baidupcs/CMU-MOSEI/extracted/Raw/Audio/Full/WAV_16000/ABSC1JNdpTw.wav,/root/autodl-tmp/data/datasets/baidupcs/CMU-MOSEI/extracted/Raw/Labels/extreme_sentiment_results.csv#11,0.00,0.00,en,high,high,high,true,true,0,0,,,neutral,/root/autodl-tmp/data/datasets/baidupcs/CMU-MOSEI/extracted/Raw/Labels/extreme_sentiment_results.csv#ABSC1JNdpTw/11
EAQ007099,MOSEI,unknown,MOSEI/zOHZDq2BvGo/0,/root/autodl-tmp/data/datasets/baidupcs/CMU-MOSEI/extracted/Raw/Videos/Full/Combined/zOHZDq2BvGo.mp4,/root/autodl-tmp/data/datasets/baidupcs/CMU-MOSEI/extracted/Raw/Audio/Full/WAV_16000/zOHZDq2BvGo.wav,/root/autodl-tmp/data/datasets/baidupcs/CMU-MOSEI/extracted/Raw/Labels/extreme_sentiment_results.csv#0,0.00,0.00,en,high,high,high,true,true,0,0,,,neutral,/root/autodl-tmp/data/datasets/baidupcs/CMU-MOSEI/extracted/Raw/Labels/extreme_sentiment_results.csv#zOHZDq2BvGo/0
EAQ007100,MOSEI,unknown,MOSEI/i714Xt6eb1Y/13,/root/autodl-tmp/data/datasets/baidupcs/CMU-MOSEI/extracted/Raw/Videos/Full/Combined/i714Xt6eb1Y.mp4,/root/autodl-tmp/data/datasets/baidupcs/CMU-MOSEI/extracted/Raw/Audio/Full/WAV_16000/i714Xt6eb1Y.wav,/root/autodl-tmp/data/datasets/baidupcs/CMU-MOSEI/extracted/Raw/Labels/extreme_sentiment_results.csv#13,0.00,0.00,en,high,high,high,true,true,0,0,,,neutral,/root/autodl-tmp/data/datasets/baidupcs/CMU-MOSEI/extracted/Raw/Labels/extreme_sentiment_results.csv#i714Xt6eb1Y/13
EAQ007101,MOSEI,unknown,MOSEI/_UNQDdiAbWI/6,/root/autodl-tmp/data/datasets/baidupcs/CMU-MOSEI/extracted/Raw/Videos/Full/Combined/_UNQDdiAbWI.mp4,/root/autodl-tmp/data/datasets/baidupcs/CMU-MOSEI/extracted/Raw/Audio/Full/WAV_16000/_UNQDdiAbWI.wav,/root/autodl-tmp/data/datasets/baidupcs/CMU-MOSEI/extracted/Raw/Labels/extreme_sentiment_results.csv#6,0.00,0.00,en,high,high,high,true,true,0,0,,,neutral,/root/autodl-tmp/data/datasets/baidupcs/CMU-MOSEI/extracted/Raw/Labels/extreme_sentiment_results.csv#_UNQDdiAbWI/6
EAQ007102,MOSEI,unknown,MOSEI/_BtdwH6mfWg/4,/root/autodl-tmp/data/datasets/baidupcs/CMU-MOSEI/extracted/Raw/Videos/Full/Combined/_BtdwH6mfWg.mp4,/root/autodl-tmp/data/datasets/baidupcs/CMU-MOSEI/extracted/Raw/Audio/Full/WAV_16000/_BtdwH6mfWg.wav,/root/autodl-tmp/data/datasets/baidupcs/CMU-MOSEI/extracted/Raw/Labels/extreme_sentiment_results.csv#4,0.00,0.00,en,high,high,high,true,true,0,-1,,,negative,/root/autodl-tmp/data/datasets/baidupcs/CMU-MOSEI/extracted/Raw/Labels/extreme_sentiment_results.csv#_BtdwH6mfWg/4
EAQ007103,MOSEI,unknown,MOSEI/aqmRPNfeOy8/5,/root/autodl-tmp/data/datasets/baidupcs/CMU-MOSEI/extracted/Raw/Videos/Full/Combined/aqmRPNfeOy8.mp4,/root/autodl-tmp/data/datasets/baidupcs/CMU-MOSEI/extracted/Raw/Audio/Full/WAV_16000/aqmRPNfeOy8.wav,/root/autodl-tmp/data/datasets/baidupcs/CMU-MOSEI/extracted/Raw/Labels/extreme_sentiment_results.csv#5,0.00,0.00,en,high,high,high,true,true,0,0,,,neutral,/root/autodl-tmp/data/datasets/baidupcs/CMU-MOSEI/extracted/Raw/Labels/extreme_sentiment_results.csv#aqmRPNfeOy8/5
EAQ007104,MOSEI,unknown,MOSEI/DdUJojoFU_c/17,/root/autodl-tmp/data/datasets/baidupcs/CMU-MOSEI/extracted/Raw/Videos/Full/Combined/DdUJojoFU_c.mp4,/root/autodl-tmp/data/datasets/baidupcs/CMU-MOSEI/extracted/Raw/Audio/Full/WAV_16000/DdUJojoFU_c.wav,/root/autodl-tmp/data/datasets/baidupcs/CMU-MOSEI/extracted/Raw/Labels/extreme_sentiment_results.csv#17,0.00,0.00,en,high,high,high,true,true,0,0,,,neutral,/root/autodl-tmp/data/datasets/baidupcs/CMU-MOSEI/extracted/Raw/Labels/extreme_sentiment_results.csv#DdUJojoFU_c/17
EAQ007105,MOSEI,unknown,MOSEI/McnbZjgCPLw/5,/root/autodl-tmp/data/datasets/baidupcs/CMU-MOSEI/extracted/Raw/Videos/Full/Combined/McnbZjgCPLw.mp4,/root/autodl-tmp/data/datasets/baidupcs/CMU-MOSEI/extracted/Raw/Audio/Full/WAV_16000/McnbZjgCPLw.wav,/root/autodl-tmp/data/datasets/baidupcs/CMU-MOSEI/extracted/Raw/Labels/extreme_sentiment_results.csv#5,0.00,0.00,en,high,high,high,true,true,0,0,,,neutral,/root/autodl-tmp/data/datasets/baidupcs/CMU-MOSEI/extracted/Raw/Labels/extreme_sentiment_results.csv#McnbZjgCPLw/5
EAQ007106,MOSEI,unknown,MOSEI/q17gSr9kNww/4,/root/autodl-tmp/data/datasets/baidupcs/CMU-MOSEI/extracted/Raw/Videos/Full/Combined/q17gSr9kNww.mp4,/root/autodl-tmp/data/datasets/baidupcs/CMU-MOSEI/extracted/Raw/Audio/Full/WAV_16000/q17gSr9kNww.wav,/root/autodl-tmp/data/datasets/baidupcs/CMU-MOSEI/extracted/Raw/Labels/extreme_sentiment_results.csv#4,0.00,0.00,en,high,high,high,true,true,0,-1,,,negative,/root/autodl-tmp/data/datasets/baidupcs/CMU-MOSEI/extracted/Raw/Labels/extreme_sentiment_results.csv#q17gSr9kNww/4
EAQ007107,MOSEI,unknown,MOSEI/1dWsw38VDjY/4,/root/autodl-tmp/data/datasets/baidupcs/CMU-MOSEI/extracted/Raw/Videos/Full/Combined/1dWsw38VDjY.mp4,/root/autodl-tmp/data/datasets/baidupcs/CMU-MOSEI/extracted/Raw/Audio/Full/WAV_16000/1dWsw38VDjY.wav,/root/autodl-tmp/data/datasets/baidupcs/CMU-MOSEI/extracted/Raw/Labels/extreme_sentiment_results.csv#4,0.00,0.00,en,high,high,high,true,true,0,-3,,,negative,/root/autodl-tmp/data/datasets/baidupcs/CMU-MOSEI/extracted/Raw/Labels/extreme_sentiment_results.csv#1dWsw38VDjY/4
EAQ007108,MOSEI,unknown,MOSEI/UmB5c_QqUPs/1,/root/autodl-tmp/data/datasets/baidupcs/CMU-MOSEI/extracted/Raw/Videos/Full/Combined/UmB5c_QqUPs.mp4,/root/autodl-tmp/data/datasets/baidupcs/CMU-MOSEI/extracted/Raw/Audio/Full/WAV_16000/UmB5c_QqUPs.wav,/root/autodl-tmp/data/datasets/baidupcs/CMU-MOSEI/extracted/Raw/Labels/extreme_sentiment_results.csv#1,0.00,0.00,en,high,high,high,true,true,0,2,,,positive,/root/autodl-tmp/data/datasets/baidupcs/CMU-MOSEI/extracted/Raw/Labels/extreme_sentiment_results.csv#UmB5c_QqUPs/1
EAQ007109,MOSEI,unknown,MOSEI/zsRTbbKlsEg/6,/root/autodl-tmp/data/datasets/baidupcs/CMU-MOSEI/extracted/Raw/Videos/Full/Combined/zsRTbbKlsEg.mp4,/root/autodl-tmp/data/datasets/baidupcs/CMU-MOSEI/extracted/Raw/Audio/Full/WAV_16000/zsRTbbKlsEg.wav,/root/autodl-tmp/data/datasets/baidupcs/CMU-MOSEI/extracted/Raw/Labels/extreme_sentiment_results.csv#6,0.00,0.00,en,high,high,high,true,true,0,0,,,neutral,/root/autodl-tmp/data/datasets/baidupcs/CMU-MOSEI/extracted/Raw/Labels/extreme_sentiment_results.csv#zsRTbbKlsEg/6
EAQ007110,MOSEI,unknown,MOSEI/fsd1qPLA3kY/16,/root/autodl-tmp/data/datasets/baidupcs/CMU-MOSEI/extracted/Raw/Videos/Full/Combined/fsd1qPLA3kY.mp4,/root/autodl-tmp/data/datasets/baidupcs/CMU-MOSEI/extracted/Raw/Audio/Full/WAV_16000/fsd1qPLA3kY.wav,/root/autodl-tmp/data/datasets/baidupcs/CMU-MOSEI/extracted/Raw/Labels/extreme_sentiment_results.csv#16,0.00,0.00,en,high,high,high,true,true,0,1,,,positive,/root/autodl-tmp/data/datasets/baidupcs/CMU-MOSEI/extracted/Raw/Labels/extreme_sentiment_results.csv#fsd1qPLA3kY/16
EAQ007111,MOSEI,unknown,MOSEI/XsEPZydHWdo/6,/root/autodl-tmp/data/datasets/baidupcs/CMU-MOSEI/extracted/Raw/Videos/Full/Combined/XsEPZydHWdo.mp4,/root/autodl-tmp/data/datasets/baidupcs/CMU-MOSEI/extracted/Raw/Audio/Full/WAV_16000/XsEPZydHWdo.wav,/root/autodl-tmp/data/datasets/baidupcs/CMU-MOSEI/extracted/Raw/Labels/extreme_sentiment_results.csv#6,0.00,0.00,en,high,high,high,true,true,0,0,,,neutral,/root/autodl-tmp/data/datasets/baidupcs/CMU-MOSEI/extracted/Raw/Labels/extreme_sentiment_results.csv#XsEPZydHWdo/6
EAQ007112,MOSEI,unknown,MOSEI/4poXF3xo6Z8/0,/root/autodl-tmp/data/datasets/baidupcs/CMU-MOSEI/extracted/Raw/Videos/Full/Combined/4poXF3xo6Z8.mp4,/root/autodl-tmp/data/datasets/baidupcs/CMU-MOSEI/extracted/Raw/Audio/Full/WAV_16000/4poXF3xo6Z8.wav,/root/autodl-tmp/data/datasets/baidupcs/CMU-MOSEI/extracted/Raw/Labels/extreme_sentiment_results.csv#0,0.00,0.00,en,high,high,high,true,true,0,0,,,neutral,/root/autodl-tmp/data/datasets/baidupcs/CMU-MOSEI/extracted/Raw/Labels/extreme_sentiment_results.csv#4poXF3xo6Z8/0
EAQ007113,MOSEI,unknown,MOSEI/HLFaW4oVP9E/10,/root/autodl-tmp/data/datasets/baidupcs/CMU-MOSEI/extracted/Raw/Videos/Full/Combined/HLFaW4oVP9E.mp4,/root/autodl-tmp/data/datasets/baidupcs/CMU-MOSEI/extracted/Raw/Audio/Full/WAV_16000/HLFaW4oVP9E.wav,/root/autodl-tmp/data/datasets/baidupcs/CMU-MOSEI/extracted/Raw/Labels/extreme_sentiment_results.csv#10,0.00,0.00,en,high,high,high,true,true,0,0,,,neutral,/root/autodl-tmp/data/datasets/baidupcs/CMU-MOSEI/extracted/Raw/Labels/extreme_sentiment_results.csv#HLFaW4oVP9E/10
EAQ007114,MOSEI,unknown,MOSEI/GNP0PFas12Y/7,/root/autodl-tmp/data/datasets/baidupcs/CMU-MOSEI/extracted/Raw/Videos/Full/Combined/GNP0PFas12Y.mp4,/root/autodl-tmp/data/datasets/baidupcs/CMU-MOSEI/extracted/Raw/Audio/Full/WAV_16000/GNP0PFas12Y.wav,/root/autodl-tmp/data/datasets/baidupcs/CMU-MOSEI/extracted/Raw/Labels/extreme_sentiment_results.csv#7,0.00,0.00,en,high,high,high,true,true,0,1,,,positive,/root/autodl-tmp/data/datasets/baidupcs/CMU-MOSEI/extracted/Raw/Labels/extreme_sentiment_results.csv#GNP0PFas12Y/7
EAQ007115,MOSEI,unknown,MOSEI/_aJghSQmxD8/7,/root/autodl-tmp/data/datasets/baidupcs/CMU-MOSEI/extracted/Raw/Videos/Full/Combined/_aJghSQmxD8.mp4,/root/autodl-tmp/data/datasets/baidupcs/CMU-MOSEI/extracted/Raw/Audio/Full/WAV_16000/_aJghSQmxD8.wav,/root/autodl-tmp/data/datasets/baidupcs/CMU-MOSEI/extracted/Raw/Labels/extreme_sentiment_results.csv#7,0.00,0.00,en,high,high,high,true,true,0,1,,,positive,/root/autodl-tmp/data/datasets/baidupcs/CMU-MOSEI/extracted/Raw/Labels/extreme_sentiment_results.csv#_aJghSQmxD8/7
EAQ007116,MOSEI,unknown,MOSEI/qXisb7w9LjM/9,/root/autodl-tmp/data/datasets/baidupcs/CMU-MOSEI/extracted/Raw/Videos/Full/Combined/qXisb7w9LjM.mp4,/root/autodl-tmp/data/datasets/baidupcs/CMU-MOSEI/extracted/Raw/Audio/Full/WAV_16000/qXisb7w9LjM.wav,/root/autodl-tmp/data/datasets/baidupcs/CMU-MOSEI/extracted/Raw/Labels/extreme_sentiment_results.csv#9,0.00,0.00,en,high,high,high,true,true,0,1,,,positive,/root/autodl-tmp/data/datasets/baidupcs/CMU-MOSEI/extracted/Raw/Labels/extreme_sentiment_results.csv#qXisb7w9LjM/9
EAQ007117,MOSEI,unknown,MOSEI/CU6U-gS76K4/23,/root/autodl-tmp/data/datasets/baidupcs/CMU-MOSEI/extracted/Raw/Videos/Full/Combined/CU6U-gS76K4.mp4,/root/autodl-tmp/data/datasets/baidupcs/CMU-MOSEI/extracted/Raw/Audio/Full/WAV_16000/CU6U-gS76K4.wav,/root/autodl-tmp/data/datasets/baidupcs/CMU-MOSEI/extracted/Raw/Labels/extreme_sentiment_results.csv#23,0.00,0.00,en,high,high,high,true,true,0,2,,,positive,/root/autodl-tmp/data/datasets/baidupcs/CMU-MOSEI/extracted/Raw/Labels/extreme_sentiment_results.csv#CU6U-gS76K4/23
EAQ007118,MOSEI,unknown,MOSEI/2JY5HXBWO84/11,/root/autodl-tmp/data/datasets/baidupcs/CMU-MOSEI/extracted/Raw/Videos/Full/Combined/2JY5HXBWO84.mp4,/root/autodl-tmp/data/datasets/baidupcs/CMU-MOSEI/extracted/Raw/Audio/Full/WAV_16000/2JY5HXBWO84.wav,/root/autodl-tmp/data/datasets/baidupcs/CMU-MOSEI/extracted/Raw/Labels/extreme_sentiment_results.csv#11,0.00,0.00,en,high,high,high,true,true,0,2,,,positive,/root/autodl-tmp/data/datasets/baidupcs/CMU-MOSEI/extracted/Raw/Labels/extreme_sentiment_results.csv#2JY5HXBWO84/11
EAQ007119,MOSEI,unknown,MOSEI/5kaCGzjYukM/2,/root/autodl-tmp/data/datasets/baidupcs/CMU-MOSEI/extracted/Raw/Videos/Full/Combined/5kaCGzjYukM.mp4,/root/autodl-tmp/data/datasets/baidupcs/CMU-MOSEI/extracted/Raw/Audio/Full/WAV_16000/5kaCGzjYukM.wav,/root/autodl-tmp/data/datasets/baidupcs/CMU-MOSEI/extracted/Raw/Labels/extreme_sentiment_results.csv#2,0.00,0.00,en,high,high,high,true,true,1,-1,,,negative,/root/autodl-tmp/data/datasets/baidupcs/CMU-MOSEI/extracted/Raw/Labels/extreme_sentiment_results.csv#5kaCGzjYukM/2
EAQ007120,MOSEI,unknown,MOSEI/Xq7zLxYHxd8/0,/root/autodl-tmp/data/datasets/baidupcs/CMU-MOSEI/extracted/Raw/Videos/Full/Combined/Xq7zLxYHxd8.mp4,/root/autodl-tmp/data/datasets/baidupcs/CMU-MOSEI/extracted/Raw/Audio/Full/WAV_16000/Xq7zLxYHxd8.wav,/root/autodl-tmp/data/datasets/baidupcs/CMU-MOSEI/extracted/Raw/Labels/extreme_sentiment_results.csv#0,0.00,0.00,en,high,high,high,true,true,0,0,,,neutral,/root/autodl-tmp/data/datasets/baidupcs/CMU-MOSEI/extracted/Raw/Labels/extreme_sentiment_results.csv#Xq7zLxYHxd8/0
EAQ007121,MOSEI,unknown,MOSEI/EiG3r8hAVeY/6,/root/autodl-tmp/data/datasets/baidupcs/CMU-MOSEI/extracted/Raw/Videos/Full/Combined/EiG3r8hAVeY.mp4,/root/autodl-tmp/data/datasets/baidupcs/CMU-MOSEI/extracted/Raw/Audio/Full/WAV_16000/EiG3r8hAVeY.wav,/root/autodl-tmp/data/datasets/baidupcs/CMU-MOSEI/extracted/Raw/Labels/extreme_sentiment_results.csv#6,0.00,0.00,en,high,high,high,true,true,0,0,,,neutral,/root/autodl-tmp/data/datasets/baidupcs/CMU-MOSEI/extracted/Raw/Labels/extreme_sentiment_results.csv#EiG3r8hAVeY/6
EAQ007122,MOSEI,unknown,MOSEI/XAT2IfFFAU0/8,/root/autodl-tmp/data/datasets/baidupcs/CMU-MOSEI/extracted/Raw/Videos/Full/Combined/XAT2IfFFAU0.mp4,/root/autodl-tmp/data/datasets/baidupcs/CMU-MOSEI/extracted/Raw/Audio/Full/WAV_16000/XAT2IfFFAU0.wav,/root/autodl-tmp/data/datasets/baidupcs/CMU-MOSEI/extracted/Raw/Labels/extreme_sentiment_results.csv#8,0.00,0.00,en,high,high,high,true,true,0,0,,,neutral,/root/autodl-tmp/data/datasets/baidupcs/CMU-MOSEI/extracted/Raw/Labels/extreme_sentiment_results.csv#XAT2IfFFAU0/8
EAQ007123,MOSEI,unknown,MOSEI/aFhc2ddipoM/9,/root/autodl-tmp/data/datasets/baidupcs/CMU-MOSEI/extracted/Raw/Videos/Full/Combined/aFhc2ddipoM.mp4,/root/autodl-tmp/data/datasets/baidupcs/CMU-MOSEI/extracted/Raw/Audio/Full/WAV_16000/aFhc2ddipoM.wav,/root/autodl-tmp/data/datasets/baidupcs/CMU-MOSEI/extracted/Raw/Labels/extreme_sentiment_results.csv#9,0.00,0.00,en,high,high,high,true,true,0,2,,,positive,/root/autodl-tmp/data/datasets/baidupcs/CMU-MOSEI/extracted/Raw/Labels/extreme_sentiment_results.csv#aFhc2ddipoM/9
EAQ007124,MOSEI,unknown,MOSEI/KpMCvUyQCXg/3,/root/autodl-tmp/data/datasets/baidupcs/CMU-MOSEI/extracted/Raw/Videos/Full/Combined/KpMCvUyQCXg.mp4,/root/autodl-tmp/data/datasets/baidupcs/CMU-MOSEI/extracted/Raw/Audio/Full/WAV_16000/KpMCvUyQCXg.wav,/root/autodl-tmp/data/datasets/baidupcs/CMU-MOSEI/extracted/Raw/Labels/extreme_sentiment_results.csv#3,0.00,0.00,en,high,high,high,true,true,0,0,,,neutral,/root/autodl-tmp/data/datasets/baidupcs/CMU-MOSEI/extracted/Raw/Labels/extreme_sentiment_results.csv#KpMCvUyQCXg/3
EAQ007125,MOSEI,unknown,MOSEI/ssqiwP19JhM/10,/root/autodl-tmp/data/datasets/baidupcs/CMU-MOSEI/extracted/Raw/Videos/Full/Combined/ssqiwP19JhM.mp4,/root/autodl-tmp/data/datasets/baidupcs/CMU-MOSEI/extracted/Raw/Audio/Full/WAV_16000/ssqiwP19JhM.wav,/root/autodl-tmp/data/datasets/baidupcs/CMU-MOSEI/extracted/Raw/Labels/extreme_sentiment_results.csv#10,0.00,0.00,en,high,high,high,true,true,0,0,,,neutral,/root/autodl-tmp/data/datasets/baidupcs/CMU-MOSEI/extracted/Raw/Labels/extreme_sentiment_results.csv#ssqiwP19JhM/10
EAQ007126,MOSEI,unknown,MOSEI/A2E78CGi5TU/8,/root/autodl-tmp/data/datasets/baidupcs/CMU-MOSEI/extracted/Raw/Videos/Full/Combined/A2E78CGi5TU.mp4,/root/autodl-tmp/data/datasets/baidupcs/CMU-MOSEI/extracted/Raw/Audio/Full/WAV_16000/A2E78CGi5TU.wav,/root/autodl-tmp/data/datasets/baidupcs/CMU-MOSEI/extracted/Raw/Labels/extreme_sentiment_results.csv#8,0.00,0.00,en,high,high,high,true,true,0,0,,,neutral,/root/autodl-tmp/data/datasets/baidupcs/CMU-MOSEI/extracted/Raw/Labels/extreme_sentiment_results.csv#A2E78CGi5TU/8
EAQ007127,MOSEI,unknown,MOSEI/-rxZxtG0xmY/0,/root/autodl-tmp/data/datasets/baidupcs/CMU-MOSEI/extracted/Raw/Videos/Full/Combined/-rxZxtG0xmY.mp4,/root/autodl-tmp/data/datasets/baidupcs/CMU-MOSEI/extracted/Raw/Audio/Full/WAV_16000/-rxZxtG0xmY.wav,/root/autodl-tmp/data/datasets/baidupcs/CMU-MOSEI/extracted/Raw/Labels/extreme_sentiment_results.csv#0,0.00,0.00,en,high,high,high,true,true,0,0,,,neutral,/root/autodl-tmp/data/datasets/baidupcs/CMU-MOSEI/extracted/Raw/Labels/extreme_sentiment_results.csv#-rxZxtG0xmY/0
EAQ007128,MOSEI,unknown,MOSEI/GUffC7vu9zA/11,/root/autodl-tmp/data/datasets/baidupcs/CMU-MOSEI/extracted/Raw/Videos/Full/Combined/GUffC7vu9zA.mp4,/root/autodl-tmp/data/datasets/baidupcs/CMU-MOSEI/extracted/Raw/Audio/Full/WAV_16000/GUffC7vu9zA.wav,/root/autodl-tmp/data/datasets/baidupcs/CMU-MOSEI/extracted/Raw/Labels/extreme_sentiment_results.csv#11,0.00,0.00,en,high,high,high,true,true,0,0,,,neutral,/root/autodl-tmp/data/datasets/baidupcs/CMU-MOSEI/extracted/Raw/Labels/extreme_sentiment_results.csv#GUffC7vu9zA/11
EAQ007129,MOSEI,unknown,MOSEI/cUm0TN3vXRc/4,/root/autodl-tmp/data/datasets/baidupcs/CMU-MOSEI/extracted/Raw/Videos/Full/Combined/cUm0TN3vXRc.mp4,/root/autodl-tmp/data/datasets/baidupcs/CMU-MOSEI/extracted/Raw/Audio/Full/WAV_16000/cUm0TN3vXRc.wav,/root/autodl-tmp/data/datasets/baidupcs/CMU-MOSEI/extracted/Raw/Labels/extreme_sentiment_results.csv#4,0.00,0.00,en,high,high,high,true,true,0,2,,,positive,/root/autodl-tmp/data/datasets/baidupcs/CMU-MOSEI/extracted/Raw/Labels/extreme_sentiment_results.csv#cUm0TN3vXRc/4
EAQ007130,MOSEI,unknown,MOSEI/sMnbpyFqrlE/17,/root/autodl-tmp/data/datasets/baidupcs/CMU-MOSEI/extracted/Raw/Videos/Full/Combined/sMnbpyFqrlE.mp4,/root/autodl-tmp/data/datasets/baidupcs/CMU-MOSEI/extracted/Raw/Audio/Full/WAV_16000/sMnbpyFqrlE.wav,/root/autodl-tmp/data/datasets/baidupcs/CMU-MOSEI/extracted/Raw/Labels/extreme_sentiment_results.csv#17,0.00,0.00,en,high,high,high,true,true,0,0,,,neutral,/root/autodl-tmp/data/datasets/baidupcs/CMU-MOSEI/extracted/Raw/Labels/extreme_sentiment_results.csv#sMnbpyFqrlE/17
EAQ007131,MOSEI,unknown,MOSEI/_PJ26YwqRJE/15,/root/autodl-tmp/data/datasets/baidupcs/CMU-MOSEI/extracted/Raw/Videos/Full/Combined/_PJ26YwqRJE.mp4,/root/autodl-tmp/data/datasets/baidupcs/CMU-MOSEI/extracted/Raw/Audio/Full/WAV_16000/_PJ26YwqRJE.wav,/root/autodl-tmp/data/datasets/baidupcs/CMU-MOSEI/extracted/Raw/Labels/extreme_sentiment_results.csv#15,0.00,0.00,en,high,high,high,true,true,0,0,,,neutral,/root/autodl-tmp/data/datasets/baidupcs/CMU-MOSEI/extracted/Raw/Labels/extreme_sentiment_results.csv#_PJ26YwqRJE/15
EAQ007132,MOSEI,unknown,MOSEI/A2E78CGi5TU/16,/root/autodl-tmp/data/datasets/baidupcs/CMU-MOSEI/extracted/Raw/Videos/Full/Combined/A2E78CGi5TU.mp4,/root/autodl-tmp/data/datasets/baidupcs/CMU-MOSEI/extracted/Raw/Audio/Full/WAV_16000/A2E78CGi5TU.wav,/root/autodl-tmp/data/datasets/baidupcs/CMU-MOSEI/extracted/Raw/Labels/extreme_sentiment_results.csv#16,0.00,0.00,en,high,high,high,true,true,0,0,,,neutral,/root/autodl-tmp/data/datasets/baidupcs/CMU-MOSEI/extracted/Raw/Labels/extreme_sentiment_results.csv#A2E78CGi5TU/16
EAQ007133,MOSEI,unknown,MOSEI/kbRtSmJM5aU/9,/root/autodl-tmp/data/datasets/baidupcs/CMU-MOSEI/extracted/Raw/Videos/Full/Combined/kbRtSmJM5aU.mp4,/root/autodl-tmp/data/datasets/baidupcs/CMU-MOSEI/extracted/Raw/Audio/Full/WAV_16000/kbRtSmJM5aU.wav,/root/autodl-tmp/data/datasets/baidupcs/CMU-MOSEI/extracted/Raw/Labels/extreme_sentiment_results.csv#9,0.00,0.00,en,high,high,high,true,true,0,2,,,positive,/root/autodl-tmp/data/datasets/baidupcs/CMU-MOSEI/extracted/Raw/Labels/extreme_sentiment_results.csv#kbRtSmJM5aU/9
EAQ007134,MOSEI,unknown,MOSEI/rLHJ_ebXCHQ/5,/root/autodl-tmp/data/datasets/baidupcs/CMU-MOSEI/extracted/Raw/Videos/Full/Combined/rLHJ_ebXCHQ.mp4,/root/autodl-tmp/data/datasets/baidupcs/CMU-MOSEI/extracted/Raw/Audio/Full/WAV_16000/rLHJ_ebXCHQ.wav,/root/autodl-tmp/data/datasets/baidupcs/CMU-MOSEI/extracted/Raw/Labels/extreme_sentiment_results.csv#5,0.00,0.00,en,high,high,high,true,true,0,0,,,neutral,/root/autodl-tmp/data/datasets/baidupcs/CMU-MOSEI/extracted/Raw/Labels/extreme_sentiment_results.csv#rLHJ_ebXCHQ/5
EAQ007135,MOSEI,unknown,MOSEI/vRydHjRzDX0/7,/root/autodl-tmp/data/datasets/baidupcs/CMU-MOSEI/extracted/Raw/Videos/Full/Combined/vRydHjRzDX0.mp4,/root/autodl-tmp/data/datasets/baidupcs/CMU-MOSEI/extracted/Raw/Audio/Full/WAV_16000/vRydHjRzDX0.wav,/root/autodl-tmp/data/datasets/baidupcs/CMU-MOSEI/extracted/Raw/Labels/extreme_sentiment_results.csv#7,0.00,0.00,en,high,high,high,true,true,0,0,,,neutral,/root/autodl-tmp/data/datasets/baidupcs/CMU-MOSEI/extracted/Raw/Labels/extreme_sentiment_results.csv#vRydHjRzDX0/7
EAQ007136,MOSEI,unknown,MOSEI/H-AJ-grXvgQ/6,/root/autodl-tmp/data/datasets/baidupcs/CMU-MOSEI/extracted/Raw/Videos/Full/Combined/H-AJ-grXvgQ.mp4,/root/autodl-tmp/data/datasets/baidupcs/CMU-MOSEI/extracted/Raw/Audio/Full/WAV_16000/H-AJ-grXvgQ.wav,/root/autodl-tmp/data/datasets/baidupcs/CMU-MOSEI/extracted/Raw/Labels/extreme_sentiment_results.csv#6,0.00,0.00,en,high,high,high,true,true,0,0,,,neutral,/root/autodl-tmp/data/datasets/baidupcs/CMU-MOSEI/extracted/Raw/Labels/extreme_sentiment_results.csv#H-AJ-grXvgQ/6
EAQ007137,MOSEI,unknown,MOSEI/bzPFUVGPS3c/8,/root/autodl-tmp/data/datasets/baidupcs/CMU-MOSEI/extracted/Raw/Videos/Full/Combined/bzPFUVGPS3c.mp4,/root/autodl-tmp/data/datasets/baidupcs/CMU-MOSEI/extracted/Raw/Audio/Full/WAV_16000/bzPFUVGPS3c.wav,/root/autodl-tmp/data/datasets/baidupcs/CMU-MOSEI/extracted/Raw/Labels/extreme_sentiment_results.csv#8,0.00,0.00,en,high,high,high,true,true,0,0,,,neutral,/root/autodl-tmp/data/datasets/baidupcs/CMU-MOSEI/extracted/Raw/Labels/extreme_sentiment_results.csv#bzPFUVGPS3c/8
EAQ007138,MOSEI,unknown,MOSEI/4poXF3xo6Z8/10,/root/autodl-tmp/data/datasets/baidupcs/CMU-MOSEI/extracted/Raw/Videos/Full/Combined/4poXF3xo6Z8.mp4,/root/autodl-tmp/data/datasets/baidupcs/CMU-MOSEI/extracted/Raw/Audio/Full/WAV_16000/4poXF3xo6Z8.wav,/root/autodl-tmp/data/datasets/baidupcs/CMU-MOSEI/extracted/Raw/Labels/extreme_sentiment_results.csv#10,0.00,0.00,en,high,high,high,true,true,0,2,,,positive,/root/autodl-tmp/data/datasets/baidupcs/CMU-MOSEI/extracted/Raw/Labels/extreme_sentiment_results.csv#4poXF3xo6Z8/10
EAQ007139,MOSEI,unknown,MOSEI/qlDT-bmIzQI/2,/root/autodl-tmp/data/datasets/baidupcs/CMU-MOSEI/extracted/Raw/Videos/Full/Combined/qlDT-bmIzQI.mp4,/root/autodl-tmp/data/datasets/baidupcs/CMU-MOSEI/extracted/Raw/Audio/Full/WAV_16000/qlDT-bmIzQI.wav,/root/autodl-tmp/data/datasets/baidupcs/CMU-MOSEI/extracted/Raw/Labels/extreme_sentiment_results.csv#2,0.00,0.00,en,high,high,high,true,true,0,2,,,positive,/root/autodl-tmp/data/datasets/baidupcs/CMU-MOSEI/extracted/Raw/Labels/extreme_sentiment_results.csv#qlDT-bmIzQI/2
EAQ007140,MOSEI,unknown,MOSEI/uogwnZGb-iE/19,/root/autodl-tmp/data/datasets/baidupcs/CMU-MOSEI/extracted/Raw/Videos/Full/Combined/uogwnZGb-iE.mp4,/root/autodl-tmp/data/datasets/baidupcs/CMU-MOSEI/extracted/Raw/Audio/Full/WAV_16000/uogwnZGb-iE.wav,/root/autodl-tmp/data/datasets/baidupcs/CMU-MOSEI/extracted/Raw/Labels/extreme_sentiment_results.csv#19,0.00,0.00,en,high,high,high,true,true,0,3,,,positive,/root/autodl-tmp/data/datasets/baidupcs/CMU-MOSEI/extracted/Raw/Labels/extreme_sentiment_results.csv#uogwnZGb-iE/19
EAQ007141,MOSEI,unknown,MOSEI/BB_VwJSg3AI/4,/root/autodl-tmp/data/datasets/baidupcs/CMU-MOSEI/extracted/Raw/Videos/Full/Combined/BB_VwJSg3AI.mp4,/root/autodl-tmp/data/datasets/baidupcs/CMU-MOSEI/extracted/Raw/Audio/Full/WAV_16000/BB_VwJSg3AI.wav,/root/autodl-tmp/data/datasets/baidupcs/CMU-MOSEI/extracted/Raw/Labels/extreme_sentiment_results.csv#4,0.00,0.00,en,high,high,high,true,true,0,-1,,,negative,/root/autodl-tmp/data/datasets/baidupcs/CMU-MOSEI/extracted/Raw/Labels/extreme_sentiment_results.csv#BB_VwJSg3AI/4
EAQ007142,MOSEI,unknown,MOSEI/bYt4wybVLRQ/16,/root/autodl-tmp/data/datasets/baidupcs/CMU-MOSEI/extracted/Raw/Videos/Full/Combined/bYt4wybVLRQ.mp4,/root/autodl-tmp/data/datasets/baidupcs/CMU-MOSEI/extracted/Raw/Audio/Full/WAV_16000/bYt4wybVLRQ.wav,/root/autodl-tmp/data/datasets/baidupcs/CMU-MOSEI/extracted/Raw/Labels/extreme_sentiment_results.csv#16,0.00,0.00,en,high,high,high,true,true,0,0,,,neutral,/root/autodl-tmp/data/datasets/baidupcs/CMU-MOSEI/extracted/Raw/Labels/extreme_sentiment_results.csv#bYt4wybVLRQ/16
EAQ007143,MOSEI,unknown,MOSEI/MHyW857u_X8/20,/root/autodl-tmp/data/datasets/baidupcs/CMU-MOSEI/extracted/Raw/Videos/Full/Combined/MHyW857u_X8.mp4,/root/autodl-tmp/data/datasets/baidupcs/CMU-MOSEI/extracted/Raw/Audio/Full/WAV_16000/MHyW857u_X8.wav,/root/autodl-tmp/data/datasets/baidupcs/CMU-MOSEI/extracted/Raw/Labels/extreme_sentiment_results.csv#20,0.00,0.00,en,high,high,high,true,true,0,-1,,,negative,/root/autodl-tmp/data/datasets/baidupcs/CMU-MOSEI/extracted/Raw/Labels/extreme_sentiment_results.csv#MHyW857u_X8/20
EAQ007144,MOSEI,unknown,MOSEI/ZfQYEa2fHGo/2,/root/autodl-tmp/data/datasets/baidupcs/CMU-MOSEI/extracted/Raw/Videos/Full/Combined/ZfQYEa2fHGo.mp4,/root/autodl-tmp/data/datasets/baidupcs/CMU-MOSEI/extracted/Raw/Audio/Full/WAV_16000/ZfQYEa2fHGo.wav,/root/autodl-tmp/data/datasets/baidupcs/CMU-MOSEI/extracted/Raw/Labels/extreme_sentiment_results.csv#2,0.00,0.00,en,high,high,high,true,true,0,2,,,positive,/root/autodl-tmp/data/datasets/baidupcs/CMU-MOSEI/extracted/Raw/Labels/extreme_sentiment_results.csv#ZfQYEa2fHGo/2
EAQ007145,MOSEI,unknown,MOSEI/mxFU6TrHChY/21,/root/autodl-tmp/data/datasets/baidupcs/CMU-MOSEI/extracted/Raw/Videos/Full/Combined/mxFU6TrHChY.mp4,/root/autodl-tmp/data/datasets/baidupcs/CMU-MOSEI/extracted/Raw/Audio/Full/WAV_16000/mxFU6TrHChY.wav,/root/autodl-tmp/data/datasets/baidupcs/CMU-MOSEI/extracted/Raw/Labels/extreme_sentiment_results.csv#21,0.00,0.00,en,high,high,high,true,true,1,1,,,positive,/root/autodl-tmp/data/datasets/baidupcs/CMU-MOSEI/extracted/Raw/Labels/extreme_sentiment_results.csv#mxFU6TrHChY/21
EAQ007146,MOSEI,unknown,MOSEI/vA68fTqDars/0,/root/autodl-tmp/data/datasets/baidupcs/CMU-MOSEI/extracted/Raw/Videos/Full/Combined/vA68fTqDars.mp4,/root/autodl-tmp/data/datasets/baidupcs/CMU-MOSEI/extracted/Raw/Audio/Full/WAV_16000/vA68fTqDars.wav,/root/autodl-tmp/data/datasets/baidupcs/CMU-MOSEI/extracted/Raw/Labels/extreme_sentiment_results.csv#0,0.00,0.00,en,high,high,high,true,true,0,0,,,neutral,/root/autodl-tmp/data/datasets/baidupcs/CMU-MOSEI/extracted/Raw/Labels/extreme_sentiment_results.csv#vA68fTqDars/0
EAQ007147,MOSEI,unknown,MOSEI/xfeASyC6PPg/4,/root/autodl-tmp/data/datasets/baidupcs/CMU-MOSEI/extracted/Raw/Videos/Full/Combined/xfeASyC6PPg.mp4,/root/autodl-tmp/data/datasets/baidupcs/CMU-MOSEI/extracted/Raw/Audio/Full/WAV_16000/xfeASyC6PPg.wav,/root/autodl-tmp/data/datasets/baidupcs/CMU-MOSEI/extracted/Raw/Labels/extreme_sentiment_results.csv#4,0.00,0.00,en,high,high,high,true,true,0,0,,,neutral,/root/autodl-tmp/data/datasets/baidupcs/CMU-MOSEI/extracted/Raw/Labels/extreme_sentiment_results.csv#xfeASyC6PPg/4
EAQ007148,MOSEI,unknown,MOSEI/LKAEv8x9jKI/7,/root/autodl-tmp/data/datasets/baidupcs/CMU-MOSEI/extracted/Raw/Videos/Full/Combined/LKAEv8x9jKI.mp4,/root/autodl-tmp/data/datasets/baidupcs/CMU-MOSEI/extracted/Raw/Audio/Full/WAV_16000/LKAEv8x9jKI.wav,/root/autodl-tmp/data/datasets/baidupcs/CMU-MOSEI/extracted/Raw/Labels/extreme_sentiment_results.csv#7,0.00,0.00,en,high,high,high,true,true,0,-1,,,negative,/root/autodl-tmp/data/datasets/baidupcs/CMU-MOSEI/extracted/Raw/Labels/extreme_sentiment_results.csv#LKAEv8x9jKI/7
EAQ007149,MOSEI,unknown,MOSEI/TNwwVWA-oAE/19,/root/autodl-tmp/data/datasets/baidupcs/CMU-MOSEI/extracted/Raw/Videos/Full/Combined/TNwwVWA-oAE.mp4,/root/autodl-tmp/data/datasets/baidupcs/CMU-MOSEI/extracted/Raw/Audio/Full/WAV_16000/TNwwVWA-oAE.wav,/root/autodl-tmp/data/datasets/baidupcs/CMU-MOSEI/extracted/Raw/Labels/extreme_sentiment_results.csv#19,0.00,0.00,en,high,high,high,true,true,0,0,,,neutral,/root/autodl-tmp/data/datasets/baidupcs/CMU-MOSEI/extracted/Raw/Labels/extreme_sentiment_results.csv#TNwwVWA-oAE/19
EAQ007150,MOSEI,unknown,MOSEI/pfCPogxnUfw/24,/root/autodl-tmp/data/datasets/baidupcs/CMU-MOSEI/extracted/Raw/Videos/Full/Combined/pfCPogxnUfw.mp4,/root/autodl-tmp/data/datasets/baidupcs/CMU-MOSEI/extracted/Raw/Audio/Full/WAV_16000/pfCPogxnUfw.wav,/root/autodl-tmp/data/datasets/baidupcs/CMU-MOSEI/extracted/Raw/Labels/extreme_sentiment_results.csv#24,0.00,0.00,en,high,high,high,true,true,0,0,,,neutral,/root/autodl-tmp/data/datasets/baidupcs/CMU-MOSEI/extracted/Raw/Labels/extreme_sentiment_results.csv#pfCPogxnUfw/24
EAQ007151,MOSEI,unknown,MOSEI/T-8TvJcS78w/1,/root/autodl-tmp/data/datasets/baidupcs/CMU-MOSEI/extracted/Raw/Videos/Full/Combined/T-8TvJcS78w.mp4,/root/autodl-tmp/data/datasets/baidupcs/CMU-MOSEI/extracted/Raw/Audio/Full/WAV_16000/T-8TvJcS78w.wav,/root/autodl-tmp/data/datasets/baidupcs/CMU-MOSEI/extracted/Raw/Labels/extreme_sentiment_results.csv#1,0.00,0.00,en,high,high,high,true,true,0,1,,,positive,/root/autodl-tmp/data/datasets/baidupcs/CMU-MOSEI/extracted/Raw/Labels/extreme_sentiment_results.csv#T-8TvJcS78w/1
EAQ007152,MOSEI,unknown,MOSEI/lbx3eu8LUl8/1,/root/autodl-tmp/data/datasets/baidupcs/CMU-MOSEI/extracted/Raw/Videos/Full/Combined/lbx3eu8LUl8.mp4,/root/autodl-tmp/data/datasets/baidupcs/CMU-MOSEI/extracted/Raw/Audio/Full/WAV_16000/lbx3eu8LUl8.wav,/root/autodl-tmp/data/datasets/baidupcs/CMU-MOSEI/extracted/Raw/Labels/extreme_sentiment_results.csv#1,0.00,0.00,en,high,high,high,true,true,0,1,,,positive,/root/autodl-tmp/data/datasets/baidupcs/CMU-MOSEI/extracted/Raw/Labels/extreme_sentiment_results.csv#lbx3eu8LUl8/1
EAQ007153,MOSEI,unknown,MOSEI/wRKVNiABc0w/5,/root/autodl-tmp/data/datasets/baidupcs/CMU-MOSEI/extracted/Raw/Videos/Full/Combined/wRKVNiABc0w.mp4,/root/autodl-tmp/data/datasets/baidupcs/CMU-MOSEI/extracted/Raw/Audio/Full/WAV_16000/wRKVNiABc0w.wav,/root/autodl-tmp/data/datasets/baidupcs/CMU-MOSEI/extracted/Raw/Labels/extreme_sentiment_results.csv#5,0.00,0.00,en,high,high,high,true,true,0,-2,,,negative,/root/autodl-tmp/data/datasets/baidupcs/CMU-MOSEI/extracted/Raw/Labels/extreme_sentiment_results.csv#wRKVNiABc0w/5
EAQ007154,MOSEI,unknown,MOSEI/uXYAfpQUYVE/22,/root/autodl-tmp/data/datasets/baidupcs/CMU-MOSEI/extracted/Raw/Videos/Full/Combined/uXYAfpQUYVE.mp4,/root/autodl-tmp/data/datasets/baidupcs/CMU-MOSEI/extracted/Raw/Audio/Full/WAV_16000/uXYAfpQUYVE.wav,/root/autodl-tmp/data/datasets/baidupcs/CMU-MOSEI/extracted/Raw/Labels/extreme_sentiment_results.csv#22,0.00,0.00,en,high,high,high,true,true,0,0,,,neutral,/root/autodl-tmp/data/datasets/baidupcs/CMU-MOSEI/extracted/Raw/Labels/extreme_sentiment_results.csv#uXYAfpQUYVE/22
EAQ007155,MOSEI,unknown,MOSEI/r4ul1wl_1T8/12,/root/autodl-tmp/data/datasets/baidupcs/CMU-MOSEI/extracted/Raw/Videos/Full/Combined/r4ul1wl_1T8.mp4,/root/autodl-tmp/data/datasets/baidupcs/CMU-MOSEI/extracted/Raw/Audio/Full/WAV_16000/r4ul1wl_1T8.wav,/root/autodl-tmp/data/datasets/baidupcs/CMU-MOSEI/extracted/Raw/Labels/extreme_sentiment_results.csv#12,0.00,0.00,en,high,high,high,true,true,0,2,,,positive,/root/autodl-tmp/data/datasets/baidupcs/CMU-MOSEI/extracted/Raw/Labels/extreme_sentiment_results.csv#r4ul1wl_1T8/12
EAQ007156,MOSEI,unknown,MOSEI/RVC8l5hf2Eg/12,/root/autodl-tmp/data/datasets/baidupcs/CMU-MOSEI/extracted/Raw/Videos/Full/Combined/RVC8l5hf2Eg.mp4,/root/autodl-tmp/data/datasets/baidupcs/CMU-MOSEI/extracted/Raw/Audio/Full/WAV_16000/RVC8l5hf2Eg.wav,/root/autodl-tmp/data/datasets/baidupcs/CMU-MOSEI/extracted/Raw/Labels/extreme_sentiment_results.csv#12,0.00,0.00,en,high,high,high,true,true,0,0,,,neutral,/root/autodl-tmp/data/datasets/baidupcs/CMU-MOSEI/extracted/Raw/Labels/extreme_sentiment_results.csv#RVC8l5hf2Eg/12
EAQ007157,MOSEI,unknown,MOSEI/JvLMNXW7B10/2,/root/autodl-tmp/data/datasets/baidupcs/CMU-MOSEI/extracted/Raw/Videos/Full/Combined/JvLMNXW7B10.mp4,/root/autodl-tmp/data/datasets/baidupcs/CMU-MOSEI/extracted/Raw/Audio/Full/WAV_16000/JvLMNXW7B10.wav,/root/autodl-tmp/data/datasets/baidupcs/CMU-MOSEI/extracted/Raw/Labels/extreme_sentiment_results.csv#2,0.00,0.00,en,high,high,high,true,true,0,0,,,neutral,/root/autodl-tmp/data/datasets/baidupcs/CMU-MOSEI/extracted/Raw/Labels/extreme_sentiment_results.csv#JvLMNXW7B10/2
EAQ007158,MOSEI,unknown,MOSEI/XDVit9ASVUg/3,/root/autodl-tmp/data/datasets/baidupcs/CMU-MOSEI/extracted/Raw/Videos/Full/Combined/XDVit9ASVUg.mp4,/root/autodl-tmp/data/datasets/baidupcs/CMU-MOSEI/extracted/Raw/Audio/Full/WAV_16000/XDVit9ASVUg.wav,/root/autodl-tmp/data/datasets/baidupcs/CMU-MOSEI/extracted/Raw/Labels/extreme_sentiment_results.csv#3,0.00,0.00,en,high,high,high,true,true,0,0,,,neutral,/root/autodl-tmp/data/datasets/baidupcs/CMU-MOSEI/extracted/Raw/Labels/extreme_sentiment_results.csv#XDVit9ASVUg/3
EAQ007159,MOSEI,unknown,MOSEI/t-wXEPHHtME/3,/root/autodl-tmp/data/datasets/baidupcs/CMU-MOSEI/extracted/Raw/Videos/Full/Combined/t-wXEPHHtME.mp4,/root/autodl-tmp/data/datasets/baidupcs/CMU-MOSEI/extracted/Raw/Audio/Full/WAV_16000/t-wXEPHHtME.wav,/root/autodl-tmp/data/datasets/baidupcs/CMU-MOSEI/extracted/Raw/Labels/extreme_sentiment_results.csv#3,0.00,0.00,en,high,high,high,true,true,0,0,,,neutral,/root/autodl-tmp/data/datasets/baidupcs/CMU-MOSEI/extracted/Raw/Labels/extreme_sentiment_results.csv#t-wXEPHHtME/3
EAQ007160,MOSEI,unknown,MOSEI/xnNZyfhusAk/2,/root/autodl-tmp/data/datasets/baidupcs/CMU-MOSEI/extracted/Raw/Videos/Full/Combined/xnNZyfhusAk.mp4,/root/autodl-tmp/data/datasets/baidupcs/CMU-MOSEI/extracted/Raw/Audio/Full/WAV_16000/xnNZyfhusAk.wav,/root/autodl-tmp/data/datasets/baidupcs/CMU-MOSEI/extracted/Raw/Labels/extreme_sentiment_results.csv#2,0.00,0.00,en,high,high,high,true,true,0,1,,,positive,/root/autodl-tmp/data/datasets/baidupcs/CMU-MOSEI/extracted/Raw/Labels/extreme_sentiment_results.csv#xnNZyfhusAk/2
EAQ007161,MOSEI,unknown,MOSEI/uU_3tbZ1zG8/14,/root/autodl-tmp/data/datasets/baidupcs/CMU-MOSEI/extracted/Raw/Videos/Full/Combined/uU_3tbZ1zG8.mp4,/root/autodl-tmp/data/datasets/baidupcs/CMU-MOSEI/extracted/Raw/Audio/Full/WAV_16000/uU_3tbZ1zG8.wav,/root/autodl-tmp/data/datasets/baidupcs/CMU-MOSEI/extracted/Raw/Labels/extreme_sentiment_results.csv#14,0.00,0.00,en,high,high,high,true,true,0,2,,,positive,/root/autodl-tmp/data/datasets/baidupcs/CMU-MOSEI/extracted/Raw/Labels/extreme_sentiment_results.csv#uU_3tbZ1zG8/14
EAQ007162,MOSEI,unknown,MOSEI/EGA6iulTr00/18,/root/autodl-tmp/data/datasets/baidupcs/CMU-MOSEI/extracted/Raw/Videos/Full/Combined/EGA6iulTr00.mp4,/root/autodl-tmp/data/datasets/baidupcs/CMU-MOSEI/extracted/Raw/Audio/Full/WAV_16000/EGA6iulTr00.wav,/root/autodl-tmp/data/datasets/baidupcs/CMU-MOSEI/extracted/Raw/Labels/extreme_sentiment_results.csv#18,0.00,0.00,en,high,high,high,true,true,0,0,,,neutral,/root/autodl-tmp/data/datasets/baidupcs/CMU-MOSEI/extracted/Raw/Labels/extreme_sentiment_results.csv#EGA6iulTr00/18
EAQ007163,MOSEI,unknown,MOSEI/oPvUDLhTrjI/8,/root/autodl-tmp/data/datasets/baidupcs/CMU-MOSEI/extracted/Raw/Videos/Full/Combined/oPvUDLhTrjI.mp4,/root/autodl-tmp/data/datasets/baidupcs/CMU-MOSEI/extracted/Raw/Audio/Full/WAV_16000/oPvUDLhTrjI.wav,/root/autodl-tmp/data/datasets/baidupcs/CMU-MOSEI/extracted/Raw/Labels/extreme_sentiment_results.csv#8,0.00,0.00,en,high,high,high,true,true,0,0,,,neutral,/root/autodl-tmp/data/datasets/baidupcs/CMU-MOSEI/extracted/Raw/Labels/extreme_sentiment_results.csv#oPvUDLhTrjI/8
EAQ007164,MOSEI,unknown,MOSEI/1olbQVO_C-8/1,/root/autodl-tmp/data/datasets/baidupcs/CMU-MOSEI/extracted/Raw/Videos/Full/Combined/1olbQVO_C-8.mp4,/root/autodl-tmp/data/datasets/baidupcs/CMU-MOSEI/extracted/Raw/Audio/Full/WAV_16000/1olbQVO_C-8.wav,/root/autodl-tmp/data/datasets/baidupcs/CMU-MOSEI/extracted/Raw/Labels/extreme_sentiment_results.csv#1,0.00,0.00,en,high,high,high,true,true,0,0,,,neutral,/root/autodl-tmp/data/datasets/baidupcs/CMU-MOSEI/extracted/Raw/Labels/extreme_sentiment_results.csv#1olbQVO_C-8/1
EAQ007165,MOSEI,unknown,MOSEI/d89Z_olwc2Y/24,/root/autodl-tmp/data/datasets/baidupcs/CMU-MOSEI/extracted/Raw/Videos/Full/Combined/d89Z_olwc2Y.mp4,/root/autodl-tmp/data/datasets/baidupcs/CMU-MOSEI/extracted/Raw/Audio/Full/WAV_16000/d89Z_olwc2Y.wav,/root/autodl-tmp/data/datasets/baidupcs/CMU-MOSEI/extracted/Raw/Labels/extreme_sentiment_results.csv#24,0.00,0.00,en,high,high,high,true,true,0,0,,,neutral,/root/autodl-tmp/data/datasets/baidupcs/CMU-MOSEI/extracted/Raw/Labels/extreme_sentiment_results.csv#d89Z_olwc2Y/24
EAQ007166,MOSEI,unknown,MOSEI/1zXAYdPdzy8/2,/root/autodl-tmp/data/datasets/baidupcs/CMU-MOSEI/extracted/Raw/Videos/Full/Combined/1zXAYdPdzy8.mp4,/root/autodl-tmp/data/datasets/baidupcs/CMU-MOSEI/extracted/Raw/Audio/Full/WAV_16000/1zXAYdPdzy8.wav,/root/autodl-tmp/data/datasets/baidupcs/CMU-MOSEI/extracted/Raw/Labels/extreme_sentiment_results.csv#2,0.00,0.00,en,high,high,high,true,true,0,0,,,neutral,/root/autodl-tmp/data/datasets/baidupcs/CMU-MOSEI/extracted/Raw/Labels/extreme_sentiment_results.csv#1zXAYdPdzy8/2
EAQ007167,MOSEI,unknown,MOSEI/qo2reupzUE0/6,/root/autodl-tmp/data/datasets/baidupcs/CMU-MOSEI/extracted/Raw/Videos/Full/Combined/qo2reupzUE0.mp4,/root/autodl-tmp/data/datasets/baidupcs/CMU-MOSEI/extracted/Raw/Audio/Full/WAV_16000/qo2reupzUE0.wav,/root/autodl-tmp/data/datasets/baidupcs/CMU-MOSEI/extracted/Raw/Labels/extreme_sentiment_results.csv#6,0.00,0.00,en,high,high,high,true,true,0,0,,,neutral,/root/autodl-tmp/data/datasets/baidupcs/CMU-MOSEI/extracted/Raw/Labels/extreme_sentiment_results.csv#qo2reupzUE0/6
EAQ007168,MOSEI,unknown,MOSEI/rEWQW_ibDwg/16,/root/autodl-tmp/data/datasets/baidupcs/CMU-MOSEI/extracted/Raw/Videos/Full/Combined/rEWQW_ibDwg.mp4,/root/autodl-tmp/data/datasets/baidupcs/CMU-MOSEI/extracted/Raw/Audio/Full/WAV_16000/rEWQW_ibDwg.wav,/root/autodl-tmp/data/datasets/baidupcs/CMU-MOSEI/extracted/Raw/Labels/extreme_sentiment_results.csv#16,0.00,0.00,en,high,high,high,true,true,0,0,,,neutral,/root/autodl-tmp/data/datasets/baidupcs/CMU-MOSEI/extracted/Raw/Labels/extreme_sentiment_results.csv#rEWQW_ibDwg/16
EAQ007169,MOSEI,unknown,MOSEI/VbSsGRXIwjc/2,/root/autodl-tmp/data/datasets/baidupcs/CMU-MOSEI/extracted/Raw/Videos/Full/Combined/VbSsGRXIwjc.mp4,/root/autodl-tmp/data/datasets/baidupcs/CMU-MOSEI/extracted/Raw/Audio/Full/WAV_16000/VbSsGRXIwjc.wav,/root/autodl-tmp/data/datasets/baidupcs/CMU-MOSEI/extracted/Raw/Labels/extreme_sentiment_results.csv#2,0.00,0.00,en,high,high,high,true,true,0,0,,,neutral,/root/autodl-tmp/data/datasets/baidupcs/CMU-MOSEI/extracted/Raw/Labels/extreme_sentiment_results.csv#VbSsGRXIwjc/2
EAQ007170,MOSEI,unknown,MOSEI/31tcuDMQ_H8/9,/root/autodl-tmp/data/datasets/baidupcs/CMU-MOSEI/extracted/Raw/Videos/Full/Combined/31tcuDMQ_H8.mp4,/root/autodl-tmp/data/datasets/baidupcs/CMU-MOSEI/extracted/Raw/Audio/Full/WAV_16000/31tcuDMQ_H8.wav,/root/autodl-tmp/data/datasets/baidupcs/CMU-MOSEI/extracted/Raw/Labels/extreme_sentiment_results.csv#9,0.00,0.00,en,high,high,high,true,true,0,1,,,positive,/root/autodl-tmp/data/datasets/baidupcs/CMU-MOSEI/extracted/Raw/Labels/extreme_sentiment_results.csv#31tcuDMQ_H8/9
EAQ007171,MOSEI,unknown,MOSEI/YcJ5RJYUr7Y/6,/root/autodl-tmp/data/datasets/baidupcs/CMU-MOSEI/extracted/Raw/Videos/Full/Combined/YcJ5RJYUr7Y.mp4,/root/autodl-tmp/data/datasets/baidupcs/CMU-MOSEI/extracted/Raw/Audio/Full/WAV_16000/YcJ5RJYUr7Y.wav,/root/autodl-tmp/data/datasets/baidupcs/CMU-MOSEI/extracted/Raw/Labels/extreme_sentiment_results.csv#6,0.00,0.00,en,high,high,high,true,true,0,0,,,neutral,/root/autodl-tmp/data/datasets/baidupcs/CMU-MOSEI/extracted/Raw/Labels/extreme_sentiment_results.csv#YcJ5RJYUr7Y/6
EAQ007172,MOSEI,unknown,MOSEI/qlDT-bmIzQI/5,/root/autodl-tmp/data/datasets/baidupcs/CMU-MOSEI/extracted/Raw/Videos/Full/Combined/qlDT-bmIzQI.mp4,/root/autodl-tmp/data/datasets/baidupcs/CMU-MOSEI/extracted/Raw/Audio/Full/WAV_16000/qlDT-bmIzQI.wav,/root/autodl-tmp/data/datasets/baidupcs/CMU-MOSEI/extracted/Raw/Labels/extreme_sentiment_results.csv#5,0.00,0.00,en,high,high,high,true,true,0,2,,,positive,/root/autodl-tmp/data/datasets/baidupcs/CMU-MOSEI/extracted/Raw/Labels/extreme_sentiment_results.csv#qlDT-bmIzQI/5
EAQ007173,MOSEI,unknown,MOSEI/JX-mwjSw0dk/8,/root/autodl-tmp/data/datasets/baidupcs/CMU-MOSEI/extracted/Raw/Videos/Full/Combined/JX-mwjSw0dk.mp4,/root/autodl-tmp/data/datasets/baidupcs/CMU-MOSEI/extracted/Raw/Audio/Full/WAV_16000/JX-mwjSw0dk.wav,/root/autodl-tmp/data/datasets/baidupcs/CMU-MOSEI/extracted/Raw/Labels/extreme_sentiment_results.csv#8,0.00,0.00,en,high,high,high,true,true,0,0,,,neutral,/root/autodl-tmp/data/datasets/baidupcs/CMU-MOSEI/extracted/Raw/Labels/extreme_sentiment_results.csv#JX-mwjSw0dk/8
EAQ007174,MOSEI,unknown,MOSEI/nhD9WSEIspQ/0,/root/autodl-tmp/data/datasets/baidupcs/CMU-MOSEI/extracted/Raw/Videos/Full/Combined/nhD9WSEIspQ.mp4,/root/autodl-tmp/data/datasets/baidupcs/CMU-MOSEI/extracted/Raw/Audio/Full/WAV_16000/nhD9WSEIspQ.wav,/root/autodl-tmp/data/datasets/baidupcs/CMU-MOSEI/extracted/Raw/Labels/extreme_sentiment_results.csv#0,0.00,0.00,en,high,high,high,true,true,0,2,,,positive,/root/autodl-tmp/data/datasets/baidupcs/CMU-MOSEI/extracted/Raw/Labels/extreme_sentiment_results.csv#nhD9WSEIspQ/0
EAQ007175,MOSEI,unknown,MOSEI/DdUJojoFU_c/15,/root/autodl-tmp/data/datasets/baidupcs/CMU-MOSEI/extracted/Raw/Videos/Full/Combined/DdUJojoFU_c.mp4,/root/autodl-tmp/data/datasets/baidupcs/CMU-MOSEI/extracted/Raw/Audio/Full/WAV_16000/DdUJojoFU_c.wav,/root/autodl-tmp/data/datasets/baidupcs/CMU-MOSEI/extracted/Raw/Labels/extreme_sentiment_results.csv#15,0.00,0.00,en,high,high,high,true,true,0,0,,,neutral,/root/autodl-tmp/data/datasets/baidupcs/CMU-MOSEI/extracted/Raw/Labels/extreme_sentiment_results.csv#DdUJojoFU_c/15
EAQ007176,MOSEI,unknown,MOSEI/cUm0TN3vXRc/3,/root/autodl-tmp/data/datasets/baidupcs/CMU-MOSEI/extracted/Raw/Videos/Full/Combined/cUm0TN3vXRc.mp4,/root/autodl-tmp/data/datasets/baidupcs/CMU-MOSEI/extracted/Raw/Audio/Full/WAV_16000/cUm0TN3vXRc.wav,/root/autodl-tmp/data/datasets/baidupcs/CMU-MOSEI/extracted/Raw/Labels/extreme_sentiment_results.csv#3,0.00,0.00,en,high,high,high,true,true,0,1,,,positive,/root/autodl-tmp/data/datasets/baidupcs/CMU-MOSEI/extracted/Raw/Labels/extreme_sentiment_results.csv#cUm0TN3vXRc/3
EAQ007177,MOSEI,unknown,MOSEI/XAgD-xoil40/14,/root/autodl-tmp/data/datasets/baidupcs/CMU-MOSEI/extracted/Raw/Videos/Full/Combined/XAgD-xoil40.mp4,/root/autodl-tmp/data/datasets/baidupcs/CMU-MOSEI/extracted/Raw/Audio/Full/WAV_16000/XAgD-xoil40.wav,/root/autodl-tmp/data/datasets/baidupcs/CMU-MOSEI/extracted/Raw/Labels/extreme_sentiment_results.csv#14,0.00,0.00,en,high,high,high,true,true,0,0,,,neutral,/root/autodl-tmp/data/datasets/baidupcs/CMU-MOSEI/extracted/Raw/Labels/extreme_sentiment_results.csv#XAgD-xoil40/14
EAQ007178,MOSEI,unknown,MOSEI/r4ul1wl_1T8/9,/root/autodl-tmp/data/datasets/baidupcs/CMU-MOSEI/extracted/Raw/Videos/Full/Combined/r4ul1wl_1T8.mp4,/root/autodl-tmp/data/datasets/baidupcs/CMU-MOSEI/extracted/Raw/Audio/Full/WAV_16000/r4ul1wl_1T8.wav,/root/autodl-tmp/data/datasets/baidupcs/CMU-MOSEI/extracted/Raw/Labels/extreme_sentiment_results.csv#9,0.00,0.00,en,high,high,high,true,true,0,0,,,neutral,/root/autodl-tmp/data/datasets/baidupcs/CMU-MOSEI/extracted/Raw/Labels/extreme_sentiment_results.csv#r4ul1wl_1T8/9
EAQ007179,MOSEI,unknown,MOSEI/6KvG5VbLalY/9,/root/autodl-tmp/data/datasets/baidupcs/CMU-MOSEI/extracted/Raw/Videos/Full/Combined/6KvG5VbLalY.mp4,/root/autodl-tmp/data/datasets/baidupcs/CMU-MOSEI/extracted/Raw/Audio/Full/WAV_16000/6KvG5VbLalY.wav,/root/autodl-tmp/data/datasets/baidupcs/CMU-MOSEI/extracted/Raw/Labels/extreme_sentiment_results.csv#9,0.00,0.00,en,high,high,high,true,true,0,0,,,neutral,/root/autodl-tmp/data/datasets/baidupcs/CMU-MOSEI/extracted/Raw/Labels/extreme_sentiment_results.csv#6KvG5VbLalY/9
EAQ007180,MOSEI,unknown,MOSEI/D02PT0bl88A/7,/root/autodl-tmp/data/datasets/baidupcs/CMU-MOSEI/extracted/Raw/Videos/Full/Combined/D02PT0bl88A.mp4,/root/autodl-tmp/data/datasets/baidupcs/CMU-MOSEI/extracted/Raw/Audio/Full/WAV_16000/D02PT0bl88A.wav,/root/autodl-tmp/data/datasets/baidupcs/CMU-MOSEI/extracted/Raw/Labels/extreme_sentiment_results.csv#7,0.00,0.00,en,high,high,high,true,true,0,0,,,neutral,/root/autodl-tmp/data/datasets/baidupcs/CMU-MOSEI/extracted/Raw/Labels/extreme_sentiment_results.csv#D02PT0bl88A/7
EAQ007181,MOSEI,unknown,MOSEI/nFTo-Lz4Fr8/3,/root/autodl-tmp/data/datasets/baidupcs/CMU-MOSEI/extracted/Raw/Videos/Full/Combined/nFTo-Lz4Fr8.mp4,/root/autodl-tmp/data/datasets/baidupcs/CMU-MOSEI/extracted/Raw/Audio/Full/WAV_16000/nFTo-Lz4Fr8.wav,/root/autodl-tmp/data/datasets/baidupcs/CMU-MOSEI/extracted/Raw/Labels/extreme_sentiment_results.csv#3,0.00,0.00,en,high,high,high,true,true,0,0,,,neutral,/root/autodl-tmp/data/datasets/baidupcs/CMU-MOSEI/extracted/Raw/Labels/extreme_sentiment_results.csv#nFTo-Lz4Fr8/3
EAQ007182,MOSEI,unknown,MOSEI/dDFyJp_OkeA/5,/root/autodl-tmp/data/datasets/baidupcs/CMU-MOSEI/extracted/Raw/Videos/Full/Combined/dDFyJp_OkeA.mp4,/root/autodl-tmp/data/datasets/baidupcs/CMU-MOSEI/extracted/Raw/Audio/Full/WAV_16000/dDFyJp_OkeA.wav,/root/autodl-tmp/data/datasets/baidupcs/CMU-MOSEI/extracted/Raw/Labels/extreme_sentiment_results.csv#5,0.00,0.00,en,high,high,high,true,true,0,1,,,positive,/root/autodl-tmp/data/datasets/baidupcs/CMU-MOSEI/extracted/Raw/Labels/extreme_sentiment_results.csv#dDFyJp_OkeA/5
EAQ007183,MOSEI,unknown,MOSEI/-tANM6ETl_M/3,/root/autodl-tmp/data/datasets/baidupcs/CMU-MOSEI/extracted/Raw/Videos/Full/Combined/-tANM6ETl_M.mp4,/root/autodl-tmp/data/datasets/baidupcs/CMU-MOSEI/extracted/Raw/Audio/Full/WAV_16000/-tANM6ETl_M.wav,/root/autodl-tmp/data/datasets/baidupcs/CMU-MOSEI/extracted/Raw/Labels/extreme_sentiment_results.csv#3,0.00,0.00,en,high,high,high,true,true,0,0,,,neutral,/root/autodl-tmp/data/datasets/baidupcs/CMU-MOSEI/extracted/Raw/Labels/extreme_sentiment_results.csv#-tANM6ETl_M/3
EAQ007184,MOSEI,unknown,MOSEI/4EDblUpJieU/1,/root/autodl-tmp/data/datasets/baidupcs/CMU-MOSEI/extracted/Raw/Videos/Full/Combined/4EDblUpJieU.mp4,/root/autodl-tmp/data/datasets/baidupcs/CMU-MOSEI/extracted/Raw/Audio/Full/WAV_16000/4EDblUpJieU.wav,/root/autodl-tmp/data/datasets/baidupcs/CMU-MOSEI/extracted/Raw/Labels/extreme_sentiment_results.csv#1,0.00,0.00,en,high,high,high,true,true,0,0,,,neutral,/root/autodl-tmp/data/datasets/baidupcs/CMU-MOSEI/extracted/Raw/Labels/extreme_sentiment_results.csv#4EDblUpJieU/1
EAQ007185,MOSEI,unknown,MOSEI/kKMfsWrigTE/1,/root/autodl-tmp/data/datasets/baidupcs/CMU-MOSEI/extracted/Raw/Videos/Full/Combined/kKMfsWrigTE.mp4,/root/autodl-tmp/data/datasets/baidupcs/CMU-MOSEI/extracted/Raw/Audio/Full/WAV_16000/kKMfsWrigTE.wav,/root/autodl-tmp/data/datasets/baidupcs/CMU-MOSEI/extracted/Raw/Labels/extreme_sentiment_results.csv#1,0.00,0.00,en,high,high,high,true,true,0,1,,,positive,/root/autodl-tmp/data/datasets/baidupcs/CMU-MOSEI/extracted/Raw/Labels/extreme_sentiment_results.csv#kKMfsWrigTE/1
EAQ007186,MOSEI,unknown,MOSEI/k1ca_xbhohk/2,/root/autodl-tmp/data/datasets/baidupcs/CMU-MOSEI/extracted/Raw/Videos/Full/Combined/k1ca_xbhohk.mp4,/root/autodl-tmp/data/datasets/baidupcs/CMU-MOSEI/extracted/Raw/Audio/Full/WAV_16000/k1ca_xbhohk.wav,/root/autodl-tmp/data/datasets/baidupcs/CMU-MOSEI/extracted/Raw/Labels/extreme_sentiment_results.csv#2,0.00,0.00,en,high,high,high,true,true,1,1,,,positive,/root/autodl-tmp/data/datasets/baidupcs/CMU-MOSEI/extracted/Raw/Labels/extreme_sentiment_results.csv#k1ca_xbhohk/2
EAQ007187,MOSEI,unknown,MOSEI/5wpCKY2U1NE/5,/root/autodl-tmp/data/datasets/baidupcs/CMU-MOSEI/extracted/Raw/Videos/Full/Combined/5wpCKY2U1NE.mp4,/root/autodl-tmp/data/datasets/baidupcs/CMU-MOSEI/extracted/Raw/Audio/Full/WAV_16000/5wpCKY2U1NE.wav,/root/autodl-tmp/data/datasets/baidupcs/CMU-MOSEI/extracted/Raw/Labels/extreme_sentiment_results.csv#5,0.00,0.00,en,high,high,high,true,true,0,1,,,positive,/root/autodl-tmp/data/datasets/baidupcs/CMU-MOSEI/extracted/Raw/Labels/extreme_sentiment_results.csv#5wpCKY2U1NE/5
EAQ007188,MOSEI,unknown,MOSEI/oQizLbmte0c/15,/root/autodl-tmp/data/datasets/baidupcs/CMU-MOSEI/extracted/Raw/Videos/Full/Combined/oQizLbmte0c.mp4,/root/autodl-tmp/data/datasets/baidupcs/CMU-MOSEI/extracted/Raw/Audio/Full/WAV_16000/oQizLbmte0c.wav,/root/autodl-tmp/data/datasets/baidupcs/CMU-MOSEI/extracted/Raw/Labels/extreme_sentiment_results.csv#15,0.00,0.00,en,high,high,high,true,true,0,1,,,positive,/root/autodl-tmp/data/datasets/baidupcs/CMU-MOSEI/extracted/Raw/Labels/extreme_sentiment_results.csv#oQizLbmte0c/15
EAQ007189,MOSEI,unknown,MOSEI/-THoVjtIkeU/11,/root/autodl-tmp/data/datasets/baidupcs/CMU-MOSEI/extracted/Raw/Videos/Full/Combined/-THoVjtIkeU.mp4,/root/autodl-tmp/data/datasets/baidupcs/CMU-MOSEI/extracted/Raw/Audio/Full/WAV_16000/-THoVjtIkeU.wav,/root/autodl-tmp/data/datasets/baidupcs/CMU-MOSEI/extracted/Raw/Labels/extreme_sentiment_results.csv#11,0.00,0.00,en,high,high,high,true,true,0,3,,,positive,/root/autodl-tmp/data/datasets/baidupcs/CMU-MOSEI/extracted/Raw/Labels/extreme_sentiment_results.csv#-THoVjtIkeU/11
EAQ007190,MOSEI,unknown,MOSEI/TH32jop4FiI/6,/root/autodl-tmp/data/datasets/baidupcs/CMU-MOSEI/extracted/Raw/Videos/Full/Combined/TH32jop4FiI.mp4,/root/autodl-tmp/data/datasets/baidupcs/CMU-MOSEI/extracted/Raw/Audio/Full/WAV_16000/TH32jop4FiI.wav,/root/autodl-tmp/data/datasets/baidupcs/CMU-MOSEI/extracted/Raw/Labels/extreme_sentiment_results.csv#6,0.00,0.00,en,high,high,high,true,true,0,0,,,neutral,/root/autodl-tmp/data/datasets/baidupcs/CMU-MOSEI/extracted/Raw/Labels/extreme_sentiment_results.csv#TH32jop4FiI/6
EAQ007191,MOSEI,unknown,MOSEI/vGkIaClHKDg/6,/root/autodl-tmp/data/datasets/baidupcs/CMU-MOSEI/extracted/Raw/Videos/Full/Combined/vGkIaClHKDg.mp4,/root/autodl-tmp/data/datasets/baidupcs/CMU-MOSEI/extracted/Raw/Audio/Full/WAV_16000/vGkIaClHKDg.wav,/root/autodl-tmp/data/datasets/baidupcs/CMU-MOSEI/extracted/Raw/Labels/extreme_sentiment_results.csv#6,0.00,0.00,en,high,high,high,true,true,0,0,,,neutral,/root/autodl-tmp/data/datasets/baidupcs/CMU-MOSEI/extracted/Raw/Labels/extreme_sentiment_results.csv#vGkIaClHKDg/6
EAQ007192,MOSEI,unknown,MOSEI/XFGHTk_3hGg/7,/root/autodl-tmp/data/datasets/baidupcs/CMU-MOSEI/extracted/Raw/Videos/Full/Combined/XFGHTk_3hGg.mp4,/root/autodl-tmp/data/datasets/baidupcs/CMU-MOSEI/extracted/Raw/Audio/Full/WAV_16000/XFGHTk_3hGg.wav,/root/autodl-tmp/data/datasets/baidupcs/CMU-MOSEI/extracted/Raw/Labels/extreme_sentiment_results.csv#7,0.00,0.00,en,high,high,high,true,true,0,0,,,neutral,/root/autodl-tmp/data/datasets/baidupcs/CMU-MOSEI/extracted/Raw/Labels/extreme_sentiment_results.csv#XFGHTk_3hGg/7
EAQ007193,MOSEI,unknown,MOSEI/o8OZGBDPD8M/16,/root/autodl-tmp/data/datasets/baidupcs/CMU-MOSEI/extracted/Raw/Videos/Full/Combined/o8OZGBDPD8M.mp4,/root/autodl-tmp/data/datasets/baidupcs/CMU-MOSEI/extracted/Raw/Audio/Full/WAV_16000/o8OZGBDPD8M.wav,/root/autodl-tmp/data/datasets/baidupcs/CMU-MOSEI/extracted/Raw/Labels/extreme_sentiment_results.csv#16,0.00,0.00,en,high,high,high,true,true,0,1,,,positive,/root/autodl-tmp/data/datasets/baidupcs/CMU-MOSEI/extracted/Raw/Labels/extreme_sentiment_results.csv#o8OZGBDPD8M/16
