ea_id,source_dataset,source_split,source_id,video_path,audio_path,text_path,start,end,language,face_quality,audio_quality,text_quality,usable_for_micro,usable_for_l4,is_sarcasm_candidate,candidate_reason
EAQ200000,MUStARD,all,1_10004,/root/autodl-tmp/data/datasets/mustard/utterances_final/1_10004.mp4,/root/autodl-tmp/data/datasets/mustard/utterances_final/1_10004.mp4,/root/autodl-tmp/data/datasets/mustard/sarcasm_data.json#utterance_id=1_10004,0.00,,en,medium,medium,high,true,true,false,
EAQ200001,MUStARD,all,1_10009,/root/autodl-tmp/data/datasets/mustard/utterances_final/1_10009.mp4,/root/autodl-tmp/data/datasets/mustard/utterances_final/1_10009.mp4,/root/autodl-tmp/data/datasets/mustard/sarcasm_data.json#utterance_id=1_10009,0.00,,en,medium,medium,high,true,true,false,
EAQ200002,MUStARD,all,1_1001,/root/autodl-tmp/data/datasets/mustard/utterances_final/1_1001.mp4,/root/autodl-tmp/data/datasets/mustard/utterances_final/1_1001.mp4,/root/autodl-tmp/data/datasets/mustard/sarcasm_data.json#utterance_id=1_1001,0.00,,en,medium,medium,high,true,true,false,
EAQ200003,MUStARD,all,1_1003,/root/autodl-tmp/data/datasets/mustard/utterances_final/1_1003.mp4,/root/autodl-tmp/data/datasets/mustard/utterances_final/1_1003.mp4,/root/autodl-tmp/data/datasets/mustard/sarcasm_data.json#utterance_id=1_1003,0.00,,en,medium,medium,high,true,true,true,mustard_label
EAQ200004,MUStARD,all,1_10190,/root/autodl-tmp/data/datasets/mustard/utterances_final/1_10190.mp4,/root/autodl-tmp/data/datasets/mustard/utterances_final/1_10190.mp4,/root/autodl-tmp/data/datasets/mustard/sarcasm_data.json#utterance_id=1_10190,0.00,,en,medium,medium,high,true,true,false,
EAQ200005,MUStARD,all,1_10462,/root/autodl-tmp/data/datasets/mustard/utterances_final/1_10462.mp4,/root/autodl-tmp/data/datasets/mustard/utterances_final/1_10462.mp4,/root/autodl-tmp/data/datasets/mustard/sarcasm_data.json#utterance_id=1_10462,0.00,,en,medium,medium,high,true,true,true,mustard_label
EAQ200006,MUStARD,all,1_10495,/root/autodl-tmp/data/datasets/mustard/utterances_final/1_10495.mp4,/root/autodl-tmp/data/datasets/mustard/utterances_final/1_10495.mp4,/root/autodl-tmp/data/datasets/mustard/sarcasm_data.json#utterance_id=1_10495,0.00,,en,medium,medium,high,true,true,true,mustard_label
EAQ200007,MUStARD,all,1_10496,/root/autodl-tmp/data/datasets/mustard/utterances_final/1_10496.mp4,/root/autodl-tmp/data/datasets/mustard/utterances_final/1_10496.mp4,/root/autodl-tmp/data/datasets/mustard/sarcasm_data.json#utterance_id=1_10496,0.00,,en,medium,medium,high,true,true,true,mustard_label
EAQ200008,MUStARD,all,1_105,/root/autodl-tmp/data/datasets/mustard/utterances_final/1_105.mp4,/root/autodl-tmp/data/datasets/mustard/utterances_final/1_105.mp4,/root/autodl-tmp/data/datasets/mustard/sarcasm_data.json#utterance_id=1_105,0.00,,en,medium,medium,high,true,true,true,mustard_label
EAQ200009,MUStARD,all,1_10748,/root/autodl-tmp/data/datasets/mustard/utterances_final/1_10748.mp4,/root/autodl-tmp/data/datasets/mustard/utterances_final/1_10748.mp4,/root/autodl-tmp/data/datasets/mustard/sarcasm_data.json#utterance_id=1_10748,0.00,,en,medium,medium,high,true,true,true,mustard_label
EAQ200010,MUStARD,all,1_10797,/root/autodl-tmp/data/datasets/mustard/utterances_final/1_10797.mp4,/root/autodl-tmp/data/datasets/mustard/utterances_final/1_10797.mp4,/root/autodl-tmp/data/datasets/mustard/sarcasm_data.json#utterance_id=1_10797,0.00,,en,medium,medium,high,true,true,false,
EAQ200011,MUStARD,all,1_10810,/root/autodl-tmp/data/datasets/mustard/utterances_final/1_10810.mp4,/root/autodl-tmp/data/datasets/mustard/utterances_final/1_10810.mp4,/root/autodl-tmp/data/datasets/mustard/sarcasm_data.json#utterance_id=1_10810,0.00,,en,medium,medium,high,true,true,false,
EAQ200012,MUStARD,all,1_10829,/root/autodl-tmp/data/datasets/mustard/utterances_final/1_10829.mp4,/root/autodl-tmp/data/datasets/mustard/utterances_final/1_10829.mp4,/root/autodl-tmp/data/datasets/mustard/sarcasm_data.json#utterance_id=1_10829,0.00,,en,medium,medium,high,true,true,true,mustard_label
EAQ200013,MUStARD,all,1_10849,/root/autodl-tmp/data/datasets/mustard/utterances_final/1_10849.mp4,/root/autodl-tmp/data/datasets/mustard/utterances_final/1_10849.mp4,/root/autodl-tmp/data/datasets/mustard/sarcasm_data.json#utterance_id=1_10849,0.00,,en,medium,medium,high,true,true,false,
EAQ200014,MUStARD,all,1_10853,/root/autodl-tmp/data/datasets/mustard/utterances_final/1_10853.mp4,/root/autodl-tmp/data/datasets/mustard/utterances_final/1_10853.mp4,/root/autodl-tmp/data/datasets/mustard/sarcasm_data.json#utterance_id=1_10853,0.00,,en,medium,medium,high,true,true,false,
EAQ200015,MUStARD,all,1_10857,/root/autodl-tmp/data/datasets/mustard/utterances_final/1_10857.mp4,/root/autodl-tmp/data/datasets/mustard/utterances_final/1_10857.mp4,/root/autodl-tmp/data/datasets/mustard/sarcasm_data.json#utterance_id=1_10857,0.00,,en,medium,medium,high,true,true,false,
EAQ200016,MUStARD,all,1_10859,/root/autodl-tmp/data/datasets/mustard/utterances_final/1_10859.mp4,/root/autodl-tmp/data/datasets/mustard/utterances_final/1_10859.mp4,/root/autodl-tmp/data/datasets/mustard/sarcasm_data.json#utterance_id=1_10859,0.00,,en,medium,medium,high,true,true,false,
EAQ200017,MUStARD,all,1_10890,/root/autodl-tmp/data/datasets/mustard/utterances_final/1_10890.mp4,/root/autodl-tmp/data/datasets/mustard/utterances_final/1_10890.mp4,/root/autodl-tmp/data/datasets/mustard/sarcasm_data.json#utterance_id=1_10890,0.00,,en,medium,medium,high,true,true,true,mustard_label
EAQ200018,MUStARD,all,1_10977,/root/autodl-tmp/data/datasets/mustard/utterances_final/1_10977.mp4,/root/autodl-tmp/data/datasets/mustard/utterances_final/1_10977.mp4,/root/autodl-tmp/data/datasets/mustard/sarcasm_data.json#utterance_id=1_10977,0.00,,en,medium,medium,high,true,true,false,
EAQ200019,MUStARD,all,1_11006,/root/autodl-tmp/data/datasets/mustard/utterances_final/1_11006.mp4,/root/autodl-tmp/data/datasets/mustard/utterances_final/1_11006.mp4,/root/autodl-tmp/data/datasets/mustard/sarcasm_data.json#utterance_id=1_11006,0.00,,en,medium,medium,high,true,true,true,mustard_label
EAQ200020,MUStARD,all,1_11021,/root/autodl-tmp/data/datasets/mustard/utterances_final/1_11021.mp4,/root/autodl-tmp/data/datasets/mustard/utterances_final/1_11021.mp4,/root/autodl-tmp/data/datasets/mustard/sarcasm_data.json#utterance_id=1_11021,0.00,,en,medium,medium,high,true,true,true,mustard_label
EAQ200021,MUStARD,all,1_11042,/root/autodl-tmp/data/datasets/mustard/utterances_final/1_11042.mp4,/root/autodl-tmp/data/datasets/mustard/utterances_final/1_11042.mp4,/root/autodl-tmp/data/datasets/mustard/sarcasm_data.json#utterance_id=1_11042,0.00,,en,medium,medium,high,true,true,false,
EAQ200022,MUStARD,all,1_11046,/root/autodl-tmp/data/datasets/mustard/utterances_final/1_11046.mp4,/root/autodl-tmp/data/datasets/mustard/utterances_final/1_11046.mp4,/root/autodl-tmp/data/datasets/mustard/sarcasm_data.json#utterance_id=1_11046,0.00,,en,medium,medium,high,true,true,false,
EAQ200023,MUStARD,all,1_11051,/root/autodl-tmp/data/datasets/mustard/utterances_final/1_11051.mp4,/root/autodl-tmp/data/datasets/mustard/utterances_final/1_11051.mp4,/root/autodl-tmp/data/datasets/mustard/sarcasm_data.json#utterance_id=1_11051,0.00,,en,medium,medium,high,true,true,false,
EAQ200024,MUStARD,all,1_11055,/root/autodl-tmp/data/datasets/mustard/utterances_final/1_11055.mp4,/root/autodl-tmp/data/datasets/mustard/utterances_final/1_11055.mp4,/root/autodl-tmp/data/datasets/mustard/sarcasm_data.json#utterance_id=1_11055,0.00,,en,medium,medium,high,true,true,true,mustard_label
EAQ200025,MUStARD,all,1_11098,/root/autodl-tmp/data/datasets/mustard/utterances_final/1_11098.mp4,/root/autodl-tmp/data/datasets/mustard/utterances_final/1_11098.mp4,/root/autodl-tmp/data/datasets/mustard/sarcasm_data.json#utterance_id=1_11098,0.00,,en,medium,medium,high,true,true,true,mustard_label
EAQ200026,MUStARD,all,1_11120,/root/autodl-tmp/data/datasets/mustard/utterances_final/1_11120.mp4,/root/autodl-tmp/data/datasets/mustard/utterances_final/1_11120.mp4,/root/autodl-tmp/data/datasets/mustard/sarcasm_data.json#utterance_id=1_11120,0.00,,en,medium,medium,high,true,true,false,
EAQ200027,MUStARD,all,1_11177,/root/autodl-tmp/data/datasets/mustard/utterances_final/1_11177.mp4,/root/autodl-tmp/data/datasets/mustard/utterances_final/1_11177.mp4,/root/autodl-tmp/data/datasets/mustard/sarcasm_data.json#utterance_id=1_11177,0.00,,en,medium,medium,high,true,true,true,mustard_label
EAQ200028,MUStARD,all,1_11201,/root/autodl-tmp/data/datasets/mustard/utterances_final/1_11201.mp4,/root/autodl-tmp/data/datasets/mustard/utterances_final/1_11201.mp4,/root/autodl-tmp/data/datasets/mustard/sarcasm_data.json#utterance_id=1_11201,0.00,,en,medium,medium,high,true,true,false,
EAQ200029,MUStARD,all,1_11224,/root/autodl-tmp/data/datasets/mustard/utterances_final/1_11224.mp4,/root/autodl-tmp/data/datasets/mustard/utterances_final/1_11224.mp4,/root/autodl-tmp/data/datasets/mustard/sarcasm_data.json#utterance_id=1_11224,0.00,,en,medium,medium,high,true,true,true,mustard_label
EAQ200030,MUStARD,all,1_11232,/root/autodl-tmp/data/datasets/mustard/utterances_final/1_11232.mp4,/root/autodl-tmp/data/datasets/mustard/utterances_final/1_11232.mp4,/root/autodl-tmp/data/datasets/mustard/sarcasm_data.json#utterance_id=1_11232,0.00,,en,medium,medium,high,true,true,true,mustard_label
EAQ200031,MUStARD,all,1_11236,/root/autodl-tmp/data/datasets/mustard/utterances_final/1_11236.mp4,/root/autodl-tmp/data/datasets/mustard/utterances_final/1_11236.mp4,/root/autodl-tmp/data/datasets/mustard/sarcasm_data.json#utterance_id=1_11236,0.00,,en,medium,medium,high,true,true,false,
EAQ200032,MUStARD,all,1_11242,/root/autodl-tmp/data/datasets/mustard/utterances_final/1_11242.mp4,/root/autodl-tmp/data/datasets/mustard/utterances_final/1_11242.mp4,/root/autodl-tmp/data/datasets/mustard/sarcasm_data.json#utterance_id=1_11242,0.00,,en,medium,medium,high,true,true,true,mustard_label
EAQ200033,MUStARD,all,1_11243,/root/autodl-tmp/data/datasets/mustard/utterances_final/1_11243.mp4,/root/autodl-tmp/data/datasets/mustard/utterances_final/1_11243.mp4,/root/autodl-tmp/data/datasets/mustard/sarcasm_data.json#utterance_id=1_11243,0.00,,en,medium,medium,high,true,true,true,mustard_label
EAQ200034,MUStARD,all,1_11253,/root/autodl-tmp/data/datasets/mustard/utterances_final/1_11253.mp4,/root/autodl-tmp/data/datasets/mustard/utterances_final/1_11253.mp4,/root/autodl-tmp/data/datasets/mustard/sarcasm_data.json#utterance_id=1_11253,0.00,,en,medium,medium,high,true,true,false,
EAQ200035,MUStARD,all,1_11257,/root/autodl-tmp/data/datasets/mustard/utterances_final/1_11257.mp4,/root/autodl-tmp/data/datasets/mustard/utterances_final/1_11257.mp4,/root/autodl-tmp/data/datasets/mustard/sarcasm_data.json#utterance_id=1_11257,0.00,,en,medium,medium,high,true,true,false,
EAQ200036,MUStARD,all,1_11306,/root/autodl-tmp/data/datasets/mustard/utterances_final/1_11306.mp4,/root/autodl-tmp/data/datasets/mustard/utterances_final/1_11306.mp4,/root/autodl-tmp/data/datasets/mustard/sarcasm_data.json#utterance_id=1_11306,0.00,,en,medium,medium,high,true,true,false,
EAQ200037,MUStARD,all,1_11322,/root/autodl-tmp/data/datasets/mustard/utterances_final/1_11322.mp4,/root/autodl-tmp/data/datasets/mustard/utterances_final/1_11322.mp4,/root/autodl-tmp/data/datasets/mustard/sarcasm_data.json#utterance_id=1_11322,0.00,,en,medium,medium,high,true,true,true,mustard_label
EAQ200038,MUStARD,all,1_11378,/root/autodl-tmp/data/datasets/mustard/utterances_final/1_11378.mp4,/root/autodl-tmp/data/datasets/mustard/utterances_final/1_11378.mp4,/root/autodl-tmp/data/datasets/mustard/sarcasm_data.json#utterance_id=1_11378,0.00,,en,medium,medium,high,true,true,true,mustard_label
EAQ200039,MUStARD,all,1_11439,/root/autodl-tmp/data/datasets/mustard/utterances_final/1_11439.mp4,/root/autodl-tmp/data/datasets/mustard/utterances_final/1_11439.mp4,/root/autodl-tmp/data/datasets/mustard/sarcasm_data.json#utterance_id=1_11439,0.00,,en,medium,medium,high,true,true,true,mustard_label
EAQ200040,MUStARD,all,1_1144,/root/autodl-tmp/data/datasets/mustard/utterances_final/1_1144.mp4,/root/autodl-tmp/data/datasets/mustard/utterances_final/1_1144.mp4,/root/autodl-tmp/data/datasets/mustard/sarcasm_data.json#utterance_id=1_1144,0.00,,en,medium,medium,high,true,true,true,mustard_label
EAQ200041,MUStARD,all,1_11485,/root/autodl-tmp/data/datasets/mustard/utterances_final/1_11485.mp4,/root/autodl-tmp/data/datasets/mustard/utterances_final/1_11485.mp4,/root/autodl-tmp/data/datasets/mustard/sarcasm_data.json#utterance_id=1_11485,0.00,,en,medium,medium,high,true,true,false,
EAQ200042,MUStARD,all,1_11526,/root/autodl-tmp/data/datasets/mustard/utterances_final/1_11526.mp4,/root/autodl-tmp/data/datasets/mustard/utterances_final/1_11526.mp4,/root/autodl-tmp/data/datasets/mustard/sarcasm_data.json#utterance_id=1_11526,0.00,,en,medium,medium,high,true,true,false,
EAQ200043,MUStARD,all,1_11529,/root/autodl-tmp/data/datasets/mustard/utterances_final/1_11529.mp4,/root/autodl-tmp/data/datasets/mustard/utterances_final/1_11529.mp4,/root/autodl-tmp/data/datasets/mustard/sarcasm_data.json#utterance_id=1_11529,0.00,,en,medium,medium,high,true,true,false,
EAQ200044,MUStARD,all,1_11609,/root/autodl-tmp/data/datasets/mustard/utterances_final/1_11609.mp4,/root/autodl-tmp/data/datasets/mustard/utterances_final/1_11609.mp4,/root/autodl-tmp/data/datasets/mustard/sarcasm_data.json#utterance_id=1_11609,0.00,,en,medium,medium,high,true,true,false,
EAQ200045,MUStARD,all,1_11697,/root/autodl-tmp/data/datasets/mustard/utterances_final/1_11697.mp4,/root/autodl-tmp/data/datasets/mustard/utterances_final/1_11697.mp4,/root/autodl-tmp/data/datasets/mustard/sarcasm_data.json#utterance_id=1_11697,0.00,,en,medium,medium,high,true,true,true,mustard_label
EAQ200046,MUStARD,all,1_11699,/root/autodl-tmp/data/datasets/mustard/utterances_final/1_11699.mp4,/root/autodl-tmp/data/datasets/mustard/utterances_final/1_11699.mp4,/root/autodl-tmp/data/datasets/mustard/sarcasm_data.json#utterance_id=1_11699,0.00,,en,medium,medium,high,true,true,true,mustard_label
EAQ200047,MUStARD,all,1_11723,/root/autodl-tmp/data/datasets/mustard/utterances_final/1_11723.mp4,/root/autodl-tmp/data/datasets/mustard/utterances_final/1_11723.mp4,/root/autodl-tmp/data/datasets/mustard/sarcasm_data.json#utterance_id=1_11723,0.00,,en,medium,medium,high,true,true,false,
EAQ200048,MUStARD,all,1_11736,/root/autodl-tmp/data/datasets/mustard/utterances_final/1_11736.mp4,/root/autodl-tmp/data/datasets/mustard/utterances_final/1_11736.mp4,/root/autodl-tmp/data/datasets/mustard/sarcasm_data.json#utterance_id=1_11736,0.00,,en,medium,medium,high,true,true,false,
EAQ200049,MUStARD,all,1_11773,/root/autodl-tmp/data/datasets/mustard/utterances_final/1_11773.mp4,/root/autodl-tmp/data/datasets/mustard/utterances_final/1_11773.mp4,/root/autodl-tmp/data/datasets/mustard/sarcasm_data.json#utterance_id=1_11773,0.00,,en,medium,medium,high,true,true,true,mustard_label
EAQ200050,MUStARD,all,1_1180,/root/autodl-tmp/data/datasets/mustard/utterances_final/1_1180.mp4,/root/autodl-tmp/data/datasets/mustard/utterances_final/1_1180.mp4,/root/autodl-tmp/data/datasets/mustard/sarcasm_data.json#utterance_id=1_1180,0.00,,en,medium,medium,high,true,true,true,mustard_label
EAQ200051,MUStARD,all,1_1185,/root/autodl-tmp/data/datasets/mustard/utterances_final/1_1185.mp4,/root/autodl-tmp/data/datasets/mustard/utterances_final/1_1185.mp4,/root/autodl-tmp/data/datasets/mustard/sarcasm_data.json#utterance_id=1_1185,0.00,,en,medium,medium,high,true,true,false,
EAQ200052,MUStARD,all,1_11885,/root/autodl-tmp/data/datasets/mustard/utterances_final/1_11885.mp4,/root/autodl-tmp/data/datasets/mustard/utterances_final/1_11885.mp4,/root/autodl-tmp/data/datasets/mustard/sarcasm_data.json#utterance_id=1_11885,0.00,,en,medium,medium,high,true,true,true,mustard_label
EAQ200053,MUStARD,all,1_11889,/root/autodl-tmp/data/datasets/mustard/utterances_final/1_11889.mp4,/root/autodl-tmp/data/datasets/mustard/utterances_final/1_11889.mp4,/root/autodl-tmp/data/datasets/mustard/sarcasm_data.json#utterance_id=1_11889,0.00,,en,medium,medium,high,true,true,false,
EAQ200054,MUStARD,all,1_1189,/root/autodl-tmp/data/datasets/mustard/utterances_final/1_1189.mp4,/root/autodl-tmp/data/datasets/mustard/utterances_final/1_1189.mp4,/root/autodl-tmp/data/datasets/mustard/sarcasm_data.json#utterance_id=1_1189,0.00,,en,medium,medium,high,true,true,false,
EAQ200055,MUStARD,all,1_11901,/root/autodl-tmp/data/datasets/mustard/utterances_final/1_11901.mp4,/root/autodl-tmp/data/datasets/mustard/utterances_final/1_11901.mp4,/root/autodl-tmp/data/datasets/mustard/sarcasm_data.json#utterance_id=1_11901,0.00,,en,medium,medium,high,true,true,true,mustard_label
EAQ200056,MUStARD,all,1_11913,/root/autodl-tmp/data/datasets/mustard/utterances_final/1_11913.mp4,/root/autodl-tmp/data/datasets/mustard/utterances_final/1_11913.mp4,/root/autodl-tmp/data/datasets/mustard/sarcasm_data.json#utterance_id=1_11913,0.00,,en,medium,medium,high,true,true,true,mustard_label
EAQ200057,MUStARD,all,1_11924,/root/autodl-tmp/data/datasets/mustard/utterances_final/1_11924.mp4,/root/autodl-tmp/data/datasets/mustard/utterances_final/1_11924.mp4,/root/autodl-tmp/data/datasets/mustard/sarcasm_data.json#utterance_id=1_11924,0.00,,en,medium,medium,high,true,true,true,mustard_label
EAQ200058,MUStARD,all,1_11928,/root/autodl-tmp/data/datasets/mustard/utterances_final/1_11928.mp4,/root/autodl-tmp/data/datasets/mustard/utterances_final/1_11928.mp4,/root/autodl-tmp/data/datasets/mustard/sarcasm_data.json#utterance_id=1_11928,0.00,,en,medium,medium,high,true,true,false,
EAQ200059,MUStARD,all,1_12002,/root/autodl-tmp/data/datasets/mustard/utterances_final/1_12002.mp4,/root/autodl-tmp/data/datasets/mustard/utterances_final/1_12002.mp4,/root/autodl-tmp/data/datasets/mustard/sarcasm_data.json#utterance_id=1_12002,0.00,,en,medium,medium,high,true,true,false,
EAQ200060,MUStARD,all,1_12083,/root/autodl-tmp/data/datasets/mustard/utterances_final/1_12083.mp4,/root/autodl-tmp/data/datasets/mustard/utterances_final/1_12083.mp4,/root/autodl-tmp/data/datasets/mustard/sarcasm_data.json#utterance_id=1_12083,0.00,,en,medium,medium,high,true,true,false,
EAQ200061,MUStARD,all,1_12202,/root/autodl-tmp/data/datasets/mustard/utterances_final/1_12202.mp4,/root/autodl-tmp/data/datasets/mustard/utterances_final/1_12202.mp4,/root/autodl-tmp/data/datasets/mustard/sarcasm_data.json#utterance_id=1_12202,0.00,,en,medium,medium,high,true,true,true,mustard_label
EAQ200062,MUStARD,all,1_12275,/root/autodl-tmp/data/datasets/mustard/utterances_final/1_12275.mp4,/root/autodl-tmp/data/datasets/mustard/utterances_final/1_12275.mp4,/root/autodl-tmp/data/datasets/mustard/sarcasm_data.json#utterance_id=1_12275,0.00,,en,medium,medium,high,true,true,false,
EAQ200063,MUStARD,all,1_12320,/root/autodl-tmp/data/datasets/mustard/utterances_final/1_12320.mp4,/root/autodl-tmp/data/datasets/mustard/utterances_final/1_12320.mp4,/root/autodl-tmp/data/datasets/mustard/sarcasm_data.json#utterance_id=1_12320,0.00,,en,medium,medium,high,true,true,false,
EAQ200064,MUStARD,all,1_12331,/root/autodl-tmp/data/datasets/mustard/utterances_final/1_12331.mp4,/root/autodl-tmp/data/datasets/mustard/utterances_final/1_12331.mp4,/root/autodl-tmp/data/datasets/mustard/sarcasm_data.json#utterance_id=1_12331,0.00,,en,medium,medium,high,true,true,false,
EAQ200065,MUStARD,all,1_1262,/root/autodl-tmp/data/datasets/mustard/utterances_final/1_1262.mp4,/root/autodl-tmp/data/datasets/mustard/utterances_final/1_1262.mp4,/root/autodl-tmp/data/datasets/mustard/sarcasm_data.json#utterance_id=1_1262,0.00,,en,medium,medium,high,true,true,false,
EAQ200066,MUStARD,all,1_1296,/root/autodl-tmp/data/datasets/mustard/utterances_final/1_1296.mp4,/root/autodl-tmp/data/datasets/mustard/utterances_final/1_1296.mp4,/root/autodl-tmp/data/datasets/mustard/sarcasm_data.json#utterance_id=1_1296,0.00,,en,medium,medium,high,true,true,true,mustard_label
EAQ200067,MUStARD,all,1_1466,/root/autodl-tmp/data/datasets/mustard/utterances_final/1_1466.mp4,/root/autodl-tmp/data/datasets/mustard/utterances_final/1_1466.mp4,/root/autodl-tmp/data/datasets/mustard/sarcasm_data.json#utterance_id=1_1466,0.00,,en,medium,medium,high,true,true,true,mustard_label
EAQ200068,MUStARD,all,1_1470,/root/autodl-tmp/data/datasets/mustard/utterances_final/1_1470.mp4,/root/autodl-tmp/data/datasets/mustard/utterances_final/1_1470.mp4,/root/autodl-tmp/data/datasets/mustard/sarcasm_data.json#utterance_id=1_1470,0.00,,en,medium,medium,high,true,true,false,
EAQ200069,MUStARD,all,1_1478,/root/autodl-tmp/data/datasets/mustard/utterances_final/1_1478.mp4,/root/autodl-tmp/data/datasets/mustard/utterances_final/1_1478.mp4,/root/autodl-tmp/data/datasets/mustard/sarcasm_data.json#utterance_id=1_1478,0.00,,en,medium,medium,high,true,true,true,mustard_label
EAQ200070,MUStARD,all,1_1484,/root/autodl-tmp/data/datasets/mustard/utterances_final/1_1484.mp4,/root/autodl-tmp/data/datasets/mustard/utterances_final/1_1484.mp4,/root/autodl-tmp/data/datasets/mustard/sarcasm_data.json#utterance_id=1_1484,0.00,,en,medium,medium,high,true,true,false,
EAQ200071,MUStARD,all,1_1549,/root/autodl-tmp/data/datasets/mustard/utterances_final/1_1549.mp4,/root/autodl-tmp/data/datasets/mustard/utterances_final/1_1549.mp4,/root/autodl-tmp/data/datasets/mustard/sarcasm_data.json#utterance_id=1_1549,0.00,,en,medium,medium,high,true,true,true,mustard_label
EAQ200072,MUStARD,all,1_1560,/root/autodl-tmp/data/datasets/mustard/utterances_final/1_1560.mp4,/root/autodl-tmp/data/datasets/mustard/utterances_final/1_1560.mp4,/root/autodl-tmp/data/datasets/mustard/sarcasm_data.json#utterance_id=1_1560,0.00,,en,medium,medium,high,true,true,true,mustard_label
EAQ200073,MUStARD,all,1_162,/root/autodl-tmp/data/datasets/mustard/utterances_final/1_162.mp4,/root/autodl-tmp/data/datasets/mustard/utterances_final/1_162.mp4,/root/autodl-tmp/data/datasets/mustard/sarcasm_data.json#utterance_id=1_162,0.00,,en,medium,medium,high,true,true,false,
EAQ200074,MUStARD,all,1_1627,/root/autodl-tmp/data/datasets/mustard/utterances_final/1_1627.mp4,/root/autodl-tmp/data/datasets/mustard/utterances_final/1_1627.mp4,/root/autodl-tmp/data/datasets/mustard/sarcasm_data.json#utterance_id=1_1627,0.00,,en,medium,medium,high,true,true,false,
EAQ200075,MUStARD,all,1_1638,/root/autodl-tmp/data/datasets/mustard/utterances_final/1_1638.mp4,/root/autodl-tmp/data/datasets/mustard/utterances_final/1_1638.mp4,/root/autodl-tmp/data/datasets/mustard/sarcasm_data.json#utterance_id=1_1638,0.00,,en,medium,medium,high,true,true,true,mustard_label
EAQ200076,MUStARD,all,1_1666,/root/autodl-tmp/data/datasets/mustard/utterances_final/1_1666.mp4,/root/autodl-tmp/data/datasets/mustard/utterances_final/1_1666.mp4,/root/autodl-tmp/data/datasets/mustard/sarcasm_data.json#utterance_id=1_1666,0.00,,en,medium,medium,high,true,true,false,
EAQ200077,MUStARD,all,1_1678,/root/autodl-tmp/data/datasets/mustard/utterances_final/1_1678.mp4,/root/autodl-tmp/data/datasets/mustard/utterances_final/1_1678.mp4,/root/autodl-tmp/data/datasets/mustard/sarcasm_data.json#utterance_id=1_1678,0.00,,en,medium,medium,high,true,true,false,
EAQ200078,MUStARD,all,1_1722,/root/autodl-tmp/data/datasets/mustard/utterances_final/1_1722.mp4,/root/autodl-tmp/data/datasets/mustard/utterances_final/1_1722.mp4,/root/autodl-tmp/data/datasets/mustard/sarcasm_data.json#utterance_id=1_1722,0.00,,en,medium,medium,high,true,true,false,
EAQ200079,MUStARD,all,1_1732,/root/autodl-tmp/data/datasets/mustard/utterances_final/1_1732.mp4,/root/autodl-tmp/data/datasets/mustard/utterances_final/1_1732.mp4,/root/autodl-tmp/data/datasets/mustard/sarcasm_data.json#utterance_id=1_1732,0.00,,en,medium,medium,high,true,true,true,mustard_label
EAQ200080,MUStARD,all,1_175,/root/autodl-tmp/data/datasets/mustard/utterances_final/1_175.mp4,/root/autodl-tmp/data/datasets/mustard/utterances_final/1_175.mp4,/root/autodl-tmp/data/datasets/mustard/sarcasm_data.json#utterance_id=1_175,0.00,,en,medium,medium,high,true,true,true,mustard_label
EAQ200081,MUStARD,all,1_1772,/root/autodl-tmp/data/datasets/mustard/utterances_final/1_1772.mp4,/root/autodl-tmp/data/datasets/mustard/utterances_final/1_1772.mp4,/root/autodl-tmp/data/datasets/mustard/sarcasm_data.json#utterance_id=1_1772,0.00,,en,medium,medium,high,true,true,true,mustard_label
EAQ200082,MUStARD,all,1_1798,/root/autodl-tmp/data/datasets/mustard/utterances_final/1_1798.mp4,/root/autodl-tmp/data/datasets/mustard/utterances_final/1_1798.mp4,/root/autodl-tmp/data/datasets/mustard/sarcasm_data.json#utterance_id=1_1798,0.00,,en,medium,medium,high,true,true,true,mustard_label
EAQ200083,MUStARD,all,1_1803,/root/autodl-tmp/data/datasets/mustard/utterances_final/1_1803.mp4,/root/autodl-tmp/data/datasets/mustard/utterances_final/1_1803.mp4,/root/autodl-tmp/data/datasets/mustard/sarcasm_data.json#utterance_id=1_1803,0.00,,en,medium,medium,high,true,true,true,mustard_label
EAQ200084,MUStARD,all,1_182,/root/autodl-tmp/data/datasets/mustard/utterances_final/1_182.mp4,/root/autodl-tmp/data/datasets/mustard/utterances_final/1_182.mp4,/root/autodl-tmp/data/datasets/mustard/sarcasm_data.json#utterance_id=1_182,0.00,,en,medium,medium,high,true,true,true,mustard_label
EAQ200085,MUStARD,all,1_1931,/root/autodl-tmp/data/datasets/mustard/utterances_final/1_1931.mp4,/root/autodl-tmp/data/datasets/mustard/utterances_final/1_1931.mp4,/root/autodl-tmp/data/datasets/mustard/sarcasm_data.json#utterance_id=1_1931,0.00,,en,medium,medium,high,true,true,true,mustard_label
EAQ200086,MUStARD,all,1_1973,/root/autodl-tmp/data/datasets/mustard/utterances_final/1_1973.mp4,/root/autodl-tmp/data/datasets/mustard/utterances_final/1_1973.mp4,/root/autodl-tmp/data/datasets/mustard/sarcasm_data.json#utterance_id=1_1973,0.00,,en,medium,medium,high,true,true,true,mustard_label
EAQ200087,MUStARD,all,1_1987,/root/autodl-tmp/data/datasets/mustard/utterances_final/1_1987.mp4,/root/autodl-tmp/data/datasets/mustard/utterances_final/1_1987.mp4,/root/autodl-tmp/data/datasets/mustard/sarcasm_data.json#utterance_id=1_1987,0.00,,en,medium,medium,high,true,true,true,mustard_label
EAQ200088,MUStARD,all,1_2075,/root/autodl-tmp/data/datasets/mustard/utterances_final/1_2075.mp4,/root/autodl-tmp/data/datasets/mustard/utterances_final/1_2075.mp4,/root/autodl-tmp/data/datasets/mustard/sarcasm_data.json#utterance_id=1_2075,0.00,,en,medium,medium,high,true,true,false,
EAQ200089,MUStARD,all,1_2119,/root/autodl-tmp/data/datasets/mustard/utterances_final/1_2119.mp4,/root/autodl-tmp/data/datasets/mustard/utterances_final/1_2119.mp4,/root/autodl-tmp/data/datasets/mustard/sarcasm_data.json#utterance_id=1_2119,0.00,,en,medium,medium,high,true,true,true,mustard_label
EAQ200090,MUStARD,all,1_213,/root/autodl-tmp/data/datasets/mustard/utterances_final/1_213.mp4,/root/autodl-tmp/data/datasets/mustard/utterances_final/1_213.mp4,/root/autodl-tmp/data/datasets/mustard/sarcasm_data.json#utterance_id=1_213,0.00,,en,medium,medium,high,true,true,true,mustard_label
EAQ200091,MUStARD,all,1_2198,/root/autodl-tmp/data/datasets/mustard/utterances_final/1_2198.mp4,/root/autodl-tmp/data/datasets/mustard/utterances_final/1_2198.mp4,/root/autodl-tmp/data/datasets/mustard/sarcasm_data.json#utterance_id=1_2198,0.00,,en,medium,medium,high,true,true,true,mustard_label
EAQ200092,MUStARD,all,1_2216,/root/autodl-tmp/data/datasets/mustard/utterances_final/1_2216.mp4,/root/autodl-tmp/data/datasets/mustard/utterances_final/1_2216.mp4,/root/autodl-tmp/data/datasets/mustard/sarcasm_data.json#utterance_id=1_2216,0.00,,en,medium,medium,high,true,true,false,
EAQ200093,MUStARD,all,1_2354,/root/autodl-tmp/data/datasets/mustard/utterances_final/1_2354.mp4,/root/autodl-tmp/data/datasets/mustard/utterances_final/1_2354.mp4,/root/autodl-tmp/data/datasets/mustard/sarcasm_data.json#utterance_id=1_2354,0.00,,en,medium,medium,high,true,true,true,mustard_label
EAQ200094,MUStARD,all,1_2361,/root/autodl-tmp/data/datasets/mustard/utterances_final/1_2361.mp4,/root/autodl-tmp/data/datasets/mustard/utterances_final/1_2361.mp4,/root/autodl-tmp/data/datasets/mustard/sarcasm_data.json#utterance_id=1_2361,0.00,,en,medium,medium,high,true,true,false,
EAQ200095,MUStARD,all,1_2420,/root/autodl-tmp/data/datasets/mustard/utterances_final/1_2420.mp4,/root/autodl-tmp/data/datasets/mustard/utterances_final/1_2420.mp4,/root/autodl-tmp/data/datasets/mustard/sarcasm_data.json#utterance_id=1_2420,0.00,,en,medium,medium,high,true,true,false,
EAQ200096,MUStARD,all,1_2423,/root/autodl-tmp/data/datasets/mustard/utterances_final/1_2423.mp4,/root/autodl-tmp/data/datasets/mustard/utterances_final/1_2423.mp4,/root/autodl-tmp/data/datasets/mustard/sarcasm_data.json#utterance_id=1_2423,0.00,,en,medium,medium,high,true,true,false,
EAQ200097,MUStARD,all,1_2464,/root/autodl-tmp/data/datasets/mustard/utterances_final/1_2464.mp4,/root/autodl-tmp/data/datasets/mustard/utterances_final/1_2464.mp4,/root/autodl-tmp/data/datasets/mustard/sarcasm_data.json#utterance_id=1_2464,0.00,,en,medium,medium,high,true,true,true,mustard_label
EAQ200098,MUStARD,all,1_2575,/root/autodl-tmp/data/datasets/mustard/utterances_final/1_2575.mp4,/root/autodl-tmp/data/datasets/mustard/utterances_final/1_2575.mp4,/root/autodl-tmp/data/datasets/mustard/sarcasm_data.json#utterance_id=1_2575,0.00,,en,medium,medium,high,true,true,false,
EAQ200099,MUStARD,all,1_2580,/root/autodl-tmp/data/datasets/mustard/utterances_final/1_2580.mp4,/root/autodl-tmp/data/datasets/mustard/utterances_final/1_2580.mp4,/root/autodl-tmp/data/datasets/mustard/sarcasm_data.json#utterance_id=1_2580,0.00,,en,medium,medium,high,true,true,true,mustard_label
EAQ200100,MUStARD,all,1_2614,/root/autodl-tmp/data/datasets/mustard/utterances_final/1_2614.mp4,/root/autodl-tmp/data/datasets/mustard/utterances_final/1_2614.mp4,/root/autodl-tmp/data/datasets/mustard/sarcasm_data.json#utterance_id=1_2614,0.00,,en,medium,medium,high,true,true,true,mustard_label
EAQ200101,MUStARD,all,1_2616,/root/autodl-tmp/data/datasets/mustard/utterances_final/1_2616.mp4,/root/autodl-tmp/data/datasets/mustard/utterances_final/1_2616.mp4,/root/autodl-tmp/data/datasets/mustard/sarcasm_data.json#utterance_id=1_2616,0.00,,en,medium,medium,high,true,true,true,mustard_label
EAQ200102,MUStARD,all,1_2664,/root/autodl-tmp/data/datasets/mustard/utterances_final/1_2664.mp4,/root/autodl-tmp/data/datasets/mustard/utterances_final/1_2664.mp4,/root/autodl-tmp/data/datasets/mustard/sarcasm_data.json#utterance_id=1_2664,0.00,,en,medium,medium,high,true,true,false,
EAQ200103,MUStARD,all,1_2669,/root/autodl-tmp/data/datasets/mustard/utterances_final/1_2669.mp4,/root/autodl-tmp/data/datasets/mustard/utterances_final/1_2669.mp4,/root/autodl-tmp/data/datasets/mustard/sarcasm_data.json#utterance_id=1_2669,0.00,,en,medium,medium,high,true,true,false,
EAQ200104,MUStARD,all,1_276,/root/autodl-tmp/data/datasets/mustard/utterances_final/1_276.mp4,/root/autodl-tmp/data/datasets/mustard/utterances_final/1_276.mp4,/root/autodl-tmp/data/datasets/mustard/sarcasm_data.json#utterance_id=1_276,0.00,,en,medium,medium,high,true,true,true,mustard_label
EAQ200105,MUStARD,all,1_2778,/root/autodl-tmp/data/datasets/mustard/utterances_final/1_2778.mp4,/root/autodl-tmp/data/datasets/mustard/utterances_final/1_2778.mp4,/root/autodl-tmp/data/datasets/mustard/sarcasm_data.json#utterance_id=1_2778,0.00,,en,medium,medium,high,true,true,true,mustard_label
EAQ200106,MUStARD,all,1_2792,/root/autodl-tmp/data/datasets/mustard/utterances_final/1_2792.mp4,/root/autodl-tmp/data/datasets/mustard/utterances_final/1_2792.mp4,/root/autodl-tmp/data/datasets/mustard/sarcasm_data.json#utterance_id=1_2792,0.00,,en,medium,medium,high,true,true,false,
EAQ200107,MUStARD,all,1_2797,/root/autodl-tmp/data/datasets/mustard/utterances_final/1_2797.mp4,/root/autodl-tmp/data/datasets/mustard/utterances_final/1_2797.mp4,/root/autodl-tmp/data/datasets/mustard/sarcasm_data.json#utterance_id=1_2797,0.00,,en,medium,medium,high,true,true,true,mustard_label
EAQ200108,MUStARD,all,1_2819,/root/autodl-tmp/data/datasets/mustard/utterances_final/1_2819.mp4,/root/autodl-tmp/data/datasets/mustard/utterances_final/1_2819.mp4,/root/autodl-tmp/data/datasets/mustard/sarcasm_data.json#utterance_id=1_2819,0.00,,en,medium,medium,high,true,true,true,mustard_label
EAQ200109,MUStARD,all,1_2830,/root/autodl-tmp/data/datasets/mustard/utterances_final/1_2830.mp4,/root/autodl-tmp/data/datasets/mustard/utterances_final/1_2830.mp4,/root/autodl-tmp/data/datasets/mustard/sarcasm_data.json#utterance_id=1_2830,0.00,,en,medium,medium,high,true,true,false,
EAQ200110,MUStARD,all,1_2837,/root/autodl-tmp/data/datasets/mustard/utterances_final/1_2837.mp4,/root/autodl-tmp/data/datasets/mustard/utterances_final/1_2837.mp4,/root/autodl-tmp/data/datasets/mustard/sarcasm_data.json#utterance_id=1_2837,0.00,,en,medium,medium,high,true,true,false,
EAQ200111,MUStARD,all,1_2842,/root/autodl-tmp/data/datasets/mustard/utterances_final/1_2842.mp4,/root/autodl-tmp/data/datasets/mustard/utterances_final/1_2842.mp4,/root/autodl-tmp/data/datasets/mustard/sarcasm_data.json#utterance_id=1_2842,0.00,,en,medium,medium,high,true,true,false,
EAQ200112,MUStARD,all,1_2853,/root/autodl-tmp/data/datasets/mustard/utterances_final/1_2853.mp4,/root/autodl-tmp/data/datasets/mustard/utterances_final/1_2853.mp4,/root/autodl-tmp/data/datasets/mustard/sarcasm_data.json#utterance_id=1_2853,0.00,,en,medium,medium,high,true,true,true,mustard_label
EAQ200113,MUStARD,all,1_3064,/root/autodl-tmp/data/datasets/mustard/utterances_final/1_3064.mp4,/root/autodl-tmp/data/datasets/mustard/utterances_final/1_3064.mp4,/root/autodl-tmp/data/datasets/mustard/sarcasm_data.json#utterance_id=1_3064,0.00,,en,medium,medium,high,true,true,true,mustard_label
EAQ200114,MUStARD,all,1_3069,/root/autodl-tmp/data/datasets/mustard/utterances_final/1_3069.mp4,/root/autodl-tmp/data/datasets/mustard/utterances_final/1_3069.mp4,/root/autodl-tmp/data/datasets/mustard/sarcasm_data.json#utterance_id=1_3069,0.00,,en,medium,medium,high,true,true,false,
EAQ200115,MUStARD,all,1_3125,/root/autodl-tmp/data/datasets/mustard/utterances_final/1_3125.mp4,/root/autodl-tmp/data/datasets/mustard/utterances_final/1_3125.mp4,/root/autodl-tmp/data/datasets/mustard/sarcasm_data.json#utterance_id=1_3125,0.00,,en,medium,medium,high,true,true,true,mustard_label
EAQ200116,MUStARD,all,1_3177,/root/autodl-tmp/data/datasets/mustard/utterances_final/1_3177.mp4,/root/autodl-tmp/data/datasets/mustard/utterances_final/1_3177.mp4,/root/autodl-tmp/data/datasets/mustard/sarcasm_data.json#utterance_id=1_3177,0.00,,en,medium,medium,high,true,true,false,
EAQ200117,MUStARD,all,1_3204,/root/autodl-tmp/data/datasets/mustard/utterances_final/1_3204.mp4,/root/autodl-tmp/data/datasets/mustard/utterances_final/1_3204.mp4,/root/autodl-tmp/data/datasets/mustard/sarcasm_data.json#utterance_id=1_3204,0.00,,en,medium,medium,high,true,true,false,
EAQ200118,MUStARD,all,1_3256,/root/autodl-tmp/data/datasets/mustard/utterances_final/1_3256.mp4,/root/autodl-tmp/data/datasets/mustard/utterances_final/1_3256.mp4,/root/autodl-tmp/data/datasets/mustard/sarcasm_data.json#utterance_id=1_3256,0.00,,en,medium,medium,high,true,true,true,mustard_label
EAQ200119,MUStARD,all,1_3259,/root/autodl-tmp/data/datasets/mustard/utterances_final/1_3259.mp4,/root/autodl-tmp/data/datasets/mustard/utterances_final/1_3259.mp4,/root/autodl-tmp/data/datasets/mustard/sarcasm_data.json#utterance_id=1_3259,0.00,,en,medium,medium,high,true,true,true,mustard_label
EAQ200120,MUStARD,all,1_3287,/root/autodl-tmp/data/datasets/mustard/utterances_final/1_3287.mp4,/root/autodl-tmp/data/datasets/mustard/utterances_final/1_3287.mp4,/root/autodl-tmp/data/datasets/mustard/sarcasm_data.json#utterance_id=1_3287,0.00,,en,medium,medium,high,true,true,true,mustard_label
EAQ200121,MUStARD,all,1_3293,/root/autodl-tmp/data/datasets/mustard/utterances_final/1_3293.mp4,/root/autodl-tmp/data/datasets/mustard/utterances_final/1_3293.mp4,/root/autodl-tmp/data/datasets/mustard/sarcasm_data.json#utterance_id=1_3293,0.00,,en,medium,medium,high,true,true,true,mustard_label
EAQ200122,MUStARD,all,1_3333,/root/autodl-tmp/data/datasets/mustard/utterances_final/1_3333.mp4,/root/autodl-tmp/data/datasets/mustard/utterances_final/1_3333.mp4,/root/autodl-tmp/data/datasets/mustard/sarcasm_data.json#utterance_id=1_3333,0.00,,en,medium,medium,high,true,true,false,
EAQ200123,MUStARD,all,1_3348,/root/autodl-tmp/data/datasets/mustard/utterances_final/1_3348.mp4,/root/autodl-tmp/data/datasets/mustard/utterances_final/1_3348.mp4,/root/autodl-tmp/data/datasets/mustard/sarcasm_data.json#utterance_id=1_3348,0.00,,en,medium,medium,high,true,true,false,
EAQ200124,MUStARD,all,1_3371,/root/autodl-tmp/data/datasets/mustard/utterances_final/1_3371.mp4,/root/autodl-tmp/data/datasets/mustard/utterances_final/1_3371.mp4,/root/autodl-tmp/data/datasets/mustard/sarcasm_data.json#utterance_id=1_3371,0.00,,en,medium,medium,high,true,true,false,
EAQ200125,MUStARD,all,1_340,/root/autodl-tmp/data/datasets/mustard/utterances_final/1_340.mp4,/root/autodl-tmp/data/datasets/mustard/utterances_final/1_340.mp4,/root/autodl-tmp/data/datasets/mustard/sarcasm_data.json#utterance_id=1_340,0.00,,en,medium,medium,high,true,true,true,mustard_label
EAQ200126,MUStARD,all,1_3419,/root/autodl-tmp/data/datasets/mustard/utterances_final/1_3419.mp4,/root/autodl-tmp/data/datasets/mustard/utterances_final/1_3419.mp4,/root/autodl-tmp/data/datasets/mustard/sarcasm_data.json#utterance_id=1_3419,0.00,,en,medium,medium,high,true,true,true,mustard_label
EAQ200127,MUStARD,all,1_3476,/root/autodl-tmp/data/datasets/mustard/utterances_final/1_3476.mp4,/root/autodl-tmp/data/datasets/mustard/utterances_final/1_3476.mp4,/root/autodl-tmp/data/datasets/mustard/sarcasm_data.json#utterance_id=1_3476,0.00,,en,medium,medium,high,true,true,false,
EAQ200128,MUStARD,all,1_3545,/root/autodl-tmp/data/datasets/mustard/utterances_final/1_3545.mp4,/root/autodl-tmp/data/datasets/mustard/utterances_final/1_3545.mp4,/root/autodl-tmp/data/datasets/mustard/sarcasm_data.json#utterance_id=1_3545,0.00,,en,medium,medium,high,true,true,true,mustard_label
EAQ200129,MUStARD,all,1_3573,/root/autodl-tmp/data/datasets/mustard/utterances_final/1_3573.mp4,/root/autodl-tmp/data/datasets/mustard/utterances_final/1_3573.mp4,/root/autodl-tmp/data/datasets/mustard/sarcasm_data.json#utterance_id=1_3573,0.00,,en,medium,medium,high,true,true,true,mustard_label
EAQ200130,MUStARD,all,1_3599,/root/autodl-tmp/data/datasets/mustard/utterances_final/1_3599.mp4,/root/autodl-tmp/data/datasets/mustard/utterances_final/1_3599.mp4,/root/autodl-tmp/data/datasets/mustard/sarcasm_data.json#utterance_id=1_3599,0.00,,en,medium,medium,high,true,true,false,
EAQ200131,MUStARD,all,1_3649,/root/autodl-tmp/data/datasets/mustard/utterances_final/1_3649.mp4,/root/autodl-tmp/data/datasets/mustard/utterances_final/1_3649.mp4,/root/autodl-tmp/data/datasets/mustard/sarcasm_data.json#utterance_id=1_3649,0.00,,en,medium,medium,high,true,true,false,
EAQ200132,MUStARD,all,1_3660,/root/autodl-tmp/data/datasets/mustard/utterances_final/1_3660.mp4,/root/autodl-tmp/data/datasets/mustard/utterances_final/1_3660.mp4,/root/autodl-tmp/data/datasets/mustard/sarcasm_data.json#utterance_id=1_3660,0.00,,en,medium,medium,high,true,true,true,mustard_label
EAQ200133,MUStARD,all,1_3707,/root/autodl-tmp/data/datasets/mustard/utterances_final/1_3707.mp4,/root/autodl-tmp/data/datasets/mustard/utterances_final/1_3707.mp4,/root/autodl-tmp/data/datasets/mustard/sarcasm_data.json#utterance_id=1_3707,0.00,,en,medium,medium,high,true,true,true,mustard_label
EAQ200134,MUStARD,all,1_3766,/root/autodl-tmp/data/datasets/mustard/utterances_final/1_3766.mp4,/root/autodl-tmp/data/datasets/mustard/utterances_final/1_3766.mp4,/root/autodl-tmp/data/datasets/mustard/sarcasm_data.json#utterance_id=1_3766,0.00,,en,medium,medium,high,true,true,true,mustard_label
EAQ200135,MUStARD,all,1_3837,/root/autodl-tmp/data/datasets/mustard/utterances_final/1_3837.mp4,/root/autodl-tmp/data/datasets/mustard/utterances_final/1_3837.mp4,/root/autodl-tmp/data/datasets/mustard/sarcasm_data.json#utterance_id=1_3837,0.00,,en,medium,medium,high,true,true,false,
EAQ200136,MUStARD,all,1_3840,/root/autodl-tmp/data/datasets/mustard/utterances_final/1_3840.mp4,/root/autodl-tmp/data/datasets/mustard/utterances_final/1_3840.mp4,/root/autodl-tmp/data/datasets/mustard/sarcasm_data.json#utterance_id=1_3840,0.00,,en,medium,medium,high,true,true,false,
EAQ200137,MUStARD,all,1_3842,/root/autodl-tmp/data/datasets/mustard/utterances_final/1_3842.mp4,/root/autodl-tmp/data/datasets/mustard/utterances_final/1_3842.mp4,/root/autodl-tmp/data/datasets/mustard/sarcasm_data.json#utterance_id=1_3842,0.00,,en,medium,medium,high,true,true,false,
EAQ200138,MUStARD,all,1_3911,/root/autodl-tmp/data/datasets/mustard/utterances_final/1_3911.mp4,/root/autodl-tmp/data/datasets/mustard/utterances_final/1_3911.mp4,/root/autodl-tmp/data/datasets/mustard/sarcasm_data.json#utterance_id=1_3911,0.00,,en,medium,medium,high,true,true,false,
EAQ200139,MUStARD,all,1_4031,/root/autodl-tmp/data/datasets/mustard/utterances_final/1_4031.mp4,/root/autodl-tmp/data/datasets/mustard/utterances_final/1_4031.mp4,/root/autodl-tmp/data/datasets/mustard/sarcasm_data.json#utterance_id=1_4031,0.00,,en,medium,medium,high,true,true,true,mustard_label
EAQ200140,MUStARD,all,1_410,/root/autodl-tmp/data/datasets/mustard/utterances_final/1_410.mp4,/root/autodl-tmp/data/datasets/mustard/utterances_final/1_410.mp4,/root/autodl-tmp/data/datasets/mustard/sarcasm_data.json#utterance_id=1_410,0.00,,en,medium,medium,high,true,true,false,
EAQ200141,MUStARD,all,1_4145,/root/autodl-tmp/data/datasets/mustard/utterances_final/1_4145.mp4,/root/autodl-tmp/data/datasets/mustard/utterances_final/1_4145.mp4,/root/autodl-tmp/data/datasets/mustard/sarcasm_data.json#utterance_id=1_4145,0.00,,en,medium,medium,high,true,true,true,mustard_label
EAQ200142,MUStARD,all,1_427,/root/autodl-tmp/data/datasets/mustard/utterances_final/1_427.mp4,/root/autodl-tmp/data/datasets/mustard/utterances_final/1_427.mp4,/root/autodl-tmp/data/datasets/mustard/sarcasm_data.json#utterance_id=1_427,0.00,,en,medium,medium,high,true,true,true,mustard_label
EAQ200143,MUStARD,all,1_4281,/root/autodl-tmp/data/datasets/mustard/utterances_final/1_4281.mp4,/root/autodl-tmp/data/datasets/mustard/utterances_final/1_4281.mp4,/root/autodl-tmp/data/datasets/mustard/sarcasm_data.json#utterance_id=1_4281,0.00,,en,medium,medium,high,true,true,false,
EAQ200144,MUStARD,all,1_4286,/root/autodl-tmp/data/datasets/mustard/utterances_final/1_4286.mp4,/root/autodl-tmp/data/datasets/mustard/utterances_final/1_4286.mp4,/root/autodl-tmp/data/datasets/mustard/sarcasm_data.json#utterance_id=1_4286,0.00,,en,medium,medium,high,true,true,false,
EAQ200145,MUStARD,all,1_4290,/root/autodl-tmp/data/datasets/mustard/utterances_final/1_4290.mp4,/root/autodl-tmp/data/datasets/mustard/utterances_final/1_4290.mp4,/root/autodl-tmp/data/datasets/mustard/sarcasm_data.json#utterance_id=1_4290,0.00,,en,medium,medium,high,true,true,false,
EAQ200146,MUStARD,all,1_430,/root/autodl-tmp/data/datasets/mustard/utterances_final/1_430.mp4,/root/autodl-tmp/data/datasets/mustard/utterances_final/1_430.mp4,/root/autodl-tmp/data/datasets/mustard/sarcasm_data.json#utterance_id=1_430,0.00,,en,medium,medium,high,true,true,false,
EAQ200147,MUStARD,all,1_4352,/root/autodl-tmp/data/datasets/mustard/utterances_final/1_4352.mp4,/root/autodl-tmp/data/datasets/mustard/utterances_final/1_4352.mp4,/root/autodl-tmp/data/datasets/mustard/sarcasm_data.json#utterance_id=1_4352,0.00,,en,medium,medium,high,true,true,false,
EAQ200148,MUStARD,all,1_4477,/root/autodl-tmp/data/datasets/mustard/utterances_final/1_4477.mp4,/root/autodl-tmp/data/datasets/mustard/utterances_final/1_4477.mp4,/root/autodl-tmp/data/datasets/mustard/sarcasm_data.json#utterance_id=1_4477,0.00,,en,medium,medium,high,true,true,false,
EAQ200149,MUStARD,all,1_4544,/root/autodl-tmp/data/datasets/mustard/utterances_final/1_4544.mp4,/root/autodl-tmp/data/datasets/mustard/utterances_final/1_4544.mp4,/root/autodl-tmp/data/datasets/mustard/sarcasm_data.json#utterance_id=1_4544,0.00,,en,medium,medium,high,true,true,false,
EAQ200150,MUStARD,all,1_4552,/root/autodl-tmp/data/datasets/mustard/utterances_final/1_4552.mp4,/root/autodl-tmp/data/datasets/mustard/utterances_final/1_4552.mp4,/root/autodl-tmp/data/datasets/mustard/sarcasm_data.json#utterance_id=1_4552,0.00,,en,medium,medium,high,true,true,false,
EAQ200151,MUStARD,all,1_4576,/root/autodl-tmp/data/datasets/mustard/utterances_final/1_4576.mp4,/root/autodl-tmp/data/datasets/mustard/utterances_final/1_4576.mp4,/root/autodl-tmp/data/datasets/mustard/sarcasm_data.json#utterance_id=1_4576,0.00,,en,medium,medium,high,true,true,false,
EAQ200152,MUStARD,all,1_4603,/root/autodl-tmp/data/datasets/mustard/utterances_final/1_4603.mp4,/root/autodl-tmp/data/datasets/mustard/utterances_final/1_4603.mp4,/root/autodl-tmp/data/datasets/mustard/sarcasm_data.json#utterance_id=1_4603,0.00,,en,medium,medium,high,true,true,false,
EAQ200153,MUStARD,all,1_4639,/root/autodl-tmp/data/datasets/mustard/utterances_final/1_4639.mp4,/root/autodl-tmp/data/datasets/mustard/utterances_final/1_4639.mp4,/root/autodl-tmp/data/datasets/mustard/sarcasm_data.json#utterance_id=1_4639,0.00,,en,medium,medium,high,true,true,false,
EAQ200154,MUStARD,all,1_467,/root/autodl-tmp/data/datasets/mustard/utterances_final/1_467.mp4,/root/autodl-tmp/data/datasets/mustard/utterances_final/1_467.mp4,/root/autodl-tmp/data/datasets/mustard/sarcasm_data.json#utterance_id=1_467,0.00,,en,medium,medium,high,true,true,false,
EAQ200155,MUStARD,all,1_4743,/root/autodl-tmp/data/datasets/mustard/utterances_final/1_4743.mp4,/root/autodl-tmp/data/datasets/mustard/utterances_final/1_4743.mp4,/root/autodl-tmp/data/datasets/mustard/sarcasm_data.json#utterance_id=1_4743,0.00,,en,medium,medium,high,true,true,true,mustard_label
EAQ200156,MUStARD,all,1_4760,/root/autodl-tmp/data/datasets/mustard/utterances_final/1_4760.mp4,/root/autodl-tmp/data/datasets/mustard/utterances_final/1_4760.mp4,/root/autodl-tmp/data/datasets/mustard/sarcasm_data.json#utterance_id=1_4760,0.00,,en,medium,medium,high,true,true,true,mustard_label
EAQ200157,MUStARD,all,1_4789,/root/autodl-tmp/data/datasets/mustard/utterances_final/1_4789.mp4,/root/autodl-tmp/data/datasets/mustard/utterances_final/1_4789.mp4,/root/autodl-tmp/data/datasets/mustard/sarcasm_data.json#utterance_id=1_4789,0.00,,en,medium,medium,high,true,true,true,mustard_label
EAQ200158,MUStARD,all,1_4792,/root/autodl-tmp/data/datasets/mustard/utterances_final/1_4792.mp4,/root/autodl-tmp/data/datasets/mustard/utterances_final/1_4792.mp4,/root/autodl-tmp/data/datasets/mustard/sarcasm_data.json#utterance_id=1_4792,0.00,,en,medium,medium,high,true,true,false,
EAQ200159,MUStARD,all,1_4850,/root/autodl-tmp/data/datasets/mustard/utterances_final/1_4850.mp4,/root/autodl-tmp/data/datasets/mustard/utterances_final/1_4850.mp4,/root/autodl-tmp/data/datasets/mustard/sarcasm_data.json#utterance_id=1_4850,0.00,,en,medium,medium,high,true,true,false,
EAQ200160,MUStARD,all,1_4949,/root/autodl-tmp/data/datasets/mustard/utterances_final/1_4949.mp4,/root/autodl-tmp/data/datasets/mustard/utterances_final/1_4949.mp4,/root/autodl-tmp/data/datasets/mustard/sarcasm_data.json#utterance_id=1_4949,0.00,,en,medium,medium,high,true,true,false,
EAQ200161,MUStARD,all,1_4967,/root/autodl-tmp/data/datasets/mustard/utterances_final/1_4967.mp4,/root/autodl-tmp/data/datasets/mustard/utterances_final/1_4967.mp4,/root/autodl-tmp/data/datasets/mustard/sarcasm_data.json#utterance_id=1_4967,0.00,,en,medium,medium,high,true,true,true,mustard_label
EAQ200162,MUStARD,all,1_4995,/root/autodl-tmp/data/datasets/mustard/utterances_final/1_4995.mp4,/root/autodl-tmp/data/datasets/mustard/utterances_final/1_4995.mp4,/root/autodl-tmp/data/datasets/mustard/sarcasm_data.json#utterance_id=1_4995,0.00,,en,medium,medium,high,true,true,true,mustard_label
EAQ200163,MUStARD,all,1_5058,/root/autodl-tmp/data/datasets/mustard/utterances_final/1_5058.mp4,/root/autodl-tmp/data/datasets/mustard/utterances_final/1_5058.mp4,/root/autodl-tmp/data/datasets/mustard/sarcasm_data.json#utterance_id=1_5058,0.00,,en,medium,medium,high,true,true,true,mustard_label
EAQ200164,MUStARD,all,1_506,/root/autodl-tmp/data/datasets/mustard/utterances_final/1_506.mp4,/root/autodl-tmp/data/datasets/mustard/utterances_final/1_506.mp4,/root/autodl-tmp/data/datasets/mustard/sarcasm_data.json#utterance_id=1_506,0.00,,en,medium,medium,high,true,true,false,
EAQ200165,MUStARD,all,1_507,/root/autodl-tmp/data/datasets/mustard/utterances_final/1_507.mp4,/root/autodl-tmp/data/datasets/mustard/utterances_final/1_507.mp4,/root/autodl-tmp/data/datasets/mustard/sarcasm_data.json#utterance_id=1_507,0.00,,en,medium,medium,high,true,true,true,mustard_label
EAQ200166,MUStARD,all,1_5109,/root/autodl-tmp/data/datasets/mustard/utterances_final/1_5109.mp4,/root/autodl-tmp/data/datasets/mustard/utterances_final/1_5109.mp4,/root/autodl-tmp/data/datasets/mustard/sarcasm_data.json#utterance_id=1_5109,0.00,,en,medium,medium,high,true,true,false,
EAQ200167,MUStARD,all,1_5134,/root/autodl-tmp/data/datasets/mustard/utterances_final/1_5134.mp4,/root/autodl-tmp/data/datasets/mustard/utterances_final/1_5134.mp4,/root/autodl-tmp/data/datasets/mustard/sarcasm_data.json#utterance_id=1_5134,0.00,,en,medium,medium,high,true,true,true,mustard_label
EAQ200168,MUStARD,all,1_5156,/root/autodl-tmp/data/datasets/mustard/utterances_final/1_5156.mp4,/root/autodl-tmp/data/datasets/mustard/utterances_final/1_5156.mp4,/root/autodl-tmp/data/datasets/mustard/sarcasm_data.json#utterance_id=1_5156,0.00,,en,medium,medium,high,true,true,true,mustard_label
EAQ200169,MUStARD,all,1_5166,/root/autodl-tmp/data/datasets/mustard/utterances_final/1_5166.mp4,/root/autodl-tmp/data/datasets/mustard/utterances_final/1_5166.mp4,/root/autodl-tmp/data/datasets/mustard/sarcasm_data.json#utterance_id=1_5166,0.00,,en,medium,medium,high,true,true,true,mustard_label
EAQ200170,MUStARD,all,1_5169,/root/autodl-tmp/data/datasets/mustard/utterances_final/1_5169.mp4,/root/autodl-tmp/data/datasets/mustard/utterances_final/1_5169.mp4,/root/autodl-tmp/data/datasets/mustard/sarcasm_data.json#utterance_id=1_5169,0.00,,en,medium,medium,high,true,true,false,
EAQ200171,MUStARD,all,1_5211,/root/autodl-tmp/data/datasets/mustard/utterances_final/1_5211.mp4,/root/autodl-tmp/data/datasets/mustard/utterances_final/1_5211.mp4,/root/autodl-tmp/data/datasets/mustard/sarcasm_data.json#utterance_id=1_5211,0.00,,en,medium,medium,high,true,true,true,mustard_label
EAQ200172,MUStARD,all,1_5212,/root/autodl-tmp/data/datasets/mustard/utterances_final/1_5212.mp4,/root/autodl-tmp/data/datasets/mustard/utterances_final/1_5212.mp4,/root/autodl-tmp/data/datasets/mustard/sarcasm_data.json#utterance_id=1_5212,0.00,,en,medium,medium,high,true,true,false,
EAQ200173,MUStARD,all,1_533,/root/autodl-tmp/data/datasets/mustard/utterances_final/1_533.mp4,/root/autodl-tmp/data/datasets/mustard/utterances_final/1_533.mp4,/root/autodl-tmp/data/datasets/mustard/sarcasm_data.json#utterance_id=1_533,0.00,,en,medium,medium,high,true,true,false,
EAQ200174,MUStARD,all,1_536,/root/autodl-tmp/data/datasets/mustard/utterances_final/1_536.mp4,/root/autodl-tmp/data/datasets/mustard/utterances_final/1_536.mp4,/root/autodl-tmp/data/datasets/mustard/sarcasm_data.json#utterance_id=1_536,0.00,,en,medium,medium,high,true,true,true,mustard_label
EAQ200175,MUStARD,all,1_537,/root/autodl-tmp/data/datasets/mustard/utterances_final/1_537.mp4,/root/autodl-tmp/data/datasets/mustard/utterances_final/1_537.mp4,/root/autodl-tmp/data/datasets/mustard/sarcasm_data.json#utterance_id=1_537,0.00,,en,medium,medium,high,true,true,true,mustard_label
EAQ200176,MUStARD,all,1_5496,/root/autodl-tmp/data/datasets/mustard/utterances_final/1_5496.mp4,/root/autodl-tmp/data/datasets/mustard/utterances_final/1_5496.mp4,/root/autodl-tmp/data/datasets/mustard/sarcasm_data.json#utterance_id=1_5496,0.00,,en,medium,medium,high,true,true,true,mustard_label
EAQ200177,MUStARD,all,1_5571,/root/autodl-tmp/data/datasets/mustard/utterances_final/1_5571.mp4,/root/autodl-tmp/data/datasets/mustard/utterances_final/1_5571.mp4,/root/autodl-tmp/data/datasets/mustard/sarcasm_data.json#utterance_id=1_5571,0.00,,en,medium,medium,high,true,true,true,mustard_label
EAQ200178,MUStARD,all,1_5572,/root/autodl-tmp/data/datasets/mustard/utterances_final/1_5572.mp4,/root/autodl-tmp/data/datasets/mustard/utterances_final/1_5572.mp4,/root/autodl-tmp/data/datasets/mustard/sarcasm_data.json#utterance_id=1_5572,0.00,,en,medium,medium,high,true,true,true,mustard_label
EAQ200179,MUStARD,all,1_5580,/root/autodl-tmp/data/datasets/mustard/utterances_final/1_5580.mp4,/root/autodl-tmp/data/datasets/mustard/utterances_final/1_5580.mp4,/root/autodl-tmp/data/datasets/mustard/sarcasm_data.json#utterance_id=1_5580,0.00,,en,medium,medium,high,true,true,true,mustard_label
EAQ200180,MUStARD,all,1_5581,/root/autodl-tmp/data/datasets/mustard/utterances_final/1_5581.mp4,/root/autodl-tmp/data/datasets/mustard/utterances_final/1_5581.mp4,/root/autodl-tmp/data/datasets/mustard/sarcasm_data.json#utterance_id=1_5581,0.00,,en,medium,medium,high,true,true,false,
EAQ200181,MUStARD,all,1_5617,/root/autodl-tmp/data/datasets/mustard/utterances_final/1_5617.mp4,/root/autodl-tmp/data/datasets/mustard/utterances_final/1_5617.mp4,/root/autodl-tmp/data/datasets/mustard/sarcasm_data.json#utterance_id=1_5617,0.00,,en,medium,medium,high,true,true,true,mustard_label
EAQ200182,MUStARD,all,1_5627,/root/autodl-tmp/data/datasets/mustard/utterances_final/1_5627.mp4,/root/autodl-tmp/data/datasets/mustard/utterances_final/1_5627.mp4,/root/autodl-tmp/data/datasets/mustard/sarcasm_data.json#utterance_id=1_5627,0.00,,en,medium,medium,high,true,true,true,mustard_label
EAQ200183,MUStARD,all,1_5679,/root/autodl-tmp/data/datasets/mustard/utterances_final/1_5679.mp4,/root/autodl-tmp/data/datasets/mustard/utterances_final/1_5679.mp4,/root/autodl-tmp/data/datasets/mustard/sarcasm_data.json#utterance_id=1_5679,0.00,,en,medium,medium,high,true,true,true,mustard_label
EAQ200184,MUStARD,all,1_5699,/root/autodl-tmp/data/datasets/mustard/utterances_final/1_5699.mp4,/root/autodl-tmp/data/datasets/mustard/utterances_final/1_5699.mp4,/root/autodl-tmp/data/datasets/mustard/sarcasm_data.json#utterance_id=1_5699,0.00,,en,medium,medium,high,true,true,true,mustard_label
EAQ200185,MUStARD,all,1_5751,/root/autodl-tmp/data/datasets/mustard/utterances_final/1_5751.mp4,/root/autodl-tmp/data/datasets/mustard/utterances_final/1_5751.mp4,/root/autodl-tmp/data/datasets/mustard/sarcasm_data.json#utterance_id=1_5751,0.00,,en,medium,medium,high,true,true,false,
EAQ200186,MUStARD,all,1_5758,/root/autodl-tmp/data/datasets/mustard/utterances_final/1_5758.mp4,/root/autodl-tmp/data/datasets/mustard/utterances_final/1_5758.mp4,/root/autodl-tmp/data/datasets/mustard/sarcasm_data.json#utterance_id=1_5758,0.00,,en,medium,medium,high,true,true,true,mustard_label
EAQ200187,MUStARD,all,1_5786,/root/autodl-tmp/data/datasets/mustard/utterances_final/1_5786.mp4,/root/autodl-tmp/data/datasets/mustard/utterances_final/1_5786.mp4,/root/autodl-tmp/data/datasets/mustard/sarcasm_data.json#utterance_id=1_5786,0.00,,en,medium,medium,high,true,true,false,
EAQ200188,MUStARD,all,1_5880,/root/autodl-tmp/data/datasets/mustard/utterances_final/1_5880.mp4,/root/autodl-tmp/data/datasets/mustard/utterances_final/1_5880.mp4,/root/autodl-tmp/data/datasets/mustard/sarcasm_data.json#utterance_id=1_5880,0.00,,en,medium,medium,high,true,true,true,mustard_label
EAQ200189,MUStARD,all,1_5919,/root/autodl-tmp/data/datasets/mustard/utterances_final/1_5919.mp4,/root/autodl-tmp/data/datasets/mustard/utterances_final/1_5919.mp4,/root/autodl-tmp/data/datasets/mustard/sarcasm_data.json#utterance_id=1_5919,0.00,,en,medium,medium,high,true,true,false,
EAQ200190,MUStARD,all,1_5953,/root/autodl-tmp/data/datasets/mustard/utterances_final/1_5953.mp4,/root/autodl-tmp/data/datasets/mustard/utterances_final/1_5953.mp4,/root/autodl-tmp/data/datasets/mustard/sarcasm_data.json#utterance_id=1_5953,0.00,,en,medium,medium,high,true,true,false,
EAQ200191,MUStARD,all,1_5964,/root/autodl-tmp/data/datasets/mustard/utterances_final/1_5964.mp4,/root/autodl-tmp/data/datasets/mustard/utterances_final/1_5964.mp4,/root/autodl-tmp/data/datasets/mustard/sarcasm_data.json#utterance_id=1_5964,0.00,,en,medium,medium,high,true,true,true,mustard_label
EAQ200192,MUStARD,all,1_60,/root/autodl-tmp/data/datasets/mustard/utterances_final/1_60.mp4,/root/autodl-tmp/data/datasets/mustard/utterances_final/1_60.mp4,/root/autodl-tmp/data/datasets/mustard/sarcasm_data.json#utterance_id=1_60,0.00,,en,medium,medium,high,true,true,true,mustard_label
EAQ200193,MUStARD,all,1_6020,/root/autodl-tmp/data/datasets/mustard/utterances_final/1_6020.mp4,/root/autodl-tmp/data/datasets/mustard/utterances_final/1_6020.mp4,/root/autodl-tmp/data/datasets/mustard/sarcasm_data.json#utterance_id=1_6020,0.00,,en,medium,medium,high,true,true,true,mustard_label
EAQ200194,MUStARD,all,1_6032,/root/autodl-tmp/data/datasets/mustard/utterances_final/1_6032.mp4,/root/autodl-tmp/data/datasets/mustard/utterances_final/1_6032.mp4,/root/autodl-tmp/data/datasets/mustard/sarcasm_data.json#utterance_id=1_6032,0.00,,en,medium,medium,high,true,true,true,mustard_label
EAQ200195,MUStARD,all,1_6039,/root/autodl-tmp/data/datasets/mustard/utterances_final/1_6039.mp4,/root/autodl-tmp/data/datasets/mustard/utterances_final/1_6039.mp4,/root/autodl-tmp/data/datasets/mustard/sarcasm_data.json#utterance_id=1_6039,0.00,,en,medium,medium,high,true,true,false,
EAQ200196,MUStARD,all,1_6065,/root/autodl-tmp/data/datasets/mustard/utterances_final/1_6065.mp4,/root/autodl-tmp/data/datasets/mustard/utterances_final/1_6065.mp4,/root/autodl-tmp/data/datasets/mustard/sarcasm_data.json#utterance_id=1_6065,0.00,,en,medium,medium,high,true,true,true,mustard_label
EAQ200197,MUStARD,all,1_6092,/root/autodl-tmp/data/datasets/mustard/utterances_final/1_6092.mp4,/root/autodl-tmp/data/datasets/mustard/utterances_final/1_6092.mp4,/root/autodl-tmp/data/datasets/mustard/sarcasm_data.json#utterance_id=1_6092,0.00,,en,medium,medium,high,true,true,false,
EAQ200198,MUStARD,all,1_6113,/root/autodl-tmp/data/datasets/mustard/utterances_final/1_6113.mp4,/root/autodl-tmp/data/datasets/mustard/utterances_final/1_6113.mp4,/root/autodl-tmp/data/datasets/mustard/sarcasm_data.json#utterance_id=1_6113,0.00,,en,medium,medium,high,true,true,false,
EAQ200199,MUStARD,all,1_6134,/root/autodl-tmp/data/datasets/mustard/utterances_final/1_6134.mp4,/root/autodl-tmp/data/datasets/mustard/utterances_final/1_6134.mp4,/root/autodl-tmp/data/datasets/mustard/sarcasm_data.json#utterance_id=1_6134,0.00,,en,medium,medium,high,true,true,true,mustard_label
EAQ200200,MUStARD,all,1_6165,/root/autodl-tmp/data/datasets/mustard/utterances_final/1_6165.mp4,/root/autodl-tmp/data/datasets/mustard/utterances_final/1_6165.mp4,/root/autodl-tmp/data/datasets/mustard/sarcasm_data.json#utterance_id=1_6165,0.00,,en,medium,medium,high,true,true,true,mustard_label
EAQ200201,MUStARD,all,1_6183,/root/autodl-tmp/data/datasets/mustard/utterances_final/1_6183.mp4,/root/autodl-tmp/data/datasets/mustard/utterances_final/1_6183.mp4,/root/autodl-tmp/data/datasets/mustard/sarcasm_data.json#utterance_id=1_6183,0.00,,en,medium,medium,high,true,true,false,
EAQ200202,MUStARD,all,1_6188,/root/autodl-tmp/data/datasets/mustard/utterances_final/1_6188.mp4,/root/autodl-tmp/data/datasets/mustard/utterances_final/1_6188.mp4,/root/autodl-tmp/data/datasets/mustard/sarcasm_data.json#utterance_id=1_6188,0.00,,en,medium,medium,high,true,true,true,mustard_label
EAQ200203,MUStARD,all,1_6211,/root/autodl-tmp/data/datasets/mustard/utterances_final/1_6211.mp4,/root/autodl-tmp/data/datasets/mustard/utterances_final/1_6211.mp4,/root/autodl-tmp/data/datasets/mustard/sarcasm_data.json#utterance_id=1_6211,0.00,,en,medium,medium,high,true,true,false,
EAQ200204,MUStARD,all,1_6221,/root/autodl-tmp/data/datasets/mustard/utterances_final/1_6221.mp4,/root/autodl-tmp/data/datasets/mustard/utterances_final/1_6221.mp4,/root/autodl-tmp/data/datasets/mustard/sarcasm_data.json#utterance_id=1_6221,0.00,,en,medium,medium,high,true,true,true,mustard_label
EAQ200205,MUStARD,all,1_6355,/root/autodl-tmp/data/datasets/mustard/utterances_final/1_6355.mp4,/root/autodl-tmp/data/datasets/mustard/utterances_final/1_6355.mp4,/root/autodl-tmp/data/datasets/mustard/sarcasm_data.json#utterance_id=1_6355,0.00,,en,medium,medium,high,true,true,true,mustard_label
EAQ200206,MUStARD,all,1_6370,/root/autodl-tmp/data/datasets/mustard/utterances_final/1_6370.mp4,/root/autodl-tmp/data/datasets/mustard/utterances_final/1_6370.mp4,/root/autodl-tmp/data/datasets/mustard/sarcasm_data.json#utterance_id=1_6370,0.00,,en,medium,medium,high,true,true,true,mustard_label
EAQ200207,MUStARD,all,1_6426,/root/autodl-tmp/data/datasets/mustard/utterances_final/1_6426.mp4,/root/autodl-tmp/data/datasets/mustard/utterances_final/1_6426.mp4,/root/autodl-tmp/data/datasets/mustard/sarcasm_data.json#utterance_id=1_6426,0.00,,en,medium,medium,high,true,true,true,mustard_label
EAQ200208,MUStARD,all,1_6427,/root/autodl-tmp/data/datasets/mustard/utterances_final/1_6427.mp4,/root/autodl-tmp/data/datasets/mustard/utterances_final/1_6427.mp4,/root/autodl-tmp/data/datasets/mustard/sarcasm_data.json#utterance_id=1_6427,0.00,,en,medium,medium,high,true,true,true,mustard_label
EAQ200209,MUStARD,all,1_6428,/root/autodl-tmp/data/datasets/mustard/utterances_final/1_6428.mp4,/root/autodl-tmp/data/datasets/mustard/utterances_final/1_6428.mp4,/root/autodl-tmp/data/datasets/mustard/sarcasm_data.json#utterance_id=1_6428,0.00,,en,medium,medium,high,true,true,true,mustard_label
EAQ200210,MUStARD,all,1_6472,/root/autodl-tmp/data/datasets/mustard/utterances_final/1_6472.mp4,/root/autodl-tmp/data/datasets/mustard/utterances_final/1_6472.mp4,/root/autodl-tmp/data/datasets/mustard/sarcasm_data.json#utterance_id=1_6472,0.00,,en,medium,medium,high,true,true,true,mustard_label
EAQ200211,MUStARD,all,1_6504,/root/autodl-tmp/data/datasets/mustard/utterances_final/1_6504.mp4,/root/autodl-tmp/data/datasets/mustard/utterances_final/1_6504.mp4,/root/autodl-tmp/data/datasets/mustard/sarcasm_data.json#utterance_id=1_6504,0.00,,en,medium,medium,high,true,true,true,mustard_label
EAQ200212,MUStARD,all,1_6534,/root/autodl-tmp/data/datasets/mustard/utterances_final/1_6534.mp4,/root/autodl-tmp/data/datasets/mustard/utterances_final/1_6534.mp4,/root/autodl-tmp/data/datasets/mustard/sarcasm_data.json#utterance_id=1_6534,0.00,,en,medium,medium,high,true,true,false,
EAQ200213,MUStARD,all,1_6627,/root/autodl-tmp/data/datasets/mustard/utterances_final/1_6627.mp4,/root/autodl-tmp/data/datasets/mustard/utterances_final/1_6627.mp4,/root/autodl-tmp/data/datasets/mustard/sarcasm_data.json#utterance_id=1_6627,0.00,,en,medium,medium,high,true,true,false,
EAQ200214,MUStARD,all,1_6645,/root/autodl-tmp/data/datasets/mustard/utterances_final/1_6645.mp4,/root/autodl-tmp/data/datasets/mustard/utterances_final/1_6645.mp4,/root/autodl-tmp/data/datasets/mustard/sarcasm_data.json#utterance_id=1_6645,0.00,,en,medium,medium,high,true,true,false,
EAQ200215,MUStARD,all,1_6648,/root/autodl-tmp/data/datasets/mustard/utterances_final/1_6648.mp4,/root/autodl-tmp/data/datasets/mustard/utterances_final/1_6648.mp4,/root/autodl-tmp/data/datasets/mustard/sarcasm_data.json#utterance_id=1_6648,0.00,,en,medium,medium,high,true,true,true,mustard_label
EAQ200216,MUStARD,all,1_6683,/root/autodl-tmp/data/datasets/mustard/utterances_final/1_6683.mp4,/root/autodl-tmp/data/datasets/mustard/utterances_final/1_6683.mp4,/root/autodl-tmp/data/datasets/mustard/sarcasm_data.json#utterance_id=1_6683,0.00,,en,medium,medium,high,true,true,true,mustard_label
EAQ200217,MUStARD,all,1_672,/root/autodl-tmp/data/datasets/mustard/utterances_final/1_672.mp4,/root/autodl-tmp/data/datasets/mustard/utterances_final/1_672.mp4,/root/autodl-tmp/data/datasets/mustard/sarcasm_data.json#utterance_id=1_672,0.00,,en,medium,medium,high,true,true,false,
EAQ200218,MUStARD,all,1_6766,/root/autodl-tmp/data/datasets/mustard/utterances_final/1_6766.mp4,/root/autodl-tmp/data/datasets/mustard/utterances_final/1_6766.mp4,/root/autodl-tmp/data/datasets/mustard/sarcasm_data.json#utterance_id=1_6766,0.00,,en,medium,medium,high,true,true,false,
EAQ200219,MUStARD,all,1_6769,/root/autodl-tmp/data/datasets/mustard/utterances_final/1_6769.mp4,/root/autodl-tmp/data/datasets/mustard/utterances_final/1_6769.mp4,/root/autodl-tmp/data/datasets/mustard/sarcasm_data.json#utterance_id=1_6769,0.00,,en,medium,medium,high,true,true,true,mustard_label
EAQ200220,MUStARD,all,1_6835,/root/autodl-tmp/data/datasets/mustard/utterances_final/1_6835.mp4,/root/autodl-tmp/data/datasets/mustard/utterances_final/1_6835.mp4,/root/autodl-tmp/data/datasets/mustard/sarcasm_data.json#utterance_id=1_6835,0.00,,en,medium,medium,high,true,true,false,
EAQ200221,MUStARD,all,1_6860,/root/autodl-tmp/data/datasets/mustard/utterances_final/1_6860.mp4,/root/autodl-tmp/data/datasets/mustard/utterances_final/1_6860.mp4,/root/autodl-tmp/data/datasets/mustard/sarcasm_data.json#utterance_id=1_6860,0.00,,en,medium,medium,high,true,true,false,
EAQ200222,MUStARD,all,1_70,/root/autodl-tmp/data/datasets/mustard/utterances_final/1_70.mp4,/root/autodl-tmp/data/datasets/mustard/utterances_final/1_70.mp4,/root/autodl-tmp/data/datasets/mustard/sarcasm_data.json#utterance_id=1_70,0.00,,en,medium,medium,high,true,true,true,mustard_label
EAQ200223,MUStARD,all,1_7047,/root/autodl-tmp/data/datasets/mustard/utterances_final/1_7047.mp4,/root/autodl-tmp/data/datasets/mustard/utterances_final/1_7047.mp4,/root/autodl-tmp/data/datasets/mustard/sarcasm_data.json#utterance_id=1_7047,0.00,,en,medium,medium,high,true,true,true,mustard_label
EAQ200224,MUStARD,all,1_7082,/root/autodl-tmp/data/datasets/mustard/utterances_final/1_7082.mp4,/root/autodl-tmp/data/datasets/mustard/utterances_final/1_7082.mp4,/root/autodl-tmp/data/datasets/mustard/sarcasm_data.json#utterance_id=1_7082,0.00,,en,medium,medium,high,true,true,false,
EAQ200225,MUStARD,all,1_7089,/root/autodl-tmp/data/datasets/mustard/utterances_final/1_7089.mp4,/root/autodl-tmp/data/datasets/mustard/utterances_final/1_7089.mp4,/root/autodl-tmp/data/datasets/mustard/sarcasm_data.json#utterance_id=1_7089,0.00,,en,medium,medium,high,true,true,true,mustard_label
EAQ200226,MUStARD,all,1_7186,/root/autodl-tmp/data/datasets/mustard/utterances_final/1_7186.mp4,/root/autodl-tmp/data/datasets/mustard/utterances_final/1_7186.mp4,/root/autodl-tmp/data/datasets/mustard/sarcasm_data.json#utterance_id=1_7186,0.00,,en,medium,medium,high,true,true,false,
EAQ200227,MUStARD,all,1_7281,/root/autodl-tmp/data/datasets/mustard/utterances_final/1_7281.mp4,/root/autodl-tmp/data/datasets/mustard/utterances_final/1_7281.mp4,/root/autodl-tmp/data/datasets/mustard/sarcasm_data.json#utterance_id=1_7281,0.00,,en,medium,medium,high,true,true,true,mustard_label
EAQ200228,MUStARD,all,1_7341,/root/autodl-tmp/data/datasets/mustard/utterances_final/1_7341.mp4,/root/autodl-tmp/data/datasets/mustard/utterances_final/1_7341.mp4,/root/autodl-tmp/data/datasets/mustard/sarcasm_data.json#utterance_id=1_7341,0.00,,en,medium,medium,high,true,true,false,
EAQ200229,MUStARD,all,1_7357,/root/autodl-tmp/data/datasets/mustard/utterances_final/1_7357.mp4,/root/autodl-tmp/data/datasets/mustard/utterances_final/1_7357.mp4,/root/autodl-tmp/data/datasets/mustard/sarcasm_data.json#utterance_id=1_7357,0.00,,en,medium,medium,high,true,true,true,mustard_label
EAQ200230,MUStARD,all,1_7395,/root/autodl-tmp/data/datasets/mustard/utterances_final/1_7395.mp4,/root/autodl-tmp/data/datasets/mustard/utterances_final/1_7395.mp4,/root/autodl-tmp/data/datasets/mustard/sarcasm_data.json#utterance_id=1_7395,0.00,,en,medium,medium,high,true,true,true,mustard_label
EAQ200231,MUStARD,all,1_7400,/root/autodl-tmp/data/datasets/mustard/utterances_final/1_7400.mp4,/root/autodl-tmp/data/datasets/mustard/utterances_final/1_7400.mp4,/root/autodl-tmp/data/datasets/mustard/sarcasm_data.json#utterance_id=1_7400,0.00,,en,medium,medium,high,true,true,false,
EAQ200232,MUStARD,all,1_7402,/root/autodl-tmp/data/datasets/mustard/utterances_final/1_7402.mp4,/root/autodl-tmp/data/datasets/mustard/utterances_final/1_7402.mp4,/root/autodl-tmp/data/datasets/mustard/sarcasm_data.json#utterance_id=1_7402,0.00,,en,medium,medium,high,true,true,true,mustard_label
EAQ200233,MUStARD,all,1_7442,/root/autodl-tmp/data/datasets/mustard/utterances_final/1_7442.mp4,/root/autodl-tmp/data/datasets/mustard/utterances_final/1_7442.mp4,/root/autodl-tmp/data/datasets/mustard/sarcasm_data.json#utterance_id=1_7442,0.00,,en,medium,medium,high,true,true,false,
EAQ200234,MUStARD,all,1_7443,/root/autodl-tmp/data/datasets/mustard/utterances_final/1_7443.mp4,/root/autodl-tmp/data/datasets/mustard/utterances_final/1_7443.mp4,/root/autodl-tmp/data/datasets/mustard/sarcasm_data.json#utterance_id=1_7443,0.00,,en,medium,medium,high,true,true,false,
EAQ200235,MUStARD,all,1_7445,/root/autodl-tmp/data/datasets/mustard/utterances_final/1_7445.mp4,/root/autodl-tmp/data/datasets/mustard/utterances_final/1_7445.mp4,/root/autodl-tmp/data/datasets/mustard/sarcasm_data.json#utterance_id=1_7445,0.00,,en,medium,medium,high,true,true,false,
EAQ200236,MUStARD,all,1_7449,/root/autodl-tmp/data/datasets/mustard/utterances_final/1_7449.mp4,/root/autodl-tmp/data/datasets/mustard/utterances_final/1_7449.mp4,/root/autodl-tmp/data/datasets/mustard/sarcasm_data.json#utterance_id=1_7449,0.00,,en,medium,medium,high,true,true,false,
EAQ200237,MUStARD,all,1_7487,/root/autodl-tmp/data/datasets/mustard/utterances_final/1_7487.mp4,/root/autodl-tmp/data/datasets/mustard/utterances_final/1_7487.mp4,/root/autodl-tmp/data/datasets/mustard/sarcasm_data.json#utterance_id=1_7487,0.00,,en,medium,medium,high,true,true,false,
EAQ200238,MUStARD,all,1_7490,/root/autodl-tmp/data/datasets/mustard/utterances_final/1_7490.mp4,/root/autodl-tmp/data/datasets/mustard/utterances_final/1_7490.mp4,/root/autodl-tmp/data/datasets/mustard/sarcasm_data.json#utterance_id=1_7490,0.00,,en,medium,medium,high,true,true,false,
EAQ200239,MUStARD,all,1_7494,/root/autodl-tmp/data/datasets/mustard/utterances_final/1_7494.mp4,/root/autodl-tmp/data/datasets/mustard/utterances_final/1_7494.mp4,/root/autodl-tmp/data/datasets/mustard/sarcasm_data.json#utterance_id=1_7494,0.00,,en,medium,medium,high,true,true,false,
EAQ200240,MUStARD,all,1_7504,/root/autodl-tmp/data/datasets/mustard/utterances_final/1_7504.mp4,/root/autodl-tmp/data/datasets/mustard/utterances_final/1_7504.mp4,/root/autodl-tmp/data/datasets/mustard/sarcasm_data.json#utterance_id=1_7504,0.00,,en,medium,medium,high,true,true,false,
EAQ200241,MUStARD,all,1_7575,/root/autodl-tmp/data/datasets/mustard/utterances_final/1_7575.mp4,/root/autodl-tmp/data/datasets/mustard/utterances_final/1_7575.mp4,/root/autodl-tmp/data/datasets/mustard/sarcasm_data.json#utterance_id=1_7575,0.00,,en,medium,medium,high,true,true,true,mustard_label
EAQ200242,MUStARD,all,1_7593,/root/autodl-tmp/data/datasets/mustard/utterances_final/1_7593.mp4,/root/autodl-tmp/data/datasets/mustard/utterances_final/1_7593.mp4,/root/autodl-tmp/data/datasets/mustard/sarcasm_data.json#utterance_id=1_7593,0.00,,en,medium,medium,high,true,true,false,
EAQ200243,MUStARD,all,1_7641,/root/autodl-tmp/data/datasets/mustard/utterances_final/1_7641.mp4,/root/autodl-tmp/data/datasets/mustard/utterances_final/1_7641.mp4,/root/autodl-tmp/data/datasets/mustard/sarcasm_data.json#utterance_id=1_7641,0.00,,en,medium,medium,high,true,true,false,
EAQ200244,MUStARD,all,1_7661,/root/autodl-tmp/data/datasets/mustard/utterances_final/1_7661.mp4,/root/autodl-tmp/data/datasets/mustard/utterances_final/1_7661.mp4,/root/autodl-tmp/data/datasets/mustard/sarcasm_data.json#utterance_id=1_7661,0.00,,en,medium,medium,high,true,true,false,
EAQ200245,MUStARD,all,1_7675,/root/autodl-tmp/data/datasets/mustard/utterances_final/1_7675.mp4,/root/autodl-tmp/data/datasets/mustard/utterances_final/1_7675.mp4,/root/autodl-tmp/data/datasets/mustard/sarcasm_data.json#utterance_id=1_7675,0.00,,en,medium,medium,high,true,true,false,
EAQ200246,MUStARD,all,1_7722,/root/autodl-tmp/data/datasets/mustard/utterances_final/1_7722.mp4,/root/autodl-tmp/data/datasets/mustard/utterances_final/1_7722.mp4,/root/autodl-tmp/data/datasets/mustard/sarcasm_data.json#utterance_id=1_7722,0.00,,en,medium,medium,high,true,true,true,mustard_label
EAQ200247,MUStARD,all,1_7894,/root/autodl-tmp/data/datasets/mustard/utterances_final/1_7894.mp4,/root/autodl-tmp/data/datasets/mustard/utterances_final/1_7894.mp4,/root/autodl-tmp/data/datasets/mustard/sarcasm_data.json#utterance_id=1_7894,0.00,,en,medium,medium,high,true,true,false,
EAQ200248,MUStARD,all,1_7938,/root/autodl-tmp/data/datasets/mustard/utterances_final/1_7938.mp4,/root/autodl-tmp/data/datasets/mustard/utterances_final/1_7938.mp4,/root/autodl-tmp/data/datasets/mustard/sarcasm_data.json#utterance_id=1_7938,0.00,,en,medium,medium,high,true,true,false,
EAQ200249,MUStARD,all,1_7953,/root/autodl-tmp/data/datasets/mustard/utterances_final/1_7953.mp4,/root/autodl-tmp/data/datasets/mustard/utterances_final/1_7953.mp4,/root/autodl-tmp/data/datasets/mustard/sarcasm_data.json#utterance_id=1_7953,0.00,,en,medium,medium,high,true,true,true,mustard_label
EAQ200250,MUStARD,all,1_80,/root/autodl-tmp/data/datasets/mustard/utterances_final/1_80.mp4,/root/autodl-tmp/data/datasets/mustard/utterances_final/1_80.mp4,/root/autodl-tmp/data/datasets/mustard/sarcasm_data.json#utterance_id=1_80,0.00,,en,medium,medium,high,true,true,false,
EAQ200251,MUStARD,all,1_8042,/root/autodl-tmp/data/datasets/mustard/utterances_final/1_8042.mp4,/root/autodl-tmp/data/datasets/mustard/utterances_final/1_8042.mp4,/root/autodl-tmp/data/datasets/mustard/sarcasm_data.json#utterance_id=1_8042,0.00,,en,medium,medium,high,true,true,false,
EAQ200252,MUStARD,all,1_8045,/root/autodl-tmp/data/datasets/mustard/utterances_final/1_8045.mp4,/root/autodl-tmp/data/datasets/mustard/utterances_final/1_8045.mp4,/root/autodl-tmp/data/datasets/mustard/sarcasm_data.json#utterance_id=1_8045,0.00,,en,medium,medium,high,true,true,true,mustard_label
EAQ200253,MUStARD,all,1_8052,/root/autodl-tmp/data/datasets/mustard/utterances_final/1_8052.mp4,/root/autodl-tmp/data/datasets/mustard/utterances_final/1_8052.mp4,/root/autodl-tmp/data/datasets/mustard/sarcasm_data.json#utterance_id=1_8052,0.00,,en,medium,medium,high,true,true,true,mustard_label
EAQ200254,MUStARD,all,1_8078,/root/autodl-tmp/data/datasets/mustard/utterances_final/1_8078.mp4,/root/autodl-tmp/data/datasets/mustard/utterances_final/1_8078.mp4,/root/autodl-tmp/data/datasets/mustard/sarcasm_data.json#utterance_id=1_8078,0.00,,en,medium,medium,high,true,true,false,
EAQ200255,MUStARD,all,1_8136,/root/autodl-tmp/data/datasets/mustard/utterances_final/1_8136.mp4,/root/autodl-tmp/data/datasets/mustard/utterances_final/1_8136.mp4,/root/autodl-tmp/data/datasets/mustard/sarcasm_data.json#utterance_id=1_8136,0.00,,en,medium,medium,high,true,true,true,mustard_label
EAQ200256,MUStARD,all,1_8159,/root/autodl-tmp/data/datasets/mustard/utterances_final/1_8159.mp4,/root/autodl-tmp/data/datasets/mustard/utterances_final/1_8159.mp4,/root/autodl-tmp/data/datasets/mustard/sarcasm_data.json#utterance_id=1_8159,0.00,,en,medium,medium,high,true,true,false,
EAQ200257,MUStARD,all,1_8185,/root/autodl-tmp/data/datasets/mustard/utterances_final/1_8185.mp4,/root/autodl-tmp/data/datasets/mustard/utterances_final/1_8185.mp4,/root/autodl-tmp/data/datasets/mustard/sarcasm_data.json#utterance_id=1_8185,0.00,,en,medium,medium,high,true,true,false,
EAQ200258,MUStARD,all,1_8217,/root/autodl-tmp/data/datasets/mustard/utterances_final/1_8217.mp4,/root/autodl-tmp/data/datasets/mustard/utterances_final/1_8217.mp4,/root/autodl-tmp/data/datasets/mustard/sarcasm_data.json#utterance_id=1_8217,0.00,,en,medium,medium,high,true,true,false,
EAQ200259,MUStARD,all,1_8407,/root/autodl-tmp/data/datasets/mustard/utterances_final/1_8407.mp4,/root/autodl-tmp/data/datasets/mustard/utterances_final/1_8407.mp4,/root/autodl-tmp/data/datasets/mustard/sarcasm_data.json#utterance_id=1_8407,0.00,,en,medium,medium,high,true,true,true,mustard_label
EAQ200260,MUStARD,all,1_8417,/root/autodl-tmp/data/datasets/mustard/utterances_final/1_8417.mp4,/root/autodl-tmp/data/datasets/mustard/utterances_final/1_8417.mp4,/root/autodl-tmp/data/datasets/mustard/sarcasm_data.json#utterance_id=1_8417,0.00,,en,medium,medium,high,true,true,false,
EAQ200261,MUStARD,all,1_8452,/root/autodl-tmp/data/datasets/mustard/utterances_final/1_8452.mp4,/root/autodl-tmp/data/datasets/mustard/utterances_final/1_8452.mp4,/root/autodl-tmp/data/datasets/mustard/sarcasm_data.json#utterance_id=1_8452,0.00,,en,medium,medium,high,true,true,true,mustard_label
EAQ200262,MUStARD,all,1_8505,/root/autodl-tmp/data/datasets/mustard/utterances_final/1_8505.mp4,/root/autodl-tmp/data/datasets/mustard/utterances_final/1_8505.mp4,/root/autodl-tmp/data/datasets/mustard/sarcasm_data.json#utterance_id=1_8505,0.00,,en,medium,medium,high,true,true,false,
EAQ200263,MUStARD,all,1_8717,/root/autodl-tmp/data/datasets/mustard/utterances_final/1_8717.mp4,/root/autodl-tmp/data/datasets/mustard/utterances_final/1_8717.mp4,/root/autodl-tmp/data/datasets/mustard/sarcasm_data.json#utterance_id=1_8717,0.00,,en,medium,medium,high,true,true,true,mustard_label
EAQ200264,MUStARD,all,1_8746,/root/autodl-tmp/data/datasets/mustard/utterances_final/1_8746.mp4,/root/autodl-tmp/data/datasets/mustard/utterances_final/1_8746.mp4,/root/autodl-tmp/data/datasets/mustard/sarcasm_data.json#utterance_id=1_8746,0.00,,en,medium,medium,high,true,true,true,mustard_label
EAQ200265,MUStARD,all,1_8749,/root/autodl-tmp/data/datasets/mustard/utterances_final/1_8749.mp4,/root/autodl-tmp/data/datasets/mustard/utterances_final/1_8749.mp4,/root/autodl-tmp/data/datasets/mustard/sarcasm_data.json#utterance_id=1_8749,0.00,,en,medium,medium,high,true,true,true,mustard_label
EAQ200266,MUStARD,all,1_8827,/root/autodl-tmp/data/datasets/mustard/utterances_final/1_8827.mp4,/root/autodl-tmp/data/datasets/mustard/utterances_final/1_8827.mp4,/root/autodl-tmp/data/datasets/mustard/sarcasm_data.json#utterance_id=1_8827,0.00,,en,medium,medium,high,true,true,true,mustard_label
EAQ200267,MUStARD,all,1_8837,/root/autodl-tmp/data/datasets/mustard/utterances_final/1_8837.mp4,/root/autodl-tmp/data/datasets/mustard/utterances_final/1_8837.mp4,/root/autodl-tmp/data/datasets/mustard/sarcasm_data.json#utterance_id=1_8837,0.00,,en,medium,medium,high,true,true,false,
EAQ200268,MUStARD,all,1_90,/root/autodl-tmp/data/datasets/mustard/utterances_final/1_90.mp4,/root/autodl-tmp/data/datasets/mustard/utterances_final/1_90.mp4,/root/autodl-tmp/data/datasets/mustard/sarcasm_data.json#utterance_id=1_90,0.00,,en,medium,medium,high,true,true,false,
EAQ200269,MUStARD,all,1_9003,/root/autodl-tmp/data/datasets/mustard/utterances_final/1_9003.mp4,/root/autodl-tmp/data/datasets/mustard/utterances_final/1_9003.mp4,/root/autodl-tmp/data/datasets/mustard/sarcasm_data.json#utterance_id=1_9003,0.00,,en,medium,medium,high,true,true,false,
EAQ200270,MUStARD,all,1_9009,/root/autodl-tmp/data/datasets/mustard/utterances_final/1_9009.mp4,/root/autodl-tmp/data/datasets/mustard/utterances_final/1_9009.mp4,/root/autodl-tmp/data/datasets/mustard/sarcasm_data.json#utterance_id=1_9009,0.00,,en,medium,medium,high,true,true,false,
EAQ200271,MUStARD,all,1_9087,/root/autodl-tmp/data/datasets/mustard/utterances_final/1_9087.mp4,/root/autodl-tmp/data/datasets/mustard/utterances_final/1_9087.mp4,/root/autodl-tmp/data/datasets/mustard/sarcasm_data.json#utterance_id=1_9087,0.00,,en,medium,medium,high,true,true,true,mustard_label
EAQ200272,MUStARD,all,1_9245,/root/autodl-tmp/data/datasets/mustard/utterances_final/1_9245.mp4,/root/autodl-tmp/data/datasets/mustard/utterances_final/1_9245.mp4,/root/autodl-tmp/data/datasets/mustard/sarcasm_data.json#utterance_id=1_9245,0.00,,en,medium,medium,high,true,true,false,
EAQ200273,MUStARD,all,1_9594,/root/autodl-tmp/data/datasets/mustard/utterances_final/1_9594.mp4,/root/autodl-tmp/data/datasets/mustard/utterances_final/1_9594.mp4,/root/autodl-tmp/data/datasets/mustard/sarcasm_data.json#utterance_id=1_9594,0.00,,en,medium,medium,high,true,true,false,
EAQ200274,MUStARD,all,1_9668,/root/autodl-tmp/data/datasets/mustard/utterances_final/1_9668.mp4,/root/autodl-tmp/data/datasets/mustard/utterances_final/1_9668.mp4,/root/autodl-tmp/data/datasets/mustard/sarcasm_data.json#utterance_id=1_9668,0.00,,en,medium,medium,high,true,true,false,
EAQ200275,MUStARD,all,1_971,/root/autodl-tmp/data/datasets/mustard/utterances_final/1_971.mp4,/root/autodl-tmp/data/datasets/mustard/utterances_final/1_971.mp4,/root/autodl-tmp/data/datasets/mustard/sarcasm_data.json#utterance_id=1_971,0.00,,en,medium,medium,high,true,true,true,mustard_label
EAQ200276,MUStARD,all,1_9963,/root/autodl-tmp/data/datasets/mustard/utterances_final/1_9963.mp4,/root/autodl-tmp/data/datasets/mustard/utterances_final/1_9963.mp4,/root/autodl-tmp/data/datasets/mustard/sarcasm_data.json#utterance_id=1_9963,0.00,,en,medium,medium,high,true,true,false,
EAQ200277,MUStARD,all,1_9971,/root/autodl-tmp/data/datasets/mustard/utterances_final/1_9971.mp4,/root/autodl-tmp/data/datasets/mustard/utterances_final/1_9971.mp4,/root/autodl-tmp/data/datasets/mustard/sarcasm_data.json#utterance_id=1_9971,0.00,,en,medium,medium,high,true,true,true,mustard_label
EAQ200278,MUStARD,all,1_9972,/root/autodl-tmp/data/datasets/mustard/utterances_final/1_9972.mp4,/root/autodl-tmp/data/datasets/mustard/utterances_final/1_9972.mp4,/root/autodl-tmp/data/datasets/mustard/sarcasm_data.json#utterance_id=1_9972,0.00,,en,medium,medium,high,true,true,true,mustard_label
EAQ200279,MUStARD,all,1_9993,/root/autodl-tmp/data/datasets/mustard/utterances_final/1_9993.mp4,/root/autodl-tmp/data/datasets/mustard/utterances_final/1_9993.mp4,/root/autodl-tmp/data/datasets/mustard/sarcasm_data.json#utterance_id=1_9993,0.00,,en,medium,medium,high,true,true,true,mustard_label
EAQ200280,MUStARD,all,2_1,/root/autodl-tmp/data/datasets/mustard/utterances_final/2_1.mp4,/root/autodl-tmp/data/datasets/mustard/utterances_final/2_1.mp4,/root/autodl-tmp/data/datasets/mustard/sarcasm_data.json#utterance_id=2_1,0.00,,en,medium,medium,high,true,true,false,
EAQ200281,MUStARD,all,2_102,/root/autodl-tmp/data/datasets/mustard/utterances_final/2_102.mp4,/root/autodl-tmp/data/datasets/mustard/utterances_final/2_102.mp4,/root/autodl-tmp/data/datasets/mustard/sarcasm_data.json#utterance_id=2_102,0.00,,en,medium,medium,high,true,true,true,mustard_label
EAQ200282,MUStARD,all,2_103,/root/autodl-tmp/data/datasets/mustard/utterances_final/2_103.mp4,/root/autodl-tmp/data/datasets/mustard/utterances_final/2_103.mp4,/root/autodl-tmp/data/datasets/mustard/sarcasm_data.json#utterance_id=2_103,0.00,,en,medium,medium,high,true,true,true,mustard_label
EAQ200283,MUStARD,all,2_104,/root/autodl-tmp/data/datasets/mustard/utterances_final/2_104.mp4,/root/autodl-tmp/data/datasets/mustard/utterances_final/2_104.mp4,/root/autodl-tmp/data/datasets/mustard/sarcasm_data.json#utterance_id=2_104,0.00,,en,medium,medium,high,true,true,true,mustard_label
EAQ200284,MUStARD,all,2_105,/root/autodl-tmp/data/datasets/mustard/utterances_final/2_105.mp4,/root/autodl-tmp/data/datasets/mustard/utterances_final/2_105.mp4,/root/autodl-tmp/data/datasets/mustard/sarcasm_data.json#utterance_id=2_105,0.00,,en,medium,medium,high,true,true,true,mustard_label
EAQ200285,MUStARD,all,2_107,/root/autodl-tmp/data/datasets/mustard/utterances_final/2_107.mp4,/root/autodl-tmp/data/datasets/mustard/utterances_final/2_107.mp4,/root/autodl-tmp/data/datasets/mustard/sarcasm_data.json#utterance_id=2_107,0.00,,en,medium,medium,high,true,true,false,
EAQ200286,MUStARD,all,2_109,/root/autodl-tmp/data/datasets/mustard/utterances_final/2_109.mp4,/root/autodl-tmp/data/datasets/mustard/utterances_final/2_109.mp4,/root/autodl-tmp/data/datasets/mustard/sarcasm_data.json#utterance_id=2_109,0.00,,en,medium,medium,high,true,true,true,mustard_label
EAQ200287,MUStARD,all,2_11,/root/autodl-tmp/data/datasets/mustard/utterances_final/2_11.mp4,/root/autodl-tmp/data/datasets/mustard/utterances_final/2_11.mp4,/root/autodl-tmp/data/datasets/mustard/sarcasm_data.json#utterance_id=2_11,0.00,,en,medium,medium,high,true,true,true,mustard_label
EAQ200288,MUStARD,all,2_111,/root/autodl-tmp/data/datasets/mustard/utterances_final/2_111.mp4,/root/autodl-tmp/data/datasets/mustard/utterances_final/2_111.mp4,/root/autodl-tmp/data/datasets/mustard/sarcasm_data.json#utterance_id=2_111,0.00,,en,medium,medium,high,true,true,false,
EAQ200289,MUStARD,all,2_112,/root/autodl-tmp/data/datasets/mustard/utterances_final/2_112.mp4,/root/autodl-tmp/data/datasets/mustard/utterances_final/2_112.mp4,/root/autodl-tmp/data/datasets/mustard/sarcasm_data.json#utterance_id=2_112,0.00,,en,medium,medium,high,true,true,true,mustard_label
EAQ200290,MUStARD,all,2_113,/root/autodl-tmp/data/datasets/mustard/utterances_final/2_113.mp4,/root/autodl-tmp/data/datasets/mustard/utterances_final/2_113.mp4,/root/autodl-tmp/data/datasets/mustard/sarcasm_data.json#utterance_id=2_113,0.00,,en,medium,medium,high,true,true,true,mustard_label
EAQ200291,MUStARD,all,2_114,/root/autodl-tmp/data/datasets/mustard/utterances_final/2_114.mp4,/root/autodl-tmp/data/datasets/mustard/utterances_final/2_114.mp4,/root/autodl-tmp/data/datasets/mustard/sarcasm_data.json#utterance_id=2_114,0.00,,en,medium,medium,high,true,true,true,mustard_label
EAQ200292,MUStARD,all,2_115,/root/autodl-tmp/data/datasets/mustard/utterances_final/2_115.mp4,/root/autodl-tmp/data/datasets/mustard/utterances_final/2_115.mp4,/root/autodl-tmp/data/datasets/mustard/sarcasm_data.json#utterance_id=2_115,0.00,,en,medium,medium,high,true,true,true,mustard_label
EAQ200293,MUStARD,all,2_118,/root/autodl-tmp/data/datasets/mustard/utterances_final/2_118.mp4,/root/autodl-tmp/data/datasets/mustard/utterances_final/2_118.mp4,/root/autodl-tmp/data/datasets/mustard/sarcasm_data.json#utterance_id=2_118,0.00,,en,medium,medium,high,true,true,false,
EAQ200294,MUStARD,all,2_119,/root/autodl-tmp/data/datasets/mustard/utterances_final/2_119.mp4,/root/autodl-tmp/data/datasets/mustard/utterances_final/2_119.mp4,/root/autodl-tmp/data/datasets/mustard/sarcasm_data.json#utterance_id=2_119,0.00,,en,medium,medium,high,true,true,false,
EAQ200295,MUStARD,all,2_12,/root/autodl-tmp/data/datasets/mustard/utterances_final/2_12.mp4,/root/autodl-tmp/data/datasets/mustard/utterances_final/2_12.mp4,/root/autodl-tmp/data/datasets/mustard/sarcasm_data.json#utterance_id=2_12,0.00,,en,medium,medium,high,true,true,false,
EAQ200296,MUStARD,all,2_120,/root/autodl-tmp/data/datasets/mustard/utterances_final/2_120.mp4,/root/autodl-tmp/data/datasets/mustard/utterances_final/2_120.mp4,/root/autodl-tmp/data/datasets/mustard/sarcasm_data.json#utterance_id=2_120,0.00,,en,medium,medium,high,true,true,true,mustard_label
EAQ200297,MUStARD,all,2_121,/root/autodl-tmp/data/datasets/mustard/utterances_final/2_121.mp4,/root/autodl-tmp/data/datasets/mustard/utterances_final/2_121.mp4,/root/autodl-tmp/data/datasets/mustard/sarcasm_data.json#utterance_id=2_121,0.00,,en,medium,medium,high,true,true,true,mustard_label
EAQ200298,MUStARD,all,2_123,/root/autodl-tmp/data/datasets/mustard/utterances_final/2_123.mp4,/root/autodl-tmp/data/datasets/mustard/utterances_final/2_123.mp4,/root/autodl-tmp/data/datasets/mustard/sarcasm_data.json#utterance_id=2_123,0.00,,en,medium,medium,high,true,true,true,mustard_label
EAQ200299,MUStARD,all,2_124,/root/autodl-tmp/data/datasets/mustard/utterances_final/2_124.mp4,/root/autodl-tmp/data/datasets/mustard/utterances_final/2_124.mp4,/root/autodl-tmp/data/datasets/mustard/sarcasm_data.json#utterance_id=2_124,0.00,,en,medium,medium,high,true,true,true,mustard_label
EAQ200300,MUStARD,all,2_125,/root/autodl-tmp/data/datasets/mustard/utterances_final/2_125.mp4,/root/autodl-tmp/data/datasets/mustard/utterances_final/2_125.mp4,/root/autodl-tmp/data/datasets/mustard/sarcasm_data.json#utterance_id=2_125,0.00,,en,medium,medium,high,true,true,false,
EAQ200301,MUStARD,all,2_126,/root/autodl-tmp/data/datasets/mustard/utterances_final/2_126.mp4,/root/autodl-tmp/data/datasets/mustard/utterances_final/2_126.mp4,/root/autodl-tmp/data/datasets/mustard/sarcasm_data.json#utterance_id=2_126,0.00,,en,medium,medium,high,true,true,true,mustard_label
EAQ200302,MUStARD,all,2_127,/root/autodl-tmp/data/datasets/mustard/utterances_final/2_127.mp4,/root/autodl-tmp/data/datasets/mustard/utterances_final/2_127.mp4,/root/autodl-tmp/data/datasets/mustard/sarcasm_data.json#utterance_id=2_127,0.00,,en,medium,medium,high,true,true,false,
EAQ200303,MUStARD,all,2_128,/root/autodl-tmp/data/datasets/mustard/utterances_final/2_128.mp4,/root/autodl-tmp/data/datasets/mustard/utterances_final/2_128.mp4,/root/autodl-tmp/data/datasets/mustard/sarcasm_data.json#utterance_id=2_128,0.00,,en,medium,medium,high,true,true,true,mustard_label
EAQ200304,MUStARD,all,2_129,/root/autodl-tmp/data/datasets/mustard/utterances_final/2_129.mp4,/root/autodl-tmp/data/datasets/mustard/utterances_final/2_129.mp4,/root/autodl-tmp/data/datasets/mustard/sarcasm_data.json#utterance_id=2_129,0.00,,en,medium,medium,high,true,true,true,mustard_label
EAQ200305,MUStARD,all,2_13,/root/autodl-tmp/data/datasets/mustard/utterances_final/2_13.mp4,/root/autodl-tmp/data/datasets/mustard/utterances_final/2_13.mp4,/root/autodl-tmp/data/datasets/mustard/sarcasm_data.json#utterance_id=2_13,0.00,,en,medium,medium,high,true,true,false,
EAQ200306,MUStARD,all,2_131,/root/autodl-tmp/data/datasets/mustard/utterances_final/2_131.mp4,/root/autodl-tmp/data/datasets/mustard/utterances_final/2_131.mp4,/root/autodl-tmp/data/datasets/mustard/sarcasm_data.json#utterance_id=2_131,0.00,,en,medium,medium,high,true,true,false,
EAQ200307,MUStARD,all,2_134,/root/autodl-tmp/data/datasets/mustard/utterances_final/2_134.mp4,/root/autodl-tmp/data/datasets/mustard/utterances_final/2_134.mp4,/root/autodl-tmp/data/datasets/mustard/sarcasm_data.json#utterance_id=2_134,0.00,,en,medium,medium,high,true,true,false,
EAQ200308,MUStARD,all,2_135,/root/autodl-tmp/data/datasets/mustard/utterances_final/2_135.mp4,/root/autodl-tmp/data/datasets/mustard/utterances_final/2_135.mp4,/root/autodl-tmp/data/datasets/mustard/sarcasm_data.json#utterance_id=2_135,0.00,,en,medium,medium,high,true,true,true,mustard_label
EAQ200309,MUStARD,all,2_137,/root/autodl-tmp/data/datasets/mustard/utterances_final/2_137.mp4,/root/autodl-tmp/data/datasets/mustard/utterances_final/2_137.mp4,/root/autodl-tmp/data/datasets/mustard/sarcasm_data.json#utterance_id=2_137,0.00,,en,medium,medium,high,true,true,false,
EAQ200310,MUStARD,all,2_140,/root/autodl-tmp/data/datasets/mustard/utterances_final/2_140.mp4,/root/autodl-tmp/data/datasets/mustard/utterances_final/2_140.mp4,/root/autodl-tmp/data/datasets/mustard/sarcasm_data.json#utterance_id=2_140,0.00,,en,medium,medium,high,true,true,true,mustard_label
EAQ200311,MUStARD,all,2_141,/root/autodl-tmp/data/datasets/mustard/utterances_final/2_141.mp4,/root/autodl-tmp/data/datasets/mustard/utterances_final/2_141.mp4,/root/autodl-tmp/data/datasets/mustard/sarcasm_data.json#utterance_id=2_141,0.00,,en,medium,medium,high,true,true,true,mustard_label
EAQ200312,MUStARD,all,2_144,/root/autodl-tmp/data/datasets/mustard/utterances_final/2_144.mp4,/root/autodl-tmp/data/datasets/mustard/utterances_final/2_144.mp4,/root/autodl-tmp/data/datasets/mustard/sarcasm_data.json#utterance_id=2_144,0.00,,en,medium,medium,high,true,true,true,mustard_label
EAQ200313,MUStARD,all,2_146,/root/autodl-tmp/data/datasets/mustard/utterances_final/2_146.mp4,/root/autodl-tmp/data/datasets/mustard/utterances_final/2_146.mp4,/root/autodl-tmp/data/datasets/mustard/sarcasm_data.json#utterance_id=2_146,0.00,,en,medium,medium,high,true,true,false,
EAQ200314,MUStARD,all,2_147,/root/autodl-tmp/data/datasets/mustard/utterances_final/2_147.mp4,/root/autodl-tmp/data/datasets/mustard/utterances_final/2_147.mp4,/root/autodl-tmp/data/datasets/mustard/sarcasm_data.json#utterance_id=2_147,0.00,,en,medium,medium,high,true,true,false,
EAQ200315,MUStARD,all,2_148,/root/autodl-tmp/data/datasets/mustard/utterances_final/2_148.mp4,/root/autodl-tmp/data/datasets/mustard/utterances_final/2_148.mp4,/root/autodl-tmp/data/datasets/mustard/sarcasm_data.json#utterance_id=2_148,0.00,,en,medium,medium,high,true,true,true,mustard_label
EAQ200316,MUStARD,all,2_149,/root/autodl-tmp/data/datasets/mustard/utterances_final/2_149.mp4,/root/autodl-tmp/data/datasets/mustard/utterances_final/2_149.mp4,/root/autodl-tmp/data/datasets/mustard/sarcasm_data.json#utterance_id=2_149,0.00,,en,medium,medium,high,true,true,false,
EAQ200317,MUStARD,all,2_15,/root/autodl-tmp/data/datasets/mustard/utterances_final/2_15.mp4,/root/autodl-tmp/data/datasets/mustard/utterances_final/2_15.mp4,/root/autodl-tmp/data/datasets/mustard/sarcasm_data.json#utterance_id=2_15,0.00,,en,medium,medium,high,true,true,true,mustard_label
EAQ200318,MUStARD,all,2_150,/root/autodl-tmp/data/datasets/mustard/utterances_final/2_150.mp4,/root/autodl-tmp/data/datasets/mustard/utterances_final/2_150.mp4,/root/autodl-tmp/data/datasets/mustard/sarcasm_data.json#utterance_id=2_150,0.00,,en,medium,medium,high,true,true,false,
EAQ200319,MUStARD,all,2_151,/root/autodl-tmp/data/datasets/mustard/utterances_final/2_151.mp4,/root/autodl-tmp/data/datasets/mustard/utterances_final/2_151.mp4,/root/autodl-tmp/data/datasets/mustard/sarcasm_data.json#utterance_id=2_151,0.00,,en,medium,medium,high,true,true,true,mustard_label
EAQ200320,MUStARD,all,2_152,/root/autodl-tmp/data/datasets/mustard/utterances_final/2_152.mp4,/root/autodl-tmp/data/datasets/mustard/utterances_final/2_152.mp4,/root/autodl-tmp/data/datasets/mustard/sarcasm_data.json#utterance_id=2_152,0.00,,en,medium,medium,high,true,true,true,mustard_label
EAQ200321,MUStARD,all,2_154,/root/autodl-tmp/data/datasets/mustard/utterances_final/2_154.mp4,/root/autodl-tmp/data/datasets/mustard/utterances_final/2_154.mp4,/root/autodl-tmp/data/datasets/mustard/sarcasm_data.json#utterance_id=2_154,0.00,,en,medium,medium,high,true,true,false,
EAQ200322,MUStARD,all,2_155,/root/autodl-tmp/data/datasets/mustard/utterances_final/2_155.mp4,/root/autodl-tmp/data/datasets/mustard/utterances_final/2_155.mp4,/root/autodl-tmp/data/datasets/mustard/sarcasm_data.json#utterance_id=2_155,0.00,,en,medium,medium,high,true,true,true,mustard_label
EAQ200323,MUStARD,all,2_158,/root/autodl-tmp/data/datasets/mustard/utterances_final/2_158.mp4,/root/autodl-tmp/data/datasets/mustard/utterances_final/2_158.mp4,/root/autodl-tmp/data/datasets/mustard/sarcasm_data.json#utterance_id=2_158,0.00,,en,medium,medium,high,true,true,true,mustard_label
EAQ200324,MUStARD,all,2_160,/root/autodl-tmp/data/datasets/mustard/utterances_final/2_160.mp4,/root/autodl-tmp/data/datasets/mustard/utterances_final/2_160.mp4,/root/autodl-tmp/data/datasets/mustard/sarcasm_data.json#utterance_id=2_160,0.00,,en,medium,medium,high,true,true,false,
EAQ200325,MUStARD,all,2_161,/root/autodl-tmp/data/datasets/mustard/utterances_final/2_161.mp4,/root/autodl-tmp/data/datasets/mustard/utterances_final/2_161.mp4,/root/autodl-tmp/data/datasets/mustard/sarcasm_data.json#utterance_id=2_161,0.00,,en,medium,medium,high,true,true,true,mustard_label
EAQ200326,MUStARD,all,2_162,/root/autodl-tmp/data/datasets/mustard/utterances_final/2_162.mp4,/root/autodl-tmp/data/datasets/mustard/utterances_final/2_162.mp4,/root/autodl-tmp/data/datasets/mustard/sarcasm_data.json#utterance_id=2_162,0.00,,en,medium,medium,high,true,true,false,
EAQ200327,MUStARD,all,2_163,/root/autodl-tmp/data/datasets/mustard/utterances_final/2_163.mp4,/root/autodl-tmp/data/datasets/mustard/utterances_final/2_163.mp4,/root/autodl-tmp/data/datasets/mustard/sarcasm_data.json#utterance_id=2_163,0.00,,en,medium,medium,high,true,true,true,mustard_label
EAQ200328,MUStARD,all,2_166,/root/autodl-tmp/data/datasets/mustard/utterances_final/2_166.mp4,/root/autodl-tmp/data/datasets/mustard/utterances_final/2_166.mp4,/root/autodl-tmp/data/datasets/mustard/sarcasm_data.json#utterance_id=2_166,0.00,,en,medium,medium,high,true,true,false,
EAQ200329,MUStARD,all,2_167,/root/autodl-tmp/data/datasets/mustard/utterances_final/2_167.mp4,/root/autodl-tmp/data/datasets/mustard/utterances_final/2_167.mp4,/root/autodl-tmp/data/datasets/mustard/sarcasm_data.json#utterance_id=2_167,0.00,,en,medium,medium,high,true,true,true,mustard_label
EAQ200330,MUStARD,all,2_168,/root/autodl-tmp/data/datasets/mustard/utterances_final/2_168.mp4,/root/autodl-tmp/data/datasets/mustard/utterances_final/2_168.mp4,/root/autodl-tmp/data/datasets/mustard/sarcasm_data.json#utterance_id=2_168,0.00,,en,medium,medium,high,true,true,true,mustard_label
EAQ200331,MUStARD,all,2_169,/root/autodl-tmp/data/datasets/mustard/utterances_final/2_169.mp4,/root/autodl-tmp/data/datasets/mustard/utterances_final/2_169.mp4,/root/autodl-tmp/data/datasets/mustard/sarcasm_data.json#utterance_id=2_169,0.00,,en,medium,medium,high,true,true,true,mustard_label
EAQ200332,MUStARD,all,2_170,/root/autodl-tmp/data/datasets/mustard/utterances_final/2_170.mp4,/root/autodl-tmp/data/datasets/mustard/utterances_final/2_170.mp4,/root/autodl-tmp/data/datasets/mustard/sarcasm_data.json#utterance_id=2_170,0.00,,en,medium,medium,high,true,true,true,mustard_label
EAQ200333,MUStARD,all,2_171,/root/autodl-tmp/data/datasets/mustard/utterances_final/2_171.mp4,/root/autodl-tmp/data/datasets/mustard/utterances_final/2_171.mp4,/root/autodl-tmp/data/datasets/mustard/sarcasm_data.json#utterance_id=2_171,0.00,,en,medium,medium,high,true,true,false,
EAQ200334,MUStARD,all,2_172,/root/autodl-tmp/data/datasets/mustard/utterances_final/2_172.mp4,/root/autodl-tmp/data/datasets/mustard/utterances_final/2_172.mp4,/root/autodl-tmp/data/datasets/mustard/sarcasm_data.json#utterance_id=2_172,0.00,,en,medium,medium,high,true,true,true,mustard_label
EAQ200335,MUStARD,all,2_173,/root/autodl-tmp/data/datasets/mustard/utterances_final/2_173.mp4,/root/autodl-tmp/data/datasets/mustard/utterances_final/2_173.mp4,/root/autodl-tmp/data/datasets/mustard/sarcasm_data.json#utterance_id=2_173,0.00,,en,medium,medium,high,true,true,false,
EAQ200336,MUStARD,all,2_174,/root/autodl-tmp/data/datasets/mustard/utterances_final/2_174.mp4,/root/autodl-tmp/data/datasets/mustard/utterances_final/2_174.mp4,/root/autodl-tmp/data/datasets/mustard/sarcasm_data.json#utterance_id=2_174,0.00,,en,medium,medium,high,true,true,true,mustard_label
EAQ200337,MUStARD,all,2_176,/root/autodl-tmp/data/datasets/mustard/utterances_final/2_176.mp4,/root/autodl-tmp/data/datasets/mustard/utterances_final/2_176.mp4,/root/autodl-tmp/data/datasets/mustard/sarcasm_data.json#utterance_id=2_176,0.00,,en,medium,medium,high,true,true,false,
EAQ200338,MUStARD,all,2_177,/root/autodl-tmp/data/datasets/mustard/utterances_final/2_177.mp4,/root/autodl-tmp/data/datasets/mustard/utterances_final/2_177.mp4,/root/autodl-tmp/data/datasets/mustard/sarcasm_data.json#utterance_id=2_177,0.00,,en,medium,medium,high,true,true,true,mustard_label
EAQ200339,MUStARD,all,2_178,/root/autodl-tmp/data/datasets/mustard/utterances_final/2_178.mp4,/root/autodl-tmp/data/datasets/mustard/utterances_final/2_178.mp4,/root/autodl-tmp/data/datasets/mustard/sarcasm_data.json#utterance_id=2_178,0.00,,en,medium,medium,high,true,true,true,mustard_label
EAQ200340,MUStARD,all,2_180,/root/autodl-tmp/data/datasets/mustard/utterances_final/2_180.mp4,/root/autodl-tmp/data/datasets/mustard/utterances_final/2_180.mp4,/root/autodl-tmp/data/datasets/mustard/sarcasm_data.json#utterance_id=2_180,0.00,,en,medium,medium,high,true,true,false,
EAQ200341,MUStARD,all,2_181,/root/autodl-tmp/data/datasets/mustard/utterances_final/2_181.mp4,/root/autodl-tmp/data/datasets/mustard/utterances_final/2_181.mp4,/root/autodl-tmp/data/datasets/mustard/sarcasm_data.json#utterance_id=2_181,0.00,,en,medium,medium,high,true,true,false,
EAQ200342,MUStARD,all,2_182,/root/autodl-tmp/data/datasets/mustard/utterances_final/2_182.mp4,/root/autodl-tmp/data/datasets/mustard/utterances_final/2_182.mp4,/root/autodl-tmp/data/datasets/mustard/sarcasm_data.json#utterance_id=2_182,0.00,,en,medium,medium,high,true,true,true,mustard_label
EAQ200343,MUStARD,all,2_183,/root/autodl-tmp/data/datasets/mustard/utterances_final/2_183.mp4,/root/autodl-tmp/data/datasets/mustard/utterances_final/2_183.mp4,/root/autodl-tmp/data/datasets/mustard/sarcasm_data.json#utterance_id=2_183,0.00,,en,medium,medium,high,true,true,true,mustard_label
EAQ200344,MUStARD,all,2_186,/root/autodl-tmp/data/datasets/mustard/utterances_final/2_186.mp4,/root/autodl-tmp/data/datasets/mustard/utterances_final/2_186.mp4,/root/autodl-tmp/data/datasets/mustard/sarcasm_data.json#utterance_id=2_186,0.00,,en,medium,medium,high,true,true,true,mustard_label
EAQ200345,MUStARD,all,2_187,/root/autodl-tmp/data/datasets/mustard/utterances_final/2_187.mp4,/root/autodl-tmp/data/datasets/mustard/utterances_final/2_187.mp4,/root/autodl-tmp/data/datasets/mustard/sarcasm_data.json#utterance_id=2_187,0.00,,en,medium,medium,high,true,true,true,mustard_label
EAQ200346,MUStARD,all,2_188,/root/autodl-tmp/data/datasets/mustard/utterances_final/2_188.mp4,/root/autodl-tmp/data/datasets/mustard/utterances_final/2_188.mp4,/root/autodl-tmp/data/datasets/mustard/sarcasm_data.json#utterance_id=2_188,0.00,,en,medium,medium,high,true,true,false,
EAQ200347,MUStARD,all,2_189,/root/autodl-tmp/data/datasets/mustard/utterances_final/2_189.mp4,/root/autodl-tmp/data/datasets/mustard/utterances_final/2_189.mp4,/root/autodl-tmp/data/datasets/mustard/sarcasm_data.json#utterance_id=2_189,0.00,,en,medium,medium,high,true,true,true,mustard_label
EAQ200348,MUStARD,all,2_190,/root/autodl-tmp/data/datasets/mustard/utterances_final/2_190.mp4,/root/autodl-tmp/data/datasets/mustard/utterances_final/2_190.mp4,/root/autodl-tmp/data/datasets/mustard/sarcasm_data.json#utterance_id=2_190,0.00,,en,medium,medium,high,true,true,true,mustard_label
EAQ200349,MUStARD,all,2_191,/root/autodl-tmp/data/datasets/mustard/utterances_final/2_191.mp4,/root/autodl-tmp/data/datasets/mustard/utterances_final/2_191.mp4,/root/autodl-tmp/data/datasets/mustard/sarcasm_data.json#utterance_id=2_191,0.00,,en,medium,medium,high,true,true,false,
EAQ200350,MUStARD,all,2_193,/root/autodl-tmp/data/datasets/mustard/utterances_final/2_193.mp4,/root/autodl-tmp/data/datasets/mustard/utterances_final/2_193.mp4,/root/autodl-tmp/data/datasets/mustard/sarcasm_data.json#utterance_id=2_193,0.00,,en,medium,medium,high,true,true,false,
EAQ200351,MUStARD,all,2_194,/root/autodl-tmp/data/datasets/mustard/utterances_final/2_194.mp4,/root/autodl-tmp/data/datasets/mustard/utterances_final/2_194.mp4,/root/autodl-tmp/data/datasets/mustard/sarcasm_data.json#utterance_id=2_194,0.00,,en,medium,medium,high,true,true,false,
EAQ200352,MUStARD,all,2_196,/root/autodl-tmp/data/datasets/mustard/utterances_final/2_196.mp4,/root/autodl-tmp/data/datasets/mustard/utterances_final/2_196.mp4,/root/autodl-tmp/data/datasets/mustard/sarcasm_data.json#utterance_id=2_196,0.00,,en,medium,medium,high,true,true,false,
EAQ200353,MUStARD,all,2_197,/root/autodl-tmp/data/datasets/mustard/utterances_final/2_197.mp4,/root/autodl-tmp/data/datasets/mustard/utterances_final/2_197.mp4,/root/autodl-tmp/data/datasets/mustard/sarcasm_data.json#utterance_id=2_197,0.00,,en,medium,medium,high,true,true,true,mustard_label
EAQ200354,MUStARD,all,2_198,/root/autodl-tmp/data/datasets/mustard/utterances_final/2_198.mp4,/root/autodl-tmp/data/datasets/mustard/utterances_final/2_198.mp4,/root/autodl-tmp/data/datasets/mustard/sarcasm_data.json#utterance_id=2_198,0.00,,en,medium,medium,high,true,true,false,
EAQ200355,MUStARD,all,2_2,/root/autodl-tmp/data/datasets/mustard/utterances_final/2_2.mp4,/root/autodl-tmp/data/datasets/mustard/utterances_final/2_2.mp4,/root/autodl-tmp/data/datasets/mustard/sarcasm_data.json#utterance_id=2_2,0.00,,en,medium,medium,high,true,true,true,mustard_label
EAQ200356,MUStARD,all,2_20,/root/autodl-tmp/data/datasets/mustard/utterances_final/2_20.mp4,/root/autodl-tmp/data/datasets/mustard/utterances_final/2_20.mp4,/root/autodl-tmp/data/datasets/mustard/sarcasm_data.json#utterance_id=2_20,0.00,,en,medium,medium,high,true,true,false,
EAQ200357,MUStARD,all,2_202,/root/autodl-tmp/data/datasets/mustard/utterances_final/2_202.mp4,/root/autodl-tmp/data/datasets/mustard/utterances_final/2_202.mp4,/root/autodl-tmp/data/datasets/mustard/sarcasm_data.json#utterance_id=2_202,0.00,,en,medium,medium,high,true,true,false,
EAQ200358,MUStARD,all,2_203,/root/autodl-tmp/data/datasets/mustard/utterances_final/2_203.mp4,/root/autodl-tmp/data/datasets/mustard/utterances_final/2_203.mp4,/root/autodl-tmp/data/datasets/mustard/sarcasm_data.json#utterance_id=2_203,0.00,,en,medium,medium,high,true,true,false,
EAQ200359,MUStARD,all,2_204,/root/autodl-tmp/data/datasets/mustard/utterances_final/2_204.mp4,/root/autodl-tmp/data/datasets/mustard/utterances_final/2_204.mp4,/root/autodl-tmp/data/datasets/mustard/sarcasm_data.json#utterance_id=2_204,0.00,,en,medium,medium,high,true,true,true,mustard_label
EAQ200360,MUStARD,all,2_205,/root/autodl-tmp/data/datasets/mustard/utterances_final/2_205.mp4,/root/autodl-tmp/data/datasets/mustard/utterances_final/2_205.mp4,/root/autodl-tmp/data/datasets/mustard/sarcasm_data.json#utterance_id=2_205,0.00,,en,medium,medium,high,true,true,false,
EAQ200361,MUStARD,all,2_206,/root/autodl-tmp/data/datasets/mustard/utterances_final/2_206.mp4,/root/autodl-tmp/data/datasets/mustard/utterances_final/2_206.mp4,/root/autodl-tmp/data/datasets/mustard/sarcasm_data.json#utterance_id=2_206,0.00,,en,medium,medium,high,true,true,true,mustard_label
EAQ200362,MUStARD,all,2_208,/root/autodl-tmp/data/datasets/mustard/utterances_final/2_208.mp4,/root/autodl-tmp/data/datasets/mustard/utterances_final/2_208.mp4,/root/autodl-tmp/data/datasets/mustard/sarcasm_data.json#utterance_id=2_208,0.00,,en,medium,medium,high,true,true,false,
EAQ200363,MUStARD,all,2_209,/root/autodl-tmp/data/datasets/mustard/utterances_final/2_209.mp4,/root/autodl-tmp/data/datasets/mustard/utterances_final/2_209.mp4,/root/autodl-tmp/data/datasets/mustard/sarcasm_data.json#utterance_id=2_209,0.00,,en,medium,medium,high,true,true,true,mustard_label
EAQ200364,MUStARD,all,2_210,/root/autodl-tmp/data/datasets/mustard/utterances_final/2_210.mp4,/root/autodl-tmp/data/datasets/mustard/utterances_final/2_210.mp4,/root/autodl-tmp/data/datasets/mustard/sarcasm_data.json#utterance_id=2_210,0.00,,en,medium,medium,high,true,true,false,
EAQ200365,MUStARD,all,2_213,/root/autodl-tmp/data/datasets/mustard/utterances_final/2_213.mp4,/root/autodl-tmp/data/datasets/mustard/utterances_final/2_213.mp4,/root/autodl-tmp/data/datasets/mustard/sarcasm_data.json#utterance_id=2_213,0.00,,en,medium,medium,high,true,true,false,
EAQ200366,MUStARD,all,2_217,/root/autodl-tmp/data/datasets/mustard/utterances_final/2_217.mp4,/root/autodl-tmp/data/datasets/mustard/utterances_final/2_217.mp4,/root/autodl-tmp/data/datasets/mustard/sarcasm_data.json#utterance_id=2_217,0.00,,en,medium,medium,high,true,true,false,
EAQ200367,MUStARD,all,2_218,/root/autodl-tmp/data/datasets/mustard/utterances_final/2_218.mp4,/root/autodl-tmp/data/datasets/mustard/utterances_final/2_218.mp4,/root/autodl-tmp/data/datasets/mustard/sarcasm_data.json#utterance_id=2_218,0.00,,en,medium,medium,high,true,true,false,
EAQ200368,MUStARD,all,2_221,/root/autodl-tmp/data/datasets/mustard/utterances_final/2_221.mp4,/root/autodl-tmp/data/datasets/mustard/utterances_final/2_221.mp4,/root/autodl-tmp/data/datasets/mustard/sarcasm_data.json#utterance_id=2_221,0.00,,en,medium,medium,high,true,true,false,
EAQ200369,MUStARD,all,2_222,/root/autodl-tmp/data/datasets/mustard/utterances_final/2_222.mp4,/root/autodl-tmp/data/datasets/mustard/utterances_final/2_222.mp4,/root/autodl-tmp/data/datasets/mustard/sarcasm_data.json#utterance_id=2_222,0.00,,en,medium,medium,high,true,true,true,mustard_label
EAQ200370,MUStARD,all,2_223,/root/autodl-tmp/data/datasets/mustard/utterances_final/2_223.mp4,/root/autodl-tmp/data/datasets/mustard/utterances_final/2_223.mp4,/root/autodl-tmp/data/datasets/mustard/sarcasm_data.json#utterance_id=2_223,0.00,,en,medium,medium,high,true,true,true,mustard_label
EAQ200371,MUStARD,all,2_225,/root/autodl-tmp/data/datasets/mustard/utterances_final/2_225.mp4,/root/autodl-tmp/data/datasets/mustard/utterances_final/2_225.mp4,/root/autodl-tmp/data/datasets/mustard/sarcasm_data.json#utterance_id=2_225,0.00,,en,medium,medium,high,true,true,false,
EAQ200372,MUStARD,all,2_226,/root/autodl-tmp/data/datasets/mustard/utterances_final/2_226.mp4,/root/autodl-tmp/data/datasets/mustard/utterances_final/2_226.mp4,/root/autodl-tmp/data/datasets/mustard/sarcasm_data.json#utterance_id=2_226,0.00,,en,medium,medium,high,true,true,true,mustard_label
EAQ200373,MUStARD,all,2_227,/root/autodl-tmp/data/datasets/mustard/utterances_final/2_227.mp4,/root/autodl-tmp/data/datasets/mustard/utterances_final/2_227.mp4,/root/autodl-tmp/data/datasets/mustard/sarcasm_data.json#utterance_id=2_227,0.00,,en,medium,medium,high,true,true,true,mustard_label
EAQ200374,MUStARD,all,2_228,/root/autodl-tmp/data/datasets/mustard/utterances_final/2_228.mp4,/root/autodl-tmp/data/datasets/mustard/utterances_final/2_228.mp4,/root/autodl-tmp/data/datasets/mustard/sarcasm_data.json#utterance_id=2_228,0.00,,en,medium,medium,high,true,true,false,
EAQ200375,MUStARD,all,2_230,/root/autodl-tmp/data/datasets/mustard/utterances_final/2_230.mp4,/root/autodl-tmp/data/datasets/mustard/utterances_final/2_230.mp4,/root/autodl-tmp/data/datasets/mustard/sarcasm_data.json#utterance_id=2_230,0.00,,en,medium,medium,high,true,true,false,
EAQ200376,MUStARD,all,2_231,/root/autodl-tmp/data/datasets/mustard/utterances_final/2_231.mp4,/root/autodl-tmp/data/datasets/mustard/utterances_final/2_231.mp4,/root/autodl-tmp/data/datasets/mustard/sarcasm_data.json#utterance_id=2_231,0.00,,en,medium,medium,high,true,true,false,
EAQ200377,MUStARD,all,2_232,/root/autodl-tmp/data/datasets/mustard/utterances_final/2_232.mp4,/root/autodl-tmp/data/datasets/mustard/utterances_final/2_232.mp4,/root/autodl-tmp/data/datasets/mustard/sarcasm_data.json#utterance_id=2_232,0.00,,en,medium,medium,high,true,true,false,
EAQ200378,MUStARD,all,2_234,/root/autodl-tmp/data/datasets/mustard/utterances_final/2_234.mp4,/root/autodl-tmp/data/datasets/mustard/utterances_final/2_234.mp4,/root/autodl-tmp/data/datasets/mustard/sarcasm_data.json#utterance_id=2_234,0.00,,en,medium,medium,high,true,true,false,
EAQ200379,MUStARD,all,2_235,/root/autodl-tmp/data/datasets/mustard/utterances_final/2_235.mp4,/root/autodl-tmp/data/datasets/mustard/utterances_final/2_235.mp4,/root/autodl-tmp/data/datasets/mustard/sarcasm_data.json#utterance_id=2_235,0.00,,en,medium,medium,high,true,true,false,
EAQ200380,MUStARD,all,2_236,/root/autodl-tmp/data/datasets/mustard/utterances_final/2_236.mp4,/root/autodl-tmp/data/datasets/mustard/utterances_final/2_236.mp4,/root/autodl-tmp/data/datasets/mustard/sarcasm_data.json#utterance_id=2_236,0.00,,en,medium,medium,high,true,true,true,mustard_label
EAQ200381,MUStARD,all,2_24,/root/autodl-tmp/data/datasets/mustard/utterances_final/2_24.mp4,/root/autodl-tmp/data/datasets/mustard/utterances_final/2_24.mp4,/root/autodl-tmp/data/datasets/mustard/sarcasm_data.json#utterance_id=2_24,0.00,,en,medium,medium,high,true,true,true,mustard_label
EAQ200382,MUStARD,all,2_240,/root/autodl-tmp/data/datasets/mustard/utterances_final/2_240.mp4,/root/autodl-tmp/data/datasets/mustard/utterances_final/2_240.mp4,/root/autodl-tmp/data/datasets/mustard/sarcasm_data.json#utterance_id=2_240,0.00,,en,medium,medium,high,true,true,false,
EAQ200383,MUStARD,all,2_241,/root/autodl-tmp/data/datasets/mustard/utterances_final/2_241.mp4,/root/autodl-tmp/data/datasets/mustard/utterances_final/2_241.mp4,/root/autodl-tmp/data/datasets/mustard/sarcasm_data.json#utterance_id=2_241,0.00,,en,medium,medium,high,true,true,true,mustard_label
EAQ200384,MUStARD,all,2_242,/root/autodl-tmp/data/datasets/mustard/utterances_final/2_242.mp4,/root/autodl-tmp/data/datasets/mustard/utterances_final/2_242.mp4,/root/autodl-tmp/data/datasets/mustard/sarcasm_data.json#utterance_id=2_242,0.00,,en,medium,medium,high,true,true,true,mustard_label
EAQ200385,MUStARD,all,2_243,/root/autodl-tmp/data/datasets/mustard/utterances_final/2_243.mp4,/root/autodl-tmp/data/datasets/mustard/utterances_final/2_243.mp4,/root/autodl-tmp/data/datasets/mustard/sarcasm_data.json#utterance_id=2_243,0.00,,en,medium,medium,high,true,true,false,
EAQ200386,MUStARD,all,2_245,/root/autodl-tmp/data/datasets/mustard/utterances_final/2_245.mp4,/root/autodl-tmp/data/datasets/mustard/utterances_final/2_245.mp4,/root/autodl-tmp/data/datasets/mustard/sarcasm_data.json#utterance_id=2_245,0.00,,en,medium,medium,high,true,true,false,
EAQ200387,MUStARD,all,2_246,/root/autodl-tmp/data/datasets/mustard/utterances_final/2_246.mp4,/root/autodl-tmp/data/datasets/mustard/utterances_final/2_246.mp4,/root/autodl-tmp/data/datasets/mustard/sarcasm_data.json#utterance_id=2_246,0.00,,en,medium,medium,high,true,true,true,mustard_label
EAQ200388,MUStARD,all,2_247,/root/autodl-tmp/data/datasets/mustard/utterances_final/2_247.mp4,/root/autodl-tmp/data/datasets/mustard/utterances_final/2_247.mp4,/root/autodl-tmp/data/datasets/mustard/sarcasm_data.json#utterance_id=2_247,0.00,,en,medium,medium,high,true,true,true,mustard_label
EAQ200389,MUStARD,all,2_248,/root/autodl-tmp/data/datasets/mustard/utterances_final/2_248.mp4,/root/autodl-tmp/data/datasets/mustard/utterances_final/2_248.mp4,/root/autodl-tmp/data/datasets/mustard/sarcasm_data.json#utterance_id=2_248,0.00,,en,medium,medium,high,true,true,true,mustard_label
EAQ200390,MUStARD,all,2_250,/root/autodl-tmp/data/datasets/mustard/utterances_final/2_250.mp4,/root/autodl-tmp/data/datasets/mustard/utterances_final/2_250.mp4,/root/autodl-tmp/data/datasets/mustard/sarcasm_data.json#utterance_id=2_250,0.00,,en,medium,medium,high,true,true,true,mustard_label
EAQ200391,MUStARD,all,2_251,/root/autodl-tmp/data/datasets/mustard/utterances_final/2_251.mp4,/root/autodl-tmp/data/datasets/mustard/utterances_final/2_251.mp4,/root/autodl-tmp/data/datasets/mustard/sarcasm_data.json#utterance_id=2_251,0.00,,en,medium,medium,high,true,true,false,
EAQ200392,MUStARD,all,2_253,/root/autodl-tmp/data/datasets/mustard/utterances_final/2_253.mp4,/root/autodl-tmp/data/datasets/mustard/utterances_final/2_253.mp4,/root/autodl-tmp/data/datasets/mustard/sarcasm_data.json#utterance_id=2_253,0.00,,en,medium,medium,high,true,true,false,
EAQ200393,MUStARD,all,2_254,/root/autodl-tmp/data/datasets/mustard/utterances_final/2_254.mp4,/root/autodl-tmp/data/datasets/mustard/utterances_final/2_254.mp4,/root/autodl-tmp/data/datasets/mustard/sarcasm_data.json#utterance_id=2_254,0.00,,en,medium,medium,high,true,true,true,mustard_label
EAQ200394,MUStARD,all,2_255,/root/autodl-tmp/data/datasets/mustard/utterances_final/2_255.mp4,/root/autodl-tmp/data/datasets/mustard/utterances_final/2_255.mp4,/root/autodl-tmp/data/datasets/mustard/sarcasm_data.json#utterance_id=2_255,0.00,,en,medium,medium,high,true,true,true,mustard_label
EAQ200395,MUStARD,all,2_257,/root/autodl-tmp/data/datasets/mustard/utterances_final/2_257.mp4,/root/autodl-tmp/data/datasets/mustard/utterances_final/2_257.mp4,/root/autodl-tmp/data/datasets/mustard/sarcasm_data.json#utterance_id=2_257,0.00,,en,medium,medium,high,true,true,false,
EAQ200396,MUStARD,all,2_258,/root/autodl-tmp/data/datasets/mustard/utterances_final/2_258.mp4,/root/autodl-tmp/data/datasets/mustard/utterances_final/2_258.mp4,/root/autodl-tmp/data/datasets/mustard/sarcasm_data.json#utterance_id=2_258,0.00,,en,medium,medium,high,true,true,true,mustard_label
EAQ200397,MUStARD,all,2_259,/root/autodl-tmp/data/datasets/mustard/utterances_final/2_259.mp4,/root/autodl-tmp/data/datasets/mustard/utterances_final/2_259.mp4,/root/autodl-tmp/data/datasets/mustard/sarcasm_data.json#utterance_id=2_259,0.00,,en,medium,medium,high,true,true,false,
EAQ200398,MUStARD,all,2_260,/root/autodl-tmp/data/datasets/mustard/utterances_final/2_260.mp4,/root/autodl-tmp/data/datasets/mustard/utterances_final/2_260.mp4,/root/autodl-tmp/data/datasets/mustard/sarcasm_data.json#utterance_id=2_260,0.00,,en,medium,medium,high,true,true,true,mustard_label
EAQ200399,MUStARD,all,2_261,/root/autodl-tmp/data/datasets/mustard/utterances_final/2_261.mp4,/root/autodl-tmp/data/datasets/mustard/utterances_final/2_261.mp4,/root/autodl-tmp/data/datasets/mustard/sarcasm_data.json#utterance_id=2_261,0.00,,en,medium,medium,high,true,true,false,
EAQ200400,MUStARD,all,2_263,/root/autodl-tmp/data/datasets/mustard/utterances_final/2_263.mp4,/root/autodl-tmp/data/datasets/mustard/utterances_final/2_263.mp4,/root/autodl-tmp/data/datasets/mustard/sarcasm_data.json#utterance_id=2_263,0.00,,en,medium,medium,high,true,true,false,
EAQ200401,MUStARD,all,2_264,/root/autodl-tmp/data/datasets/mustard/utterances_final/2_264.mp4,/root/autodl-tmp/data/datasets/mustard/utterances_final/2_264.mp4,/root/autodl-tmp/data/datasets/mustard/sarcasm_data.json#utterance_id=2_264,0.00,,en,medium,medium,high,true,true,false,
EAQ200402,MUStARD,all,2_267,/root/autodl-tmp/data/datasets/mustard/utterances_final/2_267.mp4,/root/autodl-tmp/data/datasets/mustard/utterances_final/2_267.mp4,/root/autodl-tmp/data/datasets/mustard/sarcasm_data.json#utterance_id=2_267,0.00,,en,medium,medium,high,true,true,false,
EAQ200403,MUStARD,all,2_268,/root/autodl-tmp/data/datasets/mustard/utterances_final/2_268.mp4,/root/autodl-tmp/data/datasets/mustard/utterances_final/2_268.mp4,/root/autodl-tmp/data/datasets/mustard/sarcasm_data.json#utterance_id=2_268,0.00,,en,medium,medium,high,true,true,false,
EAQ200404,MUStARD,all,2_27,/root/autodl-tmp/data/datasets/mustard/utterances_final/2_27.mp4,/root/autodl-tmp/data/datasets/mustard/utterances_final/2_27.mp4,/root/autodl-tmp/data/datasets/mustard/sarcasm_data.json#utterance_id=2_27,0.00,,en,medium,medium,high,true,true,false,
EAQ200405,MUStARD,all,2_270,/root/autodl-tmp/data/datasets/mustard/utterances_final/2_270.mp4,/root/autodl-tmp/data/datasets/mustard/utterances_final/2_270.mp4,/root/autodl-tmp/data/datasets/mustard/sarcasm_data.json#utterance_id=2_270,0.00,,en,medium,medium,high,true,true,false,
EAQ200406,MUStARD,all,2_271,/root/autodl-tmp/data/datasets/mustard/utterances_final/2_271.mp4,/root/autodl-tmp/data/datasets/mustard/utterances_final/2_271.mp4,/root/autodl-tmp/data/datasets/mustard/sarcasm_data.json#utterance_id=2_271,0.00,,en,medium,medium,high,true,true,true,mustard_label
EAQ200407,MUStARD,all,2_272,/root/autodl-tmp/data/datasets/mustard/utterances_final/2_272.mp4,/root/autodl-tmp/data/datasets/mustard/utterances_final/2_272.mp4,/root/autodl-tmp/data/datasets/mustard/sarcasm_data.json#utterance_id=2_272,0.00,,en,medium,medium,high,true,true,false,
EAQ200408,MUStARD,all,2_278,/root/autodl-tmp/data/datasets/mustard/utterances_final/2_278.mp4,/root/autodl-tmp/data/datasets/mustard/utterances_final/2_278.mp4,/root/autodl-tmp/data/datasets/mustard/sarcasm_data.json#utterance_id=2_278,0.00,,en,medium,medium,high,true,true,false,
EAQ200409,MUStARD,all,2_279,/root/autodl-tmp/data/datasets/mustard/utterances_final/2_279.mp4,/root/autodl-tmp/data/datasets/mustard/utterances_final/2_279.mp4,/root/autodl-tmp/data/datasets/mustard/sarcasm_data.json#utterance_id=2_279,0.00,,en,medium,medium,high,true,true,true,mustard_label
EAQ200410,MUStARD,all,2_28,/root/autodl-tmp/data/datasets/mustard/utterances_final/2_28.mp4,/root/autodl-tmp/data/datasets/mustard/utterances_final/2_28.mp4,/root/autodl-tmp/data/datasets/mustard/sarcasm_data.json#utterance_id=2_28,0.00,,en,medium,medium,high,true,true,false,
EAQ200411,MUStARD,all,2_280,/root/autodl-tmp/data/datasets/mustard/utterances_final/2_280.mp4,/root/autodl-tmp/data/datasets/mustard/utterances_final/2_280.mp4,/root/autodl-tmp/data/datasets/mustard/sarcasm_data.json#utterance_id=2_280,0.00,,en,medium,medium,high,true,true,true,mustard_label
EAQ200412,MUStARD,all,2_281,/root/autodl-tmp/data/datasets/mustard/utterances_final/2_281.mp4,/root/autodl-tmp/data/datasets/mustard/utterances_final/2_281.mp4,/root/autodl-tmp/data/datasets/mustard/sarcasm_data.json#utterance_id=2_281,0.00,,en,medium,medium,high,true,true,true,mustard_label
EAQ200413,MUStARD,all,2_282,/root/autodl-tmp/data/datasets/mustard/utterances_final/2_282.mp4,/root/autodl-tmp/data/datasets/mustard/utterances_final/2_282.mp4,/root/autodl-tmp/data/datasets/mustard/sarcasm_data.json#utterance_id=2_282,0.00,,en,medium,medium,high,true,true,true,mustard_label
EAQ200414,MUStARD,all,2_283,/root/autodl-tmp/data/datasets/mustard/utterances_final/2_283.mp4,/root/autodl-tmp/data/datasets/mustard/utterances_final/2_283.mp4,/root/autodl-tmp/data/datasets/mustard/sarcasm_data.json#utterance_id=2_283,0.00,,en,medium,medium,high,true,true,true,mustard_label
EAQ200415,MUStARD,all,2_284,/root/autodl-tmp/data/datasets/mustard/utterances_final/2_284.mp4,/root/autodl-tmp/data/datasets/mustard/utterances_final/2_284.mp4,/root/autodl-tmp/data/datasets/mustard/sarcasm_data.json#utterance_id=2_284,0.00,,en,medium,medium,high,true,true,false,
EAQ200416,MUStARD,all,2_286,/root/autodl-tmp/data/datasets/mustard/utterances_final/2_286.mp4,/root/autodl-tmp/data/datasets/mustard/utterances_final/2_286.mp4,/root/autodl-tmp/data/datasets/mustard/sarcasm_data.json#utterance_id=2_286,0.00,,en,medium,medium,high,true,true,true,mustard_label
EAQ200417,MUStARD,all,2_287,/root/autodl-tmp/data/datasets/mustard/utterances_final/2_287.mp4,/root/autodl-tmp/data/datasets/mustard/utterances_final/2_287.mp4,/root/autodl-tmp/data/datasets/mustard/sarcasm_data.json#utterance_id=2_287,0.00,,en,medium,medium,high,true,true,true,mustard_label
EAQ200418,MUStARD,all,2_288,/root/autodl-tmp/data/datasets/mustard/utterances_final/2_288.mp4,/root/autodl-tmp/data/datasets/mustard/utterances_final/2_288.mp4,/root/autodl-tmp/data/datasets/mustard/sarcasm_data.json#utterance_id=2_288,0.00,,en,medium,medium,high,true,true,true,mustard_label
EAQ200419,MUStARD,all,2_289,/root/autodl-tmp/data/datasets/mustard/utterances_final/2_289.mp4,/root/autodl-tmp/data/datasets/mustard/utterances_final/2_289.mp4,/root/autodl-tmp/data/datasets/mustard/sarcasm_data.json#utterance_id=2_289,0.00,,en,medium,medium,high,true,true,true,mustard_label
EAQ200420,MUStARD,all,2_29,/root/autodl-tmp/data/datasets/mustard/utterances_final/2_29.mp4,/root/autodl-tmp/data/datasets/mustard/utterances_final/2_29.mp4,/root/autodl-tmp/data/datasets/mustard/sarcasm_data.json#utterance_id=2_29,0.00,,en,medium,medium,high,true,true,false,
EAQ200421,MUStARD,all,2_291,/root/autodl-tmp/data/datasets/mustard/utterances_final/2_291.mp4,/root/autodl-tmp/data/datasets/mustard/utterances_final/2_291.mp4,/root/autodl-tmp/data/datasets/mustard/sarcasm_data.json#utterance_id=2_291,0.00,,en,medium,medium,high,true,true,false,
EAQ200422,MUStARD,all,2_292,/root/autodl-tmp/data/datasets/mustard/utterances_final/2_292.mp4,/root/autodl-tmp/data/datasets/mustard/utterances_final/2_292.mp4,/root/autodl-tmp/data/datasets/mustard/sarcasm_data.json#utterance_id=2_292,0.00,,en,medium,medium,high,true,true,true,mustard_label
EAQ200423,MUStARD,all,2_293,/root/autodl-tmp/data/datasets/mustard/utterances_final/2_293.mp4,/root/autodl-tmp/data/datasets/mustard/utterances_final/2_293.mp4,/root/autodl-tmp/data/datasets/mustard/sarcasm_data.json#utterance_id=2_293,0.00,,en,medium,medium,high,true,true,false,
EAQ200424,MUStARD,all,2_294,/root/autodl-tmp/data/datasets/mustard/utterances_final/2_294.mp4,/root/autodl-tmp/data/datasets/mustard/utterances_final/2_294.mp4,/root/autodl-tmp/data/datasets/mustard/sarcasm_data.json#utterance_id=2_294,0.00,,en,medium,medium,high,true,true,true,mustard_label
EAQ200425,MUStARD,all,2_295,/root/autodl-tmp/data/datasets/mustard/utterances_final/2_295.mp4,/root/autodl-tmp/data/datasets/mustard/utterances_final/2_295.mp4,/root/autodl-tmp/data/datasets/mustard/sarcasm_data.json#utterance_id=2_295,0.00,,en,medium,medium,high,true,true,false,
EAQ200426,MUStARD,all,2_297,/root/autodl-tmp/data/datasets/mustard/utterances_final/2_297.mp4,/root/autodl-tmp/data/datasets/mustard/utterances_final/2_297.mp4,/root/autodl-tmp/data/datasets/mustard/sarcasm_data.json#utterance_id=2_297,0.00,,en,medium,medium,high,true,true,true,mustard_label
EAQ200427,MUStARD,all,2_299,/root/autodl-tmp/data/datasets/mustard/utterances_final/2_299.mp4,/root/autodl-tmp/data/datasets/mustard/utterances_final/2_299.mp4,/root/autodl-tmp/data/datasets/mustard/sarcasm_data.json#utterance_id=2_299,0.00,,en,medium,medium,high,true,true,false,
EAQ200428,MUStARD,all,2_3,/root/autodl-tmp/data/datasets/mustard/utterances_final/2_3.mp4,/root/autodl-tmp/data/datasets/mustard/utterances_final/2_3.mp4,/root/autodl-tmp/data/datasets/mustard/sarcasm_data.json#utterance_id=2_3,0.00,,en,medium,medium,high,true,true,true,mustard_label
EAQ200429,MUStARD,all,2_30,/root/autodl-tmp/data/datasets/mustard/utterances_final/2_30.mp4,/root/autodl-tmp/data/datasets/mustard/utterances_final/2_30.mp4,/root/autodl-tmp/data/datasets/mustard/sarcasm_data.json#utterance_id=2_30,0.00,,en,medium,medium,high,true,true,false,
EAQ200430,MUStARD,all,2_300,/root/autodl-tmp/data/datasets/mustard/utterances_final/2_300.mp4,/root/autodl-tmp/data/datasets/mustard/utterances_final/2_300.mp4,/root/autodl-tmp/data/datasets/mustard/sarcasm_data.json#utterance_id=2_300,0.00,,en,medium,medium,high,true,true,false,
EAQ200431,MUStARD,all,2_301,/root/autodl-tmp/data/datasets/mustard/utterances_final/2_301.mp4,/root/autodl-tmp/data/datasets/mustard/utterances_final/2_301.mp4,/root/autodl-tmp/data/datasets/mustard/sarcasm_data.json#utterance_id=2_301,0.00,,en,medium,medium,high,true,true,false,
EAQ200432,MUStARD,all,2_302,/root/autodl-tmp/data/datasets/mustard/utterances_final/2_302.mp4,/root/autodl-tmp/data/datasets/mustard/utterances_final/2_302.mp4,/root/autodl-tmp/data/datasets/mustard/sarcasm_data.json#utterance_id=2_302,0.00,,en,medium,medium,high,true,true,false,
EAQ200433,MUStARD,all,2_303,/root/autodl-tmp/data/datasets/mustard/utterances_final/2_303.mp4,/root/autodl-tmp/data/datasets/mustard/utterances_final/2_303.mp4,/root/autodl-tmp/data/datasets/mustard/sarcasm_data.json#utterance_id=2_303,0.00,,en,medium,medium,high,true,true,true,mustard_label
EAQ200434,MUStARD,all,2_305,/root/autodl-tmp/data/datasets/mustard/utterances_final/2_305.mp4,/root/autodl-tmp/data/datasets/mustard/utterances_final/2_305.mp4,/root/autodl-tmp/data/datasets/mustard/sarcasm_data.json#utterance_id=2_305,0.00,,en,medium,medium,high,true,true,false,
EAQ200435,MUStARD,all,2_306,/root/autodl-tmp/data/datasets/mustard/utterances_final/2_306.mp4,/root/autodl-tmp/data/datasets/mustard/utterances_final/2_306.mp4,/root/autodl-tmp/data/datasets/mustard/sarcasm_data.json#utterance_id=2_306,0.00,,en,medium,medium,high,true,true,true,mustard_label
EAQ200436,MUStARD,all,2_31,/root/autodl-tmp/data/datasets/mustard/utterances_final/2_31.mp4,/root/autodl-tmp/data/datasets/mustard/utterances_final/2_31.mp4,/root/autodl-tmp/data/datasets/mustard/sarcasm_data.json#utterance_id=2_31,0.00,,en,medium,medium,high,true,true,true,mustard_label
EAQ200437,MUStARD,all,2_310,/root/autodl-tmp/data/datasets/mustard/utterances_final/2_310.mp4,/root/autodl-tmp/data/datasets/mustard/utterances_final/2_310.mp4,/root/autodl-tmp/data/datasets/mustard/sarcasm_data.json#utterance_id=2_310,0.00,,en,medium,medium,high,true,true,true,mustard_label
EAQ200438,MUStARD,all,2_312,/root/autodl-tmp/data/datasets/mustard/utterances_final/2_312.mp4,/root/autodl-tmp/data/datasets/mustard/utterances_final/2_312.mp4,/root/autodl-tmp/data/datasets/mustard/sarcasm_data.json#utterance_id=2_312,0.00,,en,medium,medium,high,true,true,true,mustard_label
EAQ200439,MUStARD,all,2_313,/root/autodl-tmp/data/datasets/mustard/utterances_final/2_313.mp4,/root/autodl-tmp/data/datasets/mustard/utterances_final/2_313.mp4,/root/autodl-tmp/data/datasets/mustard/sarcasm_data.json#utterance_id=2_313,0.00,,en,medium,medium,high,true,true,true,mustard_label
EAQ200440,MUStARD,all,2_314,/root/autodl-tmp/data/datasets/mustard/utterances_final/2_314.mp4,/root/autodl-tmp/data/datasets/mustard/utterances_final/2_314.mp4,/root/autodl-tmp/data/datasets/mustard/sarcasm_data.json#utterance_id=2_314,0.00,,en,medium,medium,high,true,true,false,
EAQ200441,MUStARD,all,2_315,/root/autodl-tmp/data/datasets/mustard/utterances_final/2_315.mp4,/root/autodl-tmp/data/datasets/mustard/utterances_final/2_315.mp4,/root/autodl-tmp/data/datasets/mustard/sarcasm_data.json#utterance_id=2_315,0.00,,en,medium,medium,high,true,true,true,mustard_label
EAQ200442,MUStARD,all,2_316,/root/autodl-tmp/data/datasets/mustard/utterances_final/2_316.mp4,/root/autodl-tmp/data/datasets/mustard/utterances_final/2_316.mp4,/root/autodl-tmp/data/datasets/mustard/sarcasm_data.json#utterance_id=2_316,0.00,,en,medium,medium,high,true,true,false,
EAQ200443,MUStARD,all,2_317,/root/autodl-tmp/data/datasets/mustard/utterances_final/2_317.mp4,/root/autodl-tmp/data/datasets/mustard/utterances_final/2_317.mp4,/root/autodl-tmp/data/datasets/mustard/sarcasm_data.json#utterance_id=2_317,0.00,,en,medium,medium,high,true,true,false,
EAQ200444,MUStARD,all,2_318,/root/autodl-tmp/data/datasets/mustard/utterances_final/2_318.mp4,/root/autodl-tmp/data/datasets/mustard/utterances_final/2_318.mp4,/root/autodl-tmp/data/datasets/mustard/sarcasm_data.json#utterance_id=2_318,0.00,,en,medium,medium,high,true,true,true,mustard_label
EAQ200445,MUStARD,all,2_319,/root/autodl-tmp/data/datasets/mustard/utterances_final/2_319.mp4,/root/autodl-tmp/data/datasets/mustard/utterances_final/2_319.mp4,/root/autodl-tmp/data/datasets/mustard/sarcasm_data.json#utterance_id=2_319,0.00,,en,medium,medium,high,true,true,false,
EAQ200446,MUStARD,all,2_322,/root/autodl-tmp/data/datasets/mustard/utterances_final/2_322.mp4,/root/autodl-tmp/data/datasets/mustard/utterances_final/2_322.mp4,/root/autodl-tmp/data/datasets/mustard/sarcasm_data.json#utterance_id=2_322,0.00,,en,medium,medium,high,true,true,false,
EAQ200447,MUStARD,all,2_323,/root/autodl-tmp/data/datasets/mustard/utterances_final/2_323.mp4,/root/autodl-tmp/data/datasets/mustard/utterances_final/2_323.mp4,/root/autodl-tmp/data/datasets/mustard/sarcasm_data.json#utterance_id=2_323,0.00,,en,medium,medium,high,true,true,true,mustard_label
EAQ200448,MUStARD,all,2_326,/root/autodl-tmp/data/datasets/mustard/utterances_final/2_326.mp4,/root/autodl-tmp/data/datasets/mustard/utterances_final/2_326.mp4,/root/autodl-tmp/data/datasets/mustard/sarcasm_data.json#utterance_id=2_326,0.00,,en,medium,medium,high,true,true,false,
EAQ200449,MUStARD,all,2_33,/root/autodl-tmp/data/datasets/mustard/utterances_final/2_33.mp4,/root/autodl-tmp/data/datasets/mustard/utterances_final/2_33.mp4,/root/autodl-tmp/data/datasets/mustard/sarcasm_data.json#utterance_id=2_33,0.00,,en,medium,medium,high,true,true,false,
EAQ200450,MUStARD,all,2_334,/root/autodl-tmp/data/datasets/mustard/utterances_final/2_334.mp4,/root/autodl-tmp/data/datasets/mustard/utterances_final/2_334.mp4,/root/autodl-tmp/data/datasets/mustard/sarcasm_data.json#utterance_id=2_334,0.00,,en,medium,medium,high,true,true,false,
EAQ200451,MUStARD,all,2_337,/root/autodl-tmp/data/datasets/mustard/utterances_final/2_337.mp4,/root/autodl-tmp/data/datasets/mustard/utterances_final/2_337.mp4,/root/autodl-tmp/data/datasets/mustard/sarcasm_data.json#utterance_id=2_337,0.00,,en,medium,medium,high,true,true,false,
EAQ200452,MUStARD,all,2_338,/root/autodl-tmp/data/datasets/mustard/utterances_final/2_338.mp4,/root/autodl-tmp/data/datasets/mustard/utterances_final/2_338.mp4,/root/autodl-tmp/data/datasets/mustard/sarcasm_data.json#utterance_id=2_338,0.00,,en,medium,medium,high,true,true,true,mustard_label
EAQ200453,MUStARD,all,2_339,/root/autodl-tmp/data/datasets/mustard/utterances_final/2_339.mp4,/root/autodl-tmp/data/datasets/mustard/utterances_final/2_339.mp4,/root/autodl-tmp/data/datasets/mustard/sarcasm_data.json#utterance_id=2_339,0.00,,en,medium,medium,high,true,true,false,
EAQ200454,MUStARD,all,2_34,/root/autodl-tmp/data/datasets/mustard/utterances_final/2_34.mp4,/root/autodl-tmp/data/datasets/mustard/utterances_final/2_34.mp4,/root/autodl-tmp/data/datasets/mustard/sarcasm_data.json#utterance_id=2_34,0.00,,en,medium,medium,high,true,true,true,mustard_label
EAQ200455,MUStARD,all,2_340,/root/autodl-tmp/data/datasets/mustard/utterances_final/2_340.mp4,/root/autodl-tmp/data/datasets/mustard/utterances_final/2_340.mp4,/root/autodl-tmp/data/datasets/mustard/sarcasm_data.json#utterance_id=2_340,0.00,,en,medium,medium,high,true,true,false,
EAQ200456,MUStARD,all,2_341,/root/autodl-tmp/data/datasets/mustard/utterances_final/2_341.mp4,/root/autodl-tmp/data/datasets/mustard/utterances_final/2_341.mp4,/root/autodl-tmp/data/datasets/mustard/sarcasm_data.json#utterance_id=2_341,0.00,,en,medium,medium,high,true,true,true,mustard_label
EAQ200457,MUStARD,all,2_342,/root/autodl-tmp/data/datasets/mustard/utterances_final/2_342.mp4,/root/autodl-tmp/data/datasets/mustard/utterances_final/2_342.mp4,/root/autodl-tmp/data/datasets/mustard/sarcasm_data.json#utterance_id=2_342,0.00,,en,medium,medium,high,true,true,true,mustard_label
EAQ200458,MUStARD,all,2_343,/root/autodl-tmp/data/datasets/mustard/utterances_final/2_343.mp4,/root/autodl-tmp/data/datasets/mustard/utterances_final/2_343.mp4,/root/autodl-tmp/data/datasets/mustard/sarcasm_data.json#utterance_id=2_343,0.00,,en,medium,medium,high,true,true,false,
EAQ200459,MUStARD,all,2_344,/root/autodl-tmp/data/datasets/mustard/utterances_final/2_344.mp4,/root/autodl-tmp/data/datasets/mustard/utterances_final/2_344.mp4,/root/autodl-tmp/data/datasets/mustard/sarcasm_data.json#utterance_id=2_344,0.00,,en,medium,medium,high,true,true,true,mustard_label
EAQ200460,MUStARD,all,2_345,/root/autodl-tmp/data/datasets/mustard/utterances_final/2_345.mp4,/root/autodl-tmp/data/datasets/mustard/utterances_final/2_345.mp4,/root/autodl-tmp/data/datasets/mustard/sarcasm_data.json#utterance_id=2_345,0.00,,en,medium,medium,high,true,true,true,mustard_label
EAQ200461,MUStARD,all,2_347,/root/autodl-tmp/data/datasets/mustard/utterances_final/2_347.mp4,/root/autodl-tmp/data/datasets/mustard/utterances_final/2_347.mp4,/root/autodl-tmp/data/datasets/mustard/sarcasm_data.json#utterance_id=2_347,0.00,,en,medium,medium,high,true,true,false,
EAQ200462,MUStARD,all,2_35,/root/autodl-tmp/data/datasets/mustard/utterances_final/2_35.mp4,/root/autodl-tmp/data/datasets/mustard/utterances_final/2_35.mp4,/root/autodl-tmp/data/datasets/mustard/sarcasm_data.json#utterance_id=2_35,0.00,,en,medium,medium,high,true,true,false,
EAQ200463,MUStARD,all,2_350,/root/autodl-tmp/data/datasets/mustard/utterances_final/2_350.mp4,/root/autodl-tmp/data/datasets/mustard/utterances_final/2_350.mp4,/root/autodl-tmp/data/datasets/mustard/sarcasm_data.json#utterance_id=2_350,0.00,,en,medium,medium,high,true,true,true,mustard_label
EAQ200464,MUStARD,all,2_351,/root/autodl-tmp/data/datasets/mustard/utterances_final/2_351.mp4,/root/autodl-tmp/data/datasets/mustard/utterances_final/2_351.mp4,/root/autodl-tmp/data/datasets/mustard/sarcasm_data.json#utterance_id=2_351,0.00,,en,medium,medium,high,true,true,true,mustard_label
EAQ200465,MUStARD,all,2_352,/root/autodl-tmp/data/datasets/mustard/utterances_final/2_352.mp4,/root/autodl-tmp/data/datasets/mustard/utterances_final/2_352.mp4,/root/autodl-tmp/data/datasets/mustard/sarcasm_data.json#utterance_id=2_352,0.00,,en,medium,medium,high,true,true,true,mustard_label
EAQ200466,MUStARD,all,2_353,/root/autodl-tmp/data/datasets/mustard/utterances_final/2_353.mp4,/root/autodl-tmp/data/datasets/mustard/utterances_final/2_353.mp4,/root/autodl-tmp/data/datasets/mustard/sarcasm_data.json#utterance_id=2_353,0.00,,en,medium,medium,high,true,true,false,
EAQ200467,MUStARD,all,2_356,/root/autodl-tmp/data/datasets/mustard/utterances_final/2_356.mp4,/root/autodl-tmp/data/datasets/mustard/utterances_final/2_356.mp4,/root/autodl-tmp/data/datasets/mustard/sarcasm_data.json#utterance_id=2_356,0.00,,en,medium,medium,high,true,true,false,
EAQ200468,MUStARD,all,2_357,/root/autodl-tmp/data/datasets/mustard/utterances_final/2_357.mp4,/root/autodl-tmp/data/datasets/mustard/utterances_final/2_357.mp4,/root/autodl-tmp/data/datasets/mustard/sarcasm_data.json#utterance_id=2_357,0.00,,en,medium,medium,high,true,true,true,mustard_label
EAQ200469,MUStARD,all,2_358,/root/autodl-tmp/data/datasets/mustard/utterances_final/2_358.mp4,/root/autodl-tmp/data/datasets/mustard/utterances_final/2_358.mp4,/root/autodl-tmp/data/datasets/mustard/sarcasm_data.json#utterance_id=2_358,0.00,,en,medium,medium,high,true,true,false,
EAQ200470,MUStARD,all,2_359,/root/autodl-tmp/data/datasets/mustard/utterances_final/2_359.mp4,/root/autodl-tmp/data/datasets/mustard/utterances_final/2_359.mp4,/root/autodl-tmp/data/datasets/mustard/sarcasm_data.json#utterance_id=2_359,0.00,,en,medium,medium,high,true,true,true,mustard_label
EAQ200471,MUStARD,all,2_36,/root/autodl-tmp/data/datasets/mustard/utterances_final/2_36.mp4,/root/autodl-tmp/data/datasets/mustard/utterances_final/2_36.mp4,/root/autodl-tmp/data/datasets/mustard/sarcasm_data.json#utterance_id=2_36,0.00,,en,medium,medium,high,true,true,false,
EAQ200472,MUStARD,all,2_361,/root/autodl-tmp/data/datasets/mustard/utterances_final/2_361.mp4,/root/autodl-tmp/data/datasets/mustard/utterances_final/2_361.mp4,/root/autodl-tmp/data/datasets/mustard/sarcasm_data.json#utterance_id=2_361,0.00,,en,medium,medium,high,true,true,true,mustard_label
EAQ200473,MUStARD,all,2_365,/root/autodl-tmp/data/datasets/mustard/utterances_final/2_365.mp4,/root/autodl-tmp/data/datasets/mustard/utterances_final/2_365.mp4,/root/autodl-tmp/data/datasets/mustard/sarcasm_data.json#utterance_id=2_365,0.00,,en,medium,medium,high,true,true,false,
EAQ200474,MUStARD,all,2_367,/root/autodl-tmp/data/datasets/mustard/utterances_final/2_367.mp4,/root/autodl-tmp/data/datasets/mustard/utterances_final/2_367.mp4,/root/autodl-tmp/data/datasets/mustard/sarcasm_data.json#utterance_id=2_367,0.00,,en,medium,medium,high,true,true,false,
EAQ200475,MUStARD,all,2_369,/root/autodl-tmp/data/datasets/mustard/utterances_final/2_369.mp4,/root/autodl-tmp/data/datasets/mustard/utterances_final/2_369.mp4,/root/autodl-tmp/data/datasets/mustard/sarcasm_data.json#utterance_id=2_369,0.00,,en,medium,medium,high,true,true,true,mustard_label
EAQ200476,MUStARD,all,2_370,/root/autodl-tmp/data/datasets/mustard/utterances_final/2_370.mp4,/root/autodl-tmp/data/datasets/mustard/utterances_final/2_370.mp4,/root/autodl-tmp/data/datasets/mustard/sarcasm_data.json#utterance_id=2_370,0.00,,en,medium,medium,high,true,true,true,mustard_label
EAQ200477,MUStARD,all,2_371,/root/autodl-tmp/data/datasets/mustard/utterances_final/2_371.mp4,/root/autodl-tmp/data/datasets/mustard/utterances_final/2_371.mp4,/root/autodl-tmp/data/datasets/mustard/sarcasm_data.json#utterance_id=2_371,0.00,,en,medium,medium,high,true,true,false,
EAQ200478,MUStARD,all,2_372,/root/autodl-tmp/data/datasets/mustard/utterances_final/2_372.mp4,/root/autodl-tmp/data/datasets/mustard/utterances_final/2_372.mp4,/root/autodl-tmp/data/datasets/mustard/sarcasm_data.json#utterance_id=2_372,0.00,,en,medium,medium,high,true,true,true,mustard_label
EAQ200479,MUStARD,all,2_373,/root/autodl-tmp/data/datasets/mustard/utterances_final/2_373.mp4,/root/autodl-tmp/data/datasets/mustard/utterances_final/2_373.mp4,/root/autodl-tmp/data/datasets/mustard/sarcasm_data.json#utterance_id=2_373,0.00,,en,medium,medium,high,true,true,true,mustard_label
EAQ200480,MUStARD,all,2_374,/root/autodl-tmp/data/datasets/mustard/utterances_final/2_374.mp4,/root/autodl-tmp/data/datasets/mustard/utterances_final/2_374.mp4,/root/autodl-tmp/data/datasets/mustard/sarcasm_data.json#utterance_id=2_374,0.00,,en,medium,medium,high,true,true,true,mustard_label
EAQ200481,MUStARD,all,2_375,/root/autodl-tmp/data/datasets/mustard/utterances_final/2_375.mp4,/root/autodl-tmp/data/datasets/mustard/utterances_final/2_375.mp4,/root/autodl-tmp/data/datasets/mustard/sarcasm_data.json#utterance_id=2_375,0.00,,en,medium,medium,high,true,true,false,
EAQ200482,MUStARD,all,2_376,/root/autodl-tmp/data/datasets/mustard/utterances_final/2_376.mp4,/root/autodl-tmp/data/datasets/mustard/utterances_final/2_376.mp4,/root/autodl-tmp/data/datasets/mustard/sarcasm_data.json#utterance_id=2_376,0.00,,en,medium,medium,high,true,true,true,mustard_label
EAQ200483,MUStARD,all,2_377,/root/autodl-tmp/data/datasets/mustard/utterances_final/2_377.mp4,/root/autodl-tmp/data/datasets/mustard/utterances_final/2_377.mp4,/root/autodl-tmp/data/datasets/mustard/sarcasm_data.json#utterance_id=2_377,0.00,,en,medium,medium,high,true,true,true,mustard_label
EAQ200484,MUStARD,all,2_378,/root/autodl-tmp/data/datasets/mustard/utterances_final/2_378.mp4,/root/autodl-tmp/data/datasets/mustard/utterances_final/2_378.mp4,/root/autodl-tmp/data/datasets/mustard/sarcasm_data.json#utterance_id=2_378,0.00,,en,medium,medium,high,true,true,true,mustard_label
EAQ200485,MUStARD,all,2_38,/root/autodl-tmp/data/datasets/mustard/utterances_final/2_38.mp4,/root/autodl-tmp/data/datasets/mustard/utterances_final/2_38.mp4,/root/autodl-tmp/data/datasets/mustard/sarcasm_data.json#utterance_id=2_38,0.00,,en,medium,medium,high,true,true,false,
EAQ200486,MUStARD,all,2_380,/root/autodl-tmp/data/datasets/mustard/utterances_final/2_380.mp4,/root/autodl-tmp/data/datasets/mustard/utterances_final/2_380.mp4,/root/autodl-tmp/data/datasets/mustard/sarcasm_data.json#utterance_id=2_380,0.00,,en,medium,medium,high,true,true,false,
EAQ200487,MUStARD,all,2_381,/root/autodl-tmp/data/datasets/mustard/utterances_final/2_381.mp4,/root/autodl-tmp/data/datasets/mustard/utterances_final/2_381.mp4,/root/autodl-tmp/data/datasets/mustard/sarcasm_data.json#utterance_id=2_381,0.00,,en,medium,medium,high,true,true,true,mustard_label
EAQ200488,MUStARD,all,2_385,/root/autodl-tmp/data/datasets/mustard/utterances_final/2_385.mp4,/root/autodl-tmp/data/datasets/mustard/utterances_final/2_385.mp4,/root/autodl-tmp/data/datasets/mustard/sarcasm_data.json#utterance_id=2_385,0.00,,en,medium,medium,high,true,true,false,
EAQ200489,MUStARD,all,2_387,/root/autodl-tmp/data/datasets/mustard/utterances_final/2_387.mp4,/root/autodl-tmp/data/datasets/mustard/utterances_final/2_387.mp4,/root/autodl-tmp/data/datasets/mustard/sarcasm_data.json#utterance_id=2_387,0.00,,en,medium,medium,high,true,true,false,
EAQ200490,MUStARD,all,2_388,/root/autodl-tmp/data/datasets/mustard/utterances_final/2_388.mp4,/root/autodl-tmp/data/datasets/mustard/utterances_final/2_388.mp4,/root/autodl-tmp/data/datasets/mustard/sarcasm_data.json#utterance_id=2_388,0.00,,en,medium,medium,high,true,true,false,
EAQ200491,MUStARD,all,2_389,/root/autodl-tmp/data/datasets/mustard/utterances_final/2_389.mp4,/root/autodl-tmp/data/datasets/mustard/utterances_final/2_389.mp4,/root/autodl-tmp/data/datasets/mustard/sarcasm_data.json#utterance_id=2_389,0.00,,en,medium,medium,high,true,true,true,mustard_label
EAQ200492,MUStARD,all,2_39,/root/autodl-tmp/data/datasets/mustard/utterances_final/2_39.mp4,/root/autodl-tmp/data/datasets/mustard/utterances_final/2_39.mp4,/root/autodl-tmp/data/datasets/mustard/sarcasm_data.json#utterance_id=2_39,0.00,,en,medium,medium,high,true,true,true,mustard_label
EAQ200493,MUStARD,all,2_390,/root/autodl-tmp/data/datasets/mustard/utterances_final/2_390.mp4,/root/autodl-tmp/data/datasets/mustard/utterances_final/2_390.mp4,/root/autodl-tmp/data/datasets/mustard/sarcasm_data.json#utterance_id=2_390,0.00,,en,medium,medium,high,true,true,true,mustard_label
EAQ200494,MUStARD,all,2_392,/root/autodl-tmp/data/datasets/mustard/utterances_final/2_392.mp4,/root/autodl-tmp/data/datasets/mustard/utterances_final/2_392.mp4,/root/autodl-tmp/data/datasets/mustard/sarcasm_data.json#utterance_id=2_392,0.00,,en,medium,medium,high,true,true,true,mustard_label
EAQ200495,MUStARD,all,2_393,/root/autodl-tmp/data/datasets/mustard/utterances_final/2_393.mp4,/root/autodl-tmp/data/datasets/mustard/utterances_final/2_393.mp4,/root/autodl-tmp/data/datasets/mustard/sarcasm_data.json#utterance_id=2_393,0.00,,en,medium,medium,high,true,true,false,
EAQ200496,MUStARD,all,2_397,/root/autodl-tmp/data/datasets/mustard/utterances_final/2_397.mp4,/root/autodl-tmp/data/datasets/mustard/utterances_final/2_397.mp4,/root/autodl-tmp/data/datasets/mustard/sarcasm_data.json#utterance_id=2_397,0.00,,en,medium,medium,high,true,true,false,
EAQ200497,MUStARD,all,2_398,/root/autodl-tmp/data/datasets/mustard/utterances_final/2_398.mp4,/root/autodl-tmp/data/datasets/mustard/utterances_final/2_398.mp4,/root/autodl-tmp/data/datasets/mustard/sarcasm_data.json#utterance_id=2_398,0.00,,en,medium,medium,high,true,true,true,mustard_label
EAQ200498,MUStARD,all,2_400,/root/autodl-tmp/data/datasets/mustard/utterances_final/2_400.mp4,/root/autodl-tmp/data/datasets/mustard/utterances_final/2_400.mp4,/root/autodl-tmp/data/datasets/mustard/sarcasm_data.json#utterance_id=2_400,0.00,,en,medium,medium,high,true,true,false,
EAQ200499,MUStARD,all,2_405,/root/autodl-tmp/data/datasets/mustard/utterances_final/2_405.mp4,/root/autodl-tmp/data/datasets/mustard/utterances_final/2_405.mp4,/root/autodl-tmp/data/datasets/mustard/sarcasm_data.json#utterance_id=2_405,0.00,,en,medium,medium,high,true,true,false,
EAQ200500,MUStARD,all,2_406,/root/autodl-tmp/data/datasets/mustard/utterances_final/2_406.mp4,/root/autodl-tmp/data/datasets/mustard/utterances_final/2_406.mp4,/root/autodl-tmp/data/datasets/mustard/sarcasm_data.json#utterance_id=2_406,0.00,,en,medium,medium,high,true,true,true,mustard_label
EAQ200501,MUStARD,all,2_407,/root/autodl-tmp/data/datasets/mustard/utterances_final/2_407.mp4,/root/autodl-tmp/data/datasets/mustard/utterances_final/2_407.mp4,/root/autodl-tmp/data/datasets/mustard/sarcasm_data.json#utterance_id=2_407,0.00,,en,medium,medium,high,true,true,false,
EAQ200502,MUStARD,all,2_408,/root/autodl-tmp/data/datasets/mustard/utterances_final/2_408.mp4,/root/autodl-tmp/data/datasets/mustard/utterances_final/2_408.mp4,/root/autodl-tmp/data/datasets/mustard/sarcasm_data.json#utterance_id=2_408,0.00,,en,medium,medium,high,true,true,true,mustard_label
EAQ200503,MUStARD,all,2_409,/root/autodl-tmp/data/datasets/mustard/utterances_final/2_409.mp4,/root/autodl-tmp/data/datasets/mustard/utterances_final/2_409.mp4,/root/autodl-tmp/data/datasets/mustard/sarcasm_data.json#utterance_id=2_409,0.00,,en,medium,medium,high,true,true,false,
EAQ200504,MUStARD,all,2_410,/root/autodl-tmp/data/datasets/mustard/utterances_final/2_410.mp4,/root/autodl-tmp/data/datasets/mustard/utterances_final/2_410.mp4,/root/autodl-tmp/data/datasets/mustard/sarcasm_data.json#utterance_id=2_410,0.00,,en,medium,medium,high,true,true,true,mustard_label
EAQ200505,MUStARD,all,2_413,/root/autodl-tmp/data/datasets/mustard/utterances_final/2_413.mp4,/root/autodl-tmp/data/datasets/mustard/utterances_final/2_413.mp4,/root/autodl-tmp/data/datasets/mustard/sarcasm_data.json#utterance_id=2_413,0.00,,en,medium,medium,high,true,true,false,
EAQ200506,MUStARD,all,2_415,/root/autodl-tmp/data/datasets/mustard/utterances_final/2_415.mp4,/root/autodl-tmp/data/datasets/mustard/utterances_final/2_415.mp4,/root/autodl-tmp/data/datasets/mustard/sarcasm_data.json#utterance_id=2_415,0.00,,en,medium,medium,high,true,true,false,
EAQ200507,MUStARD,all,2_416,/root/autodl-tmp/data/datasets/mustard/utterances_final/2_416.mp4,/root/autodl-tmp/data/datasets/mustard/utterances_final/2_416.mp4,/root/autodl-tmp/data/datasets/mustard/sarcasm_data.json#utterance_id=2_416,0.00,,en,medium,medium,high,true,true,true,mustard_label
EAQ200508,MUStARD,all,2_419,/root/autodl-tmp/data/datasets/mustard/utterances_final/2_419.mp4,/root/autodl-tmp/data/datasets/mustard/utterances_final/2_419.mp4,/root/autodl-tmp/data/datasets/mustard/sarcasm_data.json#utterance_id=2_419,0.00,,en,medium,medium,high,true,true,false,
EAQ200509,MUStARD,all,2_42,/root/autodl-tmp/data/datasets/mustard/utterances_final/2_42.mp4,/root/autodl-tmp/data/datasets/mustard/utterances_final/2_42.mp4,/root/autodl-tmp/data/datasets/mustard/sarcasm_data.json#utterance_id=2_42,0.00,,en,medium,medium,high,true,true,false,
EAQ200510,MUStARD,all,2_420,/root/autodl-tmp/data/datasets/mustard/utterances_final/2_420.mp4,/root/autodl-tmp/data/datasets/mustard/utterances_final/2_420.mp4,/root/autodl-tmp/data/datasets/mustard/sarcasm_data.json#utterance_id=2_420,0.00,,en,medium,medium,high,true,true,true,mustard_label
EAQ200511,MUStARD,all,2_421,/root/autodl-tmp/data/datasets/mustard/utterances_final/2_421.mp4,/root/autodl-tmp/data/datasets/mustard/utterances_final/2_421.mp4,/root/autodl-tmp/data/datasets/mustard/sarcasm_data.json#utterance_id=2_421,0.00,,en,medium,medium,high,true,true,true,mustard_label
EAQ200512,MUStARD,all,2_422,/root/autodl-tmp/data/datasets/mustard/utterances_final/2_422.mp4,/root/autodl-tmp/data/datasets/mustard/utterances_final/2_422.mp4,/root/autodl-tmp/data/datasets/mustard/sarcasm_data.json#utterance_id=2_422,0.00,,en,medium,medium,high,true,true,false,
EAQ200513,MUStARD,all,2_423,/root/autodl-tmp/data/datasets/mustard/utterances_final/2_423.mp4,/root/autodl-tmp/data/datasets/mustard/utterances_final/2_423.mp4,/root/autodl-tmp/data/datasets/mustard/sarcasm_data.json#utterance_id=2_423,0.00,,en,medium,medium,high,true,true,true,mustard_label
EAQ200514,MUStARD,all,2_425,/root/autodl-tmp/data/datasets/mustard/utterances_final/2_425.mp4,/root/autodl-tmp/data/datasets/mustard/utterances_final/2_425.mp4,/root/autodl-tmp/data/datasets/mustard/sarcasm_data.json#utterance_id=2_425,0.00,,en,medium,medium,high,true,true,false,
EAQ200515,MUStARD,all,2_426,/root/autodl-tmp/data/datasets/mustard/utterances_final/2_426.mp4,/root/autodl-tmp/data/datasets/mustard/utterances_final/2_426.mp4,/root/autodl-tmp/data/datasets/mustard/sarcasm_data.json#utterance_id=2_426,0.00,,en,medium,medium,high,true,true,false,
EAQ200516,MUStARD,all,2_427,/root/autodl-tmp/data/datasets/mustard/utterances_final/2_427.mp4,/root/autodl-tmp/data/datasets/mustard/utterances_final/2_427.mp4,/root/autodl-tmp/data/datasets/mustard/sarcasm_data.json#utterance_id=2_427,0.00,,en,medium,medium,high,true,true,false,
EAQ200517,MUStARD,all,2_428,/root/autodl-tmp/data/datasets/mustard/utterances_final/2_428.mp4,/root/autodl-tmp/data/datasets/mustard/utterances_final/2_428.mp4,/root/autodl-tmp/data/datasets/mustard/sarcasm_data.json#utterance_id=2_428,0.00,,en,medium,medium,high,true,true,false,
EAQ200518,MUStARD,all,2_429,/root/autodl-tmp/data/datasets/mustard/utterances_final/2_429.mp4,/root/autodl-tmp/data/datasets/mustard/utterances_final/2_429.mp4,/root/autodl-tmp/data/datasets/mustard/sarcasm_data.json#utterance_id=2_429,0.00,,en,medium,medium,high,true,true,true,mustard_label
EAQ200519,MUStARD,all,2_43,/root/autodl-tmp/data/datasets/mustard/utterances_final/2_43.mp4,/root/autodl-tmp/data/datasets/mustard/utterances_final/2_43.mp4,/root/autodl-tmp/data/datasets/mustard/sarcasm_data.json#utterance_id=2_43,0.00,,en,medium,medium,high,true,true,true,mustard_label
EAQ200520,MUStARD,all,2_430,/root/autodl-tmp/data/datasets/mustard/utterances_final/2_430.mp4,/root/autodl-tmp/data/datasets/mustard/utterances_final/2_430.mp4,/root/autodl-tmp/data/datasets/mustard/sarcasm_data.json#utterance_id=2_430,0.00,,en,medium,medium,high,true,true,true,mustard_label
EAQ200521,MUStARD,all,2_431,/root/autodl-tmp/data/datasets/mustard/utterances_final/2_431.mp4,/root/autodl-tmp/data/datasets/mustard/utterances_final/2_431.mp4,/root/autodl-tmp/data/datasets/mustard/sarcasm_data.json#utterance_id=2_431,0.00,,en,medium,medium,high,true,true,false,
EAQ200522,MUStARD,all,2_433,/root/autodl-tmp/data/datasets/mustard/utterances_final/2_433.mp4,/root/autodl-tmp/data/datasets/mustard/utterances_final/2_433.mp4,/root/autodl-tmp/data/datasets/mustard/sarcasm_data.json#utterance_id=2_433,0.00,,en,medium,medium,high,true,true,true,mustard_label
EAQ200523,MUStARD,all,2_434,/root/autodl-tmp/data/datasets/mustard/utterances_final/2_434.mp4,/root/autodl-tmp/data/datasets/mustard/utterances_final/2_434.mp4,/root/autodl-tmp/data/datasets/mustard/sarcasm_data.json#utterance_id=2_434,0.00,,en,medium,medium,high,true,true,true,mustard_label
EAQ200524,MUStARD,all,2_435,/root/autodl-tmp/data/datasets/mustard/utterances_final/2_435.mp4,/root/autodl-tmp/data/datasets/mustard/utterances_final/2_435.mp4,/root/autodl-tmp/data/datasets/mustard/sarcasm_data.json#utterance_id=2_435,0.00,,en,medium,medium,high,true,true,false,
EAQ200525,MUStARD,all,2_437,/root/autodl-tmp/data/datasets/mustard/utterances_final/2_437.mp4,/root/autodl-tmp/data/datasets/mustard/utterances_final/2_437.mp4,/root/autodl-tmp/data/datasets/mustard/sarcasm_data.json#utterance_id=2_437,0.00,,en,medium,medium,high,true,true,false,
EAQ200526,MUStARD,all,2_438,/root/autodl-tmp/data/datasets/mustard/utterances_final/2_438.mp4,/root/autodl-tmp/data/datasets/mustard/utterances_final/2_438.mp4,/root/autodl-tmp/data/datasets/mustard/sarcasm_data.json#utterance_id=2_438,0.00,,en,medium,medium,high,true,true,true,mustard_label
EAQ200527,MUStARD,all,2_439,/root/autodl-tmp/data/datasets/mustard/utterances_final/2_439.mp4,/root/autodl-tmp/data/datasets/mustard/utterances_final/2_439.mp4,/root/autodl-tmp/data/datasets/mustard/sarcasm_data.json#utterance_id=2_439,0.00,,en,medium,medium,high,true,true,false,
EAQ200528,MUStARD,all,2_44,/root/autodl-tmp/data/datasets/mustard/utterances_final/2_44.mp4,/root/autodl-tmp/data/datasets/mustard/utterances_final/2_44.mp4,/root/autodl-tmp/data/datasets/mustard/sarcasm_data.json#utterance_id=2_44,0.00,,en,medium,medium,high,true,true,false,
EAQ200529,MUStARD,all,2_440,/root/autodl-tmp/data/datasets/mustard/utterances_final/2_440.mp4,/root/autodl-tmp/data/datasets/mustard/utterances_final/2_440.mp4,/root/autodl-tmp/data/datasets/mustard/sarcasm_data.json#utterance_id=2_440,0.00,,en,medium,medium,high,true,true,true,mustard_label
EAQ200530,MUStARD,all,2_441,/root/autodl-tmp/data/datasets/mustard/utterances_final/2_441.mp4,/root/autodl-tmp/data/datasets/mustard/utterances_final/2_441.mp4,/root/autodl-tmp/data/datasets/mustard/sarcasm_data.json#utterance_id=2_441,0.00,,en,medium,medium,high,true,true,false,
EAQ200531,MUStARD,all,2_442,/root/autodl-tmp/data/datasets/mustard/utterances_final/2_442.mp4,/root/autodl-tmp/data/datasets/mustard/utterances_final/2_442.mp4,/root/autodl-tmp/data/datasets/mustard/sarcasm_data.json#utterance_id=2_442,0.00,,en,medium,medium,high,true,true,true,mustard_label
EAQ200532,MUStARD,all,2_443,/root/autodl-tmp/data/datasets/mustard/utterances_final/2_443.mp4,/root/autodl-tmp/data/datasets/mustard/utterances_final/2_443.mp4,/root/autodl-tmp/data/datasets/mustard/sarcasm_data.json#utterance_id=2_443,0.00,,en,medium,medium,high,true,true,true,mustard_label
EAQ200533,MUStARD,all,2_444,/root/autodl-tmp/data/datasets/mustard/utterances_final/2_444.mp4,/root/autodl-tmp/data/datasets/mustard/utterances_final/2_444.mp4,/root/autodl-tmp/data/datasets/mustard/sarcasm_data.json#utterance_id=2_444,0.00,,en,medium,medium,high,true,true,false,
EAQ200534,MUStARD,all,2_445,/root/autodl-tmp/data/datasets/mustard/utterances_final/2_445.mp4,/root/autodl-tmp/data/datasets/mustard/utterances_final/2_445.mp4,/root/autodl-tmp/data/datasets/mustard/sarcasm_data.json#utterance_id=2_445,0.00,,en,medium,medium,high,true,true,false,
EAQ200535,MUStARD,all,2_446,/root/autodl-tmp/data/datasets/mustard/utterances_final/2_446.mp4,/root/autodl-tmp/data/datasets/mustard/utterances_final/2_446.mp4,/root/autodl-tmp/data/datasets/mustard/sarcasm_data.json#utterance_id=2_446,0.00,,en,medium,medium,high,true,true,false,
EAQ200536,MUStARD,all,2_447,/root/autodl-tmp/data/datasets/mustard/utterances_final/2_447.mp4,/root/autodl-tmp/data/datasets/mustard/utterances_final/2_447.mp4,/root/autodl-tmp/data/datasets/mustard/sarcasm_data.json#utterance_id=2_447,0.00,,en,medium,medium,high,true,true,true,mustard_label
EAQ200537,MUStARD,all,2_448,/root/autodl-tmp/data/datasets/mustard/utterances_final/2_448.mp4,/root/autodl-tmp/data/datasets/mustard/utterances_final/2_448.mp4,/root/autodl-tmp/data/datasets/mustard/sarcasm_data.json#utterance_id=2_448,0.00,,en,medium,medium,high,true,true,false,
EAQ200538,MUStARD,all,2_449,/root/autodl-tmp/data/datasets/mustard/utterances_final/2_449.mp4,/root/autodl-tmp/data/datasets/mustard/utterances_final/2_449.mp4,/root/autodl-tmp/data/datasets/mustard/sarcasm_data.json#utterance_id=2_449,0.00,,en,medium,medium,high,true,true,true,mustard_label
EAQ200539,MUStARD,all,2_45,/root/autodl-tmp/data/datasets/mustard/utterances_final/2_45.mp4,/root/autodl-tmp/data/datasets/mustard/utterances_final/2_45.mp4,/root/autodl-tmp/data/datasets/mustard/sarcasm_data.json#utterance_id=2_45,0.00,,en,medium,medium,high,true,true,true,mustard_label
EAQ200540,MUStARD,all,2_450,/root/autodl-tmp/data/datasets/mustard/utterances_final/2_450.mp4,/root/autodl-tmp/data/datasets/mustard/utterances_final/2_450.mp4,/root/autodl-tmp/data/datasets/mustard/sarcasm_data.json#utterance_id=2_450,0.00,,en,medium,medium,high,true,true,true,mustard_label
EAQ200541,MUStARD,all,2_454,/root/autodl-tmp/data/datasets/mustard/utterances_final/2_454.mp4,/root/autodl-tmp/data/datasets/mustard/utterances_final/2_454.mp4,/root/autodl-tmp/data/datasets/mustard/sarcasm_data.json#utterance_id=2_454,0.00,,en,medium,medium,high,true,true,false,
EAQ200542,MUStARD,all,2_456,/root/autodl-tmp/data/datasets/mustard/utterances_final/2_456.mp4,/root/autodl-tmp/data/datasets/mustard/utterances_final/2_456.mp4,/root/autodl-tmp/data/datasets/mustard/sarcasm_data.json#utterance_id=2_456,0.00,,en,medium,medium,high,true,true,true,mustard_label
EAQ200543,MUStARD,all,2_457,/root/autodl-tmp/data/datasets/mustard/utterances_final/2_457.mp4,/root/autodl-tmp/data/datasets/mustard/utterances_final/2_457.mp4,/root/autodl-tmp/data/datasets/mustard/sarcasm_data.json#utterance_id=2_457,0.00,,en,medium,medium,high,true,true,true,mustard_label
EAQ200544,MUStARD,all,2_458,/root/autodl-tmp/data/datasets/mustard/utterances_final/2_458.mp4,/root/autodl-tmp/data/datasets/mustard/utterances_final/2_458.mp4,/root/autodl-tmp/data/datasets/mustard/sarcasm_data.json#utterance_id=2_458,0.00,,en,medium,medium,high,true,true,false,
EAQ200545,MUStARD,all,2_461,/root/autodl-tmp/data/datasets/mustard/utterances_final/2_461.mp4,/root/autodl-tmp/data/datasets/mustard/utterances_final/2_461.mp4,/root/autodl-tmp/data/datasets/mustard/sarcasm_data.json#utterance_id=2_461,0.00,,en,medium,medium,high,true,true,true,mustard_label
EAQ200546,MUStARD,all,2_462,/root/autodl-tmp/data/datasets/mustard/utterances_final/2_462.mp4,/root/autodl-tmp/data/datasets/mustard/utterances_final/2_462.mp4,/root/autodl-tmp/data/datasets/mustard/sarcasm_data.json#utterance_id=2_462,0.00,,en,medium,medium,high,true,true,true,mustard_label
EAQ200547,MUStARD,all,2_463,/root/autodl-tmp/data/datasets/mustard/utterances_final/2_463.mp4,/root/autodl-tmp/data/datasets/mustard/utterances_final/2_463.mp4,/root/autodl-tmp/data/datasets/mustard/sarcasm_data.json#utterance_id=2_463,0.00,,en,medium,medium,high,true,true,false,
EAQ200548,MUStARD,all,2_464,/root/autodl-tmp/data/datasets/mustard/utterances_final/2_464.mp4,/root/autodl-tmp/data/datasets/mustard/utterances_final/2_464.mp4,/root/autodl-tmp/data/datasets/mustard/sarcasm_data.json#utterance_id=2_464,0.00,,en,medium,medium,high,true,true,true,mustard_label
EAQ200549,MUStARD,all,2_465,/root/autodl-tmp/data/datasets/mustard/utterances_final/2_465.mp4,/root/autodl-tmp/data/datasets/mustard/utterances_final/2_465.mp4,/root/autodl-tmp/data/datasets/mustard/sarcasm_data.json#utterance_id=2_465,0.00,,en,medium,medium,high,true,true,true,mustard_label
EAQ200550,MUStARD,all,2_467,/root/autodl-tmp/data/datasets/mustard/utterances_final/2_467.mp4,/root/autodl-tmp/data/datasets/mustard/utterances_final/2_467.mp4,/root/autodl-tmp/data/datasets/mustard/sarcasm_data.json#utterance_id=2_467,0.00,,en,medium,medium,high,true,true,false,
EAQ200551,MUStARD,all,2_471,/root/autodl-tmp/data/datasets/mustard/utterances_final/2_471.mp4,/root/autodl-tmp/data/datasets/mustard/utterances_final/2_471.mp4,/root/autodl-tmp/data/datasets/mustard/sarcasm_data.json#utterance_id=2_471,0.00,,en,medium,medium,high,true,true,true,mustard_label
EAQ200552,MUStARD,all,2_472,/root/autodl-tmp/data/datasets/mustard/utterances_final/2_472.mp4,/root/autodl-tmp/data/datasets/mustard/utterances_final/2_472.mp4,/root/autodl-tmp/data/datasets/mustard/sarcasm_data.json#utterance_id=2_472,0.00,,en,medium,medium,high,true,true,false,
EAQ200553,MUStARD,all,2_473,/root/autodl-tmp/data/datasets/mustard/utterances_final/2_473.mp4,/root/autodl-tmp/data/datasets/mustard/utterances_final/2_473.mp4,/root/autodl-tmp/data/datasets/mustard/sarcasm_data.json#utterance_id=2_473,0.00,,en,medium,medium,high,true,true,false,
EAQ200554,MUStARD,all,2_474,/root/autodl-tmp/data/datasets/mustard/utterances_final/2_474.mp4,/root/autodl-tmp/data/datasets/mustard/utterances_final/2_474.mp4,/root/autodl-tmp/data/datasets/mustard/sarcasm_data.json#utterance_id=2_474,0.00,,en,medium,medium,high,true,true,true,mustard_label
EAQ200555,MUStARD,all,2_475,/root/autodl-tmp/data/datasets/mustard/utterances_final/2_475.mp4,/root/autodl-tmp/data/datasets/mustard/utterances_final/2_475.mp4,/root/autodl-tmp/data/datasets/mustard/sarcasm_data.json#utterance_id=2_475,0.00,,en,medium,medium,high,true,true,true,mustard_label
EAQ200556,MUStARD,all,2_477,/root/autodl-tmp/data/datasets/mustard/utterances_final/2_477.mp4,/root/autodl-tmp/data/datasets/mustard/utterances_final/2_477.mp4,/root/autodl-tmp/data/datasets/mustard/sarcasm_data.json#utterance_id=2_477,0.00,,en,medium,medium,high,true,true,false,
EAQ200557,MUStARD,all,2_478,/root/autodl-tmp/data/datasets/mustard/utterances_final/2_478.mp4,/root/autodl-tmp/data/datasets/mustard/utterances_final/2_478.mp4,/root/autodl-tmp/data/datasets/mustard/sarcasm_data.json#utterance_id=2_478,0.00,,en,medium,medium,high,true,true,true,mustard_label
EAQ200558,MUStARD,all,2_479,/root/autodl-tmp/data/datasets/mustard/utterances_final/2_479.mp4,/root/autodl-tmp/data/datasets/mustard/utterances_final/2_479.mp4,/root/autodl-tmp/data/datasets/mustard/sarcasm_data.json#utterance_id=2_479,0.00,,en,medium,medium,high,true,true,true,mustard_label
EAQ200559,MUStARD,all,2_48,/root/autodl-tmp/data/datasets/mustard/utterances_final/2_48.mp4,/root/autodl-tmp/data/datasets/mustard/utterances_final/2_48.mp4,/root/autodl-tmp/data/datasets/mustard/sarcasm_data.json#utterance_id=2_48,0.00,,en,medium,medium,high,true,true,false,
EAQ200560,MUStARD,all,2_481,/root/autodl-tmp/data/datasets/mustard/utterances_final/2_481.mp4,/root/autodl-tmp/data/datasets/mustard/utterances_final/2_481.mp4,/root/autodl-tmp/data/datasets/mustard/sarcasm_data.json#utterance_id=2_481,0.00,,en,medium,medium,high,true,true,false,
EAQ200561,MUStARD,all,2_482,/root/autodl-tmp/data/datasets/mustard/utterances_final/2_482.mp4,/root/autodl-tmp/data/datasets/mustard/utterances_final/2_482.mp4,/root/autodl-tmp/data/datasets/mustard/sarcasm_data.json#utterance_id=2_482,0.00,,en,medium,medium,high,true,true,false,
EAQ200562,MUStARD,all,2_484,/root/autodl-tmp/data/datasets/mustard/utterances_final/2_484.mp4,/root/autodl-tmp/data/datasets/mustard/utterances_final/2_484.mp4,/root/autodl-tmp/data/datasets/mustard/sarcasm_data.json#utterance_id=2_484,0.00,,en,medium,medium,high,true,true,true,mustard_label
EAQ200563,MUStARD,all,2_485,/root/autodl-tmp/data/datasets/mustard/utterances_final/2_485.mp4,/root/autodl-tmp/data/datasets/mustard/utterances_final/2_485.mp4,/root/autodl-tmp/data/datasets/mustard/sarcasm_data.json#utterance_id=2_485,0.00,,en,medium,medium,high,true,true,true,mustard_label
EAQ200564,MUStARD,all,2_486,/root/autodl-tmp/data/datasets/mustard/utterances_final/2_486.mp4,/root/autodl-tmp/data/datasets/mustard/utterances_final/2_486.mp4,/root/autodl-tmp/data/datasets/mustard/sarcasm_data.json#utterance_id=2_486,0.00,,en,medium,medium,high,true,true,false,
EAQ200565,MUStARD,all,2_487,/root/autodl-tmp/data/datasets/mustard/utterances_final/2_487.mp4,/root/autodl-tmp/data/datasets/mustard/utterances_final/2_487.mp4,/root/autodl-tmp/data/datasets/mustard/sarcasm_data.json#utterance_id=2_487,0.00,,en,medium,medium,high,true,true,true,mustard_label
EAQ200566,MUStARD,all,2_488,/root/autodl-tmp/data/datasets/mustard/utterances_final/2_488.mp4,/root/autodl-tmp/data/datasets/mustard/utterances_final/2_488.mp4,/root/autodl-tmp/data/datasets/mustard/sarcasm_data.json#utterance_id=2_488,0.00,,en,medium,medium,high,true,true,false,
EAQ200567,MUStARD,all,2_489,/root/autodl-tmp/data/datasets/mustard/utterances_final/2_489.mp4,/root/autodl-tmp/data/datasets/mustard/utterances_final/2_489.mp4,/root/autodl-tmp/data/datasets/mustard/sarcasm_data.json#utterance_id=2_489,0.00,,en,medium,medium,high,true,true,true,mustard_label
EAQ200568,MUStARD,all,2_49,/root/autodl-tmp/data/datasets/mustard/utterances_final/2_49.mp4,/root/autodl-tmp/data/datasets/mustard/utterances_final/2_49.mp4,/root/autodl-tmp/data/datasets/mustard/sarcasm_data.json#utterance_id=2_49,0.00,,en,medium,medium,high,true,true,false,
EAQ200569,MUStARD,all,2_490,/root/autodl-tmp/data/datasets/mustard/utterances_final/2_490.mp4,/root/autodl-tmp/data/datasets/mustard/utterances_final/2_490.mp4,/root/autodl-tmp/data/datasets/mustard/sarcasm_data.json#utterance_id=2_490,0.00,,en,medium,medium,high,true,true,true,mustard_label
EAQ200570,MUStARD,all,2_491,/root/autodl-tmp/data/datasets/mustard/utterances_final/2_491.mp4,/root/autodl-tmp/data/datasets/mustard/utterances_final/2_491.mp4,/root/autodl-tmp/data/datasets/mustard/sarcasm_data.json#utterance_id=2_491,0.00,,en,medium,medium,high,true,true,true,mustard_label
EAQ200571,MUStARD,all,2_492,/root/autodl-tmp/data/datasets/mustard/utterances_final/2_492.mp4,/root/autodl-tmp/data/datasets/mustard/utterances_final/2_492.mp4,/root/autodl-tmp/data/datasets/mustard/sarcasm_data.json#utterance_id=2_492,0.00,,en,medium,medium,high,true,true,true,mustard_label
EAQ200572,MUStARD,all,2_493,/root/autodl-tmp/data/datasets/mustard/utterances_final/2_493.mp4,/root/autodl-tmp/data/datasets/mustard/utterances_final/2_493.mp4,/root/autodl-tmp/data/datasets/mustard/sarcasm_data.json#utterance_id=2_493,0.00,,en,medium,medium,high,true,true,true,mustard_label
EAQ200573,MUStARD,all,2_494,/root/autodl-tmp/data/datasets/mustard/utterances_final/2_494.mp4,/root/autodl-tmp/data/datasets/mustard/utterances_final/2_494.mp4,/root/autodl-tmp/data/datasets/mustard/sarcasm_data.json#utterance_id=2_494,0.00,,en,medium,medium,high,true,true,true,mustard_label
EAQ200574,MUStARD,all,2_495,/root/autodl-tmp/data/datasets/mustard/utterances_final/2_495.mp4,/root/autodl-tmp/data/datasets/mustard/utterances_final/2_495.mp4,/root/autodl-tmp/data/datasets/mustard/sarcasm_data.json#utterance_id=2_495,0.00,,en,medium,medium,high,true,true,false,
EAQ200575,MUStARD,all,2_498,/root/autodl-tmp/data/datasets/mustard/utterances_final/2_498.mp4,/root/autodl-tmp/data/datasets/mustard/utterances_final/2_498.mp4,/root/autodl-tmp/data/datasets/mustard/sarcasm_data.json#utterance_id=2_498,0.00,,en,medium,medium,high,true,true,true,mustard_label
EAQ200576,MUStARD,all,2_499,/root/autodl-tmp/data/datasets/mustard/utterances_final/2_499.mp4,/root/autodl-tmp/data/datasets/mustard/utterances_final/2_499.mp4,/root/autodl-tmp/data/datasets/mustard/sarcasm_data.json#utterance_id=2_499,0.00,,en,medium,medium,high,true,true,false,
EAQ200577,MUStARD,all,2_50,/root/autodl-tmp/data/datasets/mustard/utterances_final/2_50.mp4,/root/autodl-tmp/data/datasets/mustard/utterances_final/2_50.mp4,/root/autodl-tmp/data/datasets/mustard/sarcasm_data.json#utterance_id=2_50,0.00,,en,medium,medium,high,true,true,true,mustard_label
EAQ200578,MUStARD,all,2_500,/root/autodl-tmp/data/datasets/mustard/utterances_final/2_500.mp4,/root/autodl-tmp/data/datasets/mustard/utterances_final/2_500.mp4,/root/autodl-tmp/data/datasets/mustard/sarcasm_data.json#utterance_id=2_500,0.00,,en,medium,medium,high,true,true,true,mustard_label
EAQ200579,MUStARD,all,2_502,/root/autodl-tmp/data/datasets/mustard/utterances_final/2_502.mp4,/root/autodl-tmp/data/datasets/mustard/utterances_final/2_502.mp4,/root/autodl-tmp/data/datasets/mustard/sarcasm_data.json#utterance_id=2_502,0.00,,en,medium,medium,high,true,true,true,mustard_label
EAQ200580,MUStARD,all,2_504,/root/autodl-tmp/data/datasets/mustard/utterances_final/2_504.mp4,/root/autodl-tmp/data/datasets/mustard/utterances_final/2_504.mp4,/root/autodl-tmp/data/datasets/mustard/sarcasm_data.json#utterance_id=2_504,0.00,,en,medium,medium,high,true,true,true,mustard_label
EAQ200581,MUStARD,all,2_505,/root/autodl-tmp/data/datasets/mustard/utterances_final/2_505.mp4,/root/autodl-tmp/data/datasets/mustard/utterances_final/2_505.mp4,/root/autodl-tmp/data/datasets/mustard/sarcasm_data.json#utterance_id=2_505,0.00,,en,medium,medium,high,true,true,true,mustard_label
EAQ200582,MUStARD,all,2_506,/root/autodl-tmp/data/datasets/mustard/utterances_final/2_506.mp4,/root/autodl-tmp/data/datasets/mustard/utterances_final/2_506.mp4,/root/autodl-tmp/data/datasets/mustard/sarcasm_data.json#utterance_id=2_506,0.00,,en,medium,medium,high,true,true,false,
EAQ200583,MUStARD,all,2_507,/root/autodl-tmp/data/datasets/mustard/utterances_final/2_507.mp4,/root/autodl-tmp/data/datasets/mustard/utterances_final/2_507.mp4,/root/autodl-tmp/data/datasets/mustard/sarcasm_data.json#utterance_id=2_507,0.00,,en,medium,medium,high,true,true,true,mustard_label
EAQ200584,MUStARD,all,2_508,/root/autodl-tmp/data/datasets/mustard/utterances_final/2_508.mp4,/root/autodl-tmp/data/datasets/mustard/utterances_final/2_508.mp4,/root/autodl-tmp/data/datasets/mustard/sarcasm_data.json#utterance_id=2_508,0.00,,en,medium,medium,high,true,true,true,mustard_label
EAQ200585,MUStARD,all,2_509,/root/autodl-tmp/data/datasets/mustard/utterances_final/2_509.mp4,/root/autodl-tmp/data/datasets/mustard/utterances_final/2_509.mp4,/root/autodl-tmp/data/datasets/mustard/sarcasm_data.json#utterance_id=2_509,0.00,,en,medium,medium,high,true,true,true,mustard_label
EAQ200586,MUStARD,all,2_51,/root/autodl-tmp/data/datasets/mustard/utterances_final/2_51.mp4,/root/autodl-tmp/data/datasets/mustard/utterances_final/2_51.mp4,/root/autodl-tmp/data/datasets/mustard/sarcasm_data.json#utterance_id=2_51,0.00,,en,medium,medium,high,true,true,false,
EAQ200587,MUStARD,all,2_511,/root/autodl-tmp/data/datasets/mustard/utterances_final/2_511.mp4,/root/autodl-tmp/data/datasets/mustard/utterances_final/2_511.mp4,/root/autodl-tmp/data/datasets/mustard/sarcasm_data.json#utterance_id=2_511,0.00,,en,medium,medium,high,true,true,true,mustard_label
EAQ200588,MUStARD,all,2_512,/root/autodl-tmp/data/datasets/mustard/utterances_final/2_512.mp4,/root/autodl-tmp/data/datasets/mustard/utterances_final/2_512.mp4,/root/autodl-tmp/data/datasets/mustard/sarcasm_data.json#utterance_id=2_512,0.00,,en,medium,medium,high,true,true,true,mustard_label
EAQ200589,MUStARD,all,2_514,/root/autodl-tmp/data/datasets/mustard/utterances_final/2_514.mp4,/root/autodl-tmp/data/datasets/mustard/utterances_final/2_514.mp4,/root/autodl-tmp/data/datasets/mustard/sarcasm_data.json#utterance_id=2_514,0.00,,en,medium,medium,high,true,true,false,
EAQ200590,MUStARD,all,2_517,/root/autodl-tmp/data/datasets/mustard/utterances_final/2_517.mp4,/root/autodl-tmp/data/datasets/mustard/utterances_final/2_517.mp4,/root/autodl-tmp/data/datasets/mustard/sarcasm_data.json#utterance_id=2_517,0.00,,en,medium,medium,high,true,true,false,
EAQ200591,MUStARD,all,2_518,/root/autodl-tmp/data/datasets/mustard/utterances_final/2_518.mp4,/root/autodl-tmp/data/datasets/mustard/utterances_final/2_518.mp4,/root/autodl-tmp/data/datasets/mustard/sarcasm_data.json#utterance_id=2_518,0.00,,en,medium,medium,high,true,true,true,mustard_label
EAQ200592,MUStARD,all,2_521,/root/autodl-tmp/data/datasets/mustard/utterances_final/2_521.mp4,/root/autodl-tmp/data/datasets/mustard/utterances_final/2_521.mp4,/root/autodl-tmp/data/datasets/mustard/sarcasm_data.json#utterance_id=2_521,0.00,,en,medium,medium,high,true,true,false,
EAQ200593,MUStARD,all,2_522,/root/autodl-tmp/data/datasets/mustard/utterances_final/2_522.mp4,/root/autodl-tmp/data/datasets/mustard/utterances_final/2_522.mp4,/root/autodl-tmp/data/datasets/mustard/sarcasm_data.json#utterance_id=2_522,0.00,,en,medium,medium,high,true,true,false,
EAQ200594,MUStARD,all,2_523,/root/autodl-tmp/data/datasets/mustard/utterances_final/2_523.mp4,/root/autodl-tmp/data/datasets/mustard/utterances_final/2_523.mp4,/root/autodl-tmp/data/datasets/mustard/sarcasm_data.json#utterance_id=2_523,0.00,,en,medium,medium,high,true,true,true,mustard_label
EAQ200595,MUStARD,all,2_524,/root/autodl-tmp/data/datasets/mustard/utterances_final/2_524.mp4,/root/autodl-tmp/data/datasets/mustard/utterances_final/2_524.mp4,/root/autodl-tmp/data/datasets/mustard/sarcasm_data.json#utterance_id=2_524,0.00,,en,medium,medium,high,true,true,true,mustard_label
EAQ200596,MUStARD,all,2_525,/root/autodl-tmp/data/datasets/mustard/utterances_final/2_525.mp4,/root/autodl-tmp/data/datasets/mustard/utterances_final/2_525.mp4,/root/autodl-tmp/data/datasets/mustard/sarcasm_data.json#utterance_id=2_525,0.00,,en,medium,medium,high,true,true,false,
EAQ200597,MUStARD,all,2_526,/root/autodl-tmp/data/datasets/mustard/utterances_final/2_526.mp4,/root/autodl-tmp/data/datasets/mustard/utterances_final/2_526.mp4,/root/autodl-tmp/data/datasets/mustard/sarcasm_data.json#utterance_id=2_526,0.00,,en,medium,medium,high,true,true,false,
EAQ200598,MUStARD,all,2_527,/root/autodl-tmp/data/datasets/mustard/utterances_final/2_527.mp4,/root/autodl-tmp/data/datasets/mustard/utterances_final/2_527.mp4,/root/autodl-tmp/data/datasets/mustard/sarcasm_data.json#utterance_id=2_527,0.00,,en,medium,medium,high,true,true,true,mustard_label
EAQ200599,MUStARD,all,2_53,/root/autodl-tmp/data/datasets/mustard/utterances_final/2_53.mp4,/root/autodl-tmp/data/datasets/mustard/utterances_final/2_53.mp4,/root/autodl-tmp/data/datasets/mustard/sarcasm_data.json#utterance_id=2_53,0.00,,en,medium,medium,high,true,true,false,
EAQ200600,MUStARD,all,2_530,/root/autodl-tmp/data/datasets/mustard/utterances_final/2_530.mp4,/root/autodl-tmp/data/datasets/mustard/utterances_final/2_530.mp4,/root/autodl-tmp/data/datasets/mustard/sarcasm_data.json#utterance_id=2_530,0.00,,en,medium,medium,high,true,true,false,
EAQ200601,MUStARD,all,2_531,/root/autodl-tmp/data/datasets/mustard/utterances_final/2_531.mp4,/root/autodl-tmp/data/datasets/mustard/utterances_final/2_531.mp4,/root/autodl-tmp/data/datasets/mustard/sarcasm_data.json#utterance_id=2_531,0.00,,en,medium,medium,high,true,true,false,
EAQ200602,MUStARD,all,2_532,/root/autodl-tmp/data/datasets/mustard/utterances_final/2_532.mp4,/root/autodl-tmp/data/datasets/mustard/utterances_final/2_532.mp4,/root/autodl-tmp/data/datasets/mustard/sarcasm_data.json#utterance_id=2_532,0.00,,en,medium,medium,high,true,true,true,mustard_label
EAQ200603,MUStARD,all,2_534,/root/autodl-tmp/data/datasets/mustard/utterances_final/2_534.mp4,/root/autodl-tmp/data/datasets/mustard/utterances_final/2_534.mp4,/root/autodl-tmp/data/datasets/mustard/sarcasm_data.json#utterance_id=2_534,0.00,,en,medium,medium,high,true,true,false,
EAQ200604,MUStARD,all,2_535,/root/autodl-tmp/data/datasets/mustard/utterances_final/2_535.mp4,/root/autodl-tmp/data/datasets/mustard/utterances_final/2_535.mp4,/root/autodl-tmp/data/datasets/mustard/sarcasm_data.json#utterance_id=2_535,0.00,,en,medium,medium,high,true,true,false,
EAQ200605,MUStARD,all,2_536,/root/autodl-tmp/data/datasets/mustard/utterances_final/2_536.mp4,/root/autodl-tmp/data/datasets/mustard/utterances_final/2_536.mp4,/root/autodl-tmp/data/datasets/mustard/sarcasm_data.json#utterance_id=2_536,0.00,,en,medium,medium,high,true,true,false,
EAQ200606,MUStARD,all,2_537,/root/autodl-tmp/data/datasets/mustard/utterances_final/2_537.mp4,/root/autodl-tmp/data/datasets/mustard/utterances_final/2_537.mp4,/root/autodl-tmp/data/datasets/mustard/sarcasm_data.json#utterance_id=2_537,0.00,,en,medium,medium,high,true,true,false,
EAQ200607,MUStARD,all,2_54,/root/autodl-tmp/data/datasets/mustard/utterances_final/2_54.mp4,/root/autodl-tmp/data/datasets/mustard/utterances_final/2_54.mp4,/root/autodl-tmp/data/datasets/mustard/sarcasm_data.json#utterance_id=2_54,0.00,,en,medium,medium,high,true,true,true,mustard_label
EAQ200608,MUStARD,all,2_540,/root/autodl-tmp/data/datasets/mustard/utterances_final/2_540.mp4,/root/autodl-tmp/data/datasets/mustard/utterances_final/2_540.mp4,/root/autodl-tmp/data/datasets/mustard/sarcasm_data.json#utterance_id=2_540,0.00,,en,medium,medium,high,true,true,false,
EAQ200609,MUStARD,all,2_541,/root/autodl-tmp/data/datasets/mustard/utterances_final/2_541.mp4,/root/autodl-tmp/data/datasets/mustard/utterances_final/2_541.mp4,/root/autodl-tmp/data/datasets/mustard/sarcasm_data.json#utterance_id=2_541,0.00,,en,medium,medium,high,true,true,true,mustard_label
EAQ200610,MUStARD,all,2_542,/root/autodl-tmp/data/datasets/mustard/utterances_final/2_542.mp4,/root/autodl-tmp/data/datasets/mustard/utterances_final/2_542.mp4,/root/autodl-tmp/data/datasets/mustard/sarcasm_data.json#utterance_id=2_542,0.00,,en,medium,medium,high,true,true,true,mustard_label
EAQ200611,MUStARD,all,2_546,/root/autodl-tmp/data/datasets/mustard/utterances_final/2_546.mp4,/root/autodl-tmp/data/datasets/mustard/utterances_final/2_546.mp4,/root/autodl-tmp/data/datasets/mustard/sarcasm_data.json#utterance_id=2_546,0.00,,en,medium,medium,high,true,true,true,mustard_label
EAQ200612,MUStARD,all,2_547,/root/autodl-tmp/data/datasets/mustard/utterances_final/2_547.mp4,/root/autodl-tmp/data/datasets/mustard/utterances_final/2_547.mp4,/root/autodl-tmp/data/datasets/mustard/sarcasm_data.json#utterance_id=2_547,0.00,,en,medium,medium,high,true,true,false,
EAQ200613,MUStARD,all,2_548,/root/autodl-tmp/data/datasets/mustard/utterances_final/2_548.mp4,/root/autodl-tmp/data/datasets/mustard/utterances_final/2_548.mp4,/root/autodl-tmp/data/datasets/mustard/sarcasm_data.json#utterance_id=2_548,0.00,,en,medium,medium,high,true,true,true,mustard_label
EAQ200614,MUStARD,all,2_549,/root/autodl-tmp/data/datasets/mustard/utterances_final/2_549.mp4,/root/autodl-tmp/data/datasets/mustard/utterances_final/2_549.mp4,/root/autodl-tmp/data/datasets/mustard/sarcasm_data.json#utterance_id=2_549,0.00,,en,medium,medium,high,true,true,false,
EAQ200615,MUStARD,all,2_55,/root/autodl-tmp/data/datasets/mustard/utterances_final/2_55.mp4,/root/autodl-tmp/data/datasets/mustard/utterances_final/2_55.mp4,/root/autodl-tmp/data/datasets/mustard/sarcasm_data.json#utterance_id=2_55,0.00,,en,medium,medium,high,true,true,false,
EAQ200616,MUStARD,all,2_550,/root/autodl-tmp/data/datasets/mustard/utterances_final/2_550.mp4,/root/autodl-tmp/data/datasets/mustard/utterances_final/2_550.mp4,/root/autodl-tmp/data/datasets/mustard/sarcasm_data.json#utterance_id=2_550,0.00,,en,medium,medium,high,true,true,true,mustard_label
EAQ200617,MUStARD,all,2_552,/root/autodl-tmp/data/datasets/mustard/utterances_final/2_552.mp4,/root/autodl-tmp/data/datasets/mustard/utterances_final/2_552.mp4,/root/autodl-tmp/data/datasets/mustard/sarcasm_data.json#utterance_id=2_552,0.00,,en,medium,medium,high,true,true,false,
EAQ200618,MUStARD,all,2_553,/root/autodl-tmp/data/datasets/mustard/utterances_final/2_553.mp4,/root/autodl-tmp/data/datasets/mustard/utterances_final/2_553.mp4,/root/autodl-tmp/data/datasets/mustard/sarcasm_data.json#utterance_id=2_553,0.00,,en,medium,medium,high,true,true,false,
EAQ200619,MUStARD,all,2_555,/root/autodl-tmp/data/datasets/mustard/utterances_final/2_555.mp4,/root/autodl-tmp/data/datasets/mustard/utterances_final/2_555.mp4,/root/autodl-tmp/data/datasets/mustard/sarcasm_data.json#utterance_id=2_555,0.00,,en,medium,medium,high,true,true,false,
EAQ200620,MUStARD,all,2_556,/root/autodl-tmp/data/datasets/mustard/utterances_final/2_556.mp4,/root/autodl-tmp/data/datasets/mustard/utterances_final/2_556.mp4,/root/autodl-tmp/data/datasets/mustard/sarcasm_data.json#utterance_id=2_556,0.00,,en,medium,medium,high,true,true,true,mustard_label
EAQ200621,MUStARD,all,2_557,/root/autodl-tmp/data/datasets/mustard/utterances_final/2_557.mp4,/root/autodl-tmp/data/datasets/mustard/utterances_final/2_557.mp4,/root/autodl-tmp/data/datasets/mustard/sarcasm_data.json#utterance_id=2_557,0.00,,en,medium,medium,high,true,true,false,
EAQ200622,MUStARD,all,2_558,/root/autodl-tmp/data/datasets/mustard/utterances_final/2_558.mp4,/root/autodl-tmp/data/datasets/mustard/utterances_final/2_558.mp4,/root/autodl-tmp/data/datasets/mustard/sarcasm_data.json#utterance_id=2_558,0.00,,en,medium,medium,high,true,true,true,mustard_label
EAQ200623,MUStARD,all,2_559,/root/autodl-tmp/data/datasets/mustard/utterances_final/2_559.mp4,/root/autodl-tmp/data/datasets/mustard/utterances_final/2_559.mp4,/root/autodl-tmp/data/datasets/mustard/sarcasm_data.json#utterance_id=2_559,0.00,,en,medium,medium,high,true,true,false,
EAQ200624,MUStARD,all,2_56,/root/autodl-tmp/data/datasets/mustard/utterances_final/2_56.mp4,/root/autodl-tmp/data/datasets/mustard/utterances_final/2_56.mp4,/root/autodl-tmp/data/datasets/mustard/sarcasm_data.json#utterance_id=2_56,0.00,,en,medium,medium,high,true,true,false,
EAQ200625,MUStARD,all,2_560,/root/autodl-tmp/data/datasets/mustard/utterances_final/2_560.mp4,/root/autodl-tmp/data/datasets/mustard/utterances_final/2_560.mp4,/root/autodl-tmp/data/datasets/mustard/sarcasm_data.json#utterance_id=2_560,0.00,,en,medium,medium,high,true,true,true,mustard_label
EAQ200626,MUStARD,all,2_562,/root/autodl-tmp/data/datasets/mustard/utterances_final/2_562.mp4,/root/autodl-tmp/data/datasets/mustard/utterances_final/2_562.mp4,/root/autodl-tmp/data/datasets/mustard/sarcasm_data.json#utterance_id=2_562,0.00,,en,medium,medium,high,true,true,false,
EAQ200627,MUStARD,all,2_564,/root/autodl-tmp/data/datasets/mustard/utterances_final/2_564.mp4,/root/autodl-tmp/data/datasets/mustard/utterances_final/2_564.mp4,/root/autodl-tmp/data/datasets/mustard/sarcasm_data.json#utterance_id=2_564,0.00,,en,medium,medium,high,true,true,false,
EAQ200628,MUStARD,all,2_567,/root/autodl-tmp/data/datasets/mustard/utterances_final/2_567.mp4,/root/autodl-tmp/data/datasets/mustard/utterances_final/2_567.mp4,/root/autodl-tmp/data/datasets/mustard/sarcasm_data.json#utterance_id=2_567,0.00,,en,medium,medium,high,true,true,true,mustard_label
EAQ200629,MUStARD,all,2_569,/root/autodl-tmp/data/datasets/mustard/utterances_final/2_569.mp4,/root/autodl-tmp/data/datasets/mustard/utterances_final/2_569.mp4,/root/autodl-tmp/data/datasets/mustard/sarcasm_data.json#utterance_id=2_569,0.00,,en,medium,medium,high,true,true,false,
EAQ200630,MUStARD,all,2_570,/root/autodl-tmp/data/datasets/mustard/utterances_final/2_570.mp4,/root/autodl-tmp/data/datasets/mustard/utterances_final/2_570.mp4,/root/autodl-tmp/data/datasets/mustard/sarcasm_data.json#utterance_id=2_570,0.00,,en,medium,medium,high,true,true,false,
EAQ200631,MUStARD,all,2_572,/root/autodl-tmp/data/datasets/mustard/utterances_final/2_572.mp4,/root/autodl-tmp/data/datasets/mustard/utterances_final/2_572.mp4,/root/autodl-tmp/data/datasets/mustard/sarcasm_data.json#utterance_id=2_572,0.00,,en,medium,medium,high,true,true,false,
EAQ200632,MUStARD,all,2_573,/root/autodl-tmp/data/datasets/mustard/utterances_final/2_573.mp4,/root/autodl-tmp/data/datasets/mustard/utterances_final/2_573.mp4,/root/autodl-tmp/data/datasets/mustard/sarcasm_data.json#utterance_id=2_573,0.00,,en,medium,medium,high,true,true,true,mustard_label
EAQ200633,MUStARD,all,2_574,/root/autodl-tmp/data/datasets/mustard/utterances_final/2_574.mp4,/root/autodl-tmp/data/datasets/mustard/utterances_final/2_574.mp4,/root/autodl-tmp/data/datasets/mustard/sarcasm_data.json#utterance_id=2_574,0.00,,en,medium,medium,high,true,true,false,
EAQ200634,MUStARD,all,2_575,/root/autodl-tmp/data/datasets/mustard/utterances_final/2_575.mp4,/root/autodl-tmp/data/datasets/mustard/utterances_final/2_575.mp4,/root/autodl-tmp/data/datasets/mustard/sarcasm_data.json#utterance_id=2_575,0.00,,en,medium,medium,high,true,true,true,mustard_label
EAQ200635,MUStARD,all,2_576,/root/autodl-tmp/data/datasets/mustard/utterances_final/2_576.mp4,/root/autodl-tmp/data/datasets/mustard/utterances_final/2_576.mp4,/root/autodl-tmp/data/datasets/mustard/sarcasm_data.json#utterance_id=2_576,0.00,,en,medium,medium,high,true,true,false,
EAQ200636,MUStARD,all,2_577,/root/autodl-tmp/data/datasets/mustard/utterances_final/2_577.mp4,/root/autodl-tmp/data/datasets/mustard/utterances_final/2_577.mp4,/root/autodl-tmp/data/datasets/mustard/sarcasm_data.json#utterance_id=2_577,0.00,,en,medium,medium,high,true,true,false,
EAQ200637,MUStARD,all,2_579,/root/autodl-tmp/data/datasets/mustard/utterances_final/2_579.mp4,/root/autodl-tmp/data/datasets/mustard/utterances_final/2_579.mp4,/root/autodl-tmp/data/datasets/mustard/sarcasm_data.json#utterance_id=2_579,0.00,,en,medium,medium,high,true,true,false,
EAQ200638,MUStARD,all,2_58,/root/autodl-tmp/data/datasets/mustard/utterances_final/2_58.mp4,/root/autodl-tmp/data/datasets/mustard/utterances_final/2_58.mp4,/root/autodl-tmp/data/datasets/mustard/sarcasm_data.json#utterance_id=2_58,0.00,,en,medium,medium,high,true,true,false,
EAQ200639,MUStARD,all,2_581,/root/autodl-tmp/data/datasets/mustard/utterances_final/2_581.mp4,/root/autodl-tmp/data/datasets/mustard/utterances_final/2_581.mp4,/root/autodl-tmp/data/datasets/mustard/sarcasm_data.json#utterance_id=2_581,0.00,,en,medium,medium,high,true,true,true,mustard_label
EAQ200640,MUStARD,all,2_583,/root/autodl-tmp/data/datasets/mustard/utterances_final/2_583.mp4,/root/autodl-tmp/data/datasets/mustard/utterances_final/2_583.mp4,/root/autodl-tmp/data/datasets/mustard/sarcasm_data.json#utterance_id=2_583,0.00,,en,medium,medium,high,true,true,true,mustard_label
EAQ200641,MUStARD,all,2_585,/root/autodl-tmp/data/datasets/mustard/utterances_final/2_585.mp4,/root/autodl-tmp/data/datasets/mustard/utterances_final/2_585.mp4,/root/autodl-tmp/data/datasets/mustard/sarcasm_data.json#utterance_id=2_585,0.00,,en,medium,medium,high,true,true,false,
EAQ200642,MUStARD,all,2_586,/root/autodl-tmp/data/datasets/mustard/utterances_final/2_586.mp4,/root/autodl-tmp/data/datasets/mustard/utterances_final/2_586.mp4,/root/autodl-tmp/data/datasets/mustard/sarcasm_data.json#utterance_id=2_586,0.00,,en,medium,medium,high,true,true,true,mustard_label
EAQ200643,MUStARD,all,2_587,/root/autodl-tmp/data/datasets/mustard/utterances_final/2_587.mp4,/root/autodl-tmp/data/datasets/mustard/utterances_final/2_587.mp4,/root/autodl-tmp/data/datasets/mustard/sarcasm_data.json#utterance_id=2_587,0.00,,en,medium,medium,high,true,true,true,mustard_label
EAQ200644,MUStARD,all,2_588,/root/autodl-tmp/data/datasets/mustard/utterances_final/2_588.mp4,/root/autodl-tmp/data/datasets/mustard/utterances_final/2_588.mp4,/root/autodl-tmp/data/datasets/mustard/sarcasm_data.json#utterance_id=2_588,0.00,,en,medium,medium,high,true,true,false,
EAQ200645,MUStARD,all,2_589,/root/autodl-tmp/data/datasets/mustard/utterances_final/2_589.mp4,/root/autodl-tmp/data/datasets/mustard/utterances_final/2_589.mp4,/root/autodl-tmp/data/datasets/mustard/sarcasm_data.json#utterance_id=2_589,0.00,,en,medium,medium,high,true,true,true,mustard_label
EAQ200646,MUStARD,all,2_590,/root/autodl-tmp/data/datasets/mustard/utterances_final/2_590.mp4,/root/autodl-tmp/data/datasets/mustard/utterances_final/2_590.mp4,/root/autodl-tmp/data/datasets/mustard/sarcasm_data.json#utterance_id=2_590,0.00,,en,medium,medium,high,true,true,false,
EAQ200647,MUStARD,all,2_591,/root/autodl-tmp/data/datasets/mustard/utterances_final/2_591.mp4,/root/autodl-tmp/data/datasets/mustard/utterances_final/2_591.mp4,/root/autodl-tmp/data/datasets/mustard/sarcasm_data.json#utterance_id=2_591,0.00,,en,medium,medium,high,true,true,false,
EAQ200648,MUStARD,all,2_594,/root/autodl-tmp/data/datasets/mustard/utterances_final/2_594.mp4,/root/autodl-tmp/data/datasets/mustard/utterances_final/2_594.mp4,/root/autodl-tmp/data/datasets/mustard/sarcasm_data.json#utterance_id=2_594,0.00,,en,medium,medium,high,true,true,false,
EAQ200649,MUStARD,all,2_595,/root/autodl-tmp/data/datasets/mustard/utterances_final/2_595.mp4,/root/autodl-tmp/data/datasets/mustard/utterances_final/2_595.mp4,/root/autodl-tmp/data/datasets/mustard/sarcasm_data.json#utterance_id=2_595,0.00,,en,medium,medium,high,true,true,false,
EAQ200650,MUStARD,all,2_596,/root/autodl-tmp/data/datasets/mustard/utterances_final/2_596.mp4,/root/autodl-tmp/data/datasets/mustard/utterances_final/2_596.mp4,/root/autodl-tmp/data/datasets/mustard/sarcasm_data.json#utterance_id=2_596,0.00,,en,medium,medium,high,true,true,true,mustard_label
EAQ200651,MUStARD,all,2_598,/root/autodl-tmp/data/datasets/mustard/utterances_final/2_598.mp4,/root/autodl-tmp/data/datasets/mustard/utterances_final/2_598.mp4,/root/autodl-tmp/data/datasets/mustard/sarcasm_data.json#utterance_id=2_598,0.00,,en,medium,medium,high,true,true,true,mustard_label
EAQ200652,MUStARD,all,2_599,/root/autodl-tmp/data/datasets/mustard/utterances_final/2_599.mp4,/root/autodl-tmp/data/datasets/mustard/utterances_final/2_599.mp4,/root/autodl-tmp/data/datasets/mustard/sarcasm_data.json#utterance_id=2_599,0.00,,en,medium,medium,high,true,true,true,mustard_label
EAQ200653,MUStARD,all,2_602,/root/autodl-tmp/data/datasets/mustard/utterances_final/2_602.mp4,/root/autodl-tmp/data/datasets/mustard/utterances_final/2_602.mp4,/root/autodl-tmp/data/datasets/mustard/sarcasm_data.json#utterance_id=2_602,0.00,,en,medium,medium,high,true,true,false,
EAQ200654,MUStARD,all,2_604,/root/autodl-tmp/data/datasets/mustard/utterances_final/2_604.mp4,/root/autodl-tmp/data/datasets/mustard/utterances_final/2_604.mp4,/root/autodl-tmp/data/datasets/mustard/sarcasm_data.json#utterance_id=2_604,0.00,,en,medium,medium,high,true,true,true,mustard_label
EAQ200655,MUStARD,all,2_607,/root/autodl-tmp/data/datasets/mustard/utterances_final/2_607.mp4,/root/autodl-tmp/data/datasets/mustard/utterances_final/2_607.mp4,/root/autodl-tmp/data/datasets/mustard/sarcasm_data.json#utterance_id=2_607,0.00,,en,medium,medium,high,true,true,false,
EAQ200656,MUStARD,all,2_608,/root/autodl-tmp/data/datasets/mustard/utterances_final/2_608.mp4,/root/autodl-tmp/data/datasets/mustard/utterances_final/2_608.mp4,/root/autodl-tmp/data/datasets/mustard/sarcasm_data.json#utterance_id=2_608,0.00,,en,medium,medium,high,true,true,true,mustard_label
EAQ200657,MUStARD,all,2_609,/root/autodl-tmp/data/datasets/mustard/utterances_final/2_609.mp4,/root/autodl-tmp/data/datasets/mustard/utterances_final/2_609.mp4,/root/autodl-tmp/data/datasets/mustard/sarcasm_data.json#utterance_id=2_609,0.00,,en,medium,medium,high,true,true,false,
EAQ200658,MUStARD,all,2_611,/root/autodl-tmp/data/datasets/mustard/utterances_final/2_611.mp4,/root/autodl-tmp/data/datasets/mustard/utterances_final/2_611.mp4,/root/autodl-tmp/data/datasets/mustard/sarcasm_data.json#utterance_id=2_611,0.00,,en,medium,medium,high,true,true,true,mustard_label
EAQ200659,MUStARD,all,2_612,/root/autodl-tmp/data/datasets/mustard/utterances_final/2_612.mp4,/root/autodl-tmp/data/datasets/mustard/utterances_final/2_612.mp4,/root/autodl-tmp/data/datasets/mustard/sarcasm_data.json#utterance_id=2_612,0.00,,en,medium,medium,high,true,true,true,mustard_label
EAQ200660,MUStARD,all,2_615,/root/autodl-tmp/data/datasets/mustard/utterances_final/2_615.mp4,/root/autodl-tmp/data/datasets/mustard/utterances_final/2_615.mp4,/root/autodl-tmp/data/datasets/mustard/sarcasm_data.json#utterance_id=2_615,0.00,,en,medium,medium,high,true,true,false,
EAQ200661,MUStARD,all,2_617,/root/autodl-tmp/data/datasets/mustard/utterances_final/2_617.mp4,/root/autodl-tmp/data/datasets/mustard/utterances_final/2_617.mp4,/root/autodl-tmp/data/datasets/mustard/sarcasm_data.json#utterance_id=2_617,0.00,,en,medium,medium,high,true,true,true,mustard_label
EAQ200662,MUStARD,all,2_622,/root/autodl-tmp/data/datasets/mustard/utterances_final/2_622.mp4,/root/autodl-tmp/data/datasets/mustard/utterances_final/2_622.mp4,/root/autodl-tmp/data/datasets/mustard/sarcasm_data.json#utterance_id=2_622,0.00,,en,medium,medium,high,true,true,true,mustard_label
EAQ200663,MUStARD,all,2_623,/root/autodl-tmp/data/datasets/mustard/utterances_final/2_623.mp4,/root/autodl-tmp/data/datasets/mustard/utterances_final/2_623.mp4,/root/autodl-tmp/data/datasets/mustard/sarcasm_data.json#utterance_id=2_623,0.00,,en,medium,medium,high,true,true,true,mustard_label
EAQ200664,MUStARD,all,2_626,/root/autodl-tmp/data/datasets/mustard/utterances_final/2_626.mp4,/root/autodl-tmp/data/datasets/mustard/utterances_final/2_626.mp4,/root/autodl-tmp/data/datasets/mustard/sarcasm_data.json#utterance_id=2_626,0.00,,en,medium,medium,high,true,true,false,
EAQ200665,MUStARD,all,2_627,/root/autodl-tmp/data/datasets/mustard/utterances_final/2_627.mp4,/root/autodl-tmp/data/datasets/mustard/utterances_final/2_627.mp4,/root/autodl-tmp/data/datasets/mustard/sarcasm_data.json#utterance_id=2_627,0.00,,en,medium,medium,high,true,true,false,
EAQ200666,MUStARD,all,2_65,/root/autodl-tmp/data/datasets/mustard/utterances_final/2_65.mp4,/root/autodl-tmp/data/datasets/mustard/utterances_final/2_65.mp4,/root/autodl-tmp/data/datasets/mustard/sarcasm_data.json#utterance_id=2_65,0.00,,en,medium,medium,high,true,true,false,
EAQ200667,MUStARD,all,2_66,/root/autodl-tmp/data/datasets/mustard/utterances_final/2_66.mp4,/root/autodl-tmp/data/datasets/mustard/utterances_final/2_66.mp4,/root/autodl-tmp/data/datasets/mustard/sarcasm_data.json#utterance_id=2_66,0.00,,en,medium,medium,high,true,true,true,mustard_label
EAQ200668,MUStARD,all,2_69,/root/autodl-tmp/data/datasets/mustard/utterances_final/2_69.mp4,/root/autodl-tmp/data/datasets/mustard/utterances_final/2_69.mp4,/root/autodl-tmp/data/datasets/mustard/sarcasm_data.json#utterance_id=2_69,0.00,,en,medium,medium,high,true,true,false,
EAQ200669,MUStARD,all,2_7,/root/autodl-tmp/data/datasets/mustard/utterances_final/2_7.mp4,/root/autodl-tmp/data/datasets/mustard/utterances_final/2_7.mp4,/root/autodl-tmp/data/datasets/mustard/sarcasm_data.json#utterance_id=2_7,0.00,,en,medium,medium,high,true,true,false,
EAQ200670,MUStARD,all,2_71,/root/autodl-tmp/data/datasets/mustard/utterances_final/2_71.mp4,/root/autodl-tmp/data/datasets/mustard/utterances_final/2_71.mp4,/root/autodl-tmp/data/datasets/mustard/sarcasm_data.json#utterance_id=2_71,0.00,,en,medium,medium,high,true,true,true,mustard_label
EAQ200671,MUStARD,all,2_72,/root/autodl-tmp/data/datasets/mustard/utterances_final/2_72.mp4,/root/autodl-tmp/data/datasets/mustard/utterances_final/2_72.mp4,/root/autodl-tmp/data/datasets/mustard/sarcasm_data.json#utterance_id=2_72,0.00,,en,medium,medium,high,true,true,false,
EAQ200672,MUStARD,all,2_73,/root/autodl-tmp/data/datasets/mustard/utterances_final/2_73.mp4,/root/autodl-tmp/data/datasets/mustard/utterances_final/2_73.mp4,/root/autodl-tmp/data/datasets/mustard/sarcasm_data.json#utterance_id=2_73,0.00,,en,medium,medium,high,true,true,true,mustard_label
EAQ200673,MUStARD,all,2_74,/root/autodl-tmp/data/datasets/mustard/utterances_final/2_74.mp4,/root/autodl-tmp/data/datasets/mustard/utterances_final/2_74.mp4,/root/autodl-tmp/data/datasets/mustard/sarcasm_data.json#utterance_id=2_74,0.00,,en,medium,medium,high,true,true,true,mustard_label
EAQ200674,MUStARD,all,2_77,/root/autodl-tmp/data/datasets/mustard/utterances_final/2_77.mp4,/root/autodl-tmp/data/datasets/mustard/utterances_final/2_77.mp4,/root/autodl-tmp/data/datasets/mustard/sarcasm_data.json#utterance_id=2_77,0.00,,en,medium,medium,high,true,true,false,
EAQ200675,MUStARD,all,2_78,/root/autodl-tmp/data/datasets/mustard/utterances_final/2_78.mp4,/root/autodl-tmp/data/datasets/mustard/utterances_final/2_78.mp4,/root/autodl-tmp/data/datasets/mustard/sarcasm_data.json#utterance_id=2_78,0.00,,en,medium,medium,high,true,true,false,
EAQ200676,MUStARD,all,2_79,/root/autodl-tmp/data/datasets/mustard/utterances_final/2_79.mp4,/root/autodl-tmp/data/datasets/mustard/utterances_final/2_79.mp4,/root/autodl-tmp/data/datasets/mustard/sarcasm_data.json#utterance_id=2_79,0.00,,en,medium,medium,high,true,true,false,
EAQ200677,MUStARD,all,2_8,/root/autodl-tmp/data/datasets/mustard/utterances_final/2_8.mp4,/root/autodl-tmp/data/datasets/mustard/utterances_final/2_8.mp4,/root/autodl-tmp/data/datasets/mustard/sarcasm_data.json#utterance_id=2_8,0.00,,en,medium,medium,high,true,true,false,
EAQ200678,MUStARD,all,2_84,/root/autodl-tmp/data/datasets/mustard/utterances_final/2_84.mp4,/root/autodl-tmp/data/datasets/mustard/utterances_final/2_84.mp4,/root/autodl-tmp/data/datasets/mustard/sarcasm_data.json#utterance_id=2_84,0.00,,en,medium,medium,high,true,true,true,mustard_label
EAQ200679,MUStARD,all,2_86,/root/autodl-tmp/data/datasets/mustard/utterances_final/2_86.mp4,/root/autodl-tmp/data/datasets/mustard/utterances_final/2_86.mp4,/root/autodl-tmp/data/datasets/mustard/sarcasm_data.json#utterance_id=2_86,0.00,,en,medium,medium,high,true,true,false,
EAQ200680,MUStARD,all,2_87,/root/autodl-tmp/data/datasets/mustard/utterances_final/2_87.mp4,/root/autodl-tmp/data/datasets/mustard/utterances_final/2_87.mp4,/root/autodl-tmp/data/datasets/mustard/sarcasm_data.json#utterance_id=2_87,0.00,,en,medium,medium,high,true,true,false,
EAQ200681,MUStARD,all,2_88,/root/autodl-tmp/data/datasets/mustard/utterances_final/2_88.mp4,/root/autodl-tmp/data/datasets/mustard/utterances_final/2_88.mp4,/root/autodl-tmp/data/datasets/mustard/sarcasm_data.json#utterance_id=2_88,0.00,,en,medium,medium,high,true,true,false,
EAQ200682,MUStARD,all,2_89,/root/autodl-tmp/data/datasets/mustard/utterances_final/2_89.mp4,/root/autodl-tmp/data/datasets/mustard/utterances_final/2_89.mp4,/root/autodl-tmp/data/datasets/mustard/sarcasm_data.json#utterance_id=2_89,0.00,,en,medium,medium,high,true,true,true,mustard_label
EAQ200683,MUStARD,all,2_9,/root/autodl-tmp/data/datasets/mustard/utterances_final/2_9.mp4,/root/autodl-tmp/data/datasets/mustard/utterances_final/2_9.mp4,/root/autodl-tmp/data/datasets/mustard/sarcasm_data.json#utterance_id=2_9,0.00,,en,medium,medium,high,true,true,true,mustard_label
EAQ200684,MUStARD,all,2_91,/root/autodl-tmp/data/datasets/mustard/utterances_final/2_91.mp4,/root/autodl-tmp/data/datasets/mustard/utterances_final/2_91.mp4,/root/autodl-tmp/data/datasets/mustard/sarcasm_data.json#utterance_id=2_91,0.00,,en,medium,medium,high,true,true,false,
EAQ200685,MUStARD,all,2_92,/root/autodl-tmp/data/datasets/mustard/utterances_final/2_92.mp4,/root/autodl-tmp/data/datasets/mustard/utterances_final/2_92.mp4,/root/autodl-tmp/data/datasets/mustard/sarcasm_data.json#utterance_id=2_92,0.00,,en,medium,medium,high,true,true,true,mustard_label
EAQ200686,MUStARD,all,2_94,/root/autodl-tmp/data/datasets/mustard/utterances_final/2_94.mp4,/root/autodl-tmp/data/datasets/mustard/utterances_final/2_94.mp4,/root/autodl-tmp/data/datasets/mustard/sarcasm_data.json#utterance_id=2_94,0.00,,en,medium,medium,high,true,true,false,
EAQ200687,MUStARD,all,2_96,/root/autodl-tmp/data/datasets/mustard/utterances_final/2_96.mp4,/root/autodl-tmp/data/datasets/mustard/utterances_final/2_96.mp4,/root/autodl-tmp/data/datasets/mustard/sarcasm_data.json#utterance_id=2_96,0.00,,en,medium,medium,high,true,true,false,
EAQ200688,MUStARD,all,2_97,/root/autodl-tmp/data/datasets/mustard/utterances_final/2_97.mp4,/root/autodl-tmp/data/datasets/mustard/utterances_final/2_97.mp4,/root/autodl-tmp/data/datasets/mustard/sarcasm_data.json#utterance_id=2_97,0.00,,en,medium,medium,high,true,true,true,mustard_label
EAQ200689,MUStARD,all,2_99,/root/autodl-tmp/data/datasets/mustard/utterances_final/2_99.mp4,/root/autodl-tmp/data/datasets/mustard/utterances_final/2_99.mp4,/root/autodl-tmp/data/datasets/mustard/sarcasm_data.json#utterance_id=2_99,0.00,,en,medium,medium,high,true,true,false,
